model,dataset,backbone_mode,seed,model_type,head_type,strategy,aggregation,balanced_acc,acc,macro_f1,n_corrected,n_corrupted
convnextv2_base,mhist,frozen,0,general,knn_10,none,mean,0.7046078696200252,0.7328556806550666,0.7078178549453269,,
convnextv2_base,mhist,frozen,0,general,knn_10,d4,mean,0.7228952818296417,0.7471852610030706,0.7252596621176224,71.0,57.0
convnextv2_base,mhist,frozen,0,general,knn_5,none,mean,0.7375922924545291,0.7533265097236438,0.7363377285070407,,
convnextv2_base,mhist,frozen,0,general,knn_5,d4,mean,0.7298329731676572,0.736949846468782,0.7236933180593199,66.0,82.0
convnextv2_base,mhist,frozen,0,general,linear,none,mean,0.7814694759589411,0.8116683725690891,0.7901279536751658,,
convnextv2_base,mhist,frozen,0,general,linear,d4,mean,0.7957072753466594,0.8259979529170931,0.8055243314130486,40.0,26.0
convnextv2_base,mhist,frozen,0,general,linear,d4,logit_mean,0.7943183864577705,0.8249744114636642,0.804234800592919,40.0,26.0
convnextv2_base,mhist,frozen,0,general,linear,d4,vote,0.7771902575184585,0.8157625383828045,0.7898623458560368,40.0,26.0
convnextv2_base,mhist,frozen,0,general,linear,d4,confidence,0.7982531964703763,0.827021494370522,0.8073776372661677,40.0,26.0
convnextv2_base,mhist,frozen,1,general,linear,none,mean,0.7997568881685575,0.8259979529170931,0.8074809903560831,,
convnextv2_base,mhist,frozen,1,general,linear,d4,mean,0.8018413470196291,0.8300921187308086,0.8109343815865555,32.0,28.0
convnextv2_base,mhist,frozen,1,general,linear,d4,logit_mean,0.8018413470196291,0.8300921187308086,0.8109343815865555,32.0,28.0
convnextv2_base,mhist,frozen,1,general,linear,d4,vote,0.786448766432559,0.8208802456499488,0.7978132254215501,32.0,28.0
convnextv2_base,mhist,frozen,1,general,linear,d4,confidence,0.8018413470196291,0.8300921187308086,0.8109343815865555,32.0,28.0
convnextv2_base,mhist,frozen,2,general,linear,none,mean,0.7607531964703764,0.7993858751279427,0.7719268992196358,,
convnextv2_base,mhist,frozen,2,general,linear,d4,mean,0.780199891950297,0.8188331627430911,0.7931948724756127,42.0,23.0
convnextv2_base,mhist,frozen,2,general,linear,d4,logit_mean,0.781010264721772,0.81985670419652,0.7941936842911583,42.0,23.0
convnextv2_base,mhist,frozen,2,general,linear,d4,vote,0.7631865658202773,0.8075742067553736,0.7771484867897424,42.0,23.0
convnextv2_base,mhist,frozen,2,general,linear,d4,confidence,0.7857554475058527,0.8229273285568065,0.7985276465588864,42.0,23.0
convnextv2_base,mhist,frozen,3,general,linear,none,mean,0.7701287592292454,0.8075742067553736,0.7815877092846271,,
convnextv2_base,mhist,frozen,3,general,linear,d4,mean,0.7796213758328832,0.8188331627430911,0.7928530101950976,38.0,27.0
convnextv2_base,mhist,frozen,3,general,linear,d4,logit_mean,0.7796213758328832,0.8188331627430911,0.7928530101950976,38.0,27.0
convnextv2_base,mhist,frozen,3,general,linear,d4,vote,0.7664280569061768,0.8116683725690891,0.7811188061911302,38.0,27.0
convnextv2_base,mhist,frozen,3,general,linear,d4,confidence,0.7863339636232667,0.8229273285568065,0.7988527701910662,38.0,27.0
convnextv2_base,mhist,frozen,42,general,linear,none,mean,0.7800805870700522,0.8106448311156602,0.7888327707893024,,
convnextv2_base,mhist,frozen,42,general,linear,d4,mean,0.7815865298037097,0.8147389969293757,0.7918470066022956,37.0,33.0
convnextv2_base,mhist,frozen,42,general,linear,d4,logit_mean,0.7837857914640735,0.8167860798362334,0.7941470396785133,37.0,33.0
convnextv2_base,mhist,frozen,42,general,linear,d4,vote,0.772791734197731,0.8116683725690891,0.7851926202083931,37.0,33.0
convnextv2_base,mhist,frozen,42,general,linear,d4,confidence,0.7799657842607599,0.812691914022518,0.789866544435238,37.0,33.0
convnextv2_base,mhist,frozen,0,general,mlp_1h,none,mean,0.7689694759589412,0.8024564994882293,0.7783838419453601,,
convnextv2_base,mhist,frozen,0,general,mlp_1h,d4,mean,0.7842495047721952,0.8188331627430911,0.7955025194263678,38.0,22.0
convnextv2_base,mhist,frozen,0,general,mlp_1h,d4,logit_mean,0.7842495047721952,0.8188331627430911,0.7955025194263678,38.0,22.0
convnextv2_base,mhist,frozen,0,general,mlp_1h,d4,vote,0.7768435980551054,0.8167860798362334,0.7901634820169781,38.0,22.0
convnextv2_base,mhist,frozen,0,general,mlp_1h,d4,confidence,0.7855213398163154,0.8167860798362334,0.7950761947727046,38.0,22.0
convnextv2_base,mhist,frozen,1,general,mlp_1h,none,mean,0.7701265081937692,0.8024564994882293,0.7790486345873295,,
convnextv2_base,mhist,frozen,1,general,mlp_1h,d4,mean,0.789341347019629,0.8208802456499488,0.7993554966442874,40.0,22.0
convnextv2_base,mhist,frozen,1,general,mlp_1h,d4,logit_mean,0.7879524581307401,0.81985670419652,0.7980570483670939,40.0,22.0
convnextv2_base,mhist,frozen,1,general,mlp_1h,d4,vote,0.7799680352962363,0.8178096212896623,0.7925363376948111,40.0,22.0
convnextv2_base,mhist,frozen,1,general,mlp_1h,d4,confidence,0.7908450387178102,0.81985670419652,0.7995448865014082,40.0,22.0
convnextv2_base,mhist,frozen,2,general,mlp_1h,none,mean,0.7746420853592653,0.8096212896622313,0.7852716805626453,,
convnextv2_base,mhist,frozen,2,general,mlp_1h,d4,mean,0.7806613542229426,0.8157625383828045,0.7918737751015423,45.0,39.0
convnextv2_base,mhist,frozen,2,general,mlp_1h,d4,logit_mean,0.7800828381055286,0.8157625383828045,0.7915461571286331,45.0,39.0
convnextv2_base,mhist,frozen,2,general,mlp_1h,d4,vote,0.7682784080677112,0.8096212896622313,0.7814075791985835,45.0,39.0
convnextv2_base,mhist,frozen,2,general,mlp_1h,d4,confidence,0.7886480280929227,0.8229273285568065,0.8001239314167323,45.0,39.0
convnextv2_base,mhist,frozen,3,general,mlp_1h,none,mean,0.7582072753466594,0.7983623336745138,0.769827061455908,,
convnextv2_base,mhist,frozen,3,general,mlp_1h,d4,mean,0.7676998919502971,0.8096212896622313,0.7810367264314633,35.0,24.0
convnextv2_base,mhist,frozen,3,general,mlp_1h,d4,logit_mean,0.769088780839186,0.8106448311156602,0.7823987960872836,35.0,24.0
convnextv2_base,mhist,frozen,3,general,mlp_1h,d4,vote,0.7562421213758329,0.8024564994882293,0.7702081350470952,35.0,24.0
convnextv2_base,mhist,frozen,3,general,mlp_1h,d4,confidence,0.772213218080317,0.8116683725690891,0.7848388517589383,35.0,24.0
convnextv2_base,mhist,frozen,42,general,mlp_1h,none,mean,0.7860976048982532,0.8116683725690891,0.7924923815680118,,
convnextv2_base,mhist,frozen,42,general,mlp_1h,d4,mean,0.7961687376193048,0.8229273285568065,0.8039456544559704,37.0,26.0
convnextv2_base,mhist,frozen,42,general,mlp_1h,d4,logit_mean,0.7945479920763552,0.8208802456499488,0.8019575478527785,37.0,26.0
convnextv2_base,mhist,frozen,42,general,mlp_1h,d4,vote,0.7877206014766793,0.8188331627430911,0.7973658462277582,37.0,26.0
convnextv2_base,mhist,frozen,42,general,mlp_1h,d4,confidence,0.7940842787682334,0.8188331627430911,0.8005232358956436,37.0,26.0
convnextv2_base,mhist,frozen,0,general,mlp_2h,none,mean,0.787830902215019,0.8065506653019447,0.7902969183857724,,
convnextv2_base,mhist,frozen,0,general,mlp_2h,d4,mean,0.8041509094183324,0.81985670419652,0.8055510322242125,44.0,31.0
convnextv2_base,mhist,frozen,0,general,mlp_2h,d4,logit_mean,0.8049612821898073,0.8208802456499488,0.8065396883588886,44.0,31.0
convnextv2_base,mhist,frozen,0,general,mlp_2h,d4,vote,0.7922316765712227,0.8157625383828045,0.7978267467419595,44.0,31.0
convnextv2_base,mhist,frozen,0,general,mlp_2h,d4,confidence,0.7950072033135243,0.812691914022518,0.7972038124880193,44.0,31.0
convnextv2_base,mhist,frozen,1,general,mlp_2h,none,mean,0.7886435260219701,0.812691914022518,0.794319338751704,,
convnextv2_base,mhist,frozen,1,general,mlp_2h,d4,mean,0.8050805870700523,0.8290685772773797,0.8117931095738558,41.0,25.0
convnextv2_base,mhist,frozen,1,general,mlp_2h,d4,logit_mean,0.8042702142985774,0.8280450358239508,0.8107951087257235,41.0,25.0
convnextv2_base,mhist,frozen,1,general,mlp_2h,d4,vote,0.7976746803529624,0.827021494370522,0.8070958825048222,41.0,25.0
convnextv2_base,mhist,frozen,1,general,mlp_2h,d4,confidence,0.7944309382315866,0.8178096212896623,0.8000731162226045,41.0,25.0
convnextv2_base,mhist,frozen,2,general,mlp_2h,none,mean,0.7571627948856474,0.7911975435005117,0.7659297606073132,,
convnextv2_base,mhist,frozen,2,general,mlp_2h,d4,mean,0.7692013326130019,0.8034800409416581,0.7790280173023099,59.0,47.0
convnextv2_base,mhist,frozen,2,general,mlp_2h,d4,logit_mean,0.7678124437241131,0.8024564994882293,0.7777066511995832,59.0,47.0
convnextv2_base,mhist,frozen,2,general,mlp_2h,d4,vote,0.7413087520259318,0.7850562947799385,0.7527834008097165,59.0,47.0
convnextv2_base,mhist,frozen,2,general,mlp_2h,d4,confidence,0.7608679992796686,0.797338792221085,0.7710611526116966,59.0,47.0
convnextv2_base,mhist,frozen,3,general,mlp_2h,none,mean,0.7887605798667388,0.8157625383828045,0.7961563427299703,,
convnextv2_base,mhist,frozen,3,general,mlp_2h,d4,mean,0.7952435620385377,0.8239508700102354,0.8041006845354672,32.0,24.0
convnextv2_base,mhist,frozen,3,general,mlp_2h,d4,logit_mean,0.7952435620385377,0.8239508700102354,0.8041006845354672,32.0,24.0
convnextv2_base,mhist,frozen,3,general,mlp_2h,d4,vote,0.7917724653340537,0.8239508700102354,0.8023476828981415,32.0,24.0
convnextv2_base,mhist,frozen,3,general,mlp_2h,d4,confidence,0.7870250315144967,0.8157625383828045,0.7952850131773778,32.0,24.0
convnextv2_base,mhist,frozen,42,general,mlp_2h,none,mean,0.7724428236989015,0.8075742067553736,0.7829627739020286,,
convnextv2_base,mhist,frozen,42,general,mlp_2h,d4,mean,0.7741806230866198,0.812691914022518,0.7865347764054134,31.0,26.0
convnextv2_base,mhist,frozen,42,general,mlp_2h,d4,logit_mean,0.7755695119755087,0.8137154554759468,0.7878742329239079,31.0,26.0
convnextv2_base,mhist,frozen,42,general,mlp_2h,d4,vote,0.7645754547091662,0.8085977482088025,0.7785276066182665,31.0,26.0
convnextv2_base,mhist,frozen,42,general,mlp_2h,d4,confidence,0.7781154330992256,0.8147389969293757,0.789888229192534,31.0,26.0
convnextv2_tiny,mhist,frozen,0,general,knn_10,none,mean,0.7194286871961102,0.7574206755373593,0.7270283747891254,,
convnextv2_tiny,mhist,frozen,0,general,knn_10,d4,mean,0.7492886727894832,0.7768679631525077,0.7544841291798078,82.0,63.0
convnextv2_tiny,mhist,frozen,0,general,knn_5,none,mean,0.7348145146767513,0.7512794268167861,0.7338528231705472,,
convnextv2_tiny,mhist,frozen,0,general,knn_5,d4,mean,0.7710426796326311,0.7809621289662231,0.7675113198651402,98.0,69.0
convnextv2_tiny,mhist,frozen,0,general,linear,none,mean,0.7635287232126777,0.7963152507676561,0.7721796802221688,,
convnextv2_tiny,mhist,frozen,0,general,linear,d4,mean,0.7906131820637493,0.8188331627430911,0.7988414091535656,51.0,29.0
convnextv2_tiny,mhist,frozen,0,general,linear,d4,logit_mean,0.7906131820637493,0.8188331627430911,0.7988414091535656,51.0,29.0
convnextv2_tiny,mhist,frozen,0,general,linear,d4,vote,0.7820502431118315,0.8167860798362334,0.7931918134311855,51.0,29.0
convnextv2_tiny,mhist,frozen,0,general,linear,d4,confidence,0.794201332613002,0.8219037871033776,0.8023922443855489,51.0,29.0
convnextv2_tiny,mhist,frozen,1,general,linear,none,mean,0.7634139204033856,0.7983623336745138,0.7730995351622688,,
convnextv2_tiny,mhist,frozen,1,general,linear,d4,mean,0.7822820997658924,0.8178096212896623,0.7938623109383149,48.0,29.0
convnextv2_tiny,mhist,frozen,1,general,linear,d4,logit_mean,0.7822820997658924,0.8178096212896623,0.7938623109383149,48.0,29.0
convnextv2_tiny,mhist,frozen,1,general,linear,d4,vote,0.7636480280929228,0.804503582395087,0.7760962294147644,48.0,29.0
convnextv2_tiny,mhist,frozen,1,general,linear,d4,confidence,0.7858702503151449,0.8208802456499488,0.7974961654852215,48.0,29.0
convnextv2_tiny,mhist,frozen,2,general,linear,none,mean,0.7532279848730417,0.789150460593654,0.7625507314771118,,
convnextv2_tiny,mhist,frozen,2,general,linear,d4,mean,0.7839005942733657,0.8147389969293757,0.7930939669323823,52.0,27.0
convnextv2_tiny,mhist,frozen,2,general,linear,d4,logit_mean,0.7863317125877904,0.8178096212896623,0.7960688018312132,52.0,27.0
convnextv2_tiny,mhist,frozen,2,general,linear,d4,vote,0.7806613542229426,0.8157625383828045,0.7918737751015423,52.0,27.0
convnextv2_tiny,mhist,frozen,2,general,linear,d4,confidence,0.7871420853592652,0.8188331627430911,0.7970624166059364,52.0,27.0
convnextv2_tiny,mhist,frozen,3,general,linear,none,mean,0.7644561498289213,0.8004094165813715,0.7747061654697273,,
convnextv2_tiny,mhist,frozen,3,general,linear,d4,mean,0.7808932108770035,0.8167860798362334,0.7925402118454565,49.0,33.0
convnextv2_tiny,mhist,frozen,3,general,linear,d4,logit_mean,0.7795043219881146,0.8157625383828045,0.7912155231365398,49.0,33.0
convnextv2_tiny,mhist,frozen,3,general,linear,d4,vote,0.7633013686295695,0.8055271238485159,0.7763278388278387,49.0,33.0
convnextv2_tiny,mhist,frozen,3,general,linear,d4,confidence,0.7964028453088421,0.8290685772773797,0.8076529054421264,49.0,33.0
convnextv2_tiny,mhist,frozen,42,general,linear,none,mean,0.7661916981811634,0.8004094165813715,0.7757467750687714,,
convnextv2_tiny,mhist,frozen,42,general,linear,d4,mean,0.7970961642355483,0.827021494370522,0.8068114939865889,56.0,30.0
convnextv2_tiny,mhist,frozen,42,general,linear,d4,logit_mean,0.7948969025751846,0.8249744114636642,0.8045252394775546,56.0,30.0
convnextv2_tiny,mhist,frozen,42,general,linear,d4,vote,0.7775369169818116,0.8147389969293757,0.7895511641883408,56.0,30.0
convnextv2_tiny,mhist,frozen,42,general,linear,d4,confidence,0.7962857914640735,0.8259979529170931,0.805811734775004,56.0,30.0
convnextv2_tiny,mhist,frozen,0,general,mlp_1h,none,mean,0.7485976048982532,0.7840327533265097,0.7573465104590297,,
convnextv2_tiny,mhist,frozen,0,general,mlp_1h,d4,mean,0.7811228164955879,0.812691914022518,0.7904968918625974,56.0,28.0
convnextv2_tiny,mhist,frozen,0,general,mlp_1h,d4,logit_mean,0.7825117053844768,0.8137154554759468,0.7917966371598519,56.0,28.0
convnextv2_tiny,mhist,frozen,0,general,mlp_1h,d4,vote,0.7685080136862956,0.8055271238485159,0.7796163855330143,56.0,28.0
convnextv2_tiny,mhist,frozen,0,general,mlp_1h,d4,confidence,0.7769561498289212,0.8096212896622313,0.7865830170243151,56.0,28.0
convnextv2_tiny,mhist,frozen,1,general,mlp_1h,none,mean,0.7641072393300918,0.7963152507676561,0.7725176763510723,,
convnextv2_tiny,mhist,frozen,1,general,mlp_1h,d4,mean,0.7864465153970827,0.8157625383828045,0.7949890884673494,52.0,33.0
convnextv2_tiny,mhist,frozen,1,general,mlp_1h,d4,logit_mean,0.7872568881685575,0.8167860798362334,0.7959798643233374,52.0,33.0
convnextv2_tiny,mhist,frozen,1,general,mlp_1h,d4,vote,0.7796191247974068,0.8137154554759468,0.7902147239263804,52.0,33.0
convnextv2_tiny,mhist,frozen,1,general,mlp_1h,d4,confidence,0.7917702142985774,0.8188331627430911,0.7994126060040854,52.0,33.0
convnextv2_tiny,mhist,frozen,2,general,mlp_1h,none,mean,0.7727872321267784,0.8014329580348004,0.7799917353837011,,
convnextv2_tiny,mhist,frozen,2,general,mlp_1h,d4,mean,0.7863294615523141,0.812691914022518,0.793192593886382,44.0,33.0
convnextv2_tiny,mhist,frozen,2,general,mlp_1h,d4,logit_mean,0.7885287232126779,0.8147389969293757,0.7954527841171319,44.0,33.0
convnextv2_tiny,mhist,frozen,2,general,mlp_1h,d4,vote,0.7729042859715469,0.804503582395087,0.78166269438721,44.0,33.0
convnextv2_tiny,mhist,frozen,2,general,mlp_1h,d4,confidence,0.8017242931748605,0.827021494370522,0.8090139255016315,44.0,33.0
convnextv2_tiny,mhist,frozen,3,general,mlp_1h,none,mean,0.7594768593553034,0.7911975435005117,0.7673157747268142,,
convnextv2_tiny,mhist,frozen,3,general,mlp_1h,d4,mean,0.7788065009904556,0.8075742067553736,0.7864927697958803,50.0,34.0
convnextv2_tiny,mhist,frozen,3,general,mlp_1h,d4,logit_mean,0.7788065009904556,0.8075742067553736,0.7864927697958803,50.0,34.0
convnextv2_tiny,mhist,frozen,3,general,mlp_1h,d4,vote,0.7708220781559517,0.8055271238485159,0.7809933931099575,50.0,34.0
convnextv2_tiny,mhist,frozen,3,general,mlp_1h,d4,confidence,0.7785746443363948,0.8065506653019447,0.78581346064843,50.0,34.0
convnextv2_tiny,mhist,frozen,42,general,mlp_1h,none,mean,0.7739442643616063,0.8014329580348004,0.7806090322341677,,
convnextv2_tiny,mhist,frozen,42,general,mlp_1h,d4,mean,0.7996398343237889,0.8229273285568065,0.8055587191477858,53.0,32.0
convnextv2_tiny,mhist,frozen,42,general,mlp_1h,d4,logit_mean,0.7982509454349,0.8219037871033776,0.8043030805359856,53.0,32.0
convnextv2_tiny,mhist,frozen,42,general,mlp_1h,d4,vote,0.7882991175940933,0.8188331627430911,0.7976664759504513,53.0,32.0
convnextv2_tiny,mhist,frozen,42,general,mlp_1h,d4,confidence,0.8065842787682334,0.8280450358239508,0.8118051733626857,53.0,32.0
convnextv2_tiny,mhist,frozen,0,general,mlp_2h,none,mean,0.7695434900054026,0.7922210849539406,0.7733372952154559,,
convnextv2_tiny,mhist,frozen,0,general,mlp_2h,d4,mean,0.7960494327390599,0.8147389969293757,0.7989238765459894,50.0,28.0
convnextv2_tiny,mhist,frozen,0,general,mlp_2h,d4,logit_mean,0.7938501710786963,0.812691914022518,0.796702040927713,50.0,28.0
convnextv2_tiny,mhist,frozen,0,general,mlp_2h,d4,vote,0.7794998199171619,0.8055271238485159,0.7857258287930557,50.0,28.0
convnextv2_tiny,mhist,frozen,0,general,mlp_2h,d4,confidence,0.7877160994057266,0.8085977482088025,0.7914702058715097,50.0,28.0
convnextv2_tiny,mhist,frozen,1,general,mlp_2h,none,mean,0.773363497208716,0.7963152507676561,0.7775157259693342,,
convnextv2_tiny,mhist,frozen,1,general,mlp_2h,d4,mean,0.8019516477579687,0.8178096212896623,0.803341384863124,51.0,30.0
convnextv2_tiny,mhist,frozen,1,general,mlp_2h,d4,logit_mean,0.8043827660723933,0.8208802456499488,0.806305617391994,51.0,30.0
convnextv2_tiny,mhist,frozen,1,general,mlp_2h,d4,vote,0.7896857554475059,0.8147389969293757,0.7960152864243586,51.0,30.0
convnextv2_tiny,mhist,frozen,1,general,mlp_2h,d4,confidence,0.7990590671708986,0.8178096212896623,0.8021331112385426,51.0,30.0
convnextv2_tiny,mhist,frozen,2,general,mlp_2h,none,mean,0.7573946515397083,0.7922210849539406,0.7665466427639005,,
convnextv2_tiny,mhist,frozen,2,general,mlp_2h,d4,mean,0.7752206014766794,0.8096212896622313,0.785604058518169,50.0,33.0
convnextv2_tiny,mhist,frozen,2,general,mlp_2h,d4,logit_mean,0.7752206014766794,0.8096212896622313,0.785604058518169,50.0,33.0
convnextv2_tiny,mhist,frozen,2,general,mlp_2h,d4,vote,0.7612169097784981,0.8014329580348004,0.7731453110936632,50.0,33.0
convnextv2_tiny,mhist,frozen,2,general,mlp_2h,d4,confidence,0.7786939492166397,0.8147389969293757,0.7902222253856293,50.0,33.0
convnextv2_tiny,mhist,frozen,3,general,mlp_2h,none,mean,0.7801863857374391,0.7881269191402251,0.7756959902576337,,
convnextv2_tiny,mhist,frozen,3,general,mlp_2h,d4,mean,0.8068093823158653,0.8137154554759468,0.8024815604727629,53.0,28.0
convnextv2_tiny,mhist,frozen,3,general,mlp_2h,d4,logit_mean,0.8068093823158653,0.8137154554759468,0.8024815604727629,53.0,28.0
convnextv2_tiny,mhist,frozen,3,general,mlp_2h,d4,vote,0.8002138483702503,0.812691914022518,0.7993423304621083,53.0,28.0
convnextv2_tiny,mhist,frozen,3,general,mlp_2h,d4,confidence,0.8051886367729155,0.8116683725690891,0.8005166628198072,53.0,28.0
convnextv2_tiny,mhist,frozen,42,general,mlp_2h,none,mean,0.7856316405546552,0.804503582395087,0.7880778381570506,,
convnextv2_tiny,mhist,frozen,42,general,mlp_2h,d4,mean,0.8126012965964344,0.8290685772773797,0.814934626696717,53.0,29.0
convnextv2_tiny,mhist,frozen,42,general,mlp_2h,d4,logit_mean,0.8098235188186567,0.827021494370522,0.8124877206729924,53.0,29.0
convnextv2_tiny,mhist,frozen,42,general,mlp_2h,d4,vote,0.800218350441203,0.8229273285568065,0.805818739954666,53.0,29.0
convnextv2_tiny,mhist,frozen,42,general,mlp_2h,d4,confidence,0.8058887088060507,0.8249744114636642,0.8095549133936357,53.0,29.0
ctranspath,mhist,frozen,0,histology,knn_10,none,mean,0.7328538627768774,0.7656090071647902,0.7393692431173691,,
ctranspath,mhist,frozen,0,histology,knn_10,d4,mean,0.7238227084458851,0.7512794268167861,0.7276100437708313,38.0,52.0
ctranspath,mhist,frozen,0,histology,knn_5,none,mean,0.7278700702323069,0.7461617195496417,0.7276054969960787,,
ctranspath,mhist,frozen,0,histology,knn_5,d4,mean,0.737126328110931,0.7461617195496417,0.732210433244916,64.0,64.0
ctranspath,mhist,frozen,0,histology,linear,none,mean,0.5820547451827841,0.6796315250767656,0.5583367635058529,,
ctranspath,mhist,frozen,0,histology,linear,d4,mean,0.5694376913380155,0.6673490276356192,0.542753830845198,11.0,23.0
ctranspath,mhist,frozen,0,histology,linear,d4,logit_mean,0.5702480641094904,0.6683725690890481,0.5434895472795237,11.0,23.0
ctranspath,mhist,frozen,0,histology,linear,d4,vote,0.5668917702142986,0.6663254861821903,0.537936817427434,11.0,23.0
ctranspath,mhist,frozen,0,histology,linear,d4,confidence,0.5785813974428237,0.6745138178096213,0.5558481438276264,11.0,23.0
ctranspath,mhist,frozen,1,histology,linear,none,mean,0.5866828741220962,0.6796315250767656,0.5683904176775867,,
ctranspath,mhist,frozen,1,histology,linear,d4,mean,0.576150279128399,0.6714431934493347,0.5535859933810184,9.0,17.0
ctranspath,mhist,frozen,1,histology,linear,d4,logit_mean,0.576150279128399,0.6714431934493347,0.5535859933810184,9.0,17.0
ctranspath,mhist,frozen,1,histology,linear,d4,vote,0.5700162074554295,0.6673490276356192,0.544090514239768,9.0,17.0
ctranspath,mhist,frozen,1,histology,linear,d4,confidence,0.5805488024491265,0.6755373592630501,0.5591487847407566,9.0,17.0
ctranspath,mhist,frozen,2,histology,linear,none,mean,0.5841369529983793,0.6786079836233367,0.5639434393513834,,
ctranspath,mhist,frozen,2,histology,linear,d4,mean,0.5825162074554295,0.676560900716479,0.5624099964849021,16.0,18.0
ctranspath,mhist,frozen,2,histology,linear,d4,logit_mean,0.5825162074554295,0.676560900716479,0.5624099964849021,16.0,18.0
ctranspath,mhist,frozen,2,histology,linear,d4,vote,0.5777710246713488,0.6734902763561924,0.5550931959863701,16.0,18.0
ctranspath,mhist,frozen,2,histology,linear,d4,confidence,0.5847154691157933,0.6786079836233367,0.5651795534691748,16.0,18.0
ctranspath,mhist,frozen,3,histology,linear,none,mean,0.5940910318746623,0.6867963152507677,0.5774508141112619,,
ctranspath,mhist,frozen,3,histology,linear,d4,mean,0.5902710246713488,0.6827021494370522,0.5731243234710446,15.0,19.0
ctranspath,mhist,frozen,3,histology,linear,d4,logit_mean,0.5902710246713488,0.6827021494370522,0.5731243234710446,15.0,19.0
ctranspath,mhist,frozen,3,histology,linear,d4,vote,0.5783495407887629,0.6734902763561924,0.5563673890608876,15.0,19.0
ctranspath,mhist,frozen,3,histology,linear,d4,confidence,0.5835584368809652,0.6786079836233367,0.5626952902269358,15.0,19.0
ctranspath,mhist,frozen,42,histology,linear,none,mean,0.6039280569061768,0.691914022517912,0.5928067515456138,,
ctranspath,mhist,frozen,42,histology,linear,d4,mean,0.603696200252116,0.6908904810644831,0.5930783573855862,15.0,16.0
ctranspath,mhist,frozen,42,histology,linear,d4,logit_mean,0.603696200252116,0.6908904810644831,0.5930783573855862,15.0,16.0
ctranspath,mhist,frozen,42,histology,linear,d4,vote,0.6023073113632271,0.6898669396110543,0.5911902437272917,15.0,16.0
ctranspath,mhist,frozen,42,histology,linear,d4,confidence,0.6023073113632271,0.6898669396110543,0.5911902437272917,15.0,16.0
ctranspath,mhist,frozen,0,histology,mlp_1h,none,mean,0.7945434900054025,0.8106448311156602,0.7957298156827333,,
ctranspath,mhist,frozen,0,histology,mlp_1h,d4,mean,0.8171146227264541,0.8311156601842374,0.8180294281989198,37.0,17.0
ctranspath,mhist,frozen,0,histology,mlp_1h,d4,logit_mean,0.8171146227264541,0.8311156601842374,0.8180294281989198,37.0,17.0
ctranspath,mhist,frozen,0,histology,mlp_1h,d4,vote,0.8086664865838286,0.827021494370522,0.8120197688173206,37.0,17.0
ctranspath,mhist,frozen,0,histology,mlp_1h,d4,confidence,0.8232486943994237,0.8352098259979529,0.8230615989102277,37.0,17.0
ctranspath,mhist,frozen,1,histology,mlp_1h,none,mean,0.7963960922024131,0.8137154554759468,0.7984352186885038,,
ctranspath,mhist,frozen,1,histology,mlp_1h,d4,mean,0.8208198271204754,0.8372569089048106,0.8235831218166022,37.0,14.0
ctranspath,mhist,frozen,1,histology,mlp_1h,d4,logit_mean,0.8208198271204754,0.8372569089048106,0.8235831218166022,37.0,14.0
ctranspath,mhist,frozen,1,histology,mlp_1h,d4,vote,0.8093620565460111,0.8300921187308086,0.814289182232075,37.0,14.0
ctranspath,mhist,frozen,1,histology,mlp_1h,d4,confidence,0.8224405726634252,0.8393039918116684,0.8255859039653057,37.0,14.0
ctranspath,mhist,frozen,2,histology,mlp_1h,none,mean,0.7872568881685575,0.8167860798362334,0.7959798643233374,,
ctranspath,mhist,frozen,2,histology,mlp_1h,d4,mean,0.7882991175940933,0.8188331627430911,0.7976664759504513,27.0,25.0
ctranspath,mhist,frozen,2,histology,mlp_1h,d4,logit_mean,0.7882991175940933,0.8188331627430911,0.7976664759504513,27.0,25.0
ctranspath,mhist,frozen,2,histology,mlp_1h,d4,vote,0.7873739420133261,0.81985670419652,0.797751117384145,27.0,25.0
ctranspath,mhist,frozen,2,histology,mlp_1h,d4,confidence,0.7866783720511435,0.8167860798362334,0.7956814376826223,27.0,25.0
ctranspath,mhist,frozen,3,histology,mlp_1h,none,mean,0.7947775976949396,0.8167860798362334,0.7996145441962204,,
ctranspath,mhist,frozen,3,histology,mlp_1h,d4,mean,0.8018390959841527,0.8249744114636642,0.8078065952270022,30.0,22.0
ctranspath,mhist,frozen,3,histology,mlp_1h,d4,logit_mean,0.8018390959841527,0.8249744114636642,0.8078065952270022,30.0,22.0
ctranspath,mhist,frozen,3,histology,mlp_1h,d4,vote,0.7937376193048802,0.81985670419652,0.80096489522275,30.0,22.0
ctranspath,mhist,frozen,3,histology,mlp_1h,d4,confidence,0.8112146587430218,0.8331627430910952,0.8170430902463038,30.0,22.0
ctranspath,mhist,frozen,42,histology,mlp_1h,none,mean,0.8049635332252836,0.8259979529170931,0.8098142227677876,,
ctranspath,mhist,frozen,42,histology,mlp_1h,d4,mean,0.8153813254096884,0.8362333674513818,0.8207668317739865,32.0,22.0
ctranspath,mhist,frozen,42,histology,mlp_1h,d4,logit_mean,0.8153813254096884,0.8362333674513818,0.8207668317739865,32.0,22.0
ctranspath,mhist,frozen,42,histology,mlp_1h,d4,vote,0.8085539348100126,0.834186284544524,0.8165407084569734,32.0,22.0
ctranspath,mhist,frozen,42,histology,mlp_1h,d4,confidence,0.8165383576445164,0.8362333674513818,0.8212341612917982,32.0,22.0
ctranspath,mhist,frozen,0,histology,mlp_2h,none,mean,0.7975531244372411,0.8137154554759468,0.7989220901409471,,
ctranspath,mhist,frozen,0,histology,mlp_2h,d4,mean,0.8167679632631011,0.8321392016376663,0.8185906435396948,32.0,14.0
ctranspath,mhist,frozen,0,histology,mlp_2h,d4,logit_mean,0.8167679632631011,0.8321392016376663,0.8185906435396948,32.0,14.0
ctranspath,mhist,frozen,0,histology,mlp_2h,d4,vote,0.813875382676031,0.8321392016376663,0.8174663932558669,32.0,14.0
ctranspath,mhist,frozen,0,histology,mlp_2h,d4,confidence,0.8142220421393841,0.8311156601842374,0.8169258811304363,32.0,14.0
ctranspath,mhist,frozen,1,histology,mlp_2h,none,mean,0.8157212317666127,0.81985670419652,0.8097674089283817,,
ctranspath,mhist,frozen,1,histology,mlp_2h,d4,mean,0.8335471817035837,0.8372569089048106,0.8278833742361877,29.0,12.0
ctranspath,mhist,frozen,1,histology,mlp_2h,d4,logit_mean,0.8321582928146948,0.8362333674513818,0.82671313663412,29.0,12.0
ctranspath,mhist,frozen,1,histology,mlp_2h,d4,vote,0.8274131100306141,0.8331627430910952,0.8230098035837927,29.0,12.0
ctranspath,mhist,frozen,1,histology,mlp_2h,d4,confidence,0.8297271745002701,0.8331627430910952,0.8237307308736592,29.0,12.0
ctranspath,mhist,frozen,2,histology,mlp_2h,none,mean,0.8119057266342518,0.8259979529170931,0.8126257885759154,,
ctranspath,mhist,frozen,2,histology,mlp_2h,d4,mean,0.8185035116153431,0.8321392016376663,0.8192389960379418,24.0,18.0
ctranspath,mhist,frozen,2,histology,mlp_2h,d4,logit_mean,0.819313884386818,0.8331627430910952,0.8202351320995389,24.0,18.0
ctranspath,mhist,frozen,2,histology,mlp_2h,d4,vote,0.8187353682694039,0.8331627430910952,0.820021405169111,24.0,18.0
ctranspath,mhist,frozen,2,histology,mlp_2h,d4,confidence,0.8201242571582928,0.834186284544524,0.8212320412035783,24.0,18.0
ctranspath,mhist,frozen,3,histology,mlp_2h,none,mean,0.7742909238249596,0.8004094165813715,0.7802374632748614,,
ctranspath,mhist,frozen,3,histology,mlp_2h,d4,mean,0.788875382676031,0.8137154554759468,0.7950280344528671,29.0,16.0
ctranspath,mhist,frozen,3,histology,mlp_2h,d4,logit_mean,0.788875382676031,0.8137154554759468,0.7950280344528671,29.0,16.0
ctranspath,mhist,frozen,3,histology,mlp_2h,d4,vote,0.7829731676571223,0.8106448311156602,0.7903465091003151,29.0,16.0
ctranspath,mhist,frozen,3,histology,mlp_2h,d4,confidence,0.7874864937871421,0.812691914022518,0.7937613116887161,29.0,16.0
ctranspath,mhist,frozen,42,histology,mlp_2h,none,mean,0.807970916621646,0.8239508700102354,0.8097414066391921,,
ctranspath,mhist,frozen,42,histology,mlp_2h,d4,mean,0.8213983432378894,0.8372569089048106,0.823800033801066,29.0,16.0
ctranspath,mhist,frozen,42,histology,mlp_2h,d4,logit_mean,0.8200094543490005,0.8362333674513818,0.8225829883053679,29.0,16.0
ctranspath,mhist,frozen,42,histology,mlp_2h,d4,vote,0.8198946515397083,0.8382804503582395,0.8239213950687132,29.0,16.0
ctranspath,mhist,frozen,42,histology,mlp_2h,d4,confidence,0.8149176121015667,0.834186284544524,0.8192327723260786,29.0,16.0
dinov2_b,mhist,frozen,0,general,knn_10,none,mean,0.7511435260219701,0.7850562947799385,0.7594070133963751,,
dinov2_b,mhist,frozen,0,general,knn_10,d4,mean,0.7514901854853233,0.7840327533265097,0.7591552142515827,55.0,56.0
dinov2_b,mhist,frozen,0,general,knn_5,none,mean,0.7455812173599856,0.7656090071647902,0.746843363623917,,
dinov2_b,mhist,frozen,0,general,knn_5,d4,mean,0.7532212317666127,0.7737973387922211,0.7550931287423621,82.0,74.0
dinov2_b,mhist,frozen,0,general,linear,none,mean,0.8014924365207996,0.8259979529170931,0.8082810047095761,,
dinov2_b,mhist,frozen,0,general,linear,d4,mean,0.804155411489285,0.8300921187308086,0.8120108494065282,31.0,27.0
dinov2_b,mhist,frozen,0,general,linear,d4,logit_mean,0.804155411489285,0.8300921187308086,0.8120108494065282,31.0,27.0
dinov2_b,mhist,frozen,0,general,linear,d4,vote,0.8068183864577705,0.834186284544524,0.8157565118596399,31.0,27.0
dinov2_b,mhist,frozen,0,general,linear,d4,confidence,0.7967472537367188,0.8229273285568065,0.8042208901630326,31.0,27.0
dinov2_b,mhist,frozen,1,general,linear,none,mean,0.8010309742481541,0.8290685772773797,0.8099330288235835,,
dinov2_b,mhist,frozen,1,general,linear,d4,mean,0.80207320367369,0.8311156601842374,0.8116616604337021,27.0,25.0
dinov2_b,mhist,frozen,1,general,linear,d4,logit_mean,0.801262830902215,0.8300921187308086,0.8106589147286822,27.0,25.0
dinov2_b,mhist,frozen,1,general,linear,d4,vote,0.7920043219881145,0.8249744114636642,0.803045789404812,27.0,25.0
dinov2_b,mhist,frozen,1,general,linear,d4,confidence,0.7992954258959122,0.8290685772773797,0.8090977484956234,27.0,25.0
dinov2_b,mhist,frozen,2,general,linear,none,mean,0.8114465153970827,0.834186284544524,0.8177994198093659,,
dinov2_b,mhist,frozen,2,general,linear,d4,mean,0.809015397082658,0.8311156601842374,0.8147982201879762,28.0,31.0
dinov2_b,mhist,frozen,2,general,linear,d4,logit_mean,0.809015397082658,0.8311156601842374,0.8147982201879762,28.0,31.0
dinov2_b,mhist,frozen,2,general,linear,d4,vote,0.8039235548352242,0.8290685772773797,0.8112741157323815,28.0,31.0
dinov2_b,mhist,frozen,2,general,linear,d4,confidence,0.8070479920763551,0.8300921187308086,0.8133006400515725,28.0,31.0
dinov2_b,mhist,frozen,3,general,linear,none,mean,0.8085561858454889,0.8393039918116684,0.81972157090892,,
dinov2_b,mhist,frozen,3,general,linear,d4,mean,0.8041576625247614,0.8352098259979529,0.8151284899129689,23.0,27.0
dinov2_b,mhist,frozen,3,general,linear,d4,logit_mean,0.8041576625247614,0.8352098259979529,0.8151284899129689,23.0,27.0
dinov2_b,mhist,frozen,3,general,linear,d4,vote,0.8034643435980551,0.8372569089048106,0.8160108017837155,23.0,27.0
dinov2_b,mhist,frozen,3,general,linear,d4,confidence,0.8041576625247614,0.8352098259979529,0.8151284899129689,23.0,27.0
dinov2_b,mhist,frozen,42,general,linear,none,mean,0.7975576265081937,0.8239508700102354,0.8052160608308605,,
dinov2_b,mhist,frozen,42,general,linear,d4,mean,0.8067013326130019,0.8311156601842374,0.8137919085159837,33.0,26.0
dinov2_b,mhist,frozen,42,general,linear,d4,logit_mean,0.8080902215018908,0.8321392016376663,0.8150475574845323,33.0,26.0
dinov2_b,mhist,frozen,42,general,linear,d4,vote,0.79246578426076,0.8219037871033776,0.8015340431493415,33.0,26.0
dinov2_b,mhist,frozen,42,general,linear,d4,confidence,0.807279848730416,0.8311156601842374,0.8140470843094982,33.0,26.0
dinov2_b,mhist,frozen,0,general,mlp_1h,none,mean,0.8173487304159914,0.8372569089048106,0.8222361830609253,,
dinov2_b,mhist,frozen,0,general,mlp_1h,d4,mean,0.800218350441203,0.8229273285568065,0.805818739954666,18.0,32.0
dinov2_b,mhist,frozen,0,general,mlp_1h,d4,logit_mean,0.8010287232126778,0.8239508700102354,0.8068122246645391,18.0,32.0
dinov2_b,mhist,frozen,0,general,mlp_1h,d4,vote,0.806122816495588,0.8311156601842374,0.8135343059631315,18.0,32.0
dinov2_b,mhist,frozen,0,general,mlp_1h,d4,confidence,0.809015397082658,0.8311156601842374,0.8147982201879762,18.0,32.0
dinov2_b,mhist,frozen,1,general,mlp_1h,none,mean,0.8063546731496489,0.8321392016376663,0.8142757789317507,,
dinov2_b,mhist,frozen,1,general,mlp_1h,d4,mean,0.8046191247974068,0.8321392016376663,0.8134819008949441,23.0,23.0
dinov2_b,mhist,frozen,1,general,mlp_1h,d4,logit_mean,0.8046191247974068,0.8321392016376663,0.8134819008949441,23.0,23.0
dinov2_b,mhist,frozen,1,general,mlp_1h,d4,vote,0.8042724653340536,0.8331627430910952,0.8139445493981421,23.0,23.0
dinov2_b,mhist,frozen,1,general,mlp_1h,d4,confidence,0.8095961642355484,0.8362333674513818,0.8182917189752174,23.0,23.0
dinov2_b,mhist,frozen,2,general,mlp_1h,none,mean,0.7952413110030614,0.8188331627430911,0.8010629669893531,,
dinov2_b,mhist,frozen,2,general,mlp_1h,d4,mean,0.8054272465334054,0.8280450358239508,0.8113049636258289,27.0,18.0
dinov2_b,mhist,frozen,2,general,mlp_1h,d4,logit_mean,0.8054272465334054,0.8280450358239508,0.8113049636258289,27.0,18.0
dinov2_b,mhist,frozen,2,general,mlp_1h,d4,vote,0.7957050243111832,0.8208802456499488,0.8025065696381646,27.0,18.0
dinov2_b,mhist,frozen,2,general,mlp_1h,d4,confidence,0.8123716909778498,0.8331627430910952,0.8175260933183459,27.0,18.0
dinov2_b,mhist,frozen,3,general,mlp_1h,none,mean,0.7867976769313885,0.8249744114636642,0.800205215781524,,
dinov2_b,mhist,frozen,3,general,mlp_1h,d4,mean,0.7922384296776517,0.8311156601842374,0.8065752767195609,27.0,21.0
dinov2_b,mhist,frozen,3,general,mlp_1h,d4,logit_mean,0.7922384296776517,0.8311156601842374,0.8065752767195609,27.0,21.0
dinov2_b,mhist,frozen,3,general,mlp_1h,d4,vote,0.7861043580046821,0.827021494370522,0.8008798704313609,27.0,21.0
dinov2_b,mhist,frozen,3,general,mlp_1h,d4,confidence,0.7905028813254097,0.8311156601842374,0.8055927729063581,27.0,21.0
dinov2_b,mhist,frozen,42,general,mlp_1h,none,mean,0.8153813254096884,0.8362333674513818,0.8207668317739865,,
dinov2_b,mhist,frozen,42,general,mlp_1h,d4,mean,0.8107509454349,0.8311156601842374,0.8155281144971867,25.0,30.0
dinov2_b,mhist,frozen,42,general,mlp_1h,d4,logit_mean,0.8107509454349,0.8311156601842374,0.8155281144971867,25.0,30.0
dinov2_b,mhist,frozen,42,general,mlp_1h,d4,vote,0.8130672609400325,0.8362333674513818,0.81980486545307,25.0,30.0
dinov2_b,mhist,frozen,42,general,mlp_1h,d4,confidence,0.8068161354222942,0.8290685772773797,0.8125533501296487,25.0,30.0
dinov2_b,mhist,frozen,0,general,mlp_2h,none,mean,0.8060080136862957,0.8331627430910952,0.814752258147069,,
dinov2_b,mhist,frozen,0,general,mlp_2h,d4,mean,0.8062398703403566,0.834186284544524,0.8154901796206144,24.0,23.0
dinov2_b,mhist,frozen,0,general,mlp_2h,d4,logit_mean,0.8062398703403566,0.834186284544524,0.8154901796206144,24.0,23.0
dinov2_b,mhist,frozen,0,general,mlp_2h,d4,vote,0.8072820997658923,0.8362333674513818,0.8172345739058862,24.0,23.0
dinov2_b,mhist,frozen,0,general,mlp_2h,d4,confidence,0.8060080136862957,0.8331627430910952,0.814752258147069,24.0,23.0
dinov2_b,mhist,frozen,1,general,mlp_2h,none,mean,0.813875382676031,0.8321392016376663,0.8174663932558669,,
dinov2_b,mhist,frozen,1,general,mlp_2h,d4,mean,0.8154961282189808,0.834186284544524,0.8194637088679211,25.0,23.0
dinov2_b,mhist,frozen,1,general,mlp_2h,d4,logit_mean,0.8168850171078696,0.8352098259979529,0.8206920529612594,25.0,23.0
dinov2_b,mhist,frozen,1,general,mlp_2h,d4,vote,0.8161916981811634,0.8372569089048106,0.8217695348130131,25.0,23.0
dinov2_b,mhist,frozen,1,general,mlp_2h,d4,confidence,0.8168850171078696,0.8352098259979529,0.8206920529612594,25.0,23.0
dinov2_b,mhist,frozen,2,general,mlp_2h,none,mean,0.8048487304159914,0.8280450358239508,0.8110512501726758,,
dinov2_b,mhist,frozen,2,general,mlp_2h,d4,mean,0.8083220781559517,0.8331627430910952,0.8157944961938813,29.0,24.0
dinov2_b,mhist,frozen,2,general,mlp_2h,d4,logit_mean,0.8091324509274267,0.834186284544524,0.8167972331027585,29.0,24.0
dinov2_b,mhist,frozen,2,general,mlp_2h,d4,vote,0.8095961642355484,0.8362333674513818,0.8182917189752174,29.0,24.0
dinov2_b,mhist,frozen,2,general,mlp_2h,d4,confidence,0.8130672609400325,0.8362333674513818,0.81980486545307,29.0,24.0
dinov2_b,mhist,frozen,3,general,mlp_2h,none,mean,0.7948991536106609,0.8300921187308086,0.8074543157814755,,
dinov2_b,mhist,frozen,3,general,mlp_2h,d4,mean,0.803696200252116,0.8382804503582395,0.816733625864296,26.0,18.0
dinov2_b,mhist,frozen,3,general,mlp_2h,d4,logit_mean,0.8045065730235909,0.8393039918116684,0.8177483534984964,26.0,18.0
dinov2_b,mhist,frozen,3,general,mlp_2h,d4,vote,0.7870295335854494,0.8259979529170931,0.8008799693089723,26.0,18.0
dinov2_b,mhist,frozen,3,general,mlp_2h,d4,confidence,0.7989510174680352,0.8352098259979529,0.812502607491218,26.0,18.0
dinov2_b,mhist,frozen,42,general,mlp_2h,none,mean,0.8230190887808392,0.8393039918116684,0.8258022020453242,,
dinov2_b,mhist,frozen,42,general,mlp_2h,d4,mean,0.8232509454349,0.8403275332650972,0.826588569400071,28.0,27.0
dinov2_b,mhist,frozen,42,general,mlp_2h,d4,logit_mean,0.8232509454349,0.8403275332650972,0.826588569400071,28.0,27.0
dinov2_b,mhist,frozen,42,general,mlp_2h,d4,vote,0.8161916981811634,0.8372569089048106,0.8217695348130131,28.0,27.0
dinov2_b,mhist,frozen,42,general,mlp_2h,d4,confidence,0.8212835404285972,0.8393039918116684,0.8251469087883088,28.0,27.0
dinov2_s,mhist,frozen,0,general,knn_10,none,mean,0.7558842067350982,0.7778915046059366,0.7586289339251986,,
dinov2_s,mhist,frozen,0,general,knn_10,d4,mean,0.7520619484963083,0.7686796315250768,0.7517695254883621,56.0,65.0
dinov2_s,mhist,frozen,0,general,knn_5,none,mean,0.7578448586349721,0.7635619242579325,0.7514112656726216,,
dinov2_s,mhist,frozen,0,general,knn_5,d4,mean,0.7593485503331532,0.7625383828045036,0.7513776763776764,75.0,76.0
dinov2_s,mhist,frozen,0,general,linear,none,mean,0.763184314784801,0.8024564994882293,0.7748700100887692,,
dinov2_s,mhist,frozen,0,general,linear,d4,mean,0.7889969385917522,0.827021494370522,0.8025419968834946,39.0,15.0
dinov2_s,mhist,frozen,0,general,linear,d4,logit_mean,0.7889969385917522,0.827021494370522,0.8025419968834946,39.0,15.0
dinov2_s,mhist,frozen,0,general,linear,d4,vote,0.7905028813254097,0.8311156601842374,0.8055927729063581,39.0,15.0
dinov2_s,mhist,frozen,0,general,linear,d4,confidence,0.7959413830361967,0.8321392016376663,0.8091633238368381,39.0,15.0
dinov2_s,mhist,frozen,1,general,linear,none,mean,0.7653835764451649,0.804503582395087,0.777202963352098,,
dinov2_s,mhist,frozen,1,general,linear,d4,mean,0.787027282549973,0.8208802456499488,0.7981273872565515,41.0,25.0
dinov2_s,mhist,frozen,1,general,linear,d4,logit_mean,0.787027282549973,0.8208802456499488,0.7981273872565515,41.0,25.0
dinov2_s,mhist,frozen,1,general,linear,d4,vote,0.7730235908517918,0.812691914022518,0.7858310783373044,41.0,25.0
dinov2_s,mhist,frozen,1,general,linear,d4,confidence,0.7901517197911039,0.8219037871033776,0.8003518546356496,41.0,25.0
dinov2_s,mhist,frozen,2,general,linear,none,mean,0.7717472537367189,0.804503582395087,0.7810108563374794,,
dinov2_s,mhist,frozen,2,general,linear,d4,mean,0.7885309742481541,0.81985670419652,0.7983601636083906,33.0,18.0
dinov2_s,mhist,frozen,2,general,linear,d4,logit_mean,0.7885309742481541,0.81985670419652,0.7983601636083906,33.0,18.0
dinov2_s,mhist,frozen,2,general,linear,d4,vote,0.7770732036736899,0.812691914022518,0.7882388473359745,33.0,18.0
dinov2_s,mhist,frozen,2,general,linear,d4,confidence,0.7786916981811633,0.8096212896622313,0.7875351921655926,33.0,18.0
dinov2_s,mhist,frozen,3,general,linear,none,mean,0.7763776337115074,0.8096212896622313,0.7862597035991532,,
dinov2_s,mhist,frozen,3,general,linear,d4,mean,0.7922361786421754,0.8259979529170931,0.803742933847579,39.0,23.0
dinov2_s,mhist,frozen,3,general,linear,d4,logit_mean,0.7906154330992257,0.8239508700102354,0.8017413874469089,39.0,23.0
dinov2_s,mhist,frozen,3,general,linear,d4,vote,0.7843665586169638,0.8219037871033776,0.7971984424657141,39.0,23.0
dinov2_s,mhist,frozen,3,general,linear,d4,confidence,0.7911939492166397,0.8239508700102354,0.8020459321666525,39.0,23.0
dinov2_s,mhist,frozen,42,general,linear,none,mean,0.7860976048982532,0.8116683725690891,0.7924923815680118,,
dinov2_s,mhist,frozen,42,general,linear,d4,mean,0.8050805870700523,0.8290685772773797,0.8117931095738558,41.0,24.0
dinov2_s,mhist,frozen,42,general,linear,d4,logit_mean,0.8045020709526383,0.8290685772773797,0.8115348407404199,41.0,24.0
dinov2_s,mhist,frozen,42,general,linear,d4,vote,0.8002206014766793,0.8280450358239508,0.8089326789655527,41.0,24.0
dinov2_s,mhist,frozen,42,general,linear,d4,confidence,0.8040383576445165,0.827021494370522,0.8100544713062185,41.0,24.0
dinov2_s,mhist,frozen,0,general,mlp_1h,none,mean,0.7943161354222943,0.81985670419652,0.8012409724341369,,
dinov2_s,mhist,frozen,0,general,mlp_1h,d4,mean,0.8187376193048803,0.8382804503582395,0.8234687342756507,38.0,20.0
dinov2_s,mhist,frozen,0,general,mlp_1h,d4,logit_mean,0.8201265081937692,0.8393039918116684,0.8246992874326433,38.0,20.0
dinov2_s,mhist,frozen,0,general,mlp_1h,d4,vote,0.8091324509274267,0.834186284544524,0.8167972331027585,38.0,20.0
dinov2_s,mhist,frozen,0,general,mlp_1h,d4,confidence,0.8170020709526382,0.8382804503582395,0.8227731547815864,38.0,20.0
dinov2_s,mhist,frozen,1,general,mlp_1h,none,mean,0.7973235188186566,0.8178096212896623,0.8013792189755679,,
dinov2_s,mhist,frozen,1,general,mlp_1h,d4,mean,0.8182739059967585,0.8362333674513818,0.8219184324447483,39.0,21.0
dinov2_s,mhist,frozen,1,general,mlp_1h,d4,logit_mean,0.8190842787682333,0.8372569089048106,0.8229194808747842,39.0,21.0
dinov2_s,mhist,frozen,1,general,mlp_1h,d4,vote,0.8142242931748604,0.8362333674513818,0.8202904415484085,39.0,21.0
dinov2_s,mhist,frozen,1,general,mlp_1h,d4,confidence,0.8198946515397083,0.8382804503582395,0.8239213950687132,39.0,21.0
dinov2_s,mhist,frozen,2,general,mlp_1h,none,mean,0.7837857914640735,0.8167860798362334,0.7941470396785133,,
dinov2_s,mhist,frozen,2,general,mlp_1h,d4,mean,0.8041576625247614,0.8352098259979529,0.8151284899129689,36.0,18.0
dinov2_s,mhist,frozen,2,general,mlp_1h,d4,logit_mean,0.8041576625247614,0.8352098259979529,0.8151284899129689,36.0,18.0
dinov2_s,mhist,frozen,2,general,mlp_1h,d4,vote,0.7946672969566,0.8290685772773797,0.8067534836344685,36.0,18.0
dinov2_s,mhist,frozen,2,general,mlp_1h,d4,confidence,0.7950139564199532,0.8280450358239508,0.8063520528551203,36.0,18.0
dinov2_s,mhist,frozen,3,general,mlp_1h,none,mean,0.7881820637493246,0.8157625383828045,0.7958686204591041,,
dinov2_s,mhist,frozen,3,general,mlp_1h,d4,mean,0.8101746803529624,0.8362333674513818,0.818549884852537,49.0,29.0
dinov2_s,mhist,frozen,3,general,mlp_1h,d4,logit_mean,0.8109850531244372,0.8372569089048106,0.8195559726934707,49.0,29.0
dinov2_s,mhist,frozen,3,general,mlp_1h,d4,vote,0.7909620925625788,0.8229273285568065,0.8013492469251156,49.0,29.0
dinov2_s,mhist,frozen,3,general,mlp_1h,d4,confidence,0.8042724653340536,0.8331627430910952,0.8139445493981421,49.0,29.0
dinov2_s,mhist,frozen,42,general,mlp_1h,none,mean,0.7962790383576446,0.8106448311156602,0.796450310541519,,
dinov2_s,mhist,frozen,42,general,mlp_1h,d4,mean,0.8135264721772015,0.8280450358239508,0.8146110056925996,35.0,18.0
dinov2_s,mhist,frozen,42,general,mlp_1h,d4,logit_mean,0.8135264721772015,0.8280450358239508,0.8146110056925996,35.0,18.0
dinov2_s,mhist,frozen,42,general,mlp_1h,d4,vote,0.8076242571582928,0.8249744114636642,0.8102686404442703,35.0,18.0
dinov2_s,mhist,frozen,42,general,mlp_1h,d4,confidence,0.8141049882946155,0.8280450358239508,0.8148301910632576,35.0,18.0
dinov2_s,mhist,frozen,0,general,mlp_2h,none,mean,0.7943161354222943,0.81985670419652,0.8012409724341369,,
dinov2_s,mhist,frozen,0,general,mlp_2h,d4,mean,0.8151494687556275,0.8352098259979529,0.8200001602063458,38.0,23.0
dinov2_s,mhist,frozen,0,general,mlp_2h,d4,logit_mean,0.8167702142985773,0.8372569089048106,0.8220039805988774,38.0,23.0
dinov2_s,mhist,frozen,0,general,mlp_2h,d4,vote,0.8109828020889609,0.8321392016376663,0.816286002568336,38.0,23.0
dinov2_s,mhist,frozen,0,general,mlp_2h,d4,confidence,0.8178124437241131,0.8393039918116684,0.8237777004212865,38.0,23.0
dinov2_s,mhist,frozen,1,general,mlp_2h,none,mean,0.7812376193048802,0.8106448311156602,0.7894467684572632,,
dinov2_s,mhist,frozen,1,general,mlp_2h,d4,mean,0.8005672609400324,0.827021494370522,0.8084787029078555,38.0,22.0
dinov2_s,mhist,frozen,1,general,mlp_2h,d4,logit_mean,0.8005672609400324,0.827021494370522,0.8084787029078555,38.0,22.0
dinov2_s,mhist,frozen,1,general,mlp_2h,d4,vote,0.7946650459211237,0.8239508700102354,0.8038152610441767,38.0,22.0
dinov2_s,mhist,frozen,1,general,mlp_2h,d4,confidence,0.7991783720511435,0.8259979529170931,0.8072092526558206,38.0,22.0
dinov2_s,mhist,frozen,2,general,mlp_2h,none,mean,0.7793850171078697,0.8075742067553736,0.7867961147017309,,
dinov2_s,mhist,frozen,2,general,mlp_2h,d4,mean,0.8047361786421754,0.8352098259979529,0.8154070569127444,43.0,16.0
dinov2_s,mhist,frozen,2,general,mlp_2h,d4,logit_mean,0.8033472897532865,0.834186284544524,0.8141206922469841,43.0,16.0
dinov2_s,mhist,frozen,2,general,mlp_2h,d4,vote,0.7922361786421754,0.8259979529170931,0.803742933847579,43.0,16.0
dinov2_s,mhist,frozen,2,general,mlp_2h,d4,confidence,0.7997591392040339,0.8311156601842374,0.8105354089170178,43.0,16.0
dinov2_s,mhist,frozen,3,general,mlp_2h,none,mean,0.7876035476319108,0.8157625383828045,0.7955781838471195,,
dinov2_s,mhist,frozen,3,general,mlp_2h,d4,mean,0.8009139204033856,0.8259979529170931,0.8080168483738823,34.0,24.0
dinov2_s,mhist,frozen,3,general,mlp_2h,d4,logit_mean,0.8017242931748605,0.827021494370522,0.8090139255016315,34.0,24.0
dinov2_s,mhist,frozen,3,general,mlp_2h,d4,vote,0.7896880064829822,0.81985670419652,0.7989580312964747,34.0,24.0
dinov2_s,mhist,frozen,3,general,mlp_2h,d4,confidence,0.7935057626508193,0.8188331627430911,0.8002495018626008,34.0,24.0
dinov2_s,mhist,frozen,42,general,mlp_2h,none,mean,0.7862146587430219,0.8147389969293757,0.794295452298279,,
dinov2_s,mhist,frozen,42,general,mlp_2h,d4,mean,0.8054294975688816,0.8331627430910952,0.8144855311272103,36.0,18.0
dinov2_s,mhist,frozen,42,general,mlp_2h,d4,logit_mean,0.8054294975688816,0.8331627430910952,0.8144855311272103,36.0,18.0
dinov2_s,mhist,frozen,42,general,mlp_2h,d4,vote,0.789341347019629,0.8208802456499488,0.7993554966442874,36.0,18.0
dinov2_s,mhist,frozen,42,general,mlp_2h,d4,confidence,0.8026517197911038,0.8311156601842374,0.8119367464432998,36.0,18.0
gigapath,mhist,frozen,0,histology,knn_10,none,mean,0.7505560057626508,0.7645854657113613,0.7487881552234534,,
gigapath,mhist,frozen,0,histology,knn_10,d4,mean,0.7297204213938412,0.744114636642784,0.7275357856785893,30.0,50.0
gigapath,mhist,frozen,0,histology,knn_5,none,mean,0.7372388798847469,0.7389969293756398,0.7280521071090575,,
gigapath,mhist,frozen,0,histology,knn_5,d4,mean,0.7265892310462813,0.7277379733879222,0.7169189410575483,39.0,50.0
gigapath,mhist,frozen,0,histology,linear,none,mean,0.7880650099045561,0.812691914022518,0.7940416522192899,,
gigapath,mhist,frozen,0,histology,linear,d4,mean,0.7923487304159913,0.8188331627430911,0.7996942055425245,20.0,14.0
gigapath,mhist,frozen,0,histology,linear,d4,logit_mean,0.7923487304159913,0.8188331627430911,0.7996942055425245,20.0,14.0
gigapath,mhist,frozen,0,histology,linear,d4,vote,0.7834368809652441,0.812691914022518,0.7917230196090765,20.0,14.0
gigapath,mhist,frozen,0,histology,linear,d4,confidence,0.79535836484783,0.8219037871033776,0.8029511313056379,20.0,14.0
gigapath,mhist,frozen,1,histology,linear,none,mean,0.80565685215199,0.8239508700102354,0.8088027816462321,,
gigapath,mhist,frozen,1,histology,linear,d4,mean,0.8083198271204755,0.8280450358239508,0.812537689819637,17.0,13.0
gigapath,mhist,frozen,1,histology,linear,d4,logit_mean,0.8097087160093643,0.8290685772773797,0.8137728576499579,17.0,13.0
gigapath,mhist,frozen,1,histology,linear,d4,vote,0.8011435260219701,0.8219037871033776,0.8055921504048306,17.0,13.0
gigapath,mhist,frozen,1,histology,linear,d4,confidence,0.8100553754727174,0.8280450358239508,0.8132492285846918,17.0,13.0
gigapath,mhist,frozen,2,histology,linear,none,mean,0.8153790743742122,0.8311156601842374,0.8173738678267372,,
gigapath,mhist,frozen,2,histology,linear,d4,mean,0.8115613182063749,0.8321392016376663,0.8165266619642186,13.0,12.0
gigapath,mhist,frozen,2,histology,linear,d4,logit_mean,0.8115613182063749,0.8321392016376663,0.8165266619642186,13.0,12.0
gigapath,mhist,frozen,2,histology,linear,d4,vote,0.8073946515397082,0.8290685772773797,0.8128019642375672,13.0,12.0
gigapath,mhist,frozen,2,histology,linear,d4,confidence,0.8113294615523141,0.8311156601842374,0.8157667670470454,13.0,12.0
gigapath,mhist,frozen,3,histology,linear,none,mean,0.8050783360345759,0.8239508700102354,0.8085623148781044,,
gigapath,mhist,frozen,3,histology,linear,d4,mean,0.8017242931748605,0.827021494370522,0.8090139255016315,20.0,17.0
gigapath,mhist,frozen,3,histology,linear,d4,logit_mean,0.8031131820637494,0.8280450358239508,0.8102754736871307,20.0,17.0
gigapath,mhist,frozen,3,histology,linear,d4,vote,0.79535836484783,0.8219037871033776,0.8029511313056379,20.0,17.0
gigapath,mhist,frozen,3,histology,linear,d4,confidence,0.7996398343237889,0.8229273285568065,0.8055587191477858,20.0,17.0
gigapath,mhist,frozen,42,histology,linear,none,mean,0.8051953898793445,0.827021494370522,0.8105600715937058,,
gigapath,mhist,frozen,42,histology,linear,d4,mean,0.8045020709526383,0.8290685772773797,0.8115348407404199,16.0,14.0
gigapath,mhist,frozen,42,histology,linear,d4,logit_mean,0.8045020709526383,0.8290685772773797,0.8115348407404199,16.0,14.0
gigapath,mhist,frozen,42,histology,linear,d4,vote,0.8007991175940933,0.8280450358239508,0.8092063049239782,16.0,14.0
gigapath,mhist,frozen,42,histology,linear,d4,confidence,0.8070479920763551,0.8300921187308086,0.8133006400515725,16.0,14.0
gigapath,mhist,frozen,0,histology,mlp_1h,none,mean,0.7923464793805151,0.8137154554759468,0.7966538584694204,,
gigapath,mhist,frozen,0,histology,mlp_1h,d4,mean,0.7984828020889609,0.8229273285568065,0.8050311853669284,19.0,10.0
gigapath,mhist,frozen,0,histology,mlp_1h,d4,logit_mean,0.7984828020889609,0.8229273285568065,0.8050311853669284,19.0,10.0
gigapath,mhist,frozen,0,histology,mlp_1h,d4,vote,0.7959368809652441,0.8219037871033776,0.8032266577770371,19.0,10.0
gigapath,mhist,frozen,0,histology,mlp_1h,d4,confidence,0.8004502070952638,0.8239508700102354,0.8065524704148823,19.0,10.0
gigapath,mhist,frozen,1,histology,mlp_1h,none,mean,0.8253309022150188,0.834186284544524,0.8230594832443454,,
gigapath,mhist,frozen,1,histology,mlp_1h,d4,mean,0.8235953538627769,0.834186284544524,0.8224688400139984,20.0,20.0
gigapath,mhist,frozen,1,histology,mlp_1h,d4,logit_mean,0.8235953538627769,0.834186284544524,0.8224688400139984,20.0,20.0
gigapath,mhist,frozen,1,histology,mlp_1h,d4,vote,0.8195457410408789,0.834186284544524,0.8210185637518319,20.0,20.0
gigapath,mhist,frozen,1,histology,mlp_1h,d4,confidence,0.8274153610660904,0.8382804503582395,0.8266563356241297,20.0,20.0
gigapath,mhist,frozen,2,histology,mlp_1h,none,mean,0.8117886727894832,0.8229273285568065,0.8105207341913772,,
gigapath,mhist,frozen,2,histology,mlp_1h,d4,mean,0.8168827660723934,0.8300921187308086,0.8172490106462575,15.0,8.0
gigapath,mhist,frozen,2,histology,mlp_1h,d4,logit_mean,0.8168827660723934,0.8300921187308086,0.8172490106462575,15.0,8.0
gigapath,mhist,frozen,2,histology,mlp_1h,d4,vote,0.8107486943994238,0.8259979529170931,0.812179974307478,15.0,8.0
gigapath,mhist,frozen,2,histology,mlp_1h,d4,confidence,0.8182716549612823,0.8311156601842374,0.8184556823748683,15.0,8.0
gigapath,mhist,frozen,3,histology,mlp_1h,none,mean,0.8115590671708985,0.827021494370522,0.813172613329441,,
gigapath,mhist,frozen,3,histology,mlp_1h,d4,mean,0.8217450027012426,0.8362333674513818,0.8232282111129204,23.0,14.0
gigapath,mhist,frozen,3,histology,mlp_1h,d4,logit_mean,0.8217450027012426,0.8362333674513818,0.8232282111129204,23.0,14.0
gigapath,mhist,frozen,3,histology,mlp_1h,d4,vote,0.8134116693679092,0.8300921187308086,0.8159298503668192,23.0,14.0
gigapath,mhist,frozen,3,histology,mlp_1h,d4,confidence,0.8179249954979291,0.8321392016376663,0.8190250293665854,23.0,14.0
gigapath,mhist,frozen,42,histology,mlp_1h,none,mean,0.8035723933009185,0.81985670419652,0.8053167881889407,,
gigapath,mhist,frozen,42,histology,mlp_1h,d4,mean,0.8040361066090402,0.8219037871033776,0.8068204545454545,15.0,13.0
gigapath,mhist,frozen,42,histology,mlp_1h,d4,logit_mean,0.8040361066090402,0.8219037871033776,0.8068204545454545,15.0,13.0
gigapath,mhist,frozen,42,histology,mlp_1h,d4,vote,0.8028790743742121,0.8219037871033776,0.8063362952836637,15.0,13.0
gigapath,mhist,frozen,42,histology,mlp_1h,d4,confidence,0.8032257338375652,0.8208802456499488,0.8058304799868263,15.0,13.0
gigapath,mhist,frozen,0,histology,mlp_2h,none,mean,0.7919998199171618,0.8147389969293757,0.797108715730537,,
gigapath,mhist,frozen,0,histology,mlp_2h,d4,mean,0.7918850171078696,0.8167860798362334,0.7982692611600011,15.0,13.0
gigapath,mhist,frozen,0,histology,mlp_2h,d4,logit_mean,0.7918850171078696,0.8167860798362334,0.7982692611600011,15.0,13.0
gigapath,mhist,frozen,0,histology,mlp_2h,d4,vote,0.7879502070952638,0.8147389969293757,0.7951675209220166,15.0,13.0
gigapath,mhist,frozen,0,histology,mlp_2h,d4,confidence,0.7940842787682334,0.8188331627430911,0.8005232358956436,15.0,13.0
gigapath,mhist,frozen,1,histology,mlp_2h,none,mean,0.8195434900054025,0.8290685772773797,0.8174981795566731,,
gigapath,mhist,frozen,1,histology,mlp_2h,d4,mean,0.8183864577705744,0.8290685772773797,0.817092269421734,18.0,18.0
gigapath,mhist,frozen,1,histology,mlp_2h,d4,logit_mean,0.8183864577705744,0.8290685772773797,0.817092269421734,18.0,18.0
gigapath,mhist,frozen,1,histology,mlp_2h,d4,vote,0.8152620205294436,0.8280450358239508,0.8152620205294436,18.0,18.0
gigapath,mhist,frozen,1,histology,mlp_2h,d4,confidence,0.8095894111291194,0.8208802456499488,0.8083302224479249,18.0,18.0
gigapath,mhist,frozen,2,histology,mlp_2h,none,mean,0.8093598055105349,0.8249744114636642,0.8109616383392568,,
gigapath,mhist,frozen,2,histology,mlp_2h,d4,mean,0.8077413110030613,0.8280450358239508,0.8122958693563881,19.0,16.0
gigapath,mhist,frozen,2,histology,mlp_2h,d4,logit_mean,0.8077413110030613,0.8280450358239508,0.8122958693563881,19.0,16.0
gigapath,mhist,frozen,2,histology,mlp_2h,d4,vote,0.8043850171078697,0.8259979529170931,0.8095647587598606,19.0,16.0
gigapath,mhist,frozen,2,histology,mlp_2h,d4,confidence,0.8110976048982532,0.8300921187308086,0.815006022667129,19.0,16.0
gigapath,mhist,frozen,3,histology,mlp_2h,none,mean,0.7893323428777237,0.8004094165813715,0.7871324133261377,,
gigapath,mhist,frozen,3,histology,mlp_2h,d4,mean,0.7962790383576446,0.8106448311156602,0.796450310541519,21.0,11.0
gigapath,mhist,frozen,3,histology,mlp_2h,d4,logit_mean,0.7962790383576446,0.8106448311156602,0.796450310541519,21.0,11.0
gigapath,mhist,frozen,3,histology,mlp_2h,d4,vote,0.7948901494687557,0.8096212896622313,0.7952308191578549,21.0,11.0
gigapath,mhist,frozen,3,histology,mlp_2h,d4,confidence,0.7957005222402305,0.8106448311156602,0.7962125491442946,21.0,11.0
gigapath,mhist,frozen,42,histology,mlp_2h,none,mean,0.8234783000180083,0.8311156601842374,0.8202700548203927,,
gigapath,mhist,frozen,42,histology,mlp_2h,d4,mean,0.8260264721772015,0.8372569089048106,0.8254598528336103,20.0,14.0
gigapath,mhist,frozen,42,histology,mlp_2h,d4,logit_mean,0.8260264721772015,0.8372569089048106,0.8254598528336103,20.0,14.0
gigapath,mhist,frozen,42,histology,mlp_2h,d4,vote,0.8187353682694039,0.8331627430910952,0.820021405169111,20.0,14.0
gigapath,mhist,frozen,42,histology,mlp_2h,d4,confidence,0.8249842427516658,0.8352098259979529,0.823663804652091,20.0,14.0
hoptimus,mhist,frozen,0,histology,knn_10,none,mean,0.7428011885467315,0.7584442169907881,0.7416641270638008,,
hoptimus,mhist,frozen,0,histology,knn_10,d4,mean,0.7491671168737619,0.7635619242579325,0.7475573621412664,38.0,33.0
hoptimus,mhist,frozen,0,histology,knn_5,none,mean,0.7386277687736358,0.7400204708290685,0.7292341331843615,,
hoptimus,mhist,frozen,0,histology,knn_5,d4,mean,0.7183707005222402,0.7195496417604913,0.708646420144361,30.0,50.0
hoptimus,mhist,frozen,0,histology,linear,none,mean,0.8186205654601116,0.8352098259979529,0.8213640415878802,,
hoptimus,mhist,frozen,0,histology,linear,d4,mean,0.8152642715649199,0.8331627430910952,0.8186936231788358,7.0,9.0
hoptimus,mhist,frozen,0,histology,linear,d4,logit_mean,0.8152642715649199,0.8331627430910952,0.8186936231788358,7.0,9.0
hoptimus,mhist,frozen,0,histology,linear,d4,vote,0.8152642715649199,0.8331627430910952,0.8186936231788358,7.0,9.0
hoptimus,mhist,frozen,0,histology,linear,d4,confidence,0.8124864937871421,0.8311156601842374,0.81623719713421,7.0,9.0
hoptimus,mhist,frozen,1,histology,linear,none,mean,0.8115613182063749,0.8321392016376663,0.8165266619642186,,
hoptimus,mhist,frozen,1,histology,linear,d4,mean,0.8137605798667387,0.834186284544524,0.8187641416963622,13.0,11.0
hoptimus,mhist,frozen,1,histology,linear,d4,logit_mean,0.8137605798667387,0.834186284544524,0.8187641416963622,13.0,11.0
hoptimus,mhist,frozen,1,histology,linear,d4,vote,0.8128354042859716,0.8352098259979529,0.8190459756230839,13.0,11.0
hoptimus,mhist,frozen,1,histology,linear,d4,confidence,0.8187376193048803,0.8382804503582395,0.8234687342756507,13.0,11.0
hoptimus,mhist,frozen,2,histology,linear,none,mean,0.7766049882946156,0.8004094165813715,0.7814154672235065,,
hoptimus,mhist,frozen,2,histology,linear,d4,mean,0.7779938771835044,0.8014329580348004,0.7826797835259585,12.0,11.0
hoptimus,mhist,frozen,2,histology,linear,d4,logit_mean,0.7779938771835044,0.8014329580348004,0.7826797835259585,12.0,11.0
hoptimus,mhist,frozen,2,histology,linear,d4,vote,0.7798464793805151,0.804503582395087,0.7853278344348387,12.0,11.0
hoptimus,mhist,frozen,2,histology,linear,d4,confidence,0.771627948856474,0.7963152507676561,0.7766354291964077,12.0,11.0
hoptimus,mhist,frozen,3,histology,linear,none,mean,0.8160768953718711,0.8393039918116684,0.823062983252068,,
hoptimus,mhist,frozen,3,histology,linear,d4,mean,0.8132991175940933,0.8372569089048106,0.8205631118426753,10.0,12.0
hoptimus,mhist,frozen,3,histology,linear,d4,logit_mean,0.8132991175940933,0.8372569089048106,0.8205631118426753,10.0,12.0
hoptimus,mhist,frozen,3,histology,linear,d4,vote,0.8105213398163156,0.8352098259979529,0.8180546864246312,10.0,12.0
hoptimus,mhist,frozen,3,histology,linear,d4,confidence,0.8047339276066992,0.8300921187308086,0.8122737079941846,10.0,12.0
hoptimus,mhist,frozen,42,histology,linear,none,mean,0.8148028092922744,0.8362333674513818,0.8205297769940115,,
hoptimus,mhist,frozen,42,histology,linear,d4,mean,0.8172339276066991,0.8393039918116684,0.8235417277815166,17.0,14.0
hoptimus,mhist,frozen,42,histology,linear,d4,logit_mean,0.8172339276066991,0.8393039918116684,0.8235417277815166,17.0,14.0
hoptimus,mhist,frozen,42,histology,linear,d4,vote,0.814919863137043,0.8393039918116684,0.8225750668861311,17.0,14.0
hoptimus,mhist,frozen,42,histology,linear,d4,confidence,0.8216324509274266,0.8433981576253838,0.8280374799399493,17.0,14.0
hoptimus,mhist,frozen,0,histology,mlp_1h,none,mean,0.8430420493426977,0.8536335721596725,0.8428435319513201,,
hoptimus,mhist,frozen,0,histology,mlp_1h,d4,mean,0.8264901854853233,0.8393039918116684,0.8270560552197527,3.0,17.0
hoptimus,mhist,frozen,0,histology,mlp_1h,d4,logit_mean,0.8264901854853233,0.8393039918116684,0.8270560552197527,3.0,17.0
hoptimus,mhist,frozen,0,histology,mlp_1h,d4,vote,0.8275324149108589,0.8413510747185261,0.8288547104368846,3.0,17.0
hoptimus,mhist,frozen,0,histology,mlp_1h,d4,confidence,0.8284575904916262,0.8403275332650972,0.8284575904916262,3.0,17.0
hoptimus,mhist,frozen,1,histology,mlp_1h,none,mean,0.8285723933009184,0.8382804503582395,0.8270463223562734,,
hoptimus,mhist,frozen,1,histology,mlp_1h,d4,mean,0.8284575904916262,0.8403275332650972,0.8284575904916262,12.0,10.0
hoptimus,mhist,frozen,1,histology,mlp_1h,d4,logit_mean,0.8284575904916262,0.8403275332650972,0.8284575904916262,12.0,10.0
hoptimus,mhist,frozen,1,histology,mlp_1h,d4,vote,0.8267220421393842,0.8403275332650972,0.8278530767145568,12.0,10.0
hoptimus,mhist,frozen,1,histology,mlp_1h,d4,confidence,0.8264901854853233,0.8393039918116684,0.8270560552197527,12.0,10.0
hoptimus,mhist,frozen,2,histology,mlp_1h,none,mean,0.7801953898793446,0.8085977482088025,0.7877796659979812,,
hoptimus,mhist,frozen,2,histology,mlp_1h,d4,mean,0.7768390959841527,0.8065506653019447,0.7848942661536364,12.0,14.0
hoptimus,mhist,frozen,2,histology,mlp_1h,d4,logit_mean,0.7768390959841527,0.8065506653019447,0.7848942661536364,12.0,14.0
hoptimus,mhist,frozen,2,histology,mlp_1h,d4,vote,0.772093913200072,0.8034800409416581,0.7806814886870632,12.0,14.0
hoptimus,mhist,frozen,2,histology,mlp_1h,d4,confidence,0.7776494687556276,0.8075742067553736,0.7858774923992315,12.0,14.0
hoptimus,mhist,frozen,3,histology,mlp_1h,none,mean,0.8032302359085179,0.8311156601842374,0.8122092799753969,,
hoptimus,mhist,frozen,3,histology,mlp_1h,d4,mean,0.7970961642355483,0.827021494370522,0.8068114939865889,10.0,14.0
hoptimus,mhist,frozen,3,histology,mlp_1h,d4,logit_mean,0.7970961642355483,0.827021494370522,0.8068114939865889,10.0,14.0
hoptimus,mhist,frozen,3,histology,mlp_1h,d4,vote,0.7923509814514678,0.8239508700102354,0.8026466609042053,10.0,14.0
hoptimus,mhist,frozen,3,histology,mlp_1h,d4,confidence,0.8026517197911038,0.8311156601842374,0.8119367464432998,10.0,14.0
hoptimus,mhist,frozen,42,histology,mlp_1h,none,mean,0.8335516837745363,0.8474923234390993,0.8352823632312822,,
hoptimus,mhist,frozen,42,histology,mlp_1h,d4,mean,0.8332050243111832,0.8485158648925282,0.8358892641824653,8.0,7.0
hoptimus,mhist,frozen,42,histology,mlp_1h,d4,logit_mean,0.8318161354222943,0.8474923234390993,0.8346785229602122,8.0,7.0
hoptimus,mhist,frozen,42,histology,mlp_1h,d4,vote,0.8276494687556275,0.8444216990788127,0.8310350163385307,8.0,7.0
hoptimus,mhist,frozen,42,histology,mlp_1h,d4,confidence,0.8304272465334054,0.8464687819856704,0.8334659090909091,8.0,7.0
hoptimus,mhist,frozen,0,histology,mlp_2h,none,mean,0.8255582567981271,0.8249744114636642,0.8164963989503848,,
hoptimus,mhist,frozen,0,histology,mlp_2h,d4,mean,0.8282212317666127,0.8290685772773797,0.820284334923497,12.0,8.0
hoptimus,mhist,frozen,0,histology,mlp_2h,d4,logit_mean,0.8282212317666127,0.8290685772773797,0.820284334923497,12.0,8.0
hoptimus,mhist,frozen,0,histology,mlp_2h,d4,vote,0.8292634611921483,0.8311156601842374,0.8220948672871081,12.0,8.0
hoptimus,mhist,frozen,0,histology,mlp_2h,d4,confidence,0.8260219701062488,0.827021494370522,0.8181320515094072,12.0,8.0
hoptimus,mhist,frozen,1,histology,mlp_2h,none,mean,0.824520529443544,0.8331627430910952,0.8220645301136433,,
hoptimus,mhist,frozen,1,histology,mlp_2h,d4,mean,0.8228997839005943,0.8311156601842374,0.8200766771023422,11.0,13.0
hoptimus,mhist,frozen,1,histology,mlp_2h,d4,logit_mean,0.8228997839005943,0.8311156601842374,0.8200766771023422,11.0,13.0
hoptimus,mhist,frozen,1,histology,mlp_2h,d4,vote,0.823363497208716,0.8331627430910952,0.8216724055877495,11.0,13.0
hoptimus,mhist,frozen,1,histology,mlp_2h,d4,confidence,0.8209323788942914,0.8300921187308086,0.8186905815960577,11.0,13.0
hoptimus,mhist,frozen,2,histology,mlp_2h,none,mean,0.7978997839005944,0.812691914022518,0.7984156567211129,,
hoptimus,mhist,frozen,2,histology,mlp_2h,d4,mean,0.8034553394561499,0.8167860798362334,0.803279665869135,12.0,8.0
hoptimus,mhist,frozen,2,histology,mlp_2h,d4,logit_mean,0.8034553394561499,0.8167860798362334,0.803279665869135,12.0,8.0
hoptimus,mhist,frozen,2,histology,mlp_2h,d4,vote,0.7967427516657664,0.812691914022518,0.7979381419996767,12.0,8.0
hoptimus,mhist,frozen,2,histology,mlp_2h,d4,confidence,0.8022983072213219,0.8167860798362334,0.8028218718747497,12.0,8.0
hoptimus,mhist,frozen,3,histology,mlp_2h,none,mean,0.7646767513056005,0.7758444216990789,0.7617033361733407,,
hoptimus,mhist,frozen,3,histology,mlp_2h,d4,mean,0.759121195750045,0.7717502558853634,0.7568309029928624,11.0,15.0
hoptimus,mhist,frozen,3,histology,mlp_2h,d4,logit_mean,0.759121195750045,0.7717502558853634,0.7568309029928624,11.0,15.0
hoptimus,mhist,frozen,3,histology,mlp_2h,d4,vote,0.7555330452007925,0.7686796315250768,0.7534260955018537,11.0,15.0
hoptimus,mhist,frozen,3,histology,mlp_2h,d4,confidence,0.7596997118674591,0.7717502558853634,0.7570922559087732,11.0,15.0
hoptimus,mhist,frozen,42,histology,mlp_2h,none,mean,0.8313524221141726,0.8454452405322416,0.833071388241098,,
hoptimus,mhist,frozen,42,histology,mlp_2h,d4,mean,0.8191990815775256,0.8352098259979529,0.8215836820249788,7.0,17.0
hoptimus,mhist,frozen,42,histology,mlp_2h,d4,logit_mean,0.8191990815775256,0.8352098259979529,0.8215836820249788,7.0,17.0
hoptimus,mhist,frozen,42,histology,mlp_2h,d4,vote,0.8232509454349,0.8403275332650972,0.826588569400071,7.0,17.0
hoptimus,mhist,frozen,42,histology,mlp_2h,d4,confidence,0.8211664865838285,0.8362333674513818,0.823015261989946,7.0,17.0
phikon2,mhist,frozen,0,histology,knn_10,none,mean,0.7042634611921483,0.7389969293756398,0.7097779781437953,,
phikon2,mhist,frozen,0,histology,knn_10,d4,mean,0.7051863857374392,0.7328556806550666,0.708199017477368,52.0,58.0
phikon2,mhist,frozen,0,histology,knn_5,none,mean,0.7128218980731136,0.7308085977482088,0.7119477057360242,,
phikon2,mhist,frozen,0,histology,knn_5,d4,mean,0.7069174320187286,0.7226202661207779,0.7048071809474328,59.0,67.0
phikon2,mhist,frozen,0,histology,linear,none,mean,0.7109828020889609,0.7584442169907881,0.720738135379726,,
phikon2,mhist,frozen,0,histology,linear,d4,mean,0.7058887088060508,0.7512794268167861,0.7146601861233202,18.0,25.0
phikon2,mhist,frozen,0,histology,linear,d4,logit_mean,0.7058887088060508,0.7512794268167861,0.7146601861233202,18.0,25.0
phikon2,mhist,frozen,0,histology,linear,d4,vote,0.7046168737619305,0.7533265097236438,0.7140725089103019,18.0,25.0
phikon2,mhist,frozen,0,histology,linear,d4,confidence,0.7094768593553034,0.7543500511770727,0.7184194598956681,18.0,25.0
phikon2,mhist,frozen,1,histology,linear,none,mean,0.7040361066090401,0.7482088024564995,0.7123388996342328,,
phikon2,mhist,frozen,1,histology,linear,d4,mean,0.696396092202413,0.7400204708290685,0.7039563470476518,19.0,27.0
phikon2,mhist,frozen,1,histology,linear,d4,logit_mean,0.696396092202413,0.7400204708290685,0.7039563470476518,19.0,27.0
phikon2,mhist,frozen,1,histology,linear,d4,vote,0.6982486943994237,0.7430910951893551,0.7062491839489802,19.0,27.0
phikon2,mhist,frozen,1,histology,linear,d4,confidence,0.6977849810913019,0.7410440122824974,0.7053612403433425,19.0,27.0
phikon2,mhist,frozen,2,histology,linear,none,mean,0.7157257338375653,0.7563971340839304,0.7239405250360915,,
phikon2,mhist,frozen,2,histology,linear,d4,mean,0.7144516477579687,0.7533265097236438,0.7219925733075938,18.0,21.0
phikon2,mhist,frozen,2,histology,linear,d4,logit_mean,0.7144516477579687,0.7533265097236438,0.7219925733075938,18.0,21.0
phikon2,mhist,frozen,2,histology,linear,d4,vote,0.7157257338375653,0.7563971340839304,0.7239405250360915,18.0,21.0
phikon2,mhist,frozen,2,histology,linear,d4,confidence,0.7078538627768773,0.7471852610030706,0.7150712265849613,18.0,21.0
phikon2,mhist,frozen,3,histology,linear,none,mean,0.7109805510534846,0.7533265097236438,0.7193362012756741,,
phikon2,mhist,frozen,3,histology,linear,d4,mean,0.7138731316405547,0.7533265097236438,0.7215599275805347,26.0,26.0
phikon2,mhist,frozen,3,histology,linear,d4,logit_mean,0.7138731316405547,0.7533265097236438,0.7215599275805347,26.0,26.0
phikon2,mhist,frozen,3,histology,linear,d4,vote,0.7109805510534846,0.7533265097236438,0.7193362012756741,26.0,26.0
phikon2,mhist,frozen,3,histology,linear,d4,confidence,0.7129479560597876,0.7543500511770727,0.721175799086758,26.0,26.0
phikon2,mhist,frozen,42,histology,linear,none,mean,0.7173464793805151,0.7584442169907881,0.7258228691019787,,
phikon2,mhist,frozen,42,histology,linear,d4,mean,0.7203538627768774,0.7563971340839304,0.7273279485158918,25.0,27.0
phikon2,mhist,frozen,42,histology,linear,d4,logit_mean,0.7189649738879885,0.7553735926305015,0.7259769354170553,25.0,27.0
phikon2,mhist,frozen,42,histology,linear,d4,vote,0.7182716549612822,0.7574206755373593,0.7261813395708994,25.0,27.0
phikon2,mhist,frozen,42,histology,linear,d4,confidence,0.7175760849990995,0.7543500511770727,0.7246232477733098,25.0,27.0
phikon2,mhist,frozen,0,histology,mlp_1h,none,mean,0.7571560417792185,0.7758444216990789,0.7581882682946952,,
phikon2,mhist,frozen,0,histology,mlp_1h,d4,mean,0.7600486223662885,0.7758444216990789,0.7595956463557274,23.0,23.0
phikon2,mhist,frozen,0,histology,mlp_1h,d4,logit_mean,0.7600486223662885,0.7758444216990789,0.7595956463557274,23.0,23.0
phikon2,mhist,frozen,0,histology,mlp_1h,d4,vote,0.75252566180443,0.7707267144319345,0.7531069214176767,23.0,23.0
phikon2,mhist,frozen,0,histology,mlp_1h,d4,confidence,0.7624797406807131,0.7789150460593655,0.7624797406807131,23.0,23.0
phikon2,mhist,frozen,1,histology,mlp_1h,none,mean,0.758430127858815,0.7789150460593655,0.7604870342122467,,
phikon2,mhist,frozen,1,histology,mlp_1h,d4,mean,0.7562286151629749,0.7717502558853634,0.7554827305631155,22.0,29.0
phikon2,mhist,frozen,1,histology,mlp_1h,d4,logit_mean,0.755650099045561,0.7717502558853634,0.7552046992572019,22.0,29.0
phikon2,mhist,frozen,1,histology,mlp_1h,d4,vote,0.7540316045380875,0.77482088024565,0.7560516089198809,22.0,29.0
phikon2,mhist,frozen,1,histology,mlp_1h,d4,confidence,0.7489375112551774,0.7676560900716479,0.7496526072797259,22.0,29.0
phikon2,mhist,frozen,2,histology,mlp_1h,none,mean,0.7816900774356204,0.7871033776867963,0.7756225101801062,,
phikon2,mhist,frozen,2,histology,mlp_1h,d4,mean,0.7873604358004682,0.789150460593654,0.7790388736649804,28.0,26.0
phikon2,mhist,frozen,2,histology,mlp_1h,d4,logit_mean,0.7873604358004682,0.789150460593654,0.7790388736649804,28.0,26.0
phikon2,mhist,frozen,2,histology,mlp_1h,d4,vote,0.7882878624167118,0.7932446264073695,0.7820949377710646,28.0,26.0
phikon2,mhist,frozen,2,histology,mlp_1h,d4,confidence,0.7884026652260039,0.7911975435005117,0.780777860882573,28.0,26.0
phikon2,mhist,frozen,3,histology,mlp_1h,none,mean,0.7605123356744102,0.7778915046059366,0.7609628279151995,,
phikon2,mhist,frozen,3,histology,mlp_1h,d4,mean,0.7601634251755808,0.7737973387922211,0.7584856148624237,23.0,27.0
phikon2,mhist,frozen,3,histology,mlp_1h,d4,logit_mean,0.7601634251755808,0.7737973387922211,0.7584856148624237,23.0,27.0
phikon2,mhist,frozen,3,histology,mlp_1h,d4,vote,0.7602804790203493,0.7768679631525077,0.7602804790203493,23.0,27.0
phikon2,mhist,frozen,3,histology,mlp_1h,d4,confidence,0.7643300918422474,0.7768679631525077,0.7621543753070978,23.0,27.0
phikon2,mhist,frozen,42,histology,mlp_1h,none,mean,0.7634049162614803,0.7778915046059366,0.7623294758354269,,
phikon2,mhist,frozen,42,histology,mlp_1h,d4,mean,0.7866693679092382,0.7963152507676561,0.7834655885776018,33.0,15.0
phikon2,mhist,frozen,42,histology,mlp_1h,d4,logit_mean,0.7866693679092382,0.7963152507676561,0.7834655885776018,33.0,15.0
phikon2,mhist,frozen,42,histology,mlp_1h,d4,vote,0.7835449306681074,0.7952917093142272,0.7815549175856117,33.0,15.0
phikon2,mhist,frozen,42,histology,mlp_1h,d4,confidence,0.7807671528903295,0.7932446264073695,0.7791274957471573,33.0,15.0
phikon2,mhist,frozen,0,histology,mlp_2h,none,mean,0.7494057266342518,0.7799385875127943,0.7560033593024917,,
phikon2,mhist,frozen,0,histology,mlp_2h,d4,mean,0.7505627588690797,0.7799385875127943,0.7566907016476994,19.0,19.0
phikon2,mhist,frozen,0,histology,mlp_2h,d4,logit_mean,0.7505627588690797,0.7799385875127943,0.7566907016476994,19.0,19.0
phikon2,mhist,frozen,0,histology,mlp_2h,d4,vote,0.7484805510534847,0.7809621289662231,0.7559096852526385,19.0,19.0
phikon2,mhist,frozen,0,histology,mlp_2h,d4,confidence,0.7473212677831802,0.7758444216990789,0.7528510785757603,19.0,19.0
phikon2,mhist,frozen,1,histology,mlp_2h,none,mean,0.751947145687016,0.7707267144319345,0.7528146742567995,,
phikon2,mhist,frozen,1,histology,mlp_2h,d4,mean,0.763868629569602,0.7799385875127943,0.7637157997869499,33.0,24.0
phikon2,mhist,frozen,1,histology,mlp_2h,d4,logit_mean,0.763868629569602,0.7799385875127943,0.7637157997869499,33.0,24.0
phikon2,mhist,frozen,1,histology,mlp_2h,d4,vote,0.7593553034395821,0.7778915046059366,0.7603965946116386,33.0,24.0
phikon2,mhist,frozen,1,histology,mlp_2h,d4,confidence,0.7654893751125518,0.781985670419652,0.7656427899748302,33.0,24.0
phikon2,mhist,frozen,2,histology,mlp_2h,none,mean,0.7381775616783721,0.7686796315250768,0.7440629636498517,,
phikon2,mhist,frozen,2,histology,mlp_2h,d4,mean,0.7539190527642716,0.781985670419652,0.7596222819024516,30.0,17.0
phikon2,mhist,frozen,2,histology,mlp_2h,d4,logit_mean,0.7531086799927966,0.7809621289662231,0.7586596176932312,30.0,17.0
phikon2,mhist,frozen,2,histology,mlp_2h,d4,vote,0.7450072033135242,0.7758444216990789,0.7514638869174218,30.0,17.0
phikon2,mhist,frozen,2,histology,mlp_2h,d4,confidence,0.7553079416531605,0.7830092118730808,0.7609151352848832,30.0,17.0
phikon2,mhist,frozen,3,histology,mlp_2h,none,mean,0.7580812173599856,0.77482088024565,0.7580812173599856,,
phikon2,mhist,frozen,3,histology,mlp_2h,d4,mean,0.7639834323788943,0.7778915046059366,0.7625945522241818,24.0,21.0
phikon2,mhist,frozen,3,histology,mlp_2h,d4,logit_mean,0.7639834323788943,0.7778915046059366,0.7625945522241818,24.0,21.0
phikon2,mhist,frozen,3,histology,mlp_2h,d4,vote,0.753104177921844,0.7707267144319345,0.7533962553298899,24.0,21.0
phikon2,mhist,frozen,3,histology,mlp_2h,d4,confidence,0.7620160273725914,0.7768679631525077,0.7611000439694546,24.0,21.0
phikon2,mhist,frozen,42,histology,mlp_2h,none,mean,0.7180420493426977,0.7615148413510747,0.7273149795223601,,
phikon2,mhist,frozen,42,histology,mlp_2h,d4,mean,0.7149153610660903,0.7553735926305015,0.7230006180506374,18.0,24.0
phikon2,mhist,frozen,42,histology,mlp_2h,d4,logit_mean,0.7135264721772014,0.7543500511770727,0.7216206975153863,18.0,24.0
phikon2,mhist,frozen,42,histology,mlp_2h,d4,vote,0.7194309382315865,0.7625383828045036,0.7287098565656178,18.0,24.0
phikon2,mhist,frozen,42,histology,mlp_2h,d4,confidence,0.7113272105168378,0.7523029682702149,0.7193008699946812,18.0,24.0
phikon,mhist,frozen,0,histology,knn_10,none,mean,0.7020619484963083,0.7318321392016377,0.7057255980355188,,
phikon,mhist,frozen,0,histology,knn_10,d4,mean,0.7115523140644697,0.7379733879222109,0.7143431463918279,32.0,26.0
phikon,mhist,frozen,0,histology,knn_5,none,mean,0.7021699981991716,0.714431934493347,0.6982875700230118,,
phikon,mhist,frozen,0,histology,knn_5,d4,mean,0.7197640914820818,0.7308085977482088,0.7155900749679287,50.0,34.0
phikon,mhist,frozen,0,histology,linear,none,mean,0.7311183144246354,0.7656090071647902,0.7382238587155555,,
phikon,mhist,frozen,0,histology,linear,d4,mean,0.7444286871961102,0.7758444216990789,0.7511088621730558,26.0,16.0
phikon,mhist,frozen,0,histology,linear,d4,logit_mean,0.7444286871961102,0.7758444216990789,0.7511088621730558,26.0,16.0
phikon,mhist,frozen,0,histology,linear,d4,vote,0.7409575904916261,0.7758444216990789,0.7489077358005654,26.0,16.0
phikon,mhist,frozen,0,histology,linear,d4,confidence,0.7422294255357464,0.7737973387922211,0.7488358837454124,26.0,16.0
phikon,mhist,frozen,1,histology,linear,none,mean,0.7432716549612822,0.7758444216990789,0.7503887725520162,,
phikon,mhist,frozen,1,histology,linear,d4,mean,0.7397983072213219,0.7707267144319345,0.7459698387935517,18.0,23.0
phikon,mhist,frozen,1,histology,linear,d4,logit_mean,0.7411871961102108,0.7717502558853634,0.7472825488074069,18.0,23.0
phikon,mhist,frozen,1,histology,linear,d4,vote,0.7413042499549793,0.77482088024565,0.7486975391205934,18.0,23.0
phikon,mhist,frozen,1,histology,linear,d4,confidence,0.7378309022150189,0.7697031729785057,0.7442899268901257,18.0,23.0
phikon,mhist,frozen,2,histology,linear,none,mean,0.741880515036917,0.7697031729785057,0.7467725232204383,,
phikon,mhist,frozen,2,histology,linear,d4,mean,0.7458153250495227,0.7717502558853634,0.750028970209446,22.0,20.0
phikon,mhist,frozen,2,histology,linear,d4,logit_mean,0.7458153250495227,0.7717502558853634,0.750028970209446,22.0,20.0
phikon,mhist,frozen,2,histology,linear,d4,vote,0.7465108950117054,0.77482088024565,0.751893064918275,22.0,20.0
phikon,mhist,frozen,2,histology,linear,d4,confidence,0.7507923644876644,0.7758444216990789,0.7548356713909065,22.0,20.0
phikon,mhist,frozen,3,histology,linear,none,mean,0.7325072033135243,0.7666325486182191,0.7395592678158877,,
phikon,mhist,frozen,3,histology,linear,d4,mean,0.7504479560597874,0.781985670419652,0.7575792523318761,26.0,11.0
phikon,mhist,frozen,3,histology,linear,d4,logit_mean,0.7504479560597874,0.781985670419652,0.7575792523318761,26.0,11.0
phikon,mhist,frozen,3,histology,linear,d4,vote,0.744313884386818,0.7778915046059366,0.7519413857697622,26.0,11.0
phikon,mhist,frozen,3,histology,linear,d4,confidence,0.7432716549612822,0.7758444216990789,0.7503887725520162,26.0,11.0
phikon,mhist,frozen,42,histology,linear,none,mean,0.7403745723032595,0.7656090071647902,0.7439753831506408,,
phikon,mhist,frozen,42,histology,linear,d4,mean,0.7445412389699262,0.7686796315250768,0.7478185589240356,21.0,18.0
phikon,mhist,frozen,42,histology,linear,d4,logit_mean,0.7445412389699262,0.7686796315250768,0.7478185589240356,21.0,18.0
phikon,mhist,frozen,42,histology,linear,d4,vote,0.744194579506573,0.7697031729785057,0.7481188404701093,21.0,18.0
phikon,mhist,frozen,42,histology,linear,d4,confidence,0.746161984512876,0.7707267144319345,0.7497278258085174,21.0,18.0
phikon,mhist,frozen,0,histology,mlp_1h,none,mean,0.7350508734017648,0.7625383828045036,0.7394211402451922,,
phikon,mhist,frozen,0,histology,mlp_1h,d4,mean,0.7436160633891591,0.7697031729785057,0.7477870775655846,25.0,18.0
phikon,mhist,frozen,0,histology,mlp_1h,d4,logit_mean,0.7436160633891591,0.7697031729785057,0.7477870775655846,25.0,18.0
phikon,mhist,frozen,0,histology,mlp_1h,d4,vote,0.7439649738879885,0.7737973387922211,0.7499006747169374,25.0,18.0
phikon,mhist,frozen,0,histology,mlp_1h,d4,confidence,0.7400279128399063,0.7666325486182191,0.7442549322164664,25.0,18.0
phikon,mhist,frozen,1,histology,mlp_1h,none,mean,0.7431523500810373,0.7676560900716479,0.7465397340586626,,
phikon,mhist,frozen,1,histology,mlp_1h,d4,mean,0.7520641995317846,0.7737973387922211,0.7544871641804621,24.0,18.0
phikon,mhist,frozen,1,histology,mlp_1h,d4,logit_mean,0.7520641995317846,0.7737973387922211,0.7544871641804621,24.0,18.0
phikon,mhist,frozen,1,histology,mlp_1h,d4,vote,0.7480145867098866,0.7737973387922211,0.7522708628533075,24.0,18.0
phikon,mhist,frozen,1,histology,mlp_1h,d4,confidence,0.7497501350621285,0.7737973387922211,0.7532391243478609,24.0,18.0
phikon,mhist,frozen,2,histology,mlp_1h,none,mean,0.7590086439762291,0.7789150460593655,0.7607802595424,,
phikon,mhist,frozen,2,histology,mlp_1h,d4,mean,0.760744192328471,0.7789150460593655,0.761642721604771,16.0,16.0
phikon,mhist,frozen,2,histology,mlp_1h,d4,logit_mean,0.760744192328471,0.7789150460593655,0.761642721604771,16.0,16.0
phikon,mhist,frozen,2,histology,mlp_1h,d4,vote,0.7630605078336035,0.7840327533265097,0.7655963422718439,16.0,16.0
phikon,mhist,frozen,2,histology,mlp_1h,d4,confidence,0.7621330812173599,0.7799385875127943,0.7628868306834409,16.0,16.0
phikon,mhist,frozen,3,histology,mlp_1h,none,mean,0.7370205294435441,0.7686796315250768,0.7433370530524945,,
phikon,mhist,frozen,3,histology,mlp_1h,d4,mean,0.7452390599675851,0.7768679631525077,0.7520674048481575,30.0,22.0
phikon,mhist,frozen,3,histology,mlp_1h,d4,logit_mean,0.7452390599675851,0.7768679631525077,0.7520674048481575,30.0,22.0
phikon,mhist,frozen,3,histology,mlp_1h,d4,vote,0.7437353682694039,0.7778915046059366,0.7515728171266867,30.0,22.0
phikon,mhist,frozen,3,histology,mlp_1h,d4,confidence,0.7432716549612822,0.7758444216990789,0.7503887725520162,30.0,22.0
phikon,mhist,frozen,42,histology,mlp_1h,none,mean,0.7415316045380875,0.7656090071647902,0.7446346371367687,,
phikon,mhist,frozen,42,histology,mlp_1h,d4,mean,0.7415316045380875,0.7656090071647902,0.7446346371367687,18.0,18.0
phikon,mhist,frozen,42,histology,mlp_1h,d4,logit_mean,0.7423419773095624,0.7666325486182191,0.7455868647552217,18.0,18.0
phikon,mhist,frozen,42,histology,mlp_1h,d4,vote,0.7477827300558257,0.7727737973387923,0.751639749732052,18.0,18.0
phikon,mhist,frozen,42,histology,mlp_1h,d4,confidence,0.7451197550873402,0.7686796315250768,0.7481407296552479,18.0,18.0
phikon,mhist,frozen,0,histology,mlp_2h,none,mean,0.7268368449486764,0.7645854657113613,0.7348867390278433,,
phikon,mhist,frozen,0,histology,mlp_2h,d4,mean,0.7248694399423734,0.7635619242579325,0.7331134575564462,19.0,20.0
phikon,mhist,frozen,0,histology,mlp_2h,d4,logit_mean,0.7248694399423734,0.7635619242579325,0.7331134575564462,19.0,20.0
phikon,mhist,frozen,0,histology,mlp_2h,d4,vote,0.7245227804790204,0.7645854657113613,0.7332198351189119,19.0,20.0
phikon,mhist,frozen,0,histology,mlp_2h,d4,confidence,0.7256798127138484,0.7645854657113613,0.7340609348519707,19.0,20.0
phikon,mhist,frozen,1,histology,mlp_2h,none,mean,0.763290113452188,0.7799385875127943,0.7634422527914952,,
phikon,mhist,frozen,1,histology,mlp_2h,d4,mean,0.7621330812173599,0.7799385875127943,0.7628868306834409,24.0,24.0
phikon,mhist,frozen,1,histology,mlp_2h,d4,logit_mean,0.7621330812173599,0.7799385875127943,0.7628868306834409,24.0,24.0
phikon,mhist,frozen,1,histology,mlp_2h,d4,vote,0.7646812533765532,0.7860798362333674,0.767527406407219,24.0,24.0
phikon,mhist,frozen,1,histology,mlp_2h,d4,confidence,0.7709301278588151,0.7881269191402251,0.7717096462859174,24.0,24.0
phikon,mhist,frozen,2,histology,mlp_2h,none,mean,0.7532189807311362,0.7686796315250768,0.7523330731059484,,
phikon,mhist,frozen,2,histology,mlp_2h,d4,mean,0.7639834323788943,0.7778915046059366,0.7625945522241818,22.0,13.0
phikon,mhist,frozen,2,histology,mlp_2h,d4,logit_mean,0.7639834323788943,0.7778915046059366,0.7625945522241818,22.0,13.0
phikon,mhist,frozen,2,histology,mlp_2h,d4,vote,0.7610908517918242,0.7778915046059366,0.7612417156081602,22.0,13.0
phikon,mhist,frozen,2,histology,mlp_2h,d4,confidence,0.7601634251755808,0.7737973387922211,0.7584856148624237,22.0,13.0
phikon,mhist,frozen,3,histology,mlp_2h,none,mean,0.718735368269404,0.759467758444217,0.7272029495041188,,
phikon,mhist,frozen,3,histology,mlp_2h,d4,mean,0.7289213037997478,0.7686796315250768,0.7378594901603222,22.0,13.0
phikon,mhist,frozen,3,histology,mlp_2h,d4,logit_mean,0.7289213037997478,0.7686796315250768,0.7378594901603222,22.0,13.0
phikon,mhist,frozen,3,histology,mlp_2h,d4,vote,0.7205879704664145,0.7625383828045036,0.7295979232876189,22.0,13.0
phikon,mhist,frozen,3,histology,mlp_2h,d4,confidence,0.7239442643616063,0.7645854657113613,0.7327934741248097,22.0,13.0
phikon,mhist,frozen,42,histology,mlp_2h,none,mean,0.7378286511795425,0.7645854657113613,0.7420115544288916,,
phikon,mhist,frozen,42,histology,mlp_2h,d4,mean,0.7374819917161894,0.7656090071647902,0.7422707014110239,22.0,21.0
phikon,mhist,frozen,42,histology,mlp_2h,d4,logit_mean,0.7374819917161894,0.7656090071647902,0.7422707014110239,22.0,21.0
phikon,mhist,frozen,42,histology,mlp_2h,d4,vote,0.7379457050243112,0.7676560900716479,0.7434684088098837,22.0,21.0
phikon,mhist,frozen,42,histology,mlp_2h,d4,confidence,0.7334301278588151,0.7604912998976459,0.7375247988537419,22.0,21.0
resnet18,mhist,frozen,0,general,knn_10,none,mean,0.7034598415271025,0.7533265097236438,0.7130578266650256,,
resnet18,mhist,frozen,0,general,knn_10,d4,mean,0.682970916621646,0.7318321392016377,0.6905087778691299,74.0,95.0
resnet18,mhist,frozen,0,general,knn_5,none,mean,0.7219701062488745,0.7482088024564995,0.7251475229861397,,
resnet18,mhist,frozen,0,general,knn_5,d4,mean,0.689559697460832,0.7175025588536336,0.6920262047036895,84.0,114.0
resnet18,mhist,frozen,0,general,linear,none,mean,0.7234805510534845,0.7625383828045036,0.7317484212419878,,
resnet18,mhist,frozen,0,general,linear,d4,mean,0.7491761210156672,0.7840327533265097,0.7577149774635803,57.0,36.0
resnet18,mhist,frozen,0,general,linear,d4,logit_mean,0.751375382676031,0.7860798362333674,0.7600115179615559,57.0,36.0
resnet18,mhist,frozen,0,general,linear,d4,vote,0.7525346659463352,0.7911975435005117,0.7629994292237443,57.0,36.0
resnet18,mhist,frozen,0,general,linear,d4,confidence,0.7379479560597875,0.7727737973387923,0.7456588427333108,57.0,36.0
resnet18,mhist,frozen,1,general,linear,none,mean,0.7308864577705745,0.7645854657113613,0.7376599420939572,,
resnet18,mhist,frozen,1,general,linear,d4,mean,0.7467427516657663,0.7758444216990789,0.7525091697328834,50.0,39.0
resnet18,mhist,frozen,1,general,linear,d4,logit_mean,0.7453538627768774,0.77482088024565,0.7512061190284376,50.0,39.0
resnet18,mhist,frozen,1,general,linear,d4,vote,0.7410723933009185,0.7737973387922211,0.7481092179634501,50.0,39.0
resnet18,mhist,frozen,1,general,linear,d4,confidence,0.7425760849990997,0.7727737973387923,0.7485928227002967,50.0,39.0
resnet18,mhist,frozen,2,general,linear,none,mean,0.7165361066090401,0.7574206755373593,0.724881272478622,,
resnet18,mhist,frozen,2,general,linear,d4,mean,0.7293850171078696,0.7707267144319345,0.7389221328294251,60.0,47.0
resnet18,mhist,frozen,2,general,linear,d4,logit_mean,0.7293850171078696,0.7707267144319345,0.7389221328294251,60.0,47.0
resnet18,mhist,frozen,2,general,linear,d4,vote,0.7170020709526381,0.7645854657113613,0.7273625104342594,60.0,47.0
resnet18,mhist,frozen,2,general,linear,d4,confidence,0.7171146227264542,0.7574206755373593,0.7253186045104647,60.0,47.0
resnet18,mhist,frozen,3,general,linear,none,mean,0.7165383576445165,0.7625383828045036,0.7264177360640383,,
resnet18,mhist,frozen,3,general,linear,d4,mean,0.7352894831622546,0.7789150460593655,0.7461507371338388,49.0,33.0
resnet18,mhist,frozen,3,general,linear,d4,logit_mean,0.7330902215018908,0.7768679631525077,0.7438002809961892,49.0,33.0
resnet18,mhist,frozen,3,general,linear,d4,vote,0.7193183864577706,0.7697031729785057,0.7306544792898321,49.0,33.0
resnet18,mhist,frozen,3,general,linear,d4,confidence,0.7292702142985774,0.7727737973387923,0.739538000403493,49.0,33.0
resnet18,mhist,frozen,42,general,linear,none,mean,0.7025346659463353,0.7543500511770727,0.7124356144223694,,
resnet18,mhist,frozen,42,general,linear,d4,mean,0.7216324509274266,0.7697031729785057,0.7325837283904661,53.0,38.0
resnet18,mhist,frozen,42,general,linear,d4,logit_mean,0.7202435620385377,0.7686796315250768,0.7311567945608447,53.0,38.0
resnet18,mhist,frozen,42,general,linear,d4,vote,0.7119124797406807,0.7676560900716479,0.7236154226729095,53.0,38.0
resnet18,mhist,frozen,42,general,linear,d4,confidence,0.7173487304159913,0.7635619242579325,0.7273630001703324,53.0,38.0
resnet18,mhist,frozen,0,general,mlp_1h,none,mean,0.7242886727894832,0.7584442169907881,0.7308162884094518,,
resnet18,mhist,frozen,0,general,mlp_1h,d4,mean,0.7606338915901315,0.7911975435005117,0.7679896816010281,66.0,34.0
resnet18,mhist,frozen,0,general,mlp_1h,d4,logit_mean,0.7592450027012426,0.7901740020470829,0.7666842569391294,66.0,34.0
resnet18,mhist,frozen,0,general,mlp_1h,d4,vote,0.7482509454349,0.7850562947799385,0.7575648006352447,66.0,34.0
resnet18,mhist,frozen,0,general,mlp_1h,d4,confidence,0.7546146227264541,0.7850562947799385,0.7615078811549728,66.0,34.0
resnet18,mhist,frozen,1,general,mlp_1h,none,mean,0.7369057266342518,0.7707267144319345,0.7441284034682405,,
resnet18,mhist,frozen,1,general,mlp_1h,d4,mean,0.7687353682694039,0.7963152507676561,0.7751110720403827,65.0,40.0
resnet18,mhist,frozen,1,general,mlp_1h,d4,logit_mean,0.7651472177201513,0.7932446264073695,0.77156198201702,65.0,40.0
resnet18,mhist,frozen,1,general,mlp_1h,d4,vote,0.7594768593553034,0.7911975435005117,0.7673157747268142,65.0,40.0
resnet18,mhist,frozen,1,general,mlp_1h,d4,confidence,0.7551931388438682,0.7850562947799385,0.7618467238689548,65.0,40.0
resnet18,mhist,frozen,2,general,mlp_1h,none,mean,0.7213983432378894,0.7635619242579325,0.7305438980855217,,
resnet18,mhist,frozen,2,general,mlp_1h,d4,mean,0.7406131820637494,0.781985670419652,0.7511328126401441,50.0,32.0
resnet18,mhist,frozen,2,general,mlp_1h,d4,logit_mean,0.7414235548352242,0.7830092118730808,0.752096937896168,50.0,32.0
resnet18,mhist,frozen,2,general,mlp_1h,d4,vote,0.7291554114892851,0.77482088024565,0.7401218745465976,50.0,32.0
resnet18,mhist,frozen,2,general,mlp_1h,d4,confidence,0.7343620565460112,0.77482088024565,0.7439995807567341,50.0,32.0
resnet18,mhist,frozen,3,general,mlp_1h,none,mean,0.7491738699801909,0.7789150460593655,0.7553876112759644,,
resnet18,mhist,frozen,3,general,mlp_1h,d4,mean,0.762599045560958,0.7871033776867963,0.7669968813061824,51.0,43.0
resnet18,mhist,frozen,3,general,mlp_1h,d4,logit_mean,0.7634094183324329,0.7881269191402251,0.7679641113603377,51.0,43.0
resnet18,mhist,frozen,3,general,mlp_1h,d4,vote,0.7582027732757068,0.7881269191402251,0.7650823040726316,51.0,43.0
resnet18,mhist,frozen,3,general,mlp_1h,d4,confidence,0.7494034755987755,0.77482088024565,0.7535543936892313,51.0,43.0
resnet18,mhist,frozen,42,general,mlp_1h,none,mean,0.7444264361606339,0.7707267144319345,0.7487416877916162,,
resnet18,mhist,frozen,42,general,mlp_1h,d4,mean,0.7681546011165137,0.7911975435005117,0.7720735556470426,59.0,39.0
resnet18,mhist,frozen,42,general,mlp_1h,d4,logit_mean,0.7695434900054026,0.7922210849539406,0.7733372952154559,59.0,39.0
resnet18,mhist,frozen,42,general,mlp_1h,d4,vote,0.7591279488564739,0.7871033776867963,0.7651029674221619,59.0,39.0
resnet18,mhist,frozen,42,general,mlp_1h,d4,confidence,0.7613249594813615,0.7840327533265097,0.764707023737372,59.0,39.0
resnet18,mhist,frozen,0,general,mlp_2h,none,mean,0.7403745723032595,0.7656090071647902,0.7439753831506408,,
resnet18,mhist,frozen,0,general,mlp_2h,d4,mean,0.7741738699801909,0.797338792221085,0.7784895065177762,68.0,37.0
resnet18,mhist,frozen,0,general,mlp_2h,d4,logit_mean,0.7761412749864938,0.7983623336745138,0.7800366855046543,68.0,37.0
resnet18,mhist,frozen,0,general,mlp_2h,d4,vote,0.7665361066090401,0.7942681678607983,0.7728508818096327,68.0,37.0
resnet18,mhist,frozen,0,general,mlp_2h,d4,confidence,0.7637560777957861,0.7871033776867963,0.7676044096793376,68.0,37.0
resnet18,mhist,frozen,1,general,mlp_2h,none,mean,0.7526404646137224,0.7686796315250768,0.7520527332345146,,
resnet18,mhist,frozen,1,general,mlp_2h,d4,mean,0.7686138123536828,0.7830092118730808,0.7676752721170844,61.0,47.0
resnet18,mhist,frozen,1,general,mlp_2h,d4,logit_mean,0.7656041779218441,0.7799385875127943,0.7645199875788792,61.0,47.0
resnet18,mhist,frozen,1,general,mlp_2h,d4,vote,0.7630605078336035,0.7840327533265097,0.7655963422718439,61.0,47.0
resnet18,mhist,frozen,1,general,mlp_2h,d4,confidence,0.7630582567981271,0.7789150460593655,0.7627531748030363,61.0,47.0
resnet18,mhist,frozen,2,general,mlp_2h,none,mean,0.7393323428777238,0.7635619242579325,0.7424043719589238,,
resnet18,mhist,frozen,2,general,mlp_2h,d4,mean,0.7532212317666127,0.7737973387922211,0.7550931287423621,58.0,48.0
resnet18,mhist,frozen,2,general,mlp_2h,d4,logit_mean,0.7518323428777238,0.7727737973387923,0.7538338962736979,58.0,48.0
resnet18,mhist,frozen,2,general,mlp_2h,d4,vote,0.7476679272465334,0.77482088024565,0.7525671133213612,58.0,48.0
resnet18,mhist,frozen,2,general,mlp_2h,d4,confidence,0.7379434539888349,0.7625383828045036,0.741123476417594,58.0,48.0
resnet18,mhist,frozen,3,general,mlp_2h,none,mean,0.7365568161354223,0.7666325486182191,0.7421590688112898,,
resnet18,mhist,frozen,3,general,mlp_2h,d4,mean,0.7652620205294436,0.7911975435005117,0.7705622323525348,64.0,40.0
resnet18,mhist,frozen,3,general,mlp_2h,d4,logit_mean,0.7644516477579686,0.7901740020470829,0.7695927018803241,64.0,40.0
resnet18,mhist,frozen,3,general,mlp_2h,d4,vote,0.7588983432378894,0.7911975435005117,0.7669740817300048,64.0,40.0
resnet18,mhist,frozen,3,general,mlp_2h,d4,confidence,0.7568116333513416,0.781985670419652,0.7612384334287534,64.0,40.0
resnet18,mhist,frozen,42,general,mlp_2h,none,mean,0.747784981091302,0.7778915046059366,0.7540821214852346,,
resnet18,mhist,frozen,42,general,mlp_2h,d4,mean,0.7602849810913019,0.7871033776867963,0.765746325088991,52.0,43.0
resnet18,mhist,frozen,42,general,mlp_2h,d4,logit_mean,0.759706464973888,0.7871033776867963,0.7654261704681873,52.0,43.0
resnet18,mhist,frozen,42,general,mlp_2h,d4,vote,0.754846479380515,0.7860798362333674,0.7621317546355028,52.0,43.0
resnet18,mhist,frozen,42,general,mlp_2h,d4,confidence,0.7458153250495227,0.7717502558853634,0.750028970209446,52.0,43.0
resnet50,mhist,frozen,0,general,knn_10,none,mean,0.6821560417792185,0.7205731832139202,0.6874625763851865,,
resnet50,mhist,frozen,0,general,knn_10,d4,mean,0.7151404646137223,0.7410440122824974,0.7178714550026308,108.0,88.0
resnet50,mhist,frozen,0,general,knn_5,none,mean,0.7056455969746083,0.7246673490276356,0.7050441906792739,,
resnet50,mhist,frozen,0,general,knn_5,d4,mean,0.7249729875742842,0.7359263050153532,0.7208571428571429,103.0,92.0
resnet50,mhist,frozen,0,general,linear,none,mean,0.7186205654601117,0.7615148413510747,0.7277650016204393,,
resnet50,mhist,frozen,0,general,linear,d4,mean,0.74246578426076,0.7850562947799385,0.7536170274087097,51.0,28.0
resnet50,mhist,frozen,0,general,linear,d4,logit_mean,0.7438546731496489,0.7860798362333674,0.7549953505114437,51.0,28.0
resnet50,mhist,frozen,0,general,linear,d4,vote,0.7285768953718711,0.77482088024565,0.739671143150592,51.0,28.0
resnet50,mhist,frozen,0,general,linear,d4,confidence,0.7336687376193048,0.7768679631525077,0.744231009405232,51.0,28.0
resnet50,mhist,frozen,1,general,linear,none,mean,0.7171146227264542,0.7574206755373593,0.7253186045104647,,
resnet50,mhist,frozen,1,general,linear,d4,mean,0.7506820637493247,0.7881269191402251,0.7604668928882334,55.0,25.0
resnet50,mhist,frozen,1,general,linear,d4,logit_mean,0.7520709526382137,0.789150460593654,0.7618110981717651,55.0,25.0
resnet50,mhist,frozen,1,general,linear,d4,vote,0.7275346659463353,0.7727737973387923,0.7382100750267953,55.0,25.0
resnet50,mhist,frozen,1,general,linear,d4,confidence,0.7426953898793445,0.7809621289662231,0.7521715423640416,55.0,25.0
resnet50,mhist,frozen,2,general,linear,none,mean,0.7354020349360706,0.7717502558853634,0.7435463120017232,,
resnet50,mhist,frozen,2,general,linear,d4,mean,0.7509116693679092,0.7840327533265097,0.7588001492968656,48.0,36.0
resnet50,mhist,frozen,2,general,linear,d4,logit_mean,0.7495227804790203,0.7830092118730808,0.7574774015268606,48.0,36.0
resnet50,mhist,frozen,2,general,linear,d4,vote,0.7373716909778498,0.7778915046059366,0.7472861231403373,48.0,36.0
resnet50,mhist,frozen,2,general,linear,d4,confidence,0.7503331532504952,0.7840327533265097,0.7584417714918474,48.0,36.0
resnet50,mhist,frozen,3,general,linear,none,mean,0.7415361066090402,0.7758444216990789,0.749283165671633,,
resnet50,mhist,frozen,3,general,linear,d4,mean,0.7547316765712228,0.7881269191402251,0.7630210744019545,47.0,35.0
resnet50,mhist,frozen,3,general,linear,d4,logit_mean,0.7539213037997479,0.7871033776867963,0.7620532996112594,47.0,35.0
resnet50,mhist,frozen,3,general,linear,d4,vote,0.7429272465334054,0.781985670419652,0.7527413967845843,47.0,35.0
resnet50,mhist,frozen,3,general,linear,d4,confidence,0.7549612821898073,0.7840327533265097,0.7612173862682072,47.0,35.0
resnet50,mhist,frozen,42,general,linear,none,mean,0.7283405366468576,0.7635619242579325,0.7355452569413116,,
resnet50,mhist,frozen,42,general,linear,d4,mean,0.7425783360345759,0.7778915046059366,0.7508253559696536,47.0,33.0
resnet50,mhist,frozen,42,general,linear,d4,logit_mean,0.7433887088060507,0.7789150460593655,0.7517854622441777,47.0,33.0
resnet50,mhist,frozen,42,general,linear,d4,vote,0.734825769854133,0.7768679631525077,0.7450808134970031,47.0,33.0
resnet50,mhist,frozen,42,general,linear,d4,confidence,0.7399153610660905,0.7737973387922211,0.7473688767516933,47.0,33.0
resnet50,mhist,frozen,0,general,mlp_1h,none,mean,0.743037547271745,0.7697031729785057,0.7474521184381495,,
resnet50,mhist,frozen,0,general,mlp_1h,d4,mean,0.774520529443544,0.7963152507676561,0.7780886148044409,60.0,34.0
resnet50,mhist,frozen,0,general,mlp_1h,d4,logit_mean,0.7753309022150189,0.797338792221085,0.7790622772874294,60.0,34.0
resnet50,mhist,frozen,0,general,mlp_1h,d4,vote,0.759706464973888,0.7871033776867963,0.7654261704681873,60.0,34.0
resnet50,mhist,frozen,0,general,mlp_1h,d4,confidence,0.7726679272465333,0.7932446264073695,0.7754544296077842,60.0,34.0
resnet50,mhist,frozen,1,general,mlp_1h,none,mean,0.729380515036917,0.7604912998976459,0.7350032455489615,,
resnet50,mhist,frozen,1,general,mlp_1h,d4,mean,0.7647983072213218,0.789150460593654,0.7692372959090075,58.0,30.0
resnet50,mhist,frozen,1,general,mlp_1h,d4,logit_mean,0.7650301638753827,0.7901740020470829,0.7699008190214252,58.0,30.0
resnet50,mhist,frozen,1,general,mlp_1h,d4,vote,0.7546146227264541,0.7850562947799385,0.7615078811549728,58.0,30.0
resnet50,mhist,frozen,1,general,mlp_1h,d4,confidence,0.7636412749864938,0.789150460593654,0.7686239434935759,58.0,30.0
resnet50,mhist,frozen,2,general,mlp_1h,none,mean,0.7386390239510174,0.7656090071647902,0.7429623783214943,,
resnet50,mhist,frozen,2,general,mlp_1h,d4,mean,0.7529916261480281,0.7778915046059366,0.7570746150311722,45.0,33.0
resnet50,mhist,frozen,2,general,mlp_1h,d4,logit_mean,0.7529916261480281,0.7778915046059366,0.7570746150311722,45.0,33.0
resnet50,mhist,frozen,2,general,mlp_1h,d4,vote,0.7480168377453629,0.7789150460593655,0.7546938206165434,45.0,33.0
resnet50,mhist,frozen,2,general,mlp_1h,d4,confidence,0.7502138483702503,0.7758444216990789,0.7545127554971689,45.0,33.0
resnet50,mhist,frozen,3,general,mlp_1h,none,mean,0.7369034755987754,0.7656090071647902,0.7419198927689399,,
resnet50,mhist,frozen,3,general,mlp_1h,d4,mean,0.7672294255357465,0.7922210849539406,0.7721456890797527,65.0,39.0
resnet50,mhist,frozen,3,general,mlp_1h,d4,logit_mean,0.7686183144246354,0.7932446264073695,0.7734188434549396,65.0,39.0
resnet50,mhist,frozen,3,general,mlp_1h,d4,vote,0.7498694399423735,0.781985670419652,0.7572274363177144,65.0,39.0
resnet50,mhist,frozen,3,general,mlp_1h,d4,confidence,0.7645664505672609,0.7881269191402251,0.7685716345510161,65.0,39.0
resnet50,mhist,frozen,42,general,mlp_1h,none,mean,0.7423442283450388,0.7717502558853634,0.7479887892713837,,
resnet50,mhist,frozen,42,general,mlp_1h,d4,mean,0.7557716549612823,0.7850562947799385,0.762182399851632,55.0,42.0
resnet50,mhist,frozen,42,general,mlp_1h,d4,logit_mean,0.7535723933009184,0.7830092118730808,0.7599174703264095,55.0,42.0
resnet50,mhist,frozen,42,general,mlp_1h,d4,vote,0.7448924005042319,0.7778915046059366,0.7523065473582629,55.0,42.0
resnet50,mhist,frozen,42,general,mlp_1h,d4,confidence,0.7535723933009184,0.7830092118730808,0.7599174703264095,55.0,42.0
resnet50,mhist,frozen,0,general,mlp_2h,none,mean,0.7366738699801909,0.7697031729785057,0.743550108786318,,
resnet50,mhist,frozen,0,general,mlp_2h,d4,mean,0.7557716549612823,0.7850562947799385,0.762182399851632,50.0,35.0
resnet50,mhist,frozen,0,general,mlp_2h,d4,logit_mean,0.7546146227264541,0.7850562947799385,0.7615078811549728,50.0,35.0
resnet50,mhist,frozen,0,general,mlp_2h,d4,vote,0.741767963263101,0.7768679631525077,0.7498661167274231,50.0,35.0
resnet50,mhist,frozen,0,general,mlp_2h,d4,confidence,0.7476701782820097,0.7799385875127943,0.7549478817291483,50.0,35.0
resnet50,mhist,frozen,1,general,mlp_2h,none,mean,0.7282234828020889,0.7604912998976459,0.7342516390012555,,
resnet50,mhist,frozen,1,general,mlp_2h,d4,mean,0.7627160994057267,0.7901740020470829,0.768650553004707,62.0,33.0
resnet50,mhist,frozen,1,general,mlp_2h,d4,logit_mean,0.7643368449486764,0.7922210849539406,0.7705906915788828,62.0,33.0
resnet50,mhist,frozen,1,general,mlp_2h,d4,vote,0.742346479380515,0.7768679631525077,0.7502415662876656,62.0,33.0
resnet50,mhist,frozen,1,general,mlp_2h,d4,confidence,0.7507946155231406,0.7809621289662231,0.7573104709902683,62.0,33.0
resnet50,mhist,frozen,2,general,mlp_2h,none,mean,0.738290113452188,0.7615148413510747,0.740831988961158,,
resnet50,mhist,frozen,2,general,mlp_2h,d4,mean,0.7540338555735638,0.7799385875127943,0.7586764687297873,42.0,24.0
resnet50,mhist,frozen,2,general,mlp_2h,d4,logit_mean,0.7540338555735638,0.7799385875127943,0.7586764687297873,42.0,24.0
resnet50,mhist,frozen,2,general,mlp_2h,d4,vote,0.7492886727894832,0.7768679631525077,0.7544841291798078,42.0,24.0
resnet50,mhist,frozen,2,general,mlp_2h,d4,confidence,0.7389879344498469,0.7697031729785057,0.7450160245814643,42.0,24.0
resnet50,mhist,frozen,3,general,mlp_2h,none,mean,0.7551863857374392,0.7697031729785057,0.7538422776518015,,
resnet50,mhist,frozen,3,general,mlp_2h,d4,mean,0.7800738339636233,0.7952917093142272,0.7800738339636233,63.0,38.0
resnet50,mhist,frozen,3,general,mlp_2h,d4,logit_mean,0.7784530884206735,0.7932446264073695,0.7781302838435802,63.0,38.0
resnet50,mhist,frozen,3,general,mlp_2h,d4,vote,0.7737101566720692,0.7952917093142272,0.7771156899603964,63.0,38.0
resnet50,mhist,frozen,3,general,mlp_2h,d4,confidence,0.7794953178462092,0.7952917093142272,0.7798180851159731,63.0,38.0
resnet50,mhist,frozen,42,general,mlp_2h,none,mean,0.7691900774356204,0.7778915046059366,0.7648600477580025,,
resnet50,mhist,frozen,42,general,mlp_2h,d4,mean,0.7804182423915,0.789150460593654,0.7764351728427975,49.0,38.0
resnet50,mhist,frozen,42,general,mlp_2h,d4,logit_mean,0.7818071312803889,0.7901740020470829,0.7776352967952881,49.0,38.0
resnet50,mhist,frozen,42,general,mlp_2h,d4,vote,0.7713915901314605,0.7850562947799385,0.7701248588279583,49.0,38.0
resnet50,mhist,frozen,42,general,mlp_2h,d4,confidence,0.7831960201692778,0.7911975435005117,0.7788336913871776,49.0,38.0
uni2,mhist,frozen,0,histology,knn_10,none,mean,0.7389924365207996,0.7799385875127943,0.7492075241921523,,
uni2,mhist,frozen,0,histology,knn_10,d4,mean,0.7510287232126778,0.7871033776867963,0.7602453987730062,63.0,56.0
uni2,mhist,frozen,0,histology,knn_5,none,mean,0.7426886367729155,0.7656090071647902,0.7452812252021681,,
uni2,mhist,frozen,0,histology,knn_5,d4,mean,0.7557649018548532,0.7697031729785057,0.7541143137739608,77.0,73.0
uni2,mhist,frozen,0,histology,linear,none,mean,0.8055443003781739,0.8311156601842374,0.8132742594040483,,
uni2,mhist,frozen,0,histology,linear,d4,mean,0.8208220781559518,0.842374616171955,0.8270295499903431,32.0,21.0
uni2,mhist,frozen,0,histology,linear,d4,logit_mean,0.8208220781559518,0.842374616171955,0.8270295499903431,32.0,21.0
uni2,mhist,frozen,0,histology,linear,d4,vote,0.8099428236989015,0.8352098259979529,0.8178009440245563,32.0,21.0
uni2,mhist,frozen,0,histology,linear,d4,confidence,0.8249887448226184,0.8454452405322416,0.8307371053884589,32.0,21.0
uni2,mhist,frozen,1,histology,linear,none,mean,0.8097109670448406,0.834186284544524,0.817051349626876,,
uni2,mhist,frozen,1,histology,linear,d4,mean,0.8205902215018909,0.8413510747185261,0.826253320100736,24.0,17.0
uni2,mhist,frozen,1,histology,linear,d4,logit_mean,0.819201332613002,0.8403275332650972,0.8250165325691612,24.0,17.0
uni2,mhist,frozen,1,histology,linear,d4,vote,0.8097109670448406,0.834186284544524,0.817051349626876,24.0,17.0
uni2,mhist,frozen,1,histology,linear,d4,confidence,0.8208220781559518,0.842374616171955,0.8270295499903431,24.0,17.0
uni2,mhist,frozen,2,histology,linear,none,mean,0.7992954258959122,0.8290685772773797,0.8090977484956234,,
uni2,mhist,frozen,2,histology,linear,d4,mean,0.7984850531244372,0.8280450358239508,0.8080963026011805,21.0,22.0
uni2,mhist,frozen,2,histology,linear,d4,logit_mean,0.7984850531244372,0.8280450358239508,0.8080963026011805,21.0,22.0
uni2,mhist,frozen,2,histology,linear,d4,vote,0.7873739420133261,0.81985670419652,0.797751117384145,21.0,22.0
uni2,mhist,frozen,2,histology,linear,d4,confidence,0.7982531964703763,0.827021494370522,0.8073776372661677,21.0,22.0
uni2,mhist,frozen,3,histology,linear,none,mean,0.8167724653340537,0.842374616171955,0.8253542641705669,,
uni2,mhist,frozen,3,histology,linear,d4,mean,0.8237169097784981,0.8474923234390993,0.8316158278091308,25.0,20.0
uni2,mhist,frozen,3,histology,linear,d4,logit_mean,0.8229065370070232,0.8464687819856704,0.8306031015063666,25.0,20.0
uni2,mhist,frozen,3,histology,linear,d4,vote,0.8192035836484783,0.8454452405322416,0.8283901287129289,25.0,20.0
uni2,mhist,frozen,3,histology,linear,d4,confidence,0.8238317125877904,0.8454452405322416,0.8302853560191656,25.0,20.0
uni2,mhist,frozen,42,histology,linear,none,mean,0.825684314784801,0.8485158648925282,0.8330916982177486,,
uni2,mhist,frozen,42,histology,linear,d4,mean,0.8289235548352242,0.8474923234390993,0.833631807818241,20.0,21.0
uni2,mhist,frozen,42,histology,linear,d4,logit_mean,0.8289235548352242,0.8474923234390993,0.833631807818241,20.0,21.0
uni2,mhist,frozen,42,histology,linear,d4,vote,0.8216324509274266,0.8433981576253838,0.8280374799399493,20.0,21.0
uni2,mhist,frozen,42,histology,linear,d4,confidence,0.8269561498289213,0.8464687819856704,0.8321890200892244,20.0,21.0
uni2,mhist,frozen,0,histology,mlp_1h,none,mean,0.8251012965964344,0.8382804503582395,0.8258522034999685,,
uni2,mhist,frozen,0,histology,mlp_1h,d4,mean,0.8419998199171619,0.8515864892528148,0.8410089503661513,29.0,16.0
uni2,mhist,frozen,0,histology,mlp_1h,d4,logit_mean,0.8419998199171619,0.8515864892528148,0.8410089503661513,29.0,16.0
uni2,mhist,frozen,0,histology,mlp_1h,d4,vote,0.8319309382315865,0.8454452405322416,0.8332713630707715,29.0,16.0
uni2,mhist,frozen,0,histology,mlp_1h,d4,confidence,0.8403790743742121,0.849539406345957,0.8389973868562569,29.0,16.0
uni2,mhist,frozen,1,histology,mlp_1h,none,mean,0.8340131460471817,0.8444216990788127,0.8332390064232134,,
uni2,mhist,frozen,1,histology,mlp_1h,d4,mean,0.8342427516657662,0.8403275332650972,0.83034418273298,23.0,27.0
uni2,mhist,frozen,1,histology,mlp_1h,d4,logit_mean,0.8342427516657662,0.8403275332650972,0.83034418273298,23.0,27.0
uni2,mhist,frozen,1,histology,mlp_1h,d4,vote,0.8367909238249596,0.8464687819856704,0.8356192963092578,23.0,27.0
uni2,mhist,frozen,1,histology,mlp_1h,d4,confidence,0.8325072033135242,0.8403275332650972,0.8297985437977398,23.0,27.0
uni2,mhist,frozen,2,histology,mlp_1h,none,mean,0.8447775976949397,0.8536335721596725,0.8433784103431614,,
uni2,mhist,frozen,2,histology,mlp_1h,d4,mean,0.8399153610660903,0.8474923234390993,0.8373473312081771,23.0,29.0
uni2,mhist,frozen,2,histology,mlp_1h,d4,logit_mean,0.8407257338375653,0.8485158648925282,0.8383506390133526,23.0,29.0
uni2,mhist,frozen,2,histology,mlp_1h,d4,vote,0.8386435260219701,0.849539406345957,0.8384475468310775,23.0,29.0
uni2,mhist,frozen,2,histology,mlp_1h,d4,confidence,0.8349383216279489,0.8433981576253838,0.8327977333662933,23.0,29.0
uni2,mhist,frozen,3,histology,mlp_1h,none,mean,0.8120250315144967,0.834186284544524,0.8180440720677635,,
uni2,mhist,frozen,3,histology,mlp_1h,d4,mean,0.8157279848730417,0.8352098259979529,0.8202330272398444,21.0,20.0
uni2,mhist,frozen,3,histology,mlp_1h,d4,logit_mean,0.8157279848730417,0.8352098259979529,0.8202330272398444,21.0,20.0
uni2,mhist,frozen,3,histology,mlp_1h,d4,vote,0.8114465153970827,0.834186284544524,0.8177994198093659,21.0,20.0
uni2,mhist,frozen,3,histology,mlp_1h,d4,confidence,0.8088983432378895,0.8280450358239508,0.812777179566733,21.0,20.0
uni2,mhist,frozen,42,histology,mlp_1h,none,mean,0.8299635332252837,0.8444216990788127,0.8318644988904488,,
uni2,mhist,frozen,42,histology,mlp_1h,d4,mean,0.8408427876823339,0.8515864892528148,0.8406455393911988,24.0,17.0
uni2,mhist,frozen,42,histology,mlp_1h,d4,logit_mean,0.8422316765712228,0.8526100307062436,0.8418354498686909,24.0,17.0
uni2,mhist,frozen,42,histology,mlp_1h,d4,vote,0.8337835404285971,0.8485158648925282,0.8360901778346075,24.0,17.0
uni2,mhist,frozen,42,histology,mlp_1h,d4,confidence,0.8446627948856474,0.8556806550665302,0.8448621285748876,24.0,17.0
uni2,mhist,frozen,0,histology,mlp_2h,none,mean,0.8318138843868179,0.842374616171955,0.8310447828235188,,
uni2,mhist,frozen,0,histology,mlp_2h,d4,mean,0.8391049882946156,0.8464687819856704,0.8363447536516728,26.0,22.0
uni2,mhist,frozen,0,histology,mlp_2h,d4,logit_mean,0.8391049882946156,0.8464687819856704,0.8363447536516728,26.0,22.0
uni2,mhist,frozen,0,histology,mlp_2h,d4,vote,0.8354020349360707,0.8454452405322416,0.8344300103813025,26.0,22.0
uni2,mhist,frozen,0,histology,mlp_2h,d4,confidence,0.8415361066090401,0.849539406345957,0.8393546849989877,26.0,22.0
uni2,mhist,frozen,1,histology,mlp_2h,none,mean,0.8182739059967585,0.8362333674513818,0.8219184324447483,,
uni2,mhist,frozen,1,histology,mlp_2h,d4,mean,0.8224405726634252,0.8393039918116684,0.8255859039653057,24.0,21.0
uni2,mhist,frozen,1,histology,mlp_2h,d4,logit_mean,0.8232509454349,0.8403275332650972,0.826588569400071,24.0,21.0
uni2,mhist,frozen,1,histology,mlp_2h,d4,vote,0.8207050243111831,0.8393039918116684,0.8249241835391821,24.0,21.0
uni2,mhist,frozen,1,histology,mlp_2h,d4,confidence,0.8260287232126777,0.842374616171955,0.829025,24.0,21.0
uni2,mhist,frozen,2,histology,mlp_2h,none,mean,0.8359805510534846,0.8454452405322416,0.8346163633693524,,
uni2,mhist,frozen,2,histology,mlp_2h,d4,mean,0.8528790743742122,0.8587512794268168,0.8495997536945813,36.0,23.0
uni2,mhist,frozen,2,histology,mlp_2h,d4,logit_mean,0.8514901854853232,0.857727737973388,0.8484282310134883,36.0,23.0
uni2,mhist,frozen,2,histology,mlp_2h,d4,vote,0.8380650099045561,0.849539406345957,0.8382605170248827,36.0,23.0
uni2,mhist,frozen,2,histology,mlp_2h,d4,confidence,0.8520687016027373,0.857727737973388,0.8485911370911187,36.0,23.0
uni2,mhist,frozen,3,histology,mlp_2h,none,mean,0.7974450747343778,0.8311156601842374,0.8093667553974615,,
uni2,mhist,frozen,3,histology,mlp_2h,d4,mean,0.8105235908517918,0.8403275332650972,0.8212737813801644,32.0,23.0
uni2,mhist,frozen,3,histology,mlp_2h,d4,logit_mean,0.8105235908517918,0.8403275332650972,0.8212737813801644,32.0,23.0
uni2,mhist,frozen,3,histology,mlp_2h,d4,vote,0.8101769313884386,0.8413510747185261,0.8217474365931261,32.0,23.0
uni2,mhist,frozen,3,histology,mlp_2h,d4,confidence,0.8079776697280749,0.8393039918116684,0.8194474035169084,32.0,23.0
uni2,mhist,frozen,42,histology,mlp_2h,none,mean,0.8108679992796686,0.834186284544524,0.8175524262712333,,
uni2,mhist,frozen,42,histology,mlp_2h,d4,mean,0.819779848730416,0.8403275332650972,0.8252476609796368,24.0,18.0
uni2,mhist,frozen,42,histology,mlp_2h,d4,logit_mean,0.8183909598415271,0.8393039918116684,0.8240114274568746,24.0,18.0
uni2,mhist,frozen,42,histology,mlp_2h,d4,vote,0.8132991175940933,0.8372569089048106,0.8205631118426753,24.0,18.0
uni2,mhist,frozen,42,histology,mlp_2h,d4,confidence,0.8203583648478301,0.8403275332650972,0.8254765808927933,24.0,18.0
uni,mhist,frozen,0,histology,knn_10,none,mean,0.752644966684675,0.7789150460593655,0.7573920960903514,,
uni,mhist,frozen,0,histology,knn_10,d4,mean,0.7475508734017648,0.7717502558853634,0.7510059942514614,33.0,40.0
uni,mhist,frozen,0,histology,knn_5,none,mean,0.752638213578246,0.7635619242579325,0.7491734026248843,,
uni,mhist,frozen,0,histology,knn_5,d4,mean,0.751481181343418,0.7635619242579325,0.748645984730784,40.0,40.0
uni,mhist,frozen,0,histology,linear,none,mean,0.8130650099045561,0.8311156601842374,0.8164690050583308,,
uni,mhist,frozen,0,histology,linear,d4,mean,0.8119079776697281,0.8311156601842374,0.8160031228278029,15.0,15.0
uni,mhist,frozen,0,histology,linear,d4,logit_mean,0.8119079776697281,0.8311156601842374,0.8160031228278029,15.0,15.0
uni,mhist,frozen,0,histology,linear,d4,vote,0.8113294615523141,0.8311156601842374,0.8157667670470454,15.0,15.0
uni,mhist,frozen,0,histology,linear,d4,confidence,0.814453898793445,0.8321392016376663,0.8176956755231515,15.0,15.0
uni,mhist,frozen,1,histology,linear,none,mean,0.8108657482441923,0.8290685772773797,0.8142443869378257,,
uni,mhist,frozen,1,histology,linear,d4,mean,0.8041531604538088,0.8249744114636642,0.808820045933448,10.0,14.0
uni,mhist,frozen,1,histology,linear,d4,logit_mean,0.8041531604538088,0.8249744114636642,0.808820045933448,10.0,14.0
uni,mhist,frozen,1,histology,linear,d4,vote,0.801375382676031,0.8229273285568065,0.8063313751170175,10.0,14.0
uni,mhist,frozen,1,histology,linear,d4,confidence,0.8088983432378895,0.8280450358239508,0.812777179566733,10.0,14.0
uni,mhist,frozen,2,histology,linear,none,mean,0.8003354042859715,0.8259979529170931,0.8077501828856108,,
uni,mhist,frozen,2,histology,linear,d4,mean,0.8039235548352242,0.8290685772773797,0.8112741157323815,12.0,9.0
uni,mhist,frozen,2,histology,linear,d4,logit_mean,0.8039235548352242,0.8290685772773797,0.8112741157323815,12.0,9.0
uni,mhist,frozen,2,histology,linear,d4,vote,0.7920020709526382,0.81985670419652,0.8001208908727391,12.0,9.0
uni,mhist,frozen,2,histology,linear,d4,confidence,0.7983679992796686,0.8249744114636642,0.806212178681913,12.0,9.0
uni,mhist,frozen,3,histology,linear,none,mean,0.8188546731496489,0.8413510747185261,0.8255544048851908,,
uni,mhist,frozen,3,histology,linear,d4,mean,0.8138776337115072,0.8372569089048106,0.8208090085164255,11.0,15.0
uni,mhist,frozen,3,histology,linear,d4,logit_mean,0.8138776337115072,0.8372569089048106,0.8208090085164255,11.0,15.0
uni,mhist,frozen,3,histology,linear,d4,vote,0.8091324509274267,0.834186284544524,0.8167972331027585,11.0,15.0
uni,mhist,frozen,3,histology,linear,d4,confidence,0.8144561498289213,0.8372569089048106,0.8210525830757764,11.0,15.0
uni,mhist,frozen,42,histology,linear,none,mean,0.8193161354222942,0.8382804503582395,0.8236961606637063,,
uni,mhist,frozen,42,histology,linear,d4,mean,0.8121398343237889,0.8321392016376663,0.8167650153240931,10.0,16.0
uni,mhist,frozen,42,histology,linear,d4,logit_mean,0.8121398343237889,0.8321392016376663,0.8167650153240931,10.0,16.0
uni,mhist,frozen,42,histology,linear,d4,vote,0.8073946515397082,0.8290685772773797,0.8128019642375672,10.0,16.0
uni,mhist,frozen,42,histology,linear,d4,confidence,0.8163065009904555,0.8352098259979529,0.8204636531834923,10.0,16.0
uni,mhist,frozen,0,histology,mlp_1h,none,mean,0.8215153970826581,0.8403275332650972,0.8259278548325202,,
uni,mhist,frozen,0,histology,mlp_1h,d4,mean,0.8146857554475059,0.8331627430910952,0.8184646250477348,12.0,19.0
uni,mhist,frozen,0,histology,mlp_1h,d4,logit_mean,0.8146857554475059,0.8331627430910952,0.8184646250477348,12.0,19.0
uni,mhist,frozen,0,histology,mlp_1h,d4,vote,0.8105190887808392,0.8300921187308086,0.8147693839884509,12.0,19.0
uni,mhist,frozen,0,histology,mlp_1h,d4,confidence,0.813296866558617,0.8321392016376663,0.817234865767525,12.0,19.0
uni,mhist,frozen,1,histology,mlp_1h,none,mean,0.81815685215199,0.8331627430910952,0.8198055382999934,,
uni,mhist,frozen,1,histology,mlp_1h,d4,mean,0.8223235188186566,0.8362333674513818,0.8234390530405711,20.0,17.0
uni,mhist,frozen,1,histology,mlp_1h,d4,logit_mean,0.8223235188186566,0.8362333674513818,0.8234390530405711,20.0,17.0
uni,mhist,frozen,1,histology,mlp_1h,d4,vote,0.816189447145687,0.8321392016376663,0.8183701970599704,20.0,17.0
uni,mhist,frozen,1,histology,mlp_1h,d4,confidence,0.8251012965964344,0.8382804503582395,0.8258522034999685,20.0,17.0
uni,mhist,frozen,2,histology,mlp_1h,none,mean,0.8219813614262561,0.8474923234390993,0.8309046536561455,,
uni,mhist,frozen,2,histology,mlp_1h,d4,mean,0.814341347019629,0.8393039918116684,0.8223276286450641,8.0,16.0
uni,mhist,frozen,2,histology,mlp_1h,d4,logit_mean,0.814341347019629,0.8393039918116684,0.8223276286450641,8.0,16.0
uni,mhist,frozen,2,histology,mlp_1h,d4,vote,0.8062398703403566,0.834186284544524,0.8154901796206144,8.0,16.0
uni,mhist,frozen,2,histology,mlp_1h,d4,confidence,0.8163087520259319,0.8403275332650972,0.8238272255666214,8.0,16.0
uni,mhist,frozen,3,histology,mlp_1h,none,mean,0.8165383576445164,0.8362333674513818,0.8212341612917982,,
uni,mhist,frozen,3,histology,mlp_1h,d4,mean,0.8163065009904555,0.8352098259979529,0.8204636531834923,14.0,15.0
uni,mhist,frozen,3,histology,mlp_1h,d4,logit_mean,0.8171168737619305,0.8362333674513818,0.8214644664948925,14.0,15.0
uni,mhist,frozen,3,histology,mlp_1h,d4,vote,0.8104042859715469,0.8321392016376663,0.8160430214188619,14.0,15.0
uni,mhist,frozen,3,histology,mlp_1h,d4,confidence,0.8212835404285972,0.8393039918116684,0.8251469087883088,14.0,15.0
uni,mhist,frozen,42,histology,mlp_1h,none,mean,0.8281131820637493,0.8464687819856704,0.8326229373389616,,
uni,mhist,frozen,42,histology,mlp_1h,d4,mean,0.8193161354222942,0.8382804503582395,0.8236961606637063,9.0,17.0
uni,mhist,frozen,42,histology,mlp_1h,d4,logit_mean,0.8193161354222942,0.8382804503582395,0.8236961606637063,9.0,17.0
uni,mhist,frozen,42,histology,mlp_1h,d4,vote,0.8167702142985773,0.8372569089048106,0.8220039805988774,9.0,17.0
uni,mhist,frozen,42,histology,mlp_1h,d4,confidence,0.8251035476319106,0.8433981576253838,0.8293847138948717,9.0,17.0
uni,mhist,frozen,0,histology,mlp_2h,none,mean,0.799407977669728,0.8219037871033776,0.8048261324809876,,
uni,mhist,frozen,0,histology,mlp_2h,d4,mean,0.8033427876823338,0.8239508700102354,0.8078267233886831,12.0,10.0
uni,mhist,frozen,0,histology,mlp_2h,d4,logit_mean,0.8033427876823338,0.8239508700102354,0.8078267233886831,12.0,10.0
uni,mhist,frozen,0,histology,mlp_2h,d4,vote,0.8010287232126778,0.8239508700102354,0.8068122246645391,12.0,10.0
uni,mhist,frozen,0,histology,mlp_2h,d4,confidence,0.8053101926886368,0.8249744114636642,0.8093123272942683,12.0,10.0
uni,mhist,frozen,1,histology,mlp_2h,none,mean,0.7918850171078696,0.8167860798362334,0.7982692611600011,,
uni,mhist,frozen,1,histology,mlp_2h,d4,mean,0.8083198271204755,0.8280450358239508,0.812537689819637,26.0,15.0
uni,mhist,frozen,1,histology,mlp_2h,d4,logit_mean,0.8083198271204755,0.8280450358239508,0.812537689819637,26.0,15.0
uni,mhist,frozen,1,histology,mlp_2h,d4,vote,0.7982509454349,0.8219037871033776,0.8043030805359856,26.0,15.0
uni,mhist,frozen,1,histology,mlp_2h,d4,confidence,0.8154961282189808,0.834186284544524,0.8194637088679211,26.0,15.0
uni,mhist,frozen,2,histology,mlp_2h,none,mean,0.8022960561858455,0.8116683725690891,0.7994663382594417,,
uni,mhist,frozen,2,histology,mlp_2h,d4,mean,0.7943093823158653,0.804503582395087,0.7917251231911961,4.0,11.0
uni,mhist,frozen,2,histology,mlp_2h,d4,logit_mean,0.7934990095443903,0.8034800409416581,0.7907474834011565,4.0,11.0
uni,mhist,frozen,2,histology,mlp_2h,d4,vote,0.7951197550873401,0.8055271238485159,0.7927033546254523,4.0,11.0
uni,mhist,frozen,2,histology,mlp_2h,d4,confidence,0.797665676211057,0.8065506653019447,0.7943467147797323,4.0,11.0
uni,mhist,frozen,3,histology,mlp_2h,none,mean,0.7960561858454889,0.8300921187308086,0.8080613703714223,,
uni,mhist,frozen,3,histology,mlp_2h,d4,mean,0.7910791464073474,0.8259979529170931,0.8031269261770424,10.0,14.0
uni,mhist,frozen,3,histology,mlp_2h,d4,logit_mean,0.7924680352962363,0.827021494370522,0.8044391540971569,10.0,14.0
uni,mhist,frozen,3,histology,mlp_2h,d4,vote,0.7843665586169638,0.8219037871033776,0.7971984424657141,10.0,14.0
uni,mhist,frozen,3,histology,mlp_2h,d4,confidence,0.7950139564199532,0.8280450358239508,0.8063520528551203,10.0,14.0
uni,mhist,frozen,42,histology,mlp_2h,none,mean,0.8156131820637493,0.8372569089048106,0.821532830362959,,
uni,mhist,frozen,42,histology,mlp_2h,d4,mean,0.8170020709526382,0.8382804503582395,0.8227731547815864,8.0,7.0
uni,mhist,frozen,42,histology,mlp_2h,d4,logit_mean,0.8170020709526382,0.8382804503582395,0.8227731547815864,8.0,7.0
uni,mhist,frozen,42,histology,mlp_2h,d4,vote,0.8112146587430218,0.8331627430910952,0.8170430902463038,8.0,7.0
uni,mhist,frozen,42,histology,mlp_2h,d4,confidence,0.8227894831622546,0.8433981576253838,0.8284952127445975,8.0,7.0
virchow2,mhist,frozen,0,histology,knn_10,none,mean,0.8135219701062488,0.8178096212896623,0.8076056749389315,,
virchow2,mhist,frozen,0,histology,knn_10,d4,mean,0.8135219701062488,0.8178096212896623,0.8076056749389315,18.0,18.0
virchow2,mhist,frozen,0,histology,knn_5,none,mean,0.7885174680352962,0.789150460593654,0.7794398709485109,,
virchow2,mhist,frozen,0,histology,knn_5,d4,mean,0.789559697460832,0.7911975435005117,0.7811841273187183,26.0,24.0
virchow2,mhist,frozen,0,histology,linear,none,mean,0.8695479920763551,0.8761514841351075,0.8676218470927466,,
virchow2,mhist,frozen,0,histology,linear,d4,mean,0.8642242931748605,0.8730808597748209,0.8638027484980393,10.0,13.0
virchow2,mhist,frozen,0,histology,linear,d4,logit_mean,0.8634139204033856,0.872057318321392,0.8627829031710772,10.0,13.0
virchow2,mhist,frozen,0,histology,linear,d4,vote,0.8636457770574464,0.8730808597748209,0.8636457770574464,10.0,13.0
virchow2,mhist,frozen,0,histology,linear,d4,confidence,0.8617931748604358,0.8700102354145343,0.8607457703206981,10.0,13.0
virchow2,mhist,frozen,1,histology,linear,none,mean,0.8821605438501712,0.8781985670419652,0.8721801700775629,,
virchow2,mhist,frozen,1,histology,linear,d4,mean,0.8785723933009184,0.8751279426816786,0.8688965638611466,6.0,9.0
virchow2,mhist,frozen,1,histology,linear,d4,logit_mean,0.8785723933009184,0.8751279426816786,0.8688965638611466,6.0,9.0
virchow2,mhist,frozen,1,histology,linear,d4,vote,0.879846479380515,0.8781985670419652,0.8716926618616113,6.0,9.0
virchow2,mhist,frozen,1,histology,linear,d4,confidence,0.8741738699801909,0.8710337768679631,0.8645980905451186,6.0,9.0
virchow2,mhist,frozen,2,histology,linear,none,mean,0.854380515036917,0.8526100307062436,0.8452549606229927,,
virchow2,mhist,frozen,2,histology,linear,d4,mean,0.8595894111291194,0.857727737973388,0.8505578646313053,7.0,2.0
virchow2,mhist,frozen,2,histology,linear,d4,logit_mean,0.8595894111291194,0.857727737973388,0.8505578646313053,7.0,2.0
virchow2,mhist,frozen,2,histology,linear,d4,vote,0.8584323788942914,0.857727737973388,0.8502731517466828,7.0,2.0
virchow2,mhist,frozen,2,histology,linear,d4,confidence,0.8595894111291194,0.857727737973388,0.8505578646313053,7.0,2.0
virchow2,mhist,frozen,3,histology,linear,none,mean,0.8629502070952638,0.8700102354145343,0.8610576411634613,,
virchow2,mhist,frozen,3,histology,linear,d4,mean,0.8790406086799928,0.887410440122825,0.8790406086799928,19.0,2.0
virchow2,mhist,frozen,3,histology,linear,d4,logit_mean,0.8790406086799928,0.887410440122825,0.8790406086799928,19.0,2.0
virchow2,mhist,frozen,3,histology,linear,d4,vote,0.8752206014766792,0.8833162743091095,0.8747863978127135,19.0,2.0
virchow2,mhist,frozen,3,histology,linear,d4,confidence,0.875684314784801,0.8853633572159673,0.8765534607088383,19.0,2.0
virchow2,mhist,frozen,42,histology,linear,none,mean,0.8641049882946156,0.8648925281473899,0.8573255566962863,,
virchow2,mhist,frozen,42,histology,linear,d4,mean,0.8616738699801909,0.8618219037871033,0.854299112394987,8.0,11.0
virchow2,mhist,frozen,42,histology,linear,d4,logit_mean,0.8616738699801909,0.8618219037871033,0.854299112394987,8.0,11.0
virchow2,mhist,frozen,42,histology,linear,d4,vote,0.8637583288312624,0.8659160696008188,0.858049153254831,8.0,11.0
virchow2,mhist,frozen,42,histology,linear,d4,confidence,0.8627160994057266,0.8638689866939611,0.8561729276453784,8.0,11.0
virchow2,mhist,frozen,0,histology,mlp_1h,none,mean,0.8701220061228165,0.8659160696008188,0.8595501857308248,,
virchow2,mhist,frozen,0,histology,mlp_1h,d4,mean,0.8753309022150189,0.8710337768679631,0.8648490198145025,12.0,7.0
virchow2,mhist,frozen,0,histology,mlp_1h,d4,logit_mean,0.8753309022150189,0.8710337768679631,0.8648490198145025,12.0,7.0
virchow2,mhist,frozen,0,histology,mlp_1h,d4,vote,0.8763731316405546,0.8730808597748209,0.8667473272031325,12.0,7.0
virchow2,mhist,frozen,0,histology,mlp_1h,d4,confidence,0.873363497208716,0.8700102354145343,0.863587240334878,12.0,7.0
virchow2,mhist,frozen,1,histology,mlp_1h,none,mean,0.8661849450747344,0.8587512794268168,0.8528909857458342,,
virchow2,mhist,frozen,1,histology,mlp_1h,d4,mean,0.869194579506573,0.8618219037871033,0.8560275861165598,8.0,5.0
virchow2,mhist,frozen,1,histology,mlp_1h,d4,logit_mean,0.869194579506573,0.8618219037871033,0.8560275861165598,8.0,5.0
virchow2,mhist,frozen,1,histology,mlp_1h,d4,vote,0.8660701422654421,0.8607983623336745,0.8545175841983095,8.0,5.0
virchow2,mhist,frozen,1,histology,mlp_1h,d4,confidence,0.8718575544750585,0.8659160696008188,0.8599283154121864,8.0,5.0
virchow2,mhist,frozen,2,histology,mlp_1h,none,mean,0.8663019989195029,0.8618219037871033,0.8553930355786088,,
virchow2,mhist,frozen,2,histology,mlp_1h,d4,mean,0.8669975688816856,0.8648925281473899,0.858016699254875,13.0,10.0
virchow2,mhist,frozen,2,histology,mlp_1h,d4,logit_mean,0.8669975688816856,0.8648925281473899,0.858016699254875,13.0,10.0
virchow2,mhist,frozen,2,histology,mlp_1h,d4,vote,0.8686183144246353,0.8669396110542477,0.860034823239002,13.0,10.0
virchow2,mhist,frozen,2,histology,mlp_1h,d4,confidence,0.8647983072213219,0.8628454452405322,0.8558654371223731,13.0,10.0
virchow2,mhist,frozen,3,histology,mlp_1h,none,mean,0.8688546731496489,0.8781985670419652,0.8690680375915717,,
virchow2,mhist,frozen,3,histology,mlp_1h,d4,mean,0.8754524581307401,0.8843398157625384,0.8756696491415765,14.0,8.0
virchow2,mhist,frozen,3,histology,mlp_1h,d4,logit_mean,0.8754524581307401,0.8843398157625384,0.8756696491415765,14.0,8.0
virchow2,mhist,frozen,3,histology,mlp_1h,d4,vote,0.8720961642355484,0.8822927328556807,0.8731720257143987,14.0,8.0
virchow2,mhist,frozen,3,histology,mlp_1h,d4,confidence,0.8707072753466595,0.8812691914022518,0.871993313454414,14.0,8.0
virchow2,mhist,frozen,42,histology,mlp_1h,none,mean,0.8713938411669369,0.8638689866939611,0.8581605107666849,,
virchow2,mhist,frozen,42,histology,mlp_1h,d4,mean,0.8660701422654421,0.8607983623336745,0.8545175841983095,8.0,11.0
virchow2,mhist,frozen,42,histology,mlp_1h,d4,logit_mean,0.8660701422654421,0.8607983623336745,0.8545175841983095,8.0,11.0
virchow2,mhist,frozen,42,histology,mlp_1h,d4,vote,0.8635242211417251,0.8597748208802457,0.8531173698100991,8.0,11.0
virchow2,mhist,frozen,42,histology,mlp_1h,d4,confidence,0.8632923644876643,0.8587512794268168,0.8522461271402646,8.0,11.0
virchow2,mhist,frozen,0,histology,mlp_2h,none,mean,0.8511457770574464,0.8638689866939611,0.8529701631527553,,
virchow2,mhist,frozen,0,histology,mlp_2h,d4,mean,0.8519561498289213,0.8648925281473899,0.8539875911417055,12.0,11.0
virchow2,mhist,frozen,0,histology,mlp_2h,d4,logit_mean,0.8519561498289213,0.8648925281473899,0.8539875911417055,12.0,11.0
virchow2,mhist,frozen,0,histology,mlp_2h,d4,vote,0.8546191247974069,0.8689866939611054,0.857890909090909,12.0,11.0
virchow2,mhist,frozen,0,histology,mlp_2h,d4,confidence,0.8491783720511435,0.8628454452405322,0.8515951610124148,12.0,11.0
virchow2,mhist,frozen,1,histology,mlp_2h,none,mean,0.859699711867459,0.8454452405322416,0.8407360426641333,,
virchow2,mhist,frozen,1,histology,mlp_2h,d4,mean,0.8576175040518639,0.8464687819856704,0.8411361448604209,12.0,11.0
virchow2,mhist,frozen,1,histology,mlp_2h,d4,logit_mean,0.8576175040518639,0.8464687819856704,0.8411361448604209,12.0,11.0
virchow2,mhist,frozen,1,histology,mlp_2h,d4,vote,0.8624797406807132,0.8526100307062436,0.8471287748396182,12.0,11.0
virchow2,mhist,frozen,1,histology,mlp_2h,d4,confidence,0.8576175040518639,0.8464687819856704,0.8411361448604209,12.0,11.0
virchow2,mhist,frozen,2,histology,mlp_2h,none,mean,0.8522938051503692,0.8433981576253838,0.837508818577005,,
virchow2,mhist,frozen,2,histology,mlp_2h,d4,mean,0.8547249234647938,0.8464687819856704,0.8404998650425334,11.0,8.0
virchow2,mhist,frozen,2,histology,mlp_2h,d4,logit_mean,0.8547249234647938,0.8464687819856704,0.8404998650425334,11.0,8.0
virchow2,mhist,frozen,2,histology,mlp_2h,d4,vote,0.850790113452188,0.8444216990788127,0.837966882850484,11.0,8.0
virchow2,mhist,frozen,2,histology,mlp_2h,d4,confidence,0.8549567801188547,0.8474923234390993,0.8413658579111114,11.0,8.0
virchow2,mhist,frozen,3,histology,mlp_2h,none,mean,0.8561205654601116,0.8628454452405322,0.8536417947823598,,
virchow2,mhist,frozen,3,histology,mlp_2h,d4,mean,0.8620250315144966,0.8710337768679631,0.8616060186351044,14.0,6.0
virchow2,mhist,frozen,3,histology,mlp_2h,d4,logit_mean,0.8620250315144966,0.8710337768679631,0.8616060186351044,14.0,6.0
virchow2,mhist,frozen,3,histology,mlp_2h,d4,vote,0.8616783720511435,0.872057318321392,0.8623057764488476,14.0,6.0
virchow2,mhist,frozen,3,histology,mlp_2h,d4,confidence,0.8620250315144966,0.8710337768679631,0.8616060186351044,14.0,6.0
virchow2,mhist,frozen,42,histology,mlp_2h,none,mean,0.8541419052764272,0.8362333674513818,0.8321161611822321,,
virchow2,mhist,frozen,42,histology,mlp_2h,d4,mean,0.8620137763371151,0.8454452405322416,0.8411859248661631,16.0,7.0
virchow2,mhist,frozen,42,histology,mlp_2h,d4,logit_mean,0.8620137763371151,0.8454452405322416,0.8411859248661631,16.0,7.0
virchow2,mhist,frozen,42,histology,mlp_2h,d4,vote,0.859699711867459,0.8454452405322416,0.8407360426641333,16.0,7.0
virchow2,mhist,frozen,42,histology,mlp_2h,d4,confidence,0.8656019268863677,0.8485158648925282,0.8443946072523159,16.0,7.0
virchow,mhist,frozen,0,histology,knn_10,none,mean,0.7091234467855214,0.7400204708290685,0.7135492658601903,,
virchow,mhist,frozen,0,histology,knn_10,d4,mean,0.7024086079596614,0.7308085977482088,0.7055789113050612,34.0,43.0
virchow,mhist,frozen,0,histology,knn_5,none,mean,0.7230055825679813,0.7349027635619243,0.7193490892595513,,
virchow,mhist,frozen,0,histology,knn_5,d4,mean,0.7139766792724653,0.7256908904810645,0.7100376522702104,39.0,48.0
virchow,mhist,frozen,0,histology,linear,none,mean,0.8146835044120295,0.8280450358239508,0.8150471914974173,,
virchow,mhist,frozen,0,histology,linear,d4,mean,0.8174612821898073,0.8300921187308086,0.8174612821898073,19.0,17.0
virchow,mhist,frozen,0,histology,linear,d4,logit_mean,0.8174612821898073,0.8300921187308086,0.8174612821898073,19.0,17.0
virchow,mhist,frozen,0,histology,linear,d4,vote,0.8143368449486763,0.8290685772773797,0.8156047525352241,19.0,17.0
virchow,mhist,frozen,0,histology,linear,d4,confidence,0.8190820277327571,0.8321392016376663,0.8194508297950979,19.0,17.0
virchow,mhist,frozen,1,histology,linear,none,mean,0.8159553394561498,0.8259979529170931,0.814117199391172,,
virchow,mhist,frozen,1,histology,linear,d4,mean,0.8215108950117054,0.8300921187308086,0.8188881940411846,17.0,13.0
virchow,mhist,frozen,1,histology,linear,d4,logit_mean,0.8215108950117054,0.8300921187308086,0.8188881940411846,17.0,13.0
virchow,mhist,frozen,1,histology,linear,d4,vote,0.8147983072213218,0.8259979529170931,0.8137018691504923,17.0,13.0
virchow,mhist,frozen,1,histology,linear,d4,confidence,0.8165338555735638,0.8259979529170931,0.8143216799477699,17.0,13.0
virchow,mhist,frozen,2,histology,linear,none,mean,0.8204731676571222,0.8382804503582395,0.8241444520391888,,
virchow,mhist,frozen,2,histology,linear,d4,mean,0.8214005942733658,0.842374616171955,0.8272599103567362,18.0,14.0
virchow,mhist,frozen,2,histology,linear,d4,logit_mean,0.8205902215018909,0.8413510747185261,0.826253320100736,18.0,14.0
virchow,mhist,frozen,2,histology,linear,d4,vote,0.8222109670448406,0.8433981576253838,0.8282674405379417,18.0,14.0
virchow,mhist,frozen,2,histology,linear,d4,confidence,0.8205902215018909,0.8413510747185261,0.826253320100736,18.0,14.0
virchow,mhist,frozen,3,histology,linear,none,mean,0.8283427876823339,0.842374616171955,0.8298571531961859,,
virchow,mhist,frozen,3,histology,linear,d4,mean,0.8377183504412029,0.8505629477993859,0.838888135899521,16.0,8.0
virchow,mhist,frozen,3,histology,linear,d4,logit_mean,0.8377183504412029,0.8505629477993859,0.838888135899521,16.0,8.0
virchow,mhist,frozen,3,histology,linear,d4,vote,0.8337835404285971,0.8485158648925282,0.8360901778346075,16.0,8.0
virchow,mhist,frozen,3,histology,linear,d4,confidence,0.8336664865838286,0.8454452405322416,0.8338594426582129,16.0,8.0
virchow,mhist,frozen,42,histology,linear,none,mean,0.8023050603277508,0.8321392016376663,0.8123881785396468,,
virchow,mhist,frozen,42,histology,linear,d4,mean,0.807745813074014,0.8382804503582395,0.8187103047840956,23.0,17.0
virchow,mhist,frozen,42,histology,linear,d4,logit_mean,0.8091347019629029,0.8393039918116684,0.8199932169894464,23.0,17.0
virchow,mhist,frozen,42,histology,linear,d4,vote,0.7964028453088421,0.8290685772773797,0.8076529054421264,23.0,17.0
virchow,mhist,frozen,42,histology,linear,d4,confidence,0.8119124797406807,0.8413510747185261,0.8225520122333476,23.0,17.0
virchow,mhist,frozen,0,histology,mlp_1h,none,mean,0.8272960561858456,0.8300921187308086,0.8207537577365164,,
virchow,mhist,frozen,0,histology,mlp_1h,d4,mean,0.8296101206555015,0.8300921187308086,0.8214452430023429,19.0,19.0
virchow,mhist,frozen,0,histology,mlp_1h,d4,logit_mean,0.8296101206555015,0.8300921187308086,0.8214452430023429,19.0,19.0
virchow,mhist,frozen,0,histology,mlp_1h,d4,vote,0.8308842067350981,0.8331627430910952,0.8240796690398732,19.0,19.0
virchow,mhist,frozen,0,histology,mlp_1h,d4,confidence,0.8345871600936431,0.834186284544524,0.8259118307008668,19.0,19.0
virchow,mhist,frozen,1,histology,mlp_1h,none,mean,0.8317013326130019,0.849539406345957,0.836075509428406,,
virchow,mhist,frozen,1,histology,mlp_1h,d4,mean,0.8321650459211237,0.8515864892528148,0.8376765860807371,18.0,16.0
virchow,mhist,frozen,1,histology,mlp_1h,d4,logit_mean,0.8321650459211237,0.8515864892528148,0.8376765860807371,18.0,16.0
virchow,mhist,frozen,1,histology,mlp_1h,d4,vote,0.826841347019629,0.8485158648925282,0.833545148961643,18.0,16.0
virchow,mhist,frozen,1,histology,mlp_1h,d4,confidence,0.8329754186925986,0.8526100307062436,0.8386901485965877,18.0,16.0
virchow,mhist,frozen,2,histology,mlp_1h,none,mean,0.8210494327390601,0.8331627430910952,0.8208636063501062,,
virchow,mhist,frozen,2,histology,mlp_1h,d4,mean,0.8271835044120295,0.8372569089048106,0.8258543163955432,20.0,16.0
virchow,mhist,frozen,2,histology,mlp_1h,d4,logit_mean,0.8285723933009184,0.8382804503582395,0.8270463223562734,20.0,16.0
virchow,mhist,frozen,2,histology,mlp_1h,d4,vote,0.8311205654601117,0.8444216990788127,0.8322671003885425,20.0,16.0
virchow,mhist,frozen,2,histology,mlp_1h,d4,confidence,0.830424995497929,0.8413510747185261,0.8298507999321358,20.0,16.0
virchow,mhist,frozen,3,histology,mlp_1h,none,mean,0.5125,0.6407369498464688,0.41366469185196586,,
virchow,mhist,frozen,3,histology,mlp_1h,d4,mean,0.5152777777777777,0.6427840327533265,0.41941586226976996,3.0,1.0
virchow,mhist,frozen,3,histology,mlp_1h,d4,logit_mean,0.5152777777777777,0.6427840327533265,0.41941586226976996,3.0,1.0
virchow,mhist,frozen,3,histology,mlp_1h,d4,vote,0.5138888888888888,0.6417604912998977,0.4165472290472291,3.0,1.0
virchow,mhist,frozen,3,histology,mlp_1h,d4,confidence,0.5138888888888888,0.6417604912998977,0.4165472290472291,3.0,1.0
virchow,mhist,frozen,42,histology,mlp_1h,none,mean,0.8431568521519899,0.8515864892528148,0.8413650233756054,,
virchow,mhist,frozen,42,histology,mlp_1h,d4,mean,0.8483657482441923,0.8567041965199591,0.8467499058853056,17.0,12.0
virchow,mhist,frozen,42,histology,mlp_1h,d4,logit_mean,0.8483657482441923,0.8567041965199591,0.8467499058853056,17.0,12.0
virchow,mhist,frozen,42,histology,mlp_1h,d4,vote,0.8408427876823339,0.8515864892528148,0.8406455393911988,17.0,12.0
virchow,mhist,frozen,42,histology,mlp_1h,d4,confidence,0.8472087160093643,0.8567041965199591,0.8464043480213808,17.0,12.0
virchow,mhist,frozen,0,histology,mlp_2h,none,mean,0.8436205654601117,0.8536335721596725,0.8430236412277123,,
virchow,mhist,frozen,0,histology,mlp_2h,d4,mean,0.8428101926886368,0.8526100307062436,0.8420159008219916,11.0,12.0
virchow,mhist,frozen,0,histology,mlp_2h,d4,logit_mean,0.8428101926886368,0.8526100307062436,0.8420159008219916,11.0,12.0
virchow,mhist,frozen,0,histology,mlp_2h,d4,vote,0.8438524221141726,0.8546571136131014,0.8438524221141726,11.0,12.0
virchow,mhist,frozen,0,histology,mlp_2h,d4,confidence,0.8438524221141726,0.8546571136131014,0.8438524221141726,11.0,12.0
virchow,mhist,frozen,1,histology,mlp_2h,none,mean,0.8291486583828561,0.8331627430910952,0.8235533962295509,,
virchow,mhist,frozen,1,histology,mlp_2h,d4,mean,0.8422294255357464,0.8474923234390993,0.8380422169635516,25.0,11.0
virchow,mhist,frozen,1,histology,mlp_2h,d4,logit_mean,0.8422294255357464,0.8474923234390993,0.8380422169635516,25.0,11.0
virchow,mhist,frozen,1,histology,mlp_2h,d4,vote,0.8424612821898073,0.8485158648925282,0.8388737341320782,25.0,11.0
virchow,mhist,frozen,1,histology,mlp_2h,d4,confidence,0.8380627588690798,0.8444216990788127,0.8345189701897019,25.0,11.0
virchow,mhist,frozen,2,histology,mlp_2h,none,mean,0.8216279488564739,0.8331627430910952,0.8210689057350848,,
virchow,mhist,frozen,2,histology,mlp_2h,d4,mean,0.8219746083198272,0.8321392016376663,0.8204784611799294,16.0,17.0
virchow,mhist,frozen,2,histology,mlp_2h,d4,logit_mean,0.8219746083198272,0.8321392016376663,0.8204784611799294,16.0,17.0
virchow,mhist,frozen,2,histology,mlp_2h,d4,vote,0.8229020349360706,0.8362333674513818,0.8236478010126262,16.0,17.0
virchow,mhist,frozen,2,histology,mlp_2h,d4,confidence,0.8277620205294436,0.8372569089048106,0.8260485428739397,16.0,17.0
virchow,mhist,frozen,3,histology,mlp_2h,none,mean,0.8005537547271745,0.7963152507676561,0.7883091670668065,,
virchow,mhist,frozen,3,histology,mlp_2h,d4,mean,0.7940707725553755,0.7881269191402251,0.7805101990981165,12.0,20.0
virchow,mhist,frozen,3,histology,mlp_2h,d4,logit_mean,0.7940707725553755,0.7881269191402251,0.7805101990981165,12.0,20.0
virchow,mhist,frozen,3,histology,mlp_2h,d4,vote,0.7937241130920223,0.789150460593654,0.781132280655966,12.0,20.0
virchow,mhist,frozen,3,histology,mlp_2h,d4,confidence,0.7929137403205475,0.7881269191402251,0.7801589898394774,12.0,20.0
virchow,mhist,frozen,42,histology,mlp_2h,none,mean,0.8330857194309382,0.8403275332650972,0.8299823302634397,,
virchow,mhist,frozen,42,histology,mlp_2h,d4,mean,0.8372523860976049,0.8433981576253838,0.8335187691074024,17.0,14.0
virchow,mhist,frozen,42,histology,mlp_2h,d4,logit_mean,0.8372523860976049,0.8433981576253838,0.8335187691074024,17.0,14.0
virchow,mhist,frozen,42,histology,mlp_2h,d4,vote,0.843735368269404,0.8515864892528148,0.8415403355432192,17.0,14.0
virchow,mhist,frozen,42,histology,mlp_2h,d4,confidence,0.835863497208716,0.842374616171955,0.8323415882185137,17.0,14.0
convnextv2_base,nct-crc-100k,frozen,0,general,knn_10,none,mean,0.8792481765962429,0.8945682451253482,0.8691434714445972,,
convnextv2_base,nct-crc-100k,frozen,0,general,knn_10,d4,mean,0.8867426199887793,0.901949860724234,0.8766239825715252,216.0,163.0
convnextv2_base,nct-crc-100k,frozen,0,general,knn_5,none,mean,0.8720839173867588,0.8857938718662952,0.8611432906839924,,
convnextv2_base,nct-crc-100k,frozen,0,general,knn_5,d4,mean,0.8818827699760908,0.8945682451253482,0.8703988564080937,247.0,184.0
convnextv2_base,nct-crc-100k,frozen,0,general,linear,none,mean,0.8985874617989814,0.9256267409470752,0.8981552350509967,,
convnextv2_base,nct-crc-100k,frozen,0,general,linear,d4,mean,0.9111234178515962,0.9352367688022284,0.9106915527950853,143.0,74.0
convnextv2_base,nct-crc-100k,frozen,0,general,linear,d4,logit_mean,0.9118402864610015,0.9355153203342619,0.9111823457292445,143.0,74.0
convnextv2_base,nct-crc-100k,frozen,0,general,linear,d4,vote,0.909741268847697,0.9337047353760446,0.9084305905819237,143.0,74.0
convnextv2_base,nct-crc-100k,frozen,0,general,linear,d4,confidence,0.9118346419365806,0.9352367688022284,0.9110473026966955,143.0,74.0
convnextv2_base,nct-crc-100k,frozen,1,general,linear,none,mean,0.9041825277815358,0.9291086350974931,0.9043670917677782,,
convnextv2_base,nct-crc-100k,frozen,1,general,linear,d4,mean,0.9192164033075905,0.9402506963788301,0.9197788441675103,153.0,73.0
convnextv2_base,nct-crc-100k,frozen,1,general,linear,d4,logit_mean,0.9190905096828657,0.9406685236768803,0.91973049679212,153.0,73.0
convnextv2_base,nct-crc-100k,frozen,1,general,linear,d4,vote,0.9160053358489415,0.9383008356545961,0.9163593209553385,153.0,73.0
convnextv2_base,nct-crc-100k,frozen,1,general,linear,d4,confidence,0.9173139661865279,0.9392757660167131,0.9179641643782135,153.0,73.0
convnextv2_base,nct-crc-100k,frozen,2,general,linear,none,mean,0.9010428852310712,0.9293871866295265,0.901761774126466,,
convnextv2_base,nct-crc-100k,frozen,2,general,linear,d4,mean,0.9100724326909388,0.9373259052924791,0.9122525425799807,127.0,70.0
convnextv2_base,nct-crc-100k,frozen,2,general,linear,d4,logit_mean,0.9093668492099157,0.9367688022284123,0.9113329227973167,127.0,70.0
convnextv2_base,nct-crc-100k,frozen,2,general,linear,d4,vote,0.9062137254453647,0.9346796657381615,0.9073681857181375,127.0,70.0
convnextv2_base,nct-crc-100k,frozen,2,general,linear,d4,confidence,0.9105283917655195,0.9374651810584959,0.9124708399891949,127.0,70.0
convnextv2_base,nct-crc-100k,frozen,3,general,linear,none,mean,0.9032007434155056,0.9310584958217271,0.904090892664363,,
convnextv2_base,nct-crc-100k,frozen,3,general,linear,d4,mean,0.9128773355861939,0.938857938718663,0.9145520496681692,125.0,69.0
convnextv2_base,nct-crc-100k,frozen,3,general,linear,d4,logit_mean,0.9130160141450858,0.9391364902506963,0.9145498615995437,125.0,69.0
convnextv2_base,nct-crc-100k,frozen,3,general,linear,d4,vote,0.9122289279267355,0.9377437325905292,0.912839956745483,125.0,69.0
convnextv2_base,nct-crc-100k,frozen,3,general,linear,d4,confidence,0.9125839700014209,0.9391364902506963,0.9144510114574946,125.0,69.0
convnextv2_base,nct-crc-100k,frozen,42,general,linear,none,mean,0.8995196104202875,0.9256267409470752,0.8994411915880082,,
convnextv2_base,nct-crc-100k,frozen,42,general,linear,d4,mean,0.9143027965319336,0.9373259052924791,0.9151551957836028,150.0,66.0
convnextv2_base,nct-crc-100k,frozen,42,general,linear,d4,logit_mean,0.915043506887003,0.9376044568245125,0.915447296632601,150.0,66.0
convnextv2_base,nct-crc-100k,frozen,42,general,linear,d4,vote,0.9135845712280027,0.9363509749303621,0.9134021355032329,150.0,66.0
convnextv2_base,nct-crc-100k,frozen,42,general,linear,d4,confidence,0.9140239515955003,0.9374651810584959,0.9154236838180427,150.0,66.0
convnextv2_base,nct-crc-100k,frozen,0,general,mlp_1h,none,mean,0.9288877652741725,0.9366295264623955,0.9208732570380277,,
convnextv2_base,nct-crc-100k,frozen,0,general,mlp_1h,d4,mean,0.9357741984026534,0.942200557103064,0.9276285385983157,141.0,101.0
convnextv2_base,nct-crc-100k,frozen,0,general,mlp_1h,d4,logit_mean,0.9367543965663483,0.9427576601671309,0.9283960177157193,141.0,101.0
convnextv2_base,nct-crc-100k,frozen,0,general,mlp_1h,d4,vote,0.9297576284341899,0.936908077994429,0.9207559574598775,141.0,101.0
convnextv2_base,nct-crc-100k,frozen,0,general,mlp_1h,d4,confidence,0.936271995667579,0.9420612813370474,0.9279758827741169,141.0,101.0
convnextv2_base,nct-crc-100k,frozen,1,general,mlp_1h,none,mean,0.9214629504666733,0.9376044568245125,0.9210877044333107,,
convnextv2_base,nct-crc-100k,frozen,1,general,mlp_1h,d4,mean,0.9344987297308989,0.9466573816155989,0.9328716066639647,142.0,77.0
convnextv2_base,nct-crc-100k,frozen,1,general,mlp_1h,d4,logit_mean,0.9343896089886512,0.9466573816155989,0.932959491238408,142.0,77.0
convnextv2_base,nct-crc-100k,frozen,1,general,mlp_1h,d4,vote,0.9332320651566387,0.9459610027855153,0.9319357331673077,142.0,77.0
convnextv2_base,nct-crc-100k,frozen,1,general,mlp_1h,d4,confidence,0.9330721351141693,0.9452646239554318,0.9316813487655315,142.0,77.0
convnextv2_base,nct-crc-100k,frozen,2,general,mlp_1h,none,mean,0.911465437522554,0.9335654596100279,0.9148690400236273,,
convnextv2_base,nct-crc-100k,frozen,2,general,mlp_1h,d4,mean,0.9268224811203241,0.9456824512534819,0.9292371947003356,155.0,68.0
convnextv2_base,nct-crc-100k,frozen,2,general,mlp_1h,d4,logit_mean,0.9271587519070343,0.9459610027855153,0.9298588434465612,155.0,68.0
convnextv2_base,nct-crc-100k,frozen,2,general,mlp_1h,d4,vote,0.9233703008830881,0.9434540389972145,0.9256376540177408,155.0,68.0
convnextv2_base,nct-crc-100k,frozen,2,general,mlp_1h,d4,confidence,0.9256519185717765,0.9442896935933147,0.9281040018142055,155.0,68.0
convnextv2_base,nct-crc-100k,frozen,3,general,mlp_1h,none,mean,0.9207317840464467,0.9318941504178273,0.9110215150483769,,
convnextv2_base,nct-crc-100k,frozen,3,general,mlp_1h,d4,mean,0.9300018015716424,0.9376044568245125,0.9187627152251103,135.0,94.0
convnextv2_base,nct-crc-100k,frozen,3,general,mlp_1h,d4,logit_mean,0.9302737673658004,0.9380222841225627,0.9190610833805165,135.0,94.0
convnextv2_base,nct-crc-100k,frozen,3,general,mlp_1h,d4,vote,0.9266209387147823,0.935933147632312,0.9158477574724662,135.0,94.0
convnextv2_base,nct-crc-100k,frozen,3,general,mlp_1h,d4,confidence,0.9303410195089588,0.9374651810584959,0.9194680185051938,135.0,94.0
convnextv2_base,nct-crc-100k,frozen,42,general,mlp_1h,none,mean,0.9163049288298648,0.9338440111420613,0.9137871456171991,,
convnextv2_base,nct-crc-100k,frozen,42,general,mlp_1h,d4,mean,0.9293254453972407,0.9420612813370474,0.9254922799296694,139.0,80.0
convnextv2_base,nct-crc-100k,frozen,42,general,mlp_1h,d4,logit_mean,0.9301207579281895,0.9426183844011142,0.9261408192291817,139.0,80.0
convnextv2_base,nct-crc-100k,frozen,42,general,mlp_1h,d4,vote,0.9270110592285139,0.9399721448467967,0.92287465746699,139.0,80.0
convnextv2_base,nct-crc-100k,frozen,42,general,mlp_1h,d4,confidence,0.926713389265265,0.9398328690807799,0.9229130856930732,139.0,80.0
convnextv2_base,nct-crc-100k,frozen,0,general,mlp_2h,none,mean,0.9294564072892746,0.9367688022284123,0.9229137084131332,,
convnextv2_base,nct-crc-100k,frozen,0,general,mlp_2h,d4,mean,0.9419156290130783,0.9466573816155989,0.9355460187339626,150.0,79.0
convnextv2_base,nct-crc-100k,frozen,0,general,mlp_2h,d4,logit_mean,0.9426912483511146,0.9469359331476324,0.9359643987869382,150.0,79.0
convnextv2_base,nct-crc-100k,frozen,0,general,mlp_2h,d4,vote,0.9380370530403587,0.9433147632311978,0.9311635438929974,150.0,79.0
convnextv2_base,nct-crc-100k,frozen,0,general,mlp_2h,d4,confidence,0.9416212286519898,0.9459610027855153,0.9355496102850821,150.0,79.0
convnextv2_base,nct-crc-100k,frozen,1,general,mlp_2h,none,mean,0.9249975915667736,0.9385793871866295,0.9218191345905752,,
convnextv2_base,nct-crc-100k,frozen,1,general,mlp_2h,d4,mean,0.9377042712565979,0.9469359331476324,0.9332277168344663,137.0,77.0
convnextv2_base,nct-crc-100k,frozen,1,general,mlp_2h,d4,logit_mean,0.9379942993357226,0.9476323119777159,0.9336614245424596,137.0,77.0
convnextv2_base,nct-crc-100k,frozen,1,general,mlp_2h,d4,vote,0.932397895142193,0.9430362116991643,0.9275192426297161,137.0,77.0
convnextv2_base,nct-crc-100k,frozen,1,general,mlp_2h,d4,confidence,0.9356758283225468,0.9447075208913649,0.9309981125922628,137.0,77.0
convnextv2_base,nct-crc-100k,frozen,2,general,mlp_2h,none,mean,0.9094822879986714,0.932033426183844,0.9090846016434261,,
convnextv2_base,nct-crc-100k,frozen,2,general,mlp_2h,d4,mean,0.9181586623806877,0.9394150417827298,0.9182928988513398,133.0,80.0
convnextv2_base,nct-crc-100k,frozen,2,general,mlp_2h,d4,logit_mean,0.9166174424973386,0.9380222841225627,0.9166192212141715,133.0,80.0
convnextv2_base,nct-crc-100k,frozen,2,general,mlp_2h,d4,vote,0.9159598622034009,0.9374651810584959,0.9149215146517972,133.0,80.0
convnextv2_base,nct-crc-100k,frozen,2,general,mlp_2h,d4,confidence,0.9172676509082692,0.9381615598885794,0.9170429105857093,133.0,80.0
convnextv2_base,nct-crc-100k,frozen,3,general,mlp_2h,none,mean,0.9283947342287431,0.9385793871866295,0.9223944438457552,,
convnextv2_base,nct-crc-100k,frozen,3,general,mlp_2h,d4,mean,0.9403084305536454,0.947075208913649,0.9341489193800862,150.0,89.0
convnextv2_base,nct-crc-100k,frozen,3,general,mlp_2h,d4,logit_mean,0.9402203367180691,0.947075208913649,0.9341340750406061,150.0,89.0
convnextv2_base,nct-crc-100k,frozen,3,general,mlp_2h,d4,vote,0.9362488515122648,0.944150417827298,0.9297649333105971,150.0,89.0
convnextv2_base,nct-crc-100k,frozen,3,general,mlp_2h,d4,confidence,0.9396755989236326,0.947075208913649,0.9336795656249323,150.0,89.0
convnextv2_base,nct-crc-100k,frozen,42,general,mlp_2h,none,mean,0.9197066242271646,0.9323119777158775,0.9159534814679307,,
convnextv2_base,nct-crc-100k,frozen,42,general,mlp_2h,d4,mean,0.933084228356146,0.9431754874651811,0.9287800028779013,147.0,69.0
convnextv2_base,nct-crc-100k,frozen,42,general,mlp_2h,d4,logit_mean,0.930665677493703,0.9417827298050139,0.9266886522297002,147.0,69.0
convnextv2_base,nct-crc-100k,frozen,42,general,mlp_2h,d4,vote,0.92737778201883,0.9392757660167131,0.9226531021014909,147.0,69.0
convnextv2_base,nct-crc-100k,frozen,42,general,mlp_2h,d4,confidence,0.929738898101659,0.9402506963788301,0.9252903199563028,147.0,69.0
convnextv2_tiny,nct-crc-100k,frozen,0,general,knn_10,none,mean,0.8067342634415497,0.8069637883008357,0.7869465978885319,,
convnextv2_tiny,nct-crc-100k,frozen,0,general,knn_10,d4,mean,0.8216324419608151,0.8206128133704735,0.8002432651550413,359.0,261.0
convnextv2_tiny,nct-crc-100k,frozen,0,general,knn_5,none,mean,0.800939396713835,0.7995821727019499,0.7803227810116093,,
convnextv2_tiny,nct-crc-100k,frozen,0,general,knn_5,d4,mean,0.819135268091723,0.8153203342618385,0.7958144507892111,430.0,317.0
convnextv2_tiny,nct-crc-100k,frozen,0,general,linear,none,mean,0.8840851888053352,0.9065459610027855,0.8821752609689031,,
convnextv2_tiny,nct-crc-100k,frozen,0,general,linear,d4,mean,0.8889590946784524,0.9123955431754874,0.8876968218397715,157.0,115.0
convnextv2_tiny,nct-crc-100k,frozen,0,general,linear,d4,logit_mean,0.8885033853459313,0.9121169916434541,0.8872634214265747,157.0,115.0
convnextv2_tiny,nct-crc-100k,frozen,0,general,linear,d4,vote,0.8859929973482937,0.9105849582172701,0.8844609090925396,157.0,115.0
convnextv2_tiny,nct-crc-100k,frozen,0,general,linear,d4,confidence,0.8859298583404017,0.9097493036211699,0.8845461631745206,157.0,115.0
convnextv2_tiny,nct-crc-100k,frozen,1,general,linear,none,mean,0.8881623754130049,0.9116991643454039,0.8861432164127155,,
convnextv2_tiny,nct-crc-100k,frozen,1,general,linear,d4,mean,0.8938838962690576,0.9164345403899722,0.8913941436609877,150.0,116.0
convnextv2_tiny,nct-crc-100k,frozen,1,general,linear,d4,logit_mean,0.8943109022878184,0.9171309192200557,0.8919511958142965,150.0,116.0
convnextv2_tiny,nct-crc-100k,frozen,1,general,linear,d4,vote,0.8909155791927369,0.9142061281337047,0.8876948306112268,150.0,116.0
convnextv2_tiny,nct-crc-100k,frozen,1,general,linear,d4,confidence,0.891371356663315,0.9147632311977716,0.8889709900294201,150.0,116.0
convnextv2_tiny,nct-crc-100k,frozen,2,general,linear,none,mean,0.8845424941735597,0.9080779944289693,0.8826491580948357,,
convnextv2_tiny,nct-crc-100k,frozen,2,general,linear,d4,mean,0.8918694106604891,0.9147632311977716,0.8902345123413047,161.0,113.0
convnextv2_tiny,nct-crc-100k,frozen,2,general,linear,d4,logit_mean,0.8920118352862586,0.9147632311977716,0.8902953535900822,161.0,113.0
convnextv2_tiny,nct-crc-100k,frozen,2,general,linear,d4,vote,0.8866253860265055,0.910724233983287,0.8841477667998727,161.0,113.0
convnextv2_tiny,nct-crc-100k,frozen,2,general,linear,d4,confidence,0.890158255510808,0.9126740947075209,0.8878950333489012,161.0,113.0
convnextv2_tiny,nct-crc-100k,frozen,3,general,linear,none,mean,0.8913689420183523,0.9105849582172701,0.8888496834395408,,
convnextv2_tiny,nct-crc-100k,frozen,3,general,linear,d4,mean,0.8957500032941085,0.916016713091922,0.8937366620444259,155.0,116.0
convnextv2_tiny,nct-crc-100k,frozen,3,general,linear,d4,logit_mean,0.8959390861249249,0.9158774373259053,0.8939256190858857,155.0,116.0
convnextv2_tiny,nct-crc-100k,frozen,3,general,linear,d4,vote,0.8939597845717976,0.9136490250696379,0.8907749570289383,155.0,116.0
convnextv2_tiny,nct-crc-100k,frozen,3,general,linear,d4,confidence,0.8927923825879192,0.9128133704735376,0.8898415749563071,155.0,116.0
convnextv2_tiny,nct-crc-100k,frozen,42,general,linear,none,mean,0.8909492968844298,0.9146239554317549,0.8893514246232876,,
convnextv2_tiny,nct-crc-100k,frozen,42,general,linear,d4,mean,0.8929744334839912,0.9172701949860724,0.8917339750948821,130.0,111.0
convnextv2_tiny,nct-crc-100k,frozen,42,general,linear,d4,logit_mean,0.8933693698357666,0.9178272980501393,0.8923804666369909,130.0,111.0
convnextv2_tiny,nct-crc-100k,frozen,42,general,linear,d4,vote,0.8901249574796597,0.9149025069637883,0.8881614569112206,130.0,111.0
convnextv2_tiny,nct-crc-100k,frozen,42,general,linear,d4,confidence,0.8901072775243222,0.9139275766016713,0.888099010811303,130.0,111.0
convnextv2_tiny,nct-crc-100k,frozen,0,general,mlp_1h,none,mean,0.898482720835507,0.9214484679665739,0.8995809949557998,,
convnextv2_tiny,nct-crc-100k,frozen,0,general,mlp_1h,d4,mean,0.9107601841122105,0.9313370473537604,0.911777927901576,178.0,107.0
convnextv2_tiny,nct-crc-100k,frozen,0,general,mlp_1h,d4,logit_mean,0.9108803013894493,0.9314763231197771,0.9118785398152585,178.0,107.0
convnextv2_tiny,nct-crc-100k,frozen,0,general,mlp_1h,d4,vote,0.9081428244031865,0.9295264623955432,0.9084609110938326,178.0,107.0
convnextv2_tiny,nct-crc-100k,frozen,0,general,mlp_1h,d4,confidence,0.9074778123320952,0.9293871866295265,0.9082976763228984,178.0,107.0
convnextv2_tiny,nct-crc-100k,frozen,1,general,mlp_1h,none,mean,0.8848046275123095,0.9103064066852368,0.8815449463443671,,
convnextv2_tiny,nct-crc-100k,frozen,1,general,mlp_1h,d4,mean,0.8904695600245375,0.9151810584958218,0.8877581843391867,148.0,113.0
convnextv2_tiny,nct-crc-100k,frozen,1,general,mlp_1h,d4,logit_mean,0.890718688076356,0.9155988857938718,0.8882921560512411,148.0,113.0
convnextv2_tiny,nct-crc-100k,frozen,1,general,mlp_1h,d4,vote,0.8873545866307053,0.9135097493036212,0.8838874984159414,148.0,113.0
convnextv2_tiny,nct-crc-100k,frozen,1,general,mlp_1h,d4,confidence,0.8894579518689267,0.9147632311977716,0.8865525014989761,148.0,113.0
convnextv2_tiny,nct-crc-100k,frozen,2,general,mlp_1h,none,mean,0.9018841676637758,0.9214484679665739,0.9010326658173446,,
convnextv2_tiny,nct-crc-100k,frozen,2,general,mlp_1h,d4,mean,0.9094765965582992,0.9292479108635098,0.9092893506729225,166.0,110.0
convnextv2_tiny,nct-crc-100k,frozen,2,general,mlp_1h,d4,logit_mean,0.9082564338632514,0.9282729805013927,0.9080655124791943,166.0,110.0
convnextv2_tiny,nct-crc-100k,frozen,2,general,mlp_1h,d4,vote,0.9035894437244892,0.9240947075208914,0.9027111987998584,166.0,110.0
convnextv2_tiny,nct-crc-100k,frozen,2,general,mlp_1h,d4,confidence,0.9039394448591727,0.9243732590529248,0.9036948377378544,166.0,110.0
convnextv2_tiny,nct-crc-100k,frozen,3,general,mlp_1h,none,mean,0.8996167373795897,0.9158774373259053,0.8952699979653593,,
convnextv2_tiny,nct-crc-100k,frozen,3,general,mlp_1h,d4,mean,0.9072830519707813,0.922841225626741,0.9031879362973567,159.0,109.0
convnextv2_tiny,nct-crc-100k,frozen,3,general,mlp_1h,d4,logit_mean,0.9079420980639709,0.9238161559888579,0.9040740774259992,159.0,109.0
convnextv2_tiny,nct-crc-100k,frozen,3,general,mlp_1h,d4,vote,0.9048181390400164,0.9215877437325906,0.900916788665949,159.0,109.0
convnextv2_tiny,nct-crc-100k,frozen,3,general,mlp_1h,d4,confidence,0.9100256751850776,0.9245125348189415,0.9060930341968729,159.0,109.0
convnextv2_tiny,nct-crc-100k,frozen,42,general,mlp_1h,none,mean,0.9053625193738455,0.9239554317548746,0.904124443362951,,
convnextv2_tiny,nct-crc-100k,frozen,42,general,mlp_1h,d4,mean,0.9111687590501796,0.9295264623955432,0.9098215850489407,151.0,111.0
convnextv2_tiny,nct-crc-100k,frozen,42,general,mlp_1h,d4,logit_mean,0.9109484154866158,0.9298050139275766,0.9097215296141068,151.0,111.0
convnextv2_tiny,nct-crc-100k,frozen,42,general,mlp_1h,d4,vote,0.9106267795436417,0.9295264623955432,0.9091607999357867,151.0,111.0
convnextv2_tiny,nct-crc-100k,frozen,42,general,mlp_1h,d4,confidence,0.9094850829704667,0.9274373259052925,0.9078638082167184,151.0,111.0
convnextv2_tiny,nct-crc-100k,frozen,0,general,mlp_2h,none,mean,0.8944756844148714,0.9061281337047353,0.8858741705844475,,
convnextv2_tiny,nct-crc-100k,frozen,0,general,mlp_2h,d4,mean,0.9037146099701899,0.9154596100278551,0.8961694496649462,188.0,121.0
convnextv2_tiny,nct-crc-100k,frozen,0,general,mlp_2h,d4,logit_mean,0.904517182124835,0.9162952646239554,0.8968764758598117,188.0,121.0
convnextv2_tiny,nct-crc-100k,frozen,0,general,mlp_2h,d4,vote,0.8999741238355049,0.9119777158774374,0.8915187989918589,188.0,121.0
convnextv2_tiny,nct-crc-100k,frozen,0,general,mlp_2h,d4,confidence,0.9009794447318638,0.9115598885793872,0.8920194462122617,188.0,121.0
convnextv2_tiny,nct-crc-100k,frozen,1,general,mlp_2h,none,mean,0.892957489231804,0.9110027855153203,0.8890737418817987,,
convnextv2_tiny,nct-crc-100k,frozen,1,general,mlp_2h,d4,mean,0.898379209419239,0.9182451253481894,0.8958322840285692,164.0,112.0
convnextv2_tiny,nct-crc-100k,frozen,1,general,mlp_2h,d4,logit_mean,0.8987711290924882,0.918941504178273,0.8962989000974064,164.0,112.0
convnextv2_tiny,nct-crc-100k,frozen,1,general,mlp_2h,d4,vote,0.893552525247099,0.9146239554317549,0.8901997009002931,164.0,112.0
convnextv2_tiny,nct-crc-100k,frozen,1,general,mlp_2h,d4,confidence,0.8969273588593291,0.9165738161559889,0.8938643146854061,164.0,112.0
convnextv2_tiny,nct-crc-100k,frozen,2,general,mlp_2h,none,mean,0.8952817602957257,0.9181058495821727,0.8931644586952918,,
convnextv2_tiny,nct-crc-100k,frozen,2,general,mlp_2h,d4,mean,0.9042238257048104,0.9268802228412256,0.9032440861567631,157.0,94.0
convnextv2_tiny,nct-crc-100k,frozen,2,general,mlp_2h,d4,logit_mean,0.9033814769842939,0.9259052924791087,0.9022313695479709,157.0,94.0
convnextv2_tiny,nct-crc-100k,frozen,2,general,mlp_2h,d4,vote,0.899115998289886,0.9235376044568245,0.8968231211427423,157.0,94.0
convnextv2_tiny,nct-crc-100k,frozen,2,general,mlp_2h,d4,confidence,0.9009764454560456,0.9239554317548746,0.8992067418767719,157.0,94.0
convnextv2_tiny,nct-crc-100k,frozen,3,general,mlp_2h,none,mean,0.9073656595783428,0.9242339832869081,0.9056200571777837,,
convnextv2_tiny,nct-crc-100k,frozen,3,general,mlp_2h,d4,mean,0.9129287183943053,0.9288300835654596,0.9112267347475633,145.0,112.0
convnextv2_tiny,nct-crc-100k,frozen,3,general,mlp_2h,d4,logit_mean,0.9136194702354915,0.9293871866295265,0.9120928108690087,145.0,112.0
convnextv2_tiny,nct-crc-100k,frozen,3,general,mlp_2h,d4,vote,0.9090659378184837,0.9261838440111421,0.9074843210840662,145.0,112.0
convnextv2_tiny,nct-crc-100k,frozen,3,general,mlp_2h,d4,confidence,0.9127206883370983,0.9279944289693594,0.9106108214981029,145.0,112.0
convnextv2_tiny,nct-crc-100k,frozen,42,general,mlp_2h,none,mean,0.8953281836981749,0.910724233983287,0.8909784734652716,,
convnextv2_tiny,nct-crc-100k,frozen,42,general,mlp_2h,d4,mean,0.8973396848509128,0.9139275766016713,0.8942316806823762,161.0,138.0
convnextv2_tiny,nct-crc-100k,frozen,42,general,mlp_2h,d4,logit_mean,0.8986625384185043,0.9149025069637883,0.895462502679415,161.0,138.0
convnextv2_tiny,nct-crc-100k,frozen,42,general,mlp_2h,d4,vote,0.8958481384705617,0.9136490250696379,0.8923623248190348,161.0,138.0
convnextv2_tiny,nct-crc-100k,frozen,42,general,mlp_2h,d4,confidence,0.8966674905771094,0.9128133704735376,0.8924871744711427,161.0,138.0
ctranspath,nct-crc-100k,frozen,0,histology,knn_10,none,mean,0.9341414788056497,0.9494428969359332,0.9318133264921804,,
ctranspath,nct-crc-100k,frozen,0,histology,knn_10,d4,mean,0.9413039123952583,0.9536211699164345,0.9388009413294996,99.0,69.0
ctranspath,nct-crc-100k,frozen,0,histology,knn_5,none,mean,0.9294680528264218,0.9435933147632312,0.9247226068336347,,
ctranspath,nct-crc-100k,frozen,0,histology,knn_5,d4,mean,0.9359577237500462,0.9472144846796657,0.9314421568174751,125.0,99.0
ctranspath,nct-crc-100k,frozen,0,histology,linear,none,mean,0.9416395490214514,0.9568245125348189,0.9385522896034314,,
ctranspath,nct-crc-100k,frozen,0,histology,linear,d4,mean,0.9454018397929125,0.96016713091922,0.9424868841962711,56.0,32.0
ctranspath,nct-crc-100k,frozen,0,histology,linear,d4,logit_mean,0.9456796419259459,0.9604456824512535,0.9428417748669611,56.0,32.0
ctranspath,nct-crc-100k,frozen,0,histology,linear,d4,vote,0.9460443945790319,0.9600278551532033,0.9427726976400455,56.0,32.0
ctranspath,nct-crc-100k,frozen,0,histology,linear,d4,confidence,0.9450668187795078,0.95974930362117,0.9422409957372919,56.0,32.0
ctranspath,nct-crc-100k,frozen,1,histology,linear,none,mean,0.9427374098466349,0.9583565459610028,0.9401731022105122,,
ctranspath,nct-crc-100k,frozen,1,histology,linear,d4,mean,0.9460497766472236,0.9608635097493036,0.9434511358480818,49.0,31.0
ctranspath,nct-crc-100k,frozen,1,histology,linear,d4,logit_mean,0.9459424229166813,0.9607242339832869,0.9433314577956428,49.0,31.0
ctranspath,nct-crc-100k,frozen,1,histology,linear,d4,vote,0.9451764436788136,0.96016713091922,0.942625347265063,49.0,31.0
ctranspath,nct-crc-100k,frozen,1,histology,linear,d4,confidence,0.9445762132956745,0.9600278551532033,0.9422305909781481,49.0,31.0
ctranspath,nct-crc-100k,frozen,2,histology,linear,none,mean,0.941317368731688,0.9562674094707521,0.9380948880571977,,
ctranspath,nct-crc-100k,frozen,2,histology,linear,d4,mean,0.9436703708485115,0.9580779944289693,0.9401109461807771,47.0,34.0
ctranspath,nct-crc-100k,frozen,2,histology,linear,d4,logit_mean,0.9433614491763722,0.9576601671309192,0.9396644041348602,47.0,34.0
ctranspath,nct-crc-100k,frozen,2,histology,linear,d4,vote,0.9436144433147544,0.9579387186629527,0.9399660324236011,47.0,34.0
ctranspath,nct-crc-100k,frozen,2,histology,linear,d4,confidence,0.9433123280864807,0.957799442896936,0.9397811776990879,47.0,34.0
ctranspath,nct-crc-100k,frozen,3,histology,linear,none,mean,0.9408728241023048,0.9566852367688022,0.9381648989011594,,
ctranspath,nct-crc-100k,frozen,3,histology,linear,d4,mean,0.9462548894337603,0.9614206128133704,0.9437619955807932,59.0,25.0
ctranspath,nct-crc-100k,frozen,3,histology,linear,d4,logit_mean,0.9461475357032181,0.9612813370473537,0.9436424229953535,59.0,25.0
ctranspath,nct-crc-100k,frozen,3,histology,linear,d4,vote,0.9451674454333135,0.96016713091922,0.9426165694946705,59.0,25.0
ctranspath,nct-crc-100k,frozen,3,histology,linear,d4,confidence,0.9449669014721525,0.9603064066852368,0.9424070931776257,59.0,25.0
ctranspath,nct-crc-100k,frozen,42,histology,linear,none,mean,0.941941802160851,0.9573816155988858,0.9391066239674905,,
ctranspath,nct-crc-100k,frozen,42,histology,linear,d4,mean,0.9447246988207895,0.9594707520891365,0.9418645937739716,51.0,36.0
ctranspath,nct-crc-100k,frozen,42,histology,linear,d4,logit_mean,0.9447246988207895,0.9594707520891365,0.941752619691468,51.0,36.0
ctranspath,nct-crc-100k,frozen,42,histology,linear,d4,vote,0.9445575079499184,0.9587743732590529,0.9411933729770742,51.0,36.0
ctranspath,nct-crc-100k,frozen,42,histology,linear,d4,confidence,0.9436567017870092,0.9586350974930362,0.9407909358368474,51.0,36.0
ctranspath,nct-crc-100k,frozen,0,histology,mlp_1h,none,mean,0.9474903684058389,0.9541782729805014,0.943692246583161,,
ctranspath,nct-crc-100k,frozen,0,histology,mlp_1h,d4,mean,0.9516491123491715,0.9584958217270195,0.9480011829358695,74.0,43.0
ctranspath,nct-crc-100k,frozen,0,histology,mlp_1h,d4,logit_mean,0.9515589979038259,0.9583565459610028,0.9478687519231715,74.0,43.0
ctranspath,nct-crc-100k,frozen,0,histology,mlp_1h,d4,vote,0.9524333347687719,0.9594707520891365,0.9490513110592678,74.0,43.0
ctranspath,nct-crc-100k,frozen,0,histology,mlp_1h,d4,confidence,0.9515340876736533,0.9579387186629527,0.9475196535936292,74.0,43.0
ctranspath,nct-crc-100k,frozen,1,histology,mlp_1h,none,mean,0.9444305274384442,0.9554317548746518,0.9396432048001206,,
ctranspath,nct-crc-100k,frozen,1,histology,mlp_1h,d4,mean,0.9474110683881336,0.9575208913649025,0.9428917348183474,57.0,42.0
ctranspath,nct-crc-100k,frozen,1,histology,mlp_1h,d4,logit_mean,0.9476014648026152,0.957799442896936,0.943140088416563,57.0,42.0
ctranspath,nct-crc-100k,frozen,1,histology,mlp_1h,d4,vote,0.9481278160222804,0.957799442896936,0.9432674284367548,57.0,42.0
ctranspath,nct-crc-100k,frozen,1,histology,mlp_1h,d4,confidence,0.9473834562899026,0.9575208913649025,0.9429008640054666,57.0,42.0
ctranspath,nct-crc-100k,frozen,2,histology,mlp_1h,none,mean,0.947962018787454,0.9583565459610028,0.9448311098870545,,
ctranspath,nct-crc-100k,frozen,2,histology,mlp_1h,d4,mean,0.9505457163140468,0.9603064066852368,0.9471748027152737,54.0,40.0
ctranspath,nct-crc-100k,frozen,2,histology,mlp_1h,d4,logit_mean,0.9505457163140468,0.9603064066852368,0.9471748027152737,54.0,40.0
ctranspath,nct-crc-100k,frozen,2,histology,mlp_1h,d4,vote,0.9522488161956856,0.9616991643454039,0.9491803595340355,54.0,40.0
ctranspath,nct-crc-100k,frozen,2,histology,mlp_1h,d4,confidence,0.9508937428600939,0.9604456824512535,0.9473988338140522,54.0,40.0
ctranspath,nct-crc-100k,frozen,3,histology,mlp_1h,none,mean,0.9425107021083351,0.9515320334261839,0.9383865349391888,,
ctranspath,nct-crc-100k,frozen,3,histology,mlp_1h,d4,mean,0.9485993376522587,0.9575208913649025,0.944940968145296,83.0,40.0
ctranspath,nct-crc-100k,frozen,3,histology,mlp_1h,d4,logit_mean,0.9482209902811866,0.9572423398328691,0.9445487191783337,83.0,40.0
ctranspath,nct-crc-100k,frozen,3,histology,mlp_1h,d4,vote,0.9496279604272849,0.9583565459610028,0.9459820824138977,83.0,40.0
ctranspath,nct-crc-100k,frozen,3,histology,mlp_1h,d4,confidence,0.9460925394676328,0.955849582172702,0.9423487947668152,83.0,40.0
ctranspath,nct-crc-100k,frozen,42,histology,mlp_1h,none,mean,0.9445845643169741,0.9550139275766016,0.9409724645289652,,
ctranspath,nct-crc-100k,frozen,42,histology,mlp_1h,d4,mean,0.9479948358851161,0.9584958217270195,0.9450154292049984,65.0,40.0
ctranspath,nct-crc-100k,frozen,42,histology,mlp_1h,d4,logit_mean,0.9480586753957009,0.9584958217270195,0.9450124808526379,65.0,40.0
ctranspath,nct-crc-100k,frozen,42,histology,mlp_1h,d4,vote,0.9488932075530827,0.9587743732590529,0.9456583972836895,65.0,40.0
ctranspath,nct-crc-100k,frozen,42,histology,mlp_1h,d4,confidence,0.9464458035059385,0.9569637883008356,0.943264202929784,65.0,40.0
ctranspath,nct-crc-100k,frozen,0,histology,mlp_2h,none,mean,0.9441132949430769,0.9525069637883008,0.941246612029957,,
ctranspath,nct-crc-100k,frozen,0,histology,mlp_2h,d4,mean,0.9475901017091279,0.9566852367688022,0.9451995821033636,65.0,35.0
ctranspath,nct-crc-100k,frozen,0,histology,mlp_2h,d4,logit_mean,0.9478749756035673,0.9569637883008356,0.9455228188290712,65.0,35.0
ctranspath,nct-crc-100k,frozen,0,histology,mlp_2h,d4,vote,0.946873154017039,0.9561281337047354,0.9441279811080633,65.0,35.0
ctranspath,nct-crc-100k,frozen,0,histology,mlp_2h,d4,confidence,0.948038158266418,0.9564066852367687,0.9453452307692256,65.0,35.0
ctranspath,nct-crc-100k,frozen,1,histology,mlp_2h,none,mean,0.9519163379595952,0.9610027855153204,0.9486122134924864,,
ctranspath,nct-crc-100k,frozen,1,histology,mlp_2h,d4,mean,0.9536450511689077,0.9632311977715877,0.9502958184023007,58.0,42.0
ctranspath,nct-crc-100k,frozen,1,histology,mlp_2h,d4,logit_mean,0.953478702532126,0.963091922005571,0.9501406682476551,58.0,42.0
ctranspath,nct-crc-100k,frozen,1,histology,mlp_2h,d4,vote,0.9546864246574981,0.9639275766016713,0.951353663570257,58.0,42.0
ctranspath,nct-crc-100k,frozen,1,histology,mlp_2h,d4,confidence,0.9526518019039248,0.9625348189415042,0.9493282797120037,58.0,42.0
ctranspath,nct-crc-100k,frozen,2,histology,mlp_2h,none,mean,0.9535681510329371,0.9625348189415042,0.9509158840760394,,
ctranspath,nct-crc-100k,frozen,2,histology,mlp_2h,d4,mean,0.9550775540930103,0.9649025069637883,0.9528063299309015,52.0,35.0
ctranspath,nct-crc-100k,frozen,2,histology,mlp_2h,d4,logit_mean,0.9554559014640822,0.9651810584958217,0.9531946591254221,52.0,35.0
ctranspath,nct-crc-100k,frozen,2,histology,mlp_2h,d4,vote,0.9554100014573186,0.9644846796657381,0.9527767082756191,52.0,35.0
ctranspath,nct-crc-100k,frozen,2,histology,mlp_2h,d4,confidence,0.9542223659616358,0.9639275766016713,0.9518250145204045,52.0,35.0
ctranspath,nct-crc-100k,frozen,3,histology,mlp_2h,none,mean,0.9458008599156652,0.9504178272980501,0.9409523274801512,,
ctranspath,nct-crc-100k,frozen,3,histology,mlp_2h,d4,mean,0.9498550271164053,0.9544568245125348,0.9454118496664198,70.0,41.0
ctranspath,nct-crc-100k,frozen,3,histology,mlp_2h,d4,logit_mean,0.9500670258506957,0.9545961002785516,0.9456411374883318,70.0,41.0
ctranspath,nct-crc-100k,frozen,3,histology,mlp_2h,d4,vote,0.9508566410809836,0.9555710306406685,0.9464628239196071,70.0,41.0
ctranspath,nct-crc-100k,frozen,3,histology,mlp_2h,d4,confidence,0.9489150016052419,0.9532033426183844,0.9441164536833865,70.0,41.0
ctranspath,nct-crc-100k,frozen,42,histology,mlp_2h,none,mean,0.9490563017371278,0.9587743732590529,0.9464480342566866,,
ctranspath,nct-crc-100k,frozen,42,histology,mlp_2h,d4,mean,0.9535003894812587,0.9628133704735377,0.950819668573501,63.0,34.0
ctranspath,nct-crc-100k,frozen,42,histology,mlp_2h,d4,logit_mean,0.9537657580450762,0.963091922005571,0.9511479975747127,63.0,34.0
ctranspath,nct-crc-100k,frozen,42,histology,mlp_2h,d4,vote,0.9537224214672521,0.9629526462395543,0.951092367736109,63.0,34.0
ctranspath,nct-crc-100k,frozen,42,histology,mlp_2h,d4,confidence,0.9523871378353846,0.9618384401114206,0.949486251674201,63.0,34.0
dinov2_b,nct-crc-100k,frozen,0,general,knn_10,none,mean,0.8834904444158893,0.8993036211699165,0.8762141525087217,,
dinov2_b,nct-crc-100k,frozen,0,general,knn_10,d4,mean,0.8897165767552061,0.9054317548746518,0.8822173197315799,182.0,138.0
dinov2_b,nct-crc-100k,frozen,0,general,knn_5,none,mean,0.8724368806120597,0.8923398328690808,0.865604165015034,,
dinov2_b,nct-crc-100k,frozen,0,general,knn_5,d4,mean,0.8862122208908562,0.9048746518105849,0.8798373671545365,238.0,148.0
dinov2_b,nct-crc-100k,frozen,0,general,linear,none,mean,0.9070101424580701,0.9298050139275766,0.9045427191382642,,
dinov2_b,nct-crc-100k,frozen,0,general,linear,d4,mean,0.9114294716702038,0.9355153203342619,0.9106828075763878,106.0,65.0
dinov2_b,nct-crc-100k,frozen,0,general,linear,d4,logit_mean,0.9124851591866988,0.9360724233983287,0.9117101850625742,106.0,65.0
dinov2_b,nct-crc-100k,frozen,0,general,linear,d4,vote,0.910579835608631,0.9352367688022284,0.9089658016363504,106.0,65.0
dinov2_b,nct-crc-100k,frozen,0,general,linear,d4,confidence,0.9091793406230715,0.9346796657381615,0.9086117438625474,106.0,65.0
dinov2_b,nct-crc-100k,frozen,1,general,linear,none,mean,0.9080245579809563,0.9317548746518106,0.9069588272515036,,
dinov2_b,nct-crc-100k,frozen,1,general,linear,d4,mean,0.9139233285984706,0.9383008356545961,0.9137605171236962,107.0,60.0
dinov2_b,nct-crc-100k,frozen,1,general,linear,d4,logit_mean,0.9153398609319385,0.9392757660167131,0.9151983673771894,107.0,60.0
dinov2_b,nct-crc-100k,frozen,1,general,linear,d4,vote,0.9124549117232905,0.9376044568245125,0.9121212131067321,107.0,60.0
dinov2_b,nct-crc-100k,frozen,1,general,linear,d4,confidence,0.9119082557166246,0.9371866295264624,0.9119215398949202,107.0,60.0
dinov2_b,nct-crc-100k,frozen,2,general,linear,none,mean,0.9055208787975251,0.9292479108635098,0.9049095077089494,,
dinov2_b,nct-crc-100k,frozen,2,general,linear,d4,mean,0.9123686740361945,0.9355153203342619,0.9125030943240355,116.0,71.0
dinov2_b,nct-crc-100k,frozen,2,general,linear,d4,logit_mean,0.9134572693864585,0.9362116991643454,0.9134738375623387,116.0,71.0
dinov2_b,nct-crc-100k,frozen,2,general,linear,d4,vote,0.9109136027474727,0.934958217270195,0.9107683632695929,116.0,71.0
dinov2_b,nct-crc-100k,frozen,2,general,linear,d4,confidence,0.9133580429983221,0.9363509749303621,0.9133579523809069,116.0,71.0
dinov2_b,nct-crc-100k,frozen,3,general,linear,none,mean,0.9038116824112468,0.9268802228412256,0.9017837982166529,,
dinov2_b,nct-crc-100k,frozen,3,general,linear,d4,mean,0.9098196538682612,0.9334261838440111,0.908061231073174,111.0,64.0
dinov2_b,nct-crc-100k,frozen,3,general,linear,d4,logit_mean,0.9105301719750916,0.9342618384401115,0.9089804226411675,111.0,64.0
dinov2_b,nct-crc-100k,frozen,3,general,linear,d4,vote,0.9087640167604799,0.9331476323119777,0.9068363525699186,111.0,64.0
dinov2_b,nct-crc-100k,frozen,3,general,linear,d4,confidence,0.9067778292289486,0.932033426183844,0.9055330329441124,111.0,64.0
dinov2_b,nct-crc-100k,frozen,42,general,linear,none,mean,0.9122861308350827,0.9356545961002786,0.9110952925453785,,
dinov2_b,nct-crc-100k,frozen,42,general,linear,d4,mean,0.914732581905125,0.9384401114206128,0.9139096358157328,97.0,77.0
dinov2_b,nct-crc-100k,frozen,42,general,linear,d4,logit_mean,0.9157202012717358,0.9395543175487465,0.9149987288196435,97.0,77.0
dinov2_b,nct-crc-100k,frozen,42,general,linear,d4,vote,0.9128022783890325,0.9371866295264624,0.9116329278063886,97.0,77.0
dinov2_b,nct-crc-100k,frozen,42,general,linear,d4,confidence,0.9134227944990463,0.9377437325905292,0.9125402885691156,97.0,77.0
dinov2_b,nct-crc-100k,frozen,0,general,mlp_1h,none,mean,0.9204504958990649,0.9427576601671309,0.9214837128548362,,
dinov2_b,nct-crc-100k,frozen,0,general,mlp_1h,d4,mean,0.9269398424508231,0.9488857938718663,0.9281215029131532,97.0,53.0
dinov2_b,nct-crc-100k,frozen,0,general,mlp_1h,d4,logit_mean,0.9269424566434746,0.9487465181058495,0.9282674650452187,97.0,53.0
dinov2_b,nct-crc-100k,frozen,0,general,mlp_1h,d4,vote,0.9259981902720145,0.9477715877437326,0.9267940475855343,97.0,53.0
dinov2_b,nct-crc-100k,frozen,0,general,mlp_1h,d4,confidence,0.9246618908244019,0.947075208913649,0.925699499953222,97.0,53.0
dinov2_b,nct-crc-100k,frozen,1,general,mlp_1h,none,mean,0.917655002020534,0.9367688022284123,0.9155214645588384,,
dinov2_b,nct-crc-100k,frozen,1,general,mlp_1h,d4,mean,0.9255369650594386,0.9445682451253482,0.9238900798250315,107.0,51.0
dinov2_b,nct-crc-100k,frozen,1,general,mlp_1h,d4,logit_mean,0.9257245988716806,0.9447075208913649,0.9238101944313297,107.0,51.0
dinov2_b,nct-crc-100k,frozen,1,general,mlp_1h,d4,vote,0.9261490643102199,0.9456824512534819,0.9248378277728843,107.0,51.0
dinov2_b,nct-crc-100k,frozen,1,general,mlp_1h,d4,confidence,0.9247847176658923,0.9438718662952646,0.9230829765239267,107.0,51.0
dinov2_b,nct-crc-100k,frozen,2,general,mlp_1h,none,mean,0.9236076681300838,0.9413649025069638,0.9209920256368602,,
dinov2_b,nct-crc-100k,frozen,2,general,mlp_1h,d4,mean,0.9301109622989583,0.9484679665738162,0.9284731370648449,112.0,61.0
dinov2_b,nct-crc-100k,frozen,2,general,mlp_1h,d4,logit_mean,0.9305930646801871,0.9486072423398328,0.9288037354888213,112.0,61.0
dinov2_b,nct-crc-100k,frozen,2,general,mlp_1h,d4,vote,0.9312344905265346,0.949025069637883,0.9293602639403508,112.0,61.0
dinov2_b,nct-crc-100k,frozen,2,general,mlp_1h,d4,confidence,0.929016279429779,0.9484679665738162,0.9279219086127518,112.0,61.0
dinov2_b,nct-crc-100k,frozen,3,general,mlp_1h,none,mean,0.9114896262105739,0.9342618384401115,0.9108406499241606,,
dinov2_b,nct-crc-100k,frozen,3,general,mlp_1h,d4,mean,0.9189425400847233,0.9419220055710307,0.9187628723625964,121.0,66.0
dinov2_b,nct-crc-100k,frozen,3,general,mlp_1h,d4,logit_mean,0.919022780713721,0.9419220055710307,0.9188120192778302,121.0,66.0
dinov2_b,nct-crc-100k,frozen,3,general,mlp_1h,d4,vote,0.9189956998511448,0.942200557103064,0.9186329856190193,121.0,66.0
dinov2_b,nct-crc-100k,frozen,3,general,mlp_1h,d4,confidence,0.9186695571688648,0.9416434540389972,0.9185111968033826,121.0,66.0
dinov2_b,nct-crc-100k,frozen,42,general,mlp_1h,none,mean,0.9163418049842735,0.9385793871866295,0.9163950559946338,,
dinov2_b,nct-crc-100k,frozen,42,general,mlp_1h,d4,mean,0.9226434409327289,0.9445682451253482,0.9227783462912463,103.0,60.0
dinov2_b,nct-crc-100k,frozen,42,general,mlp_1h,d4,logit_mean,0.9231142925612598,0.9449860724233984,0.9234750444452031,103.0,60.0
dinov2_b,nct-crc-100k,frozen,42,general,mlp_1h,d4,vote,0.9216253538351287,0.9447075208913649,0.9218673964428759,103.0,60.0
dinov2_b,nct-crc-100k,frozen,42,general,mlp_1h,d4,confidence,0.9216404162679491,0.9440111420612813,0.9220756810839686,103.0,60.0
dinov2_b,nct-crc-100k,frozen,0,general,mlp_2h,none,mean,0.9135369325646211,0.9331476323119777,0.9115806800423089,,
dinov2_b,nct-crc-100k,frozen,0,general,mlp_2h,d4,mean,0.9214485568196699,0.9392757660167131,0.9189852895467249,103.0,59.0
dinov2_b,nct-crc-100k,frozen,0,general,mlp_2h,d4,logit_mean,0.9203633833382475,0.938857938718663,0.9181823474236988,103.0,59.0
dinov2_b,nct-crc-100k,frozen,0,general,mlp_2h,d4,vote,0.9233992582211094,0.9416434540389972,0.9213939074012172,103.0,59.0
dinov2_b,nct-crc-100k,frozen,0,general,mlp_2h,d4,confidence,0.9198375236865414,0.9384401114206128,0.9174277268897839,103.0,59.0
dinov2_b,nct-crc-100k,frozen,1,general,mlp_2h,none,mean,0.9150784162947342,0.9398328690807799,0.9164562522080222,,
dinov2_b,nct-crc-100k,frozen,1,general,mlp_2h,d4,mean,0.9255472564358794,0.9481894150417828,0.9271905076184542,100.0,40.0
dinov2_b,nct-crc-100k,frozen,1,general,mlp_2h,d4,logit_mean,0.9255791551893048,0.9483286908077995,0.9272915174691252,100.0,40.0
dinov2_b,nct-crc-100k,frozen,1,general,mlp_2h,d4,vote,0.9250438200217719,0.9483286908077995,0.926435082112024,100.0,40.0
dinov2_b,nct-crc-100k,frozen,1,general,mlp_2h,d4,confidence,0.9235139749613737,0.9467966573816156,0.9250132306797878,100.0,40.0
dinov2_b,nct-crc-100k,frozen,2,general,mlp_2h,none,mean,0.9125986580658386,0.9302228412256267,0.9110269290279978,,
dinov2_b,nct-crc-100k,frozen,2,general,mlp_2h,d4,mean,0.9192554498328023,0.9373259052924791,0.9176932792522481,120.0,69.0
dinov2_b,nct-crc-100k,frozen,2,general,mlp_2h,d4,logit_mean,0.9200159810717532,0.9380222841225627,0.918519811363299,120.0,69.0
dinov2_b,nct-crc-100k,frozen,2,general,mlp_2h,d4,vote,0.9226980494207431,0.9399721448467967,0.9211775869661003,120.0,69.0
dinov2_b,nct-crc-100k,frozen,2,general,mlp_2h,d4,confidence,0.9200106159395554,0.9385793871866295,0.918864628736088,120.0,69.0
dinov2_b,nct-crc-100k,frozen,3,general,mlp_2h,none,mean,0.9127943242696307,0.9295264623955432,0.908079484756061,,
dinov2_b,nct-crc-100k,frozen,3,general,mlp_2h,d4,mean,0.9196113836271608,0.9378830083565459,0.9159056004456758,116.0,56.0
dinov2_b,nct-crc-100k,frozen,3,general,mlp_2h,d4,logit_mean,0.9188529493773966,0.9370473537604457,0.9150944852420237,116.0,56.0
dinov2_b,nct-crc-100k,frozen,3,general,mlp_2h,d4,vote,0.9219617106322541,0.9387186629526463,0.9174659319636569,116.0,56.0
dinov2_b,nct-crc-100k,frozen,3,general,mlp_2h,d4,confidence,0.9178194869440843,0.9362116991643454,0.9141108330241935,116.0,56.0
dinov2_b,nct-crc-100k,frozen,42,general,mlp_2h,none,mean,0.9121905055516295,0.933983286908078,0.9099243209246457,,
dinov2_b,nct-crc-100k,frozen,42,general,mlp_2h,d4,mean,0.921513034493162,0.9428969359331476,0.9202222787298192,124.0,60.0
dinov2_b,nct-crc-100k,frozen,42,general,mlp_2h,d4,logit_mean,0.9222260450745936,0.9434540389972145,0.9208406700205541,124.0,60.0
dinov2_b,nct-crc-100k,frozen,42,general,mlp_2h,d4,vote,0.9205000665798191,0.942200557103064,0.9187562492297927,124.0,60.0
dinov2_b,nct-crc-100k,frozen,42,general,mlp_2h,d4,confidence,0.922638760056855,0.9438718662952646,0.9217733585233605,124.0,60.0
dinov2_s,nct-crc-100k,frozen,0,general,knn_10,none,mean,0.8746873624056577,0.8877437325905293,0.8638683396205082,,
dinov2_s,nct-crc-100k,frozen,0,general,knn_10,d4,mean,0.8836885627471732,0.8954038997214485,0.8718399822876763,221.0,166.0
dinov2_s,nct-crc-100k,frozen,0,general,knn_5,none,mean,0.8642167912404771,0.879108635097493,0.8520751205888971,,
dinov2_s,nct-crc-100k,frozen,0,general,knn_5,d4,mean,0.8756583918516503,0.8881615598885794,0.8638622701685148,271.0,206.0
dinov2_s,nct-crc-100k,frozen,0,general,linear,none,mean,0.908172550258916,0.9288300835654596,0.9031621174749268,,
dinov2_s,nct-crc-100k,frozen,0,general,linear,d4,mean,0.9131130500299629,0.9344011142061281,0.9086192942399314,117.0,77.0
dinov2_s,nct-crc-100k,frozen,0,general,linear,d4,logit_mean,0.9130964610492592,0.9341225626740947,0.908475098537184,117.0,77.0
dinov2_s,nct-crc-100k,frozen,0,general,linear,d4,vote,0.9105435462576162,0.9324512534818942,0.9054446099553027,117.0,77.0
dinov2_s,nct-crc-100k,frozen,0,general,linear,d4,confidence,0.9112766304442881,0.9331476323119777,0.907274006239223,117.0,77.0
dinov2_s,nct-crc-100k,frozen,1,general,linear,none,mean,0.9114771423632687,0.932033426183844,0.9070554822653505,,
dinov2_s,nct-crc-100k,frozen,1,general,linear,d4,mean,0.9183612778651408,0.938857938718663,0.9148212997381184,118.0,69.0
dinov2_s,nct-crc-100k,frozen,1,general,linear,d4,logit_mean,0.9176726716584596,0.9383008356545961,0.9141579973416144,118.0,69.0
dinov2_s,nct-crc-100k,frozen,1,general,linear,d4,vote,0.9156059447682908,0.9370473537604457,0.9117402503572303,118.0,69.0
dinov2_s,nct-crc-100k,frozen,1,general,linear,d4,confidence,0.9158511323174489,0.9366295264623955,0.912315543199941,118.0,69.0
dinov2_s,nct-crc-100k,frozen,2,general,linear,none,mean,0.9064332001966144,0.9268802228412256,0.90133631289797,,
dinov2_s,nct-crc-100k,frozen,2,general,linear,d4,mean,0.9146681329285548,0.9362116991643454,0.9111399786694397,145.0,78.0
dinov2_s,nct-crc-100k,frozen,2,general,linear,d4,logit_mean,0.9153866363701864,0.9366295264623955,0.9119962644028006,145.0,78.0
dinov2_s,nct-crc-100k,frozen,2,general,linear,d4,vote,0.9118084498042118,0.9337047353760446,0.907576805830905,145.0,78.0
dinov2_s,nct-crc-100k,frozen,2,general,linear,d4,confidence,0.9129787595922283,0.9345403899721448,0.9095862562817744,145.0,78.0
dinov2_s,nct-crc-100k,frozen,3,general,linear,none,mean,0.9086111427898356,0.9277158774373259,0.9039373179471344,,
dinov2_s,nct-crc-100k,frozen,3,general,linear,d4,mean,0.9177391840258883,0.9371866295264624,0.9142356099901361,145.0,77.0
dinov2_s,nct-crc-100k,frozen,3,general,linear,d4,logit_mean,0.9182641198840417,0.9377437325905292,0.9148182023226662,145.0,77.0
dinov2_s,nct-crc-100k,frozen,3,general,linear,d4,vote,0.9130115464003536,0.9335654596100279,0.9086793980380246,145.0,77.0
dinov2_s,nct-crc-100k,frozen,3,general,linear,d4,confidence,0.9161270259718837,0.9356545961002786,0.9129543048452169,145.0,77.0
dinov2_s,nct-crc-100k,frozen,42,general,linear,none,mean,0.9023226470194827,0.925208913649025,0.8980683696490076,,
dinov2_s,nct-crc-100k,frozen,42,general,linear,d4,mean,0.9107612493999161,0.9344011142061281,0.908049502121353,150.0,84.0
dinov2_s,nct-crc-100k,frozen,42,general,linear,d4,logit_mean,0.9103966918528241,0.9338440111420613,0.9073935087245893,150.0,84.0
dinov2_s,nct-crc-100k,frozen,42,general,linear,d4,vote,0.9077062230526047,0.9317548746518106,0.9036278903141377,150.0,84.0
dinov2_s,nct-crc-100k,frozen,42,general,linear,d4,confidence,0.9114646779605631,0.9335654596100279,0.9077547600931712,150.0,84.0
dinov2_s,nct-crc-100k,frozen,0,general,mlp_1h,none,mean,0.9112496262795443,0.9313370473537604,0.9080995732806948,,
dinov2_s,nct-crc-100k,frozen,0,general,mlp_1h,d4,mean,0.9203382446012704,0.9412256267409471,0.9192650189159196,133.0,62.0
dinov2_s,nct-crc-100k,frozen,0,general,mlp_1h,d4,logit_mean,0.921889582157097,0.942200557103064,0.9208973158403659,133.0,62.0
dinov2_s,nct-crc-100k,frozen,0,general,mlp_1h,d4,vote,0.9184944854022308,0.9401114206128134,0.9166498965123547,133.0,62.0
dinov2_s,nct-crc-100k,frozen,0,general,mlp_1h,d4,confidence,0.9193738217158162,0.9401114206128134,0.9179948317110284,133.0,62.0
dinov2_s,nct-crc-100k,frozen,1,general,mlp_1h,none,mean,0.9148696745924041,0.93008356545961,0.9097388243088567,,
dinov2_s,nct-crc-100k,frozen,1,general,mlp_1h,d4,mean,0.9196040788542708,0.9362116991643454,0.9152310038738966,141.0,97.0
dinov2_s,nct-crc-100k,frozen,1,general,mlp_1h,d4,logit_mean,0.9194312313053259,0.9363509749303621,0.9149624081779236,141.0,97.0
dinov2_s,nct-crc-100k,frozen,1,general,mlp_1h,d4,vote,0.9206700900417589,0.9380222841225627,0.91635396716973,141.0,97.0
dinov2_s,nct-crc-100k,frozen,1,general,mlp_1h,d4,confidence,0.914094579251945,0.9331476323119777,0.9099827962677143,141.0,97.0
dinov2_s,nct-crc-100k,frozen,2,general,mlp_1h,none,mean,0.9146694245332083,0.9350974930362117,0.9133780161676381,,
dinov2_s,nct-crc-100k,frozen,2,general,mlp_1h,d4,mean,0.9219232620357593,0.9431754874651811,0.9223362199813206,142.0,84.0
dinov2_s,nct-crc-100k,frozen,2,general,mlp_1h,d4,logit_mean,0.9221080333735284,0.9435933147632312,0.9224360812181202,142.0,84.0
dinov2_s,nct-crc-100k,frozen,2,general,mlp_1h,d4,vote,0.9219931597129486,0.944150417827298,0.922341265158144,142.0,84.0
dinov2_s,nct-crc-100k,frozen,2,general,mlp_1h,d4,confidence,0.9199724380016596,0.9423398328690807,0.9200135919592705,142.0,84.0
dinov2_s,nct-crc-100k,frozen,3,general,mlp_1h,none,mean,0.9102965909934186,0.9316155988857938,0.9077612265822415,,
dinov2_s,nct-crc-100k,frozen,3,general,mlp_1h,d4,mean,0.9243379966581498,0.9440111420612813,0.9235818458248617,138.0,49.0
dinov2_s,nct-crc-100k,frozen,3,general,mlp_1h,d4,logit_mean,0.9233406537434011,0.943732590529248,0.9227049879898759,138.0,49.0
dinov2_s,nct-crc-100k,frozen,3,general,mlp_1h,d4,vote,0.9204519426961131,0.9416434540389972,0.9195501717030505,138.0,49.0
dinov2_s,nct-crc-100k,frozen,3,general,mlp_1h,d4,confidence,0.920211656130959,0.9415041782729805,0.9195495736029619,138.0,49.0
dinov2_s,nct-crc-100k,frozen,42,general,mlp_1h,none,mean,0.9116363487371567,0.9274373259052925,0.9050117773123935,,
dinov2_s,nct-crc-100k,frozen,42,general,mlp_1h,d4,mean,0.9236492022080276,0.9401114206128134,0.9193974487615731,166.0,75.0
dinov2_s,nct-crc-100k,frozen,42,general,mlp_1h,d4,logit_mean,0.9230659278640716,0.9396935933147632,0.9188136172196278,166.0,75.0
dinov2_s,nct-crc-100k,frozen,42,general,mlp_1h,d4,vote,0.9232610439833587,0.9398328690807799,0.9180179972320399,166.0,75.0
dinov2_s,nct-crc-100k,frozen,42,general,mlp_1h,d4,confidence,0.9213208760860218,0.9389972144846797,0.9172376765548051,166.0,75.0
dinov2_s,nct-crc-100k,frozen,0,general,mlp_2h,none,mean,0.9084955649326449,0.9249303621169916,0.9038237014486934,,
dinov2_s,nct-crc-100k,frozen,0,general,mlp_2h,d4,mean,0.9141069837459336,0.9306406685236769,0.9108925323400793,128.0,87.0
dinov2_s,nct-crc-100k,frozen,0,general,mlp_2h,d4,logit_mean,0.9128307174653957,0.93008356545961,0.9099725909733655,128.0,87.0
dinov2_s,nct-crc-100k,frozen,0,general,mlp_2h,d4,vote,0.9144159504529631,0.9325905292479109,0.9112790516523391,128.0,87.0
dinov2_s,nct-crc-100k,frozen,0,general,mlp_2h,d4,confidence,0.9117227080531463,0.9293871866295265,0.9090129206407759,128.0,87.0
dinov2_s,nct-crc-100k,frozen,1,general,mlp_2h,none,mean,0.9211365826017768,0.9338440111420613,0.9157650354867902,,
dinov2_s,nct-crc-100k,frozen,1,general,mlp_2h,d4,mean,0.9277733937262069,0.9412256267409471,0.9242449994922107,133.0,80.0
dinov2_s,nct-crc-100k,frozen,1,general,mlp_2h,d4,logit_mean,0.9264110505829978,0.9402506963788301,0.9229360814870863,133.0,80.0
dinov2_s,nct-crc-100k,frozen,1,general,mlp_2h,d4,vote,0.9236500433371503,0.9391364902506963,0.9204102750742569,133.0,80.0
dinov2_s,nct-crc-100k,frozen,1,general,mlp_2h,d4,confidence,0.9255852023181972,0.9401114206128134,0.9221388419799523,133.0,80.0
dinov2_s,nct-crc-100k,frozen,2,general,mlp_2h,none,mean,0.8798100104659502,0.8977715877437326,0.8694698448491653,,
dinov2_s,nct-crc-100k,frozen,2,general,mlp_2h,d4,mean,0.8906935978227087,0.9057103064066853,0.8798758753440471,174.0,117.0
dinov2_s,nct-crc-100k,frozen,2,general,mlp_2h,d4,logit_mean,0.891102078156515,0.905849582172702,0.8802675144931715,174.0,117.0
dinov2_s,nct-crc-100k,frozen,2,general,mlp_2h,d4,vote,0.8866541738616438,0.9043175487465182,0.87520266453613,174.0,117.0
dinov2_s,nct-crc-100k,frozen,2,general,mlp_2h,d4,confidence,0.8884342791463511,0.9026462395543176,0.8770333632288038,174.0,117.0
dinov2_s,nct-crc-100k,frozen,3,general,mlp_2h,none,mean,0.9053683254532235,0.9305013927576602,0.9034918374843102,,
dinov2_s,nct-crc-100k,frozen,3,general,mlp_2h,d4,mean,0.916831369441516,0.9415041782729805,0.9171885400167192,146.0,67.0
dinov2_s,nct-crc-100k,frozen,3,general,mlp_2h,d4,logit_mean,0.917816059549649,0.942200557103064,0.9180565554595559,146.0,67.0
dinov2_s,nct-crc-100k,frozen,3,general,mlp_2h,d4,vote,0.9150900936450045,0.9406685236768803,0.91506988593656,146.0,67.0
dinov2_s,nct-crc-100k,frozen,3,general,mlp_2h,d4,confidence,0.9138342821757879,0.9396935933147632,0.9139503340763285,146.0,67.0
dinov2_s,nct-crc-100k,frozen,42,general,mlp_2h,none,mean,0.9148994290008345,0.9363509749303621,0.9125058859977374,,
dinov2_s,nct-crc-100k,frozen,42,general,mlp_2h,d4,mean,0.926555785908654,0.9477715877437326,0.9257516150752342,147.0,65.0
dinov2_s,nct-crc-100k,frozen,42,general,mlp_2h,d4,logit_mean,0.9261616312352405,0.9473537604456824,0.9254689799459962,147.0,65.0
dinov2_s,nct-crc-100k,frozen,42,general,mlp_2h,d4,vote,0.921977933135562,0.944150417827298,0.9202587422553533,147.0,65.0
dinov2_s,nct-crc-100k,frozen,42,general,mlp_2h,d4,confidence,0.9229890628138424,0.9445682451253482,0.9217421445136169,147.0,65.0
gigapath,nct-crc-100k,frozen,0,histology,knn_10,none,mean,0.9393864197555382,0.9562674094707521,0.9352640769881523,,
gigapath,nct-crc-100k,frozen,0,histology,knn_10,d4,mean,0.9414222358235809,0.9576601671309192,0.9373283632165753,23.0,13.0
gigapath,nct-crc-100k,frozen,0,histology,knn_5,none,mean,0.9403111270906526,0.9566852367688022,0.9357223697096543,,
gigapath,nct-crc-100k,frozen,0,histology,knn_5,d4,mean,0.9410213543882586,0.9572423398328691,0.9363759628219448,22.0,18.0
gigapath,nct-crc-100k,frozen,0,histology,linear,none,mean,0.9544874795206714,0.9614206128133704,0.9499401276840579,,
gigapath,nct-crc-100k,frozen,0,histology,linear,d4,mean,0.9554328508258122,0.9632311977715877,0.9512919661623914,42.0,29.0
gigapath,nct-crc-100k,frozen,0,histology,linear,d4,logit_mean,0.955057475450437,0.9629526462395543,0.9508995849244959,42.0,29.0
gigapath,nct-crc-100k,frozen,0,histology,linear,d4,vote,0.9559073313280256,0.9642061281337048,0.9522381176057897,42.0,29.0
gigapath,nct-crc-100k,frozen,0,histology,linear,d4,confidence,0.9552629289611265,0.9628133704735377,0.9509096559543644,42.0,29.0
gigapath,nct-crc-100k,frozen,1,histology,linear,none,mean,0.9530204359112978,0.966016713091922,0.9505317263877918,,
gigapath,nct-crc-100k,frozen,1,histology,linear,d4,mean,0.9545930513638198,0.9672701949860725,0.9520334290385902,29.0,20.0
gigapath,nct-crc-100k,frozen,1,histology,linear,d4,logit_mean,0.9548569732429437,0.9674094707520892,0.9522339817906946,29.0,20.0
gigapath,nct-crc-100k,frozen,1,histology,linear,d4,vote,0.9530938633820027,0.966016713091922,0.9503443568260254,29.0,20.0
gigapath,nct-crc-100k,frozen,1,histology,linear,d4,confidence,0.9552282488526096,0.9676880222841225,0.9525415112912126,29.0,20.0
gigapath,nct-crc-100k,frozen,2,histology,linear,none,mean,0.9482251617725256,0.9552924791086351,0.9430733353274677,,
gigapath,nct-crc-100k,frozen,2,histology,linear,d4,mean,0.9497823035392253,0.9568245125348189,0.944527066634183,45.0,34.0
gigapath,nct-crc-100k,frozen,2,histology,linear,d4,logit_mean,0.9502193825476343,0.9572423398328691,0.9449868193634648,45.0,34.0
gigapath,nct-crc-100k,frozen,2,histology,linear,d4,vote,0.9505199924062833,0.9584958217270195,0.9457766231564759,45.0,34.0
gigapath,nct-crc-100k,frozen,2,histology,linear,d4,confidence,0.9496462757274686,0.9568245125348189,0.9444624348939326,45.0,34.0
gigapath,nct-crc-100k,frozen,3,histology,linear,none,mean,0.953375876602455,0.962116991643454,0.9495158693184145,,
gigapath,nct-crc-100k,frozen,3,histology,linear,d4,mean,0.9525749813888881,0.9622562674094708,0.9488739730355069,37.0,36.0
gigapath,nct-crc-100k,frozen,3,histology,linear,d4,logit_mean,0.9526580240728274,0.9623955431754875,0.9489931184643522,37.0,36.0
gigapath,nct-crc-100k,frozen,3,histology,linear,d4,vote,0.953897785884194,0.9637883008356546,0.950422201993303,37.0,36.0
gigapath,nct-crc-100k,frozen,3,histology,linear,d4,confidence,0.9536679466324995,0.9633704735376044,0.9500700664583294,37.0,36.0
gigapath,nct-crc-100k,frozen,42,histology,linear,none,mean,0.9553645232373802,0.9643454038997215,0.9519108057869707,,
gigapath,nct-crc-100k,frozen,42,histology,linear,d4,mean,0.9567155055431193,0.966016713091922,0.9534027829298505,42.0,30.0
gigapath,nct-crc-100k,frozen,42,histology,linear,d4,logit_mean,0.9564515836639956,0.9658774373259053,0.9531706559820614,42.0,30.0
gigapath,nct-crc-100k,frozen,42,histology,linear,d4,vote,0.957286027403179,0.9662952646239554,0.9540024411906782,42.0,30.0
gigapath,nct-crc-100k,frozen,42,histology,linear,d4,confidence,0.9563178775434422,0.9661559888579387,0.953187264417362,42.0,30.0
gigapath,nct-crc-100k,frozen,0,histology,mlp_1h,none,mean,0.9532971076530488,0.9612813370473537,0.9483171195805036,,
gigapath,nct-crc-100k,frozen,0,histology,mlp_1h,d4,mean,0.9514502883322942,0.96016713091922,0.9460680964492898,28.0,36.0
gigapath,nct-crc-100k,frozen,0,histology,mlp_1h,d4,logit_mean,0.9514432165708882,0.96016713091922,0.9460674477774457,28.0,36.0
gigapath,nct-crc-100k,frozen,0,histology,mlp_1h,d4,vote,0.9522726469709664,0.9610027855153204,0.9469496178567574,28.0,36.0
gigapath,nct-crc-100k,frozen,0,histology,mlp_1h,d4,confidence,0.952303107298206,0.9610027855153204,0.9470145303030341,28.0,36.0
gigapath,nct-crc-100k,frozen,1,histology,mlp_1h,none,mean,0.9528869413660923,0.9616991643454039,0.9488572859169074,,
gigapath,nct-crc-100k,frozen,1,histology,mlp_1h,d4,mean,0.9538882697947471,0.9633704735376044,0.9500136434764337,37.0,25.0
gigapath,nct-crc-100k,frozen,1,histology,mlp_1h,d4,logit_mean,0.9538882697947471,0.9633704735376044,0.9500136434764337,37.0,25.0
gigapath,nct-crc-100k,frozen,1,histology,mlp_1h,d4,vote,0.9537282031126638,0.9636490250696379,0.9502004940344645,37.0,25.0
gigapath,nct-crc-100k,frozen,1,histology,mlp_1h,d4,confidence,0.953721534122375,0.9633704735376044,0.9498921288570598,37.0,25.0
gigapath,nct-crc-100k,frozen,2,histology,mlp_1h,none,mean,0.9481483618798797,0.9573816155988858,0.9431655010818716,,
gigapath,nct-crc-100k,frozen,2,histology,mlp_1h,d4,mean,0.9483604293425911,0.958217270194986,0.9435857314880354,37.0,31.0
gigapath,nct-crc-100k,frozen,2,histology,mlp_1h,d4,logit_mean,0.947923350334182,0.957799442896936,0.9431810856241766,37.0,31.0
gigapath,nct-crc-100k,frozen,2,histology,mlp_1h,d4,vote,0.9483460225508763,0.9583565459610028,0.9436020719881694,37.0,31.0
gigapath,nct-crc-100k,frozen,2,histology,mlp_1h,d4,confidence,0.94844709432672,0.9580779944289693,0.9435051035761877,37.0,31.0
gigapath,nct-crc-100k,frozen,3,histology,mlp_1h,none,mean,0.9542861203760755,0.9651810584958217,0.9515576819257103,,
gigapath,nct-crc-100k,frozen,3,histology,mlp_1h,d4,mean,0.9549500992413864,0.9655988857938719,0.9517138531722973,30.0,27.0
gigapath,nct-crc-100k,frozen,3,histology,mlp_1h,d4,logit_mean,0.9546861773622628,0.9654596100278552,0.9514817680871361,30.0,27.0
gigapath,nct-crc-100k,frozen,3,histology,mlp_1h,d4,vote,0.9547072531442661,0.9655988857938719,0.9515949343123649,30.0,27.0
gigapath,nct-crc-100k,frozen,3,histology,mlp_1h,d4,confidence,0.9550686244990442,0.9657381615598886,0.9518699213957641,30.0,27.0
gigapath,nct-crc-100k,frozen,42,histology,mlp_1h,none,mean,0.9507516299961307,0.9608635097493036,0.9470538949954341,,
gigapath,nct-crc-100k,frozen,42,histology,mlp_1h,d4,mean,0.9520649794270675,0.9619777158774373,0.9482732518270726,29.0,21.0
gigapath,nct-crc-100k,frozen,42,histology,mlp_1h,d4,logit_mean,0.952411943990131,0.9622562674094708,0.9486191522328566,29.0,21.0
gigapath,nct-crc-100k,frozen,42,histology,mlp_1h,d4,vote,0.952169361161913,0.962116991643454,0.9483797858404466,29.0,21.0
gigapath,nct-crc-100k,frozen,42,histology,mlp_1h,d4,confidence,0.9534147947883969,0.9632311977715877,0.9498085015257449,29.0,21.0
gigapath,nct-crc-100k,frozen,0,histology,mlp_2h,none,mean,0.9516714760283437,0.9591922005571031,0.9479299601177732,,
gigapath,nct-crc-100k,frozen,0,histology,mlp_2h,d4,mean,0.9534618367246757,0.9608635097493036,0.9497310910972607,39.0,27.0
gigapath,nct-crc-100k,frozen,0,histology,mlp_2h,d4,logit_mean,0.9534618367246757,0.9608635097493036,0.9497310910972607,39.0,27.0
gigapath,nct-crc-100k,frozen,0,histology,mlp_2h,d4,vote,0.9531566366900288,0.9610027855153204,0.9496795258504558,39.0,27.0
gigapath,nct-crc-100k,frozen,0,histology,mlp_2h,d4,confidence,0.9536266600504545,0.9611420612813371,0.9497742415212969,39.0,27.0
gigapath,nct-crc-100k,frozen,1,histology,mlp_2h,none,mean,0.9572473227020369,0.9644846796657381,0.955433125504001,,
gigapath,nct-crc-100k,frozen,1,histology,mlp_2h,d4,mean,0.9606265520515362,0.9678272980501392,0.959132835277745,40.0,16.0
gigapath,nct-crc-100k,frozen,1,histology,mlp_2h,d4,logit_mean,0.9609215934697661,0.9681058495821727,0.9594752421179198,40.0,16.0
gigapath,nct-crc-100k,frozen,1,histology,mlp_2h,d4,vote,0.960727754167561,0.9683844011142061,0.959564427866267,40.0,16.0
gigapath,nct-crc-100k,frozen,1,histology,mlp_2h,d4,confidence,0.9610285987316036,0.9678272980501392,0.9593677668775614,40.0,16.0
gigapath,nct-crc-100k,frozen,2,histology,mlp_2h,none,mean,0.9522401546299323,0.9605849582172702,0.9483720711048229,,
gigapath,nct-crc-100k,frozen,2,histology,mlp_2h,d4,mean,0.9525878110057661,0.9605849582172702,0.9481629603841291,30.0,30.0
gigapath,nct-crc-100k,frozen,2,histology,mlp_2h,d4,logit_mean,0.9528689721700866,0.9607242339832869,0.9482832581684332,30.0,30.0
gigapath,nct-crc-100k,frozen,2,histology,mlp_2h,d4,vote,0.9520742345370186,0.9603064066852368,0.9477121632488849,30.0,30.0
gigapath,nct-crc-100k,frozen,2,histology,mlp_2h,d4,confidence,0.9532356275921815,0.9616991643454039,0.9489140493243234,30.0,30.0
gigapath,nct-crc-100k,frozen,3,histology,mlp_2h,none,mean,0.94348188298037,0.9586350974930362,0.941175148762125,,
gigapath,nct-crc-100k,frozen,3,histology,mlp_2h,d4,mean,0.946657882335902,0.9608635097493036,0.9438419915285289,29.0,13.0
gigapath,nct-crc-100k,frozen,3,histology,mlp_2h,d4,logit_mean,0.9467409250198414,0.9610027855153204,0.9439722688654092,29.0,13.0
gigapath,nct-crc-100k,frozen,3,histology,mlp_2h,d4,vote,0.9462266982466008,0.9610027855153204,0.943705255243231,29.0,13.0
gigapath,nct-crc-100k,frozen,3,histology,mlp_2h,d4,confidence,0.945858131363729,0.9608635097493036,0.9433562474981498,29.0,13.0
gigapath,nct-crc-100k,frozen,42,histology,mlp_2h,none,mean,0.9362810366388334,0.9466573816155989,0.9307962406695665,,
gigapath,nct-crc-100k,frozen,42,histology,mlp_2h,d4,mean,0.9408213948887766,0.950974930362117,0.9355866109985406,40.0,9.0
gigapath,nct-crc-100k,frozen,42,histology,mlp_2h,d4,logit_mean,0.9406337072010889,0.9508356545961003,0.935404544209298,40.0,9.0
gigapath,nct-crc-100k,frozen,42,histology,mlp_2h,d4,vote,0.9414937216950947,0.9516713091922006,0.9361518360758018,40.0,9.0
gigapath,nct-crc-100k,frozen,42,histology,mlp_2h,d4,confidence,0.9405725301058605,0.9504178272980501,0.9352370521829722,40.0,9.0
hoptimus,nct-crc-100k,frozen,0,histology,knn_10,none,mean,0.9495363105143917,0.9667130919220056,0.9480175670433718,,
hoptimus,nct-crc-100k,frozen,0,histology,knn_10,d4,mean,0.9459546195495143,0.9649025069637883,0.9454235144188325,3.0,16.0
hoptimus,nct-crc-100k,frozen,0,histology,knn_5,none,mean,0.9510193785723516,0.9655988857938719,0.9476088628666256,,
hoptimus,nct-crc-100k,frozen,0,histology,knn_5,d4,mean,0.9499259386177429,0.9649025069637883,0.9469041794670936,9.0,14.0
hoptimus,nct-crc-100k,frozen,0,histology,linear,none,mean,0.9523876891912825,0.966016713091922,0.9477140728118698,,
hoptimus,nct-crc-100k,frozen,0,histology,linear,d4,mean,0.9533799607872672,0.9668523676880223,0.9488176254035583,14.0,8.0
hoptimus,nct-crc-100k,frozen,0,histology,linear,d4,logit_mean,0.9531160389081434,0.9667130919220056,0.948580139906515,14.0,8.0
hoptimus,nct-crc-100k,frozen,0,histology,linear,d4,vote,0.9528110482669534,0.9667130919220056,0.9485513953694384,14.0,8.0
hoptimus,nct-crc-100k,frozen,0,histology,linear,d4,confidence,0.9525199462932616,0.966016713091922,0.9477434702088874,14.0,8.0
hoptimus,nct-crc-100k,frozen,1,histology,linear,none,mean,0.9481600733378515,0.963091922005571,0.9440516565608894,,
hoptimus,nct-crc-100k,frozen,1,histology,linear,d4,mean,0.9481155916690525,0.9633704735376044,0.9444394721844768,15.0,13.0
hoptimus,nct-crc-100k,frozen,1,histology,linear,d4,logit_mean,0.9477878302793443,0.9632311977715877,0.9441208649606827,15.0,13.0
hoptimus,nct-crc-100k,frozen,1,histology,linear,d4,vote,0.9475945564033085,0.9632311977715877,0.9439838148243851,15.0,13.0
hoptimus,nct-crc-100k,frozen,1,histology,linear,d4,confidence,0.9480963884956977,0.9632311977715877,0.9443025125411302,15.0,13.0
hoptimus,nct-crc-100k,frozen,2,histology,linear,none,mean,0.9488914629921843,0.9632311977715877,0.9451845945200384,,
hoptimus,nct-crc-100k,frozen,2,histology,linear,d4,mean,0.9490940453001622,0.9632311977715877,0.945009896859834,20.0,20.0
hoptimus,nct-crc-100k,frozen,2,histology,linear,d4,logit_mean,0.9490940453001622,0.9632311977715877,0.945009896859834,20.0,20.0
hoptimus,nct-crc-100k,frozen,2,histology,linear,d4,vote,0.9493956319419927,0.9637883008356546,0.9455153746523401,20.0,20.0
hoptimus,nct-crc-100k,frozen,2,histology,linear,d4,confidence,0.9483998529051328,0.9628133704735377,0.9443821335069367,20.0,20.0
hoptimus,nct-crc-100k,frozen,3,histology,linear,none,mean,0.9496837798484612,0.965041782729805,0.9464607439141273,,
hoptimus,nct-crc-100k,frozen,3,histology,linear,d4,mean,0.9515564028972996,0.9658774373259053,0.9478607278478663,9.0,3.0
hoptimus,nct-crc-100k,frozen,3,histology,linear,d4,logit_mean,0.9512286415075913,0.9657381615598886,0.9476680530221496,9.0,3.0
hoptimus,nct-crc-100k,frozen,3,histology,linear,d4,vote,0.9508476799438677,0.9655988857938719,0.9473315986613446,9.0,3.0
hoptimus,nct-crc-100k,frozen,3,histology,linear,d4,confidence,0.9515564028972996,0.9658774373259053,0.9478533706562747,9.0,3.0
hoptimus,nct-crc-100k,frozen,42,histology,linear,none,mean,0.9528711966777563,0.9654596100278552,0.9480135196832207,,
hoptimus,nct-crc-100k,frozen,42,histology,linear,d4,mean,0.9536559506880098,0.9657381615598886,0.9486195998203019,19.0,17.0
hoptimus,nct-crc-100k,frozen,42,histology,linear,d4,logit_mean,0.9539198725671335,0.9658774373259053,0.9488214743167656,19.0,17.0
hoptimus,nct-crc-100k,frozen,42,histology,linear,d4,vote,0.9526804283939,0.9655988857938719,0.9478292119529903,19.0,17.0
hoptimus,nct-crc-100k,frozen,42,histology,linear,d4,confidence,0.9545851758347502,0.9662952646239554,0.9495207932664813,19.0,17.0
hoptimus,nct-crc-100k,frozen,0,histology,mlp_1h,none,mean,0.9445891888957758,0.9604456824512535,0.9399545143508529,,
hoptimus,nct-crc-100k,frozen,0,histology,mlp_1h,d4,mean,0.945488114463415,0.9607242339832869,0.9403296888684743,15.0,13.0
hoptimus,nct-crc-100k,frozen,0,histology,mlp_1h,d4,logit_mean,0.945488114463415,0.9607242339832869,0.9403296888684743,15.0,13.0
hoptimus,nct-crc-100k,frozen,0,histology,mlp_1h,d4,vote,0.9460060089987024,0.9612813370473537,0.9409507350353752,15.0,13.0
hoptimus,nct-crc-100k,frozen,0,histology,mlp_1h,d4,confidence,0.9451399664845606,0.96016713091922,0.9397665848200634,15.0,13.0
hoptimus,nct-crc-100k,frozen,1,histology,mlp_1h,none,mean,0.9453185447705912,0.9611420612813371,0.9410439090132086,,
hoptimus,nct-crc-100k,frozen,1,histology,mlp_1h,d4,mean,0.9450710634625827,0.9610027855153204,0.940950467696685,11.0,12.0
hoptimus,nct-crc-100k,frozen,1,histology,mlp_1h,d4,logit_mean,0.9449880207786432,0.9608635097493036,0.9408223373556963,11.0,12.0
hoptimus,nct-crc-100k,frozen,1,histology,mlp_1h,d4,vote,0.9445811477359448,0.9610027855153204,0.9406382521332078,11.0,12.0
hoptimus,nct-crc-100k,frozen,1,histology,mlp_1h,d4,confidence,0.9451021830016888,0.9611420612813371,0.941020800964471,11.0,12.0
hoptimus,nct-crc-100k,frozen,2,histology,mlp_1h,none,mean,0.9435709469915765,0.9603064066852368,0.9395689671347378,,
hoptimus,nct-crc-100k,frozen,2,histology,mlp_1h,d4,mean,0.9449894611402664,0.9605849582172702,0.9406014937796715,17.0,15.0
hoptimus,nct-crc-100k,frozen,2,histology,mlp_1h,d4,logit_mean,0.9447255392611424,0.9604456824512535,0.9403588608249746,17.0,15.0
hoptimus,nct-crc-100k,frozen,2,histology,mlp_1h,d4,vote,0.9440236248002142,0.9603064066852368,0.9397425864753609,17.0,15.0
hoptimus,nct-crc-100k,frozen,2,histology,mlp_1h,d4,confidence,0.9455117187101657,0.9610027855153204,0.9409973054153211,17.0,15.0
hoptimus,nct-crc-100k,frozen,3,histology,mlp_1h,none,mean,0.9411954588111716,0.958217270194986,0.9390946753993976,,
hoptimus,nct-crc-100k,frozen,3,histology,mlp_1h,d4,mean,0.9425245854260881,0.9591922005571031,0.9403825097162117,19.0,12.0
hoptimus,nct-crc-100k,frozen,3,histology,mlp_1h,d4,logit_mean,0.9426076281100274,0.9593314763231198,0.9405090753058004,19.0,12.0
hoptimus,nct-crc-100k,frozen,3,histology,mlp_1h,d4,vote,0.9421993640284134,0.9596100278551533,0.9399732087794498,19.0,12.0
hoptimus,nct-crc-100k,frozen,3,histology,mlp_1h,d4,confidence,0.9425175136646818,0.9591922005571031,0.9403262637923608,19.0,12.0
hoptimus,nct-crc-100k,frozen,42,histology,mlp_1h,none,mean,0.9415379547434777,0.9579387186629527,0.938208254283036,,
hoptimus,nct-crc-100k,frozen,42,histology,mlp_1h,d4,mean,0.9418110303861129,0.9579387186629527,0.9380169551820079,15.0,15.0
hoptimus,nct-crc-100k,frozen,42,histology,mlp_1h,d4,logit_mean,0.9418110303861129,0.9579387186629527,0.9380169551820079,15.0,15.0
hoptimus,nct-crc-100k,frozen,42,histology,mlp_1h,d4,vote,0.9429711941715959,0.9589136490250696,0.9391035748741137,15.0,15.0
hoptimus,nct-crc-100k,frozen,42,histology,mlp_1h,d4,confidence,0.9430231173164295,0.9589136490250696,0.9391930267285926,15.0,15.0
hoptimus,nct-crc-100k,frozen,0,histology,mlp_2h,none,mean,0.9434271655132308,0.95974930362117,0.9391698890696394,,
hoptimus,nct-crc-100k,frozen,0,histology,mlp_2h,d4,mean,0.9440999877121319,0.9598885793871866,0.9395848722065487,16.0,15.0
hoptimus,nct-crc-100k,frozen,0,histology,mlp_2h,d4,logit_mean,0.9440999877121319,0.9598885793871866,0.9395848722065487,16.0,15.0
hoptimus,nct-crc-100k,frozen,0,histology,mlp_2h,d4,vote,0.9437838405309077,0.9598885793871866,0.9394557991841782,16.0,15.0
hoptimus,nct-crc-100k,frozen,0,histology,mlp_2h,d4,confidence,0.9440999877121319,0.9598885793871866,0.9394841478142459,16.0,15.0
hoptimus,nct-crc-100k,frozen,1,histology,mlp_2h,none,mean,0.9412046606694443,0.9594707520891365,0.9391637993844094,,
hoptimus,nct-crc-100k,frozen,1,histology,mlp_2h,d4,mean,0.9423728686659693,0.9600278551532033,0.9394926483375754,21.0,17.0
hoptimus,nct-crc-100k,frozen,1,histology,mlp_2h,d4,logit_mean,0.942636790545093,0.96016713091922,0.939725578097863,21.0,17.0
hoptimus,nct-crc-100k,frozen,1,histology,mlp_2h,d4,vote,0.9427993729847773,0.9603064066852368,0.9399615065961007,21.0,17.0
hoptimus,nct-crc-100k,frozen,1,histology,mlp_2h,d4,confidence,0.9439365464628638,0.9610027855153204,0.9410000355169286,21.0,17.0
hoptimus,nct-crc-100k,frozen,2,histology,mlp_2h,none,mean,0.9442750126183382,0.9605849582172702,0.9415734512904186,,
hoptimus,nct-crc-100k,frozen,2,histology,mlp_2h,d4,mean,0.9445828794630344,0.9604456824512535,0.9413387689829593,12.0,13.0
hoptimus,nct-crc-100k,frozen,2,histology,mlp_2h,d4,logit_mean,0.9445828794630344,0.9604456824512535,0.9413387689829593,12.0,13.0
hoptimus,nct-crc-100k,frozen,2,histology,mlp_2h,d4,vote,0.9451569175389076,0.9604456824512535,0.9417486817026162,12.0,13.0
hoptimus,nct-crc-100k,frozen,2,histology,mlp_2h,d4,confidence,0.9448303068955971,0.9605849582172702,0.9415023704608735,12.0,13.0
hoptimus,nct-crc-100k,frozen,3,histology,mlp_2h,none,mean,0.9358043196626515,0.9508356545961003,0.9304310235704575,,
hoptimus,nct-crc-100k,frozen,3,histology,mlp_2h,d4,mean,0.9389008341524531,0.9527855153203343,0.9327784515104981,29.0,15.0
hoptimus,nct-crc-100k,frozen,3,histology,mlp_2h,d4,logit_mean,0.9389008341524531,0.9527855153203343,0.9327683610651487,29.0,15.0
hoptimus,nct-crc-100k,frozen,3,histology,mlp_2h,d4,vote,0.9384847534707974,0.9530640668523677,0.9324764283455858,29.0,15.0
hoptimus,nct-crc-100k,frozen,3,histology,mlp_2h,d4,confidence,0.9387347487845739,0.9525069637883008,0.9325558261169711,29.0,15.0
hoptimus,nct-crc-100k,frozen,42,histology,mlp_2h,none,mean,0.9459461825284651,0.9626740947075209,0.9425440496394325,,
hoptimus,nct-crc-100k,frozen,42,histology,mlp_2h,d4,mean,0.9439790819996693,0.9618384401114206,0.9407243379795496,10.0,16.0
hoptimus,nct-crc-100k,frozen,42,histology,mlp_2h,d4,logit_mean,0.944243003878793,0.9619777158774373,0.9410297390670177,10.0,16.0
hoptimus,nct-crc-100k,frozen,42,histology,mlp_2h,d4,vote,0.9443260465627326,0.962116991643454,0.9410874042891084,10.0,16.0
hoptimus,nct-crc-100k,frozen,42,histology,mlp_2h,d4,confidence,0.9438909314424822,0.9618384401114206,0.940675868383754,10.0,16.0
phikon2,nct-crc-100k,frozen,0,histology,knn_10,none,mean,0.9185691875029932,0.9487465181058495,0.9181639585296063,,
phikon2,nct-crc-100k,frozen,0,histology,knn_10,d4,mean,0.931826026337233,0.9555710306406685,0.9312360289681845,91.0,42.0
phikon2,nct-crc-100k,frozen,0,histology,knn_5,none,mean,0.9225324281517514,0.9493036211699164,0.9210606005706212,,
phikon2,nct-crc-100k,frozen,0,histology,knn_5,d4,mean,0.9318062490088571,0.9536211699164345,0.9293714000171983,94.0,63.0
phikon2,nct-crc-100k,frozen,0,histology,linear,none,mean,0.9177701891947478,0.9274373259052925,0.9124152487887591,,
phikon2,nct-crc-100k,frozen,0,histology,linear,d4,mean,0.9334516595275066,0.9513927576601672,0.9307084830706996,213.0,41.0
phikon2,nct-crc-100k,frozen,0,histology,linear,d4,logit_mean,0.933202531475688,0.950974930362117,0.9303696530576077,213.0,41.0
phikon2,nct-crc-100k,frozen,0,histology,linear,d4,vote,0.9324434360322376,0.9520891364902507,0.9299317192117085,213.0,41.0
phikon2,nct-crc-100k,frozen,0,histology,linear,d4,confidence,0.931514845885791,0.9483286908077995,0.9282745247253583,213.0,41.0
phikon2,nct-crc-100k,frozen,1,histology,linear,none,mean,0.9176582845673033,0.927158774373259,0.9117675747855754,,
phikon2,nct-crc-100k,frozen,1,histology,linear,d4,mean,0.9328462093092266,0.9519498607242339,0.9300904817306085,217.0,39.0
phikon2,nct-crc-100k,frozen,1,histology,linear,d4,logit_mean,0.9331249250156556,0.9518105849582172,0.9302452556661341,217.0,39.0
phikon2,nct-crc-100k,frozen,1,histology,linear,d4,vote,0.9320996500974802,0.9527855153203343,0.9297118406295086,217.0,39.0
phikon2,nct-crc-100k,frozen,1,histology,linear,d4,confidence,0.932340889008191,0.9505571030640668,0.9293613119526406,217.0,39.0
phikon2,nct-crc-100k,frozen,2,histology,linear,none,mean,0.9151252111696109,0.9257660167130919,0.9095010673467103,,
phikon2,nct-crc-100k,frozen,2,histology,linear,d4,mean,0.9319577840029089,0.9511142061281337,0.9293708908435774,211.0,29.0
phikon2,nct-crc-100k,frozen,2,histology,linear,d4,logit_mean,0.9316870536312815,0.9508356545961003,0.9289267875233246,211.0,29.0
phikon2,nct-crc-100k,frozen,2,histology,linear,d4,vote,0.9317406758405179,0.9525069637883008,0.9295260854391459,211.0,29.0
phikon2,nct-crc-100k,frozen,2,histology,linear,d4,confidence,0.9315741601285276,0.9494428969359332,0.9287305157801574,211.0,29.0
phikon2,nct-crc-100k,frozen,3,histology,linear,none,mean,0.9135051919744597,0.9239554317548746,0.9075222161968514,,
phikon2,nct-crc-100k,frozen,3,histology,linear,d4,mean,0.9314568117131681,0.9487465181058495,0.9280369362432985,197.0,19.0
phikon2,nct-crc-100k,frozen,3,histology,linear,d4,logit_mean,0.931357631179718,0.9484679665738162,0.927740800208327,197.0,19.0
phikon2,nct-crc-100k,frozen,3,histology,linear,d4,vote,0.9315368428440104,0.9508356545961003,0.9286158467630847,197.0,19.0
phikon2,nct-crc-100k,frozen,3,histology,linear,d4,confidence,0.9291487293205221,0.9459610027855153,0.925417092989308,197.0,19.0
phikon2,nct-crc-100k,frozen,42,histology,linear,none,mean,0.9169534196418448,0.9266016713091922,0.9113428759188528,,
phikon2,nct-crc-100k,frozen,42,histology,linear,d4,mean,0.9315097552280095,0.9505571030640668,0.9288055291376496,205.0,33.0
phikon2,nct-crc-100k,frozen,42,histology,linear,d4,logit_mean,0.9317739403760358,0.9505571030640668,0.928965270201371,205.0,33.0
phikon2,nct-crc-100k,frozen,42,histology,linear,d4,vote,0.9307968364198727,0.9513927576601672,0.9285132408743085,205.0,33.0
phikon2,nct-crc-100k,frozen,42,histology,linear,d4,confidence,0.9314692594198846,0.949025069637883,0.9283631949092368,205.0,33.0
phikon2,nct-crc-100k,frozen,0,histology,mlp_1h,none,mean,0.9198837727686714,0.9286908077994429,0.9155114520329138,,
phikon2,nct-crc-100k,frozen,0,histology,mlp_1h,d4,mean,0.9321927554661004,0.95,0.9307158921465601,189.0,36.0
phikon2,nct-crc-100k,frozen,0,histology,mlp_1h,d4,logit_mean,0.9318537762378387,0.9493036211699164,0.9302068410626936,189.0,36.0
phikon2,nct-crc-100k,frozen,0,histology,mlp_1h,d4,vote,0.934901698362175,0.9536211699164345,0.9336538762252502,189.0,36.0
phikon2,nct-crc-100k,frozen,0,histology,mlp_1h,d4,confidence,0.9298114428711075,0.9458217270194986,0.9275457018856534,189.0,36.0
phikon2,nct-crc-100k,frozen,1,histology,mlp_1h,none,mean,0.9201549312725528,0.9293871866295265,0.914188622958777,,
phikon2,nct-crc-100k,frozen,1,histology,mlp_1h,d4,mean,0.9325376667146738,0.9520891364902507,0.9299831302365555,210.0,47.0
phikon2,nct-crc-100k,frozen,1,histology,mlp_1h,d4,logit_mean,0.933025672428599,0.9519498607242339,0.9304102831866228,210.0,47.0
phikon2,nct-crc-100k,frozen,1,histology,mlp_1h,d4,vote,0.9335608939181648,0.9540389972144847,0.9315224155401979,210.0,47.0
phikon2,nct-crc-100k,frozen,1,histology,mlp_1h,d4,confidence,0.9313636419075098,0.9497214484679666,0.9285328032754422,210.0,47.0
phikon2,nct-crc-100k,frozen,2,histology,mlp_1h,none,mean,0.9184029517785111,0.9268802228412256,0.9130171500204565,,
phikon2,nct-crc-100k,frozen,2,histology,mlp_1h,d4,mean,0.9333800061986108,0.9512534818941504,0.9312764491892191,212.0,37.0
phikon2,nct-crc-100k,frozen,2,histology,mlp_1h,d4,logit_mean,0.9330383182435552,0.9504178272980501,0.9307960239413219,212.0,37.0
phikon2,nct-crc-100k,frozen,2,histology,mlp_1h,d4,vote,0.9342373567224074,0.953899721448468,0.9324342161211643,212.0,37.0
phikon2,nct-crc-100k,frozen,2,histology,mlp_1h,d4,confidence,0.9309222242479388,0.9476323119777159,0.9282277035802152,212.0,37.0
phikon2,nct-crc-100k,frozen,3,histology,mlp_1h,none,mean,0.9163008214466841,0.9256267409470752,0.9103248927518273,,
phikon2,nct-crc-100k,frozen,3,histology,mlp_1h,d4,mean,0.9311907565667075,0.9486072423398328,0.928455452197049,187.0,22.0
phikon2,nct-crc-100k,frozen,3,histology,mlp_1h,d4,logit_mean,0.930768208116701,0.948050139275766,0.9278577829660786,187.0,22.0
phikon2,nct-crc-100k,frozen,3,histology,mlp_1h,d4,vote,0.9350167124840938,0.9534818941504178,0.9328323627869415,187.0,22.0
phikon2,nct-crc-100k,frozen,3,histology,mlp_1h,d4,confidence,0.9292416334077065,0.9452646239554318,0.9258268346290777,187.0,22.0
phikon2,nct-crc-100k,frozen,42,histology,mlp_1h,none,mean,0.9147769567340307,0.9238161559888579,0.9089787670350774,,
phikon2,nct-crc-100k,frozen,42,histology,mlp_1h,d4,mean,0.9306761136606114,0.9481894150417828,0.9278687462901632,207.0,32.0
phikon2,nct-crc-100k,frozen,42,histology,mlp_1h,d4,logit_mean,0.9299969783617897,0.9473537604456824,0.9270275040078617,207.0,32.0
phikon2,nct-crc-100k,frozen,42,histology,mlp_1h,d4,vote,0.9321598492344128,0.9515320334261839,0.9300171002400729,207.0,32.0
phikon2,nct-crc-100k,frozen,42,histology,mlp_1h,d4,confidence,0.9278818063893934,0.944150417827298,0.9244102195295488,207.0,32.0
phikon2,nct-crc-100k,frozen,0,histology,mlp_2h,none,mean,0.9188093785909377,0.9250696378830083,0.9129506239729432,,
phikon2,nct-crc-100k,frozen,0,histology,mlp_2h,d4,mean,0.9333117383757601,0.9486072423398328,0.9303218083097156,192.0,23.0
phikon2,nct-crc-100k,frozen,0,histology,mlp_2h,d4,logit_mean,0.9330801128780405,0.948050139275766,0.929971049157968,192.0,23.0
phikon2,nct-crc-100k,frozen,0,histology,mlp_2h,d4,vote,0.9356116260401475,0.9519498607242339,0.9329837167186251,192.0,23.0
phikon2,nct-crc-100k,frozen,0,histology,mlp_2h,d4,confidence,0.9298224979750904,0.9440111420612813,0.9259781152381249,192.0,23.0
phikon2,nct-crc-100k,frozen,1,histology,mlp_2h,none,mean,0.918727076603908,0.935933147632312,0.9142711896738793,,
phikon2,nct-crc-100k,frozen,1,histology,mlp_2h,d4,mean,0.9298340288504744,0.9527855153203343,0.9285680335687354,151.0,30.0
phikon2,nct-crc-100k,frozen,1,histology,mlp_2h,d4,logit_mean,0.9287931351612845,0.9519498607242339,0.927380692074758,151.0,30.0
phikon2,nct-crc-100k,frozen,1,histology,mlp_2h,d4,vote,0.9309535531167066,0.9544568245125348,0.9297933927039048,151.0,30.0
phikon2,nct-crc-100k,frozen,1,histology,mlp_2h,d4,confidence,0.9302628912485721,0.9523676880222841,0.9289386662976339,151.0,30.0
phikon2,nct-crc-100k,frozen,2,histology,mlp_2h,none,mean,0.9104858011749865,0.9221448467966574,0.9041029687809709,,
phikon2,nct-crc-100k,frozen,2,histology,mlp_2h,d4,mean,0.9272009272377216,0.9448467966573816,0.9242041580071958,187.0,24.0
phikon2,nct-crc-100k,frozen,2,histology,mlp_2h,d4,logit_mean,0.9252861388006165,0.9430362116991643,0.9223439319983293,187.0,24.0
phikon2,nct-crc-100k,frozen,2,histology,mlp_2h,d4,vote,0.9281235753048391,0.9472144846796657,0.9252557190749869,187.0,24.0
phikon2,nct-crc-100k,frozen,2,histology,mlp_2h,d4,confidence,0.9253502682354058,0.942200557103064,0.921785807285836,187.0,24.0
phikon2,nct-crc-100k,frozen,3,histology,mlp_2h,none,mean,0.9138537571744454,0.9214484679665739,0.9054889920003545,,
phikon2,nct-crc-100k,frozen,3,histology,mlp_2h,d4,mean,0.9292999473936336,0.9452646239554318,0.9252197499411446,194.0,23.0
phikon2,nct-crc-100k,frozen,3,histology,mlp_2h,d4,logit_mean,0.9279582657766942,0.9438718662952646,0.9238107262387815,194.0,23.0
phikon2,nct-crc-100k,frozen,3,histology,mlp_2h,d4,vote,0.93077438200033,0.9487465181058495,0.927463185816081,194.0,23.0
phikon2,nct-crc-100k,frozen,3,histology,mlp_2h,d4,confidence,0.9274609702631627,0.9420612813370474,0.9227292171351661,194.0,23.0
phikon2,nct-crc-100k,frozen,42,histology,mlp_2h,none,mean,0.9164517698045059,0.9253481894150418,0.910182034463268,,
phikon2,nct-crc-100k,frozen,42,histology,mlp_2h,d4,mean,0.930314498961169,0.9474930362116991,0.9280290459278585,192.0,33.0
phikon2,nct-crc-100k,frozen,42,histology,mlp_2h,d4,logit_mean,0.929406473225749,0.9463788300835655,0.9270669955966296,192.0,33.0
phikon2,nct-crc-100k,frozen,42,histology,mlp_2h,d4,vote,0.933052405193627,0.9520891364902507,0.9312758946799993,192.0,33.0
phikon2,nct-crc-100k,frozen,42,histology,mlp_2h,d4,confidence,0.9299454056451906,0.9456824512534819,0.9268550709435355,192.0,33.0
phikon,nct-crc-100k,frozen,0,histology,knn_10,none,mean,0.9382482099725116,0.9589136490250696,0.9374419564129158,,
phikon,nct-crc-100k,frozen,0,histology,knn_10,d4,mean,0.9353748704482828,0.9571030640668524,0.934635656656977,23.0,36.0
phikon,nct-crc-100k,frozen,0,histology,knn_5,none,mean,0.9383183979370333,0.9584958217270195,0.9373949521030318,,
phikon,nct-crc-100k,frozen,0,histology,knn_5,d4,mean,0.9335856284442485,0.954874651810585,0.9325075244226748,23.0,49.0
phikon,nct-crc-100k,frozen,0,histology,linear,none,mean,0.9220891147766359,0.9310584958217271,0.9167277806446594,,
phikon,nct-crc-100k,frozen,0,histology,linear,d4,mean,0.9260375642176526,0.9373259052924791,0.921579019844375,79.0,34.0
phikon,nct-crc-100k,frozen,0,histology,linear,d4,logit_mean,0.9257354510380167,0.9370473537604457,0.9212759428545516,79.0,34.0
phikon,nct-crc-100k,frozen,0,histology,linear,d4,vote,0.9289482885098214,0.9399721448467967,0.9244108430441269,79.0,34.0
phikon,nct-crc-100k,frozen,0,histology,linear,d4,confidence,0.9261477795368511,0.9366295264623955,0.9214713842452993,79.0,34.0
phikon,nct-crc-100k,frozen,1,histology,linear,none,mean,0.9175483748731639,0.9266016713091922,0.9114595128618915,,
phikon,nct-crc-100k,frozen,1,histology,linear,d4,mean,0.9240887122533391,0.9355153203342619,0.9190067541368696,99.0,35.0
phikon,nct-crc-100k,frozen,1,histology,linear,d4,logit_mean,0.9243754198680624,0.9357938718662953,0.9193503249230613,99.0,35.0
phikon,nct-crc-100k,frozen,1,histology,linear,d4,vote,0.9256137970004913,0.9370473537604457,0.9206501373399879,99.0,35.0
phikon,nct-crc-100k,frozen,1,histology,linear,d4,confidence,0.9239711942174029,0.9346796657381615,0.9186093221214731,99.0,35.0
phikon,nct-crc-100k,frozen,2,histology,linear,none,mean,0.9201365325343603,0.9272980501392758,0.9144759277858934,,
phikon,nct-crc-100k,frozen,2,histology,linear,d4,mean,0.9272502044698248,0.9378830083565459,0.9229798883744039,102.0,26.0
phikon,nct-crc-100k,frozen,2,histology,linear,d4,logit_mean,0.926820197222822,0.9374651810584959,0.9224981722238942,102.0,26.0
phikon,nct-crc-100k,frozen,2,histology,linear,d4,vote,0.9299840258510739,0.9402506963788301,0.9254430865729751,102.0,26.0
phikon,nct-crc-100k,frozen,2,histology,linear,d4,confidence,0.9270240434424034,0.9370473537604457,0.9225852030431747,102.0,26.0
phikon,nct-crc-100k,frozen,3,histology,linear,none,mean,0.921521426150941,0.9298050139275766,0.9149712728546713,,
phikon,nct-crc-100k,frozen,3,histology,linear,d4,mean,0.9299773905543459,0.9408077994428969,0.925189181476874,98.0,19.0
phikon,nct-crc-100k,frozen,3,histology,linear,d4,logit_mean,0.9293567236239588,0.9402506963788301,0.9245326769286338,98.0,19.0
phikon,nct-crc-100k,frozen,3,histology,linear,d4,vote,0.9321583157896008,0.9424791086350975,0.9269574636133991,98.0,19.0
phikon,nct-crc-100k,frozen,3,histology,linear,d4,confidence,0.9286170964977969,0.9396935933147632,0.9238438971658424,98.0,19.0
phikon,nct-crc-100k,frozen,42,histology,linear,none,mean,0.9270678064377821,0.9408077994428969,0.9232074798595017,,
phikon,nct-crc-100k,frozen,42,histology,linear,d4,mean,0.9335490587226758,0.9494428969359332,0.9311535765522739,94.0,32.0
phikon,nct-crc-100k,frozen,42,histology,linear,d4,logit_mean,0.9332168879869176,0.9488857938718663,0.9306731016575862,94.0,32.0
phikon,nct-crc-100k,frozen,42,histology,linear,d4,vote,0.9347733169751928,0.950974930362117,0.9325033979481714,94.0,32.0
phikon,nct-crc-100k,frozen,42,histology,linear,d4,confidence,0.9339234816362912,0.9501392757660168,0.9317185174379625,94.0,32.0
phikon,nct-crc-100k,frozen,0,histology,mlp_1h,none,mean,0.9306947921301744,0.9413649025069638,0.9264755496301186,,
phikon,nct-crc-100k,frozen,0,histology,mlp_1h,d4,mean,0.9339075514461411,0.9504178272980501,0.9320485058431738,106.0,41.0
phikon,nct-crc-100k,frozen,0,histology,mlp_1h,d4,logit_mean,0.9340053879573857,0.9502785515320334,0.9321259973737064,106.0,41.0
phikon,nct-crc-100k,frozen,0,histology,mlp_1h,d4,vote,0.9372115357565183,0.9536211699164345,0.9357982476182742,106.0,41.0
phikon,nct-crc-100k,frozen,0,histology,mlp_1h,d4,confidence,0.9341694242373042,0.9498607242339833,0.9319954078762702,106.0,41.0
phikon,nct-crc-100k,frozen,1,histology,mlp_1h,none,mean,0.921824933905255,0.9325905292479109,0.9178310019663299,,
phikon,nct-crc-100k,frozen,1,histology,mlp_1h,d4,mean,0.9261545396253769,0.9417827298050139,0.924109798390637,100.0,34.0
phikon,nct-crc-100k,frozen,1,histology,mlp_1h,d4,logit_mean,0.9260032480848029,0.9412256267409471,0.9238180670810568,100.0,34.0
phikon,nct-crc-100k,frozen,1,histology,mlp_1h,d4,vote,0.9281135690516678,0.9442896935933147,0.9264576372995814,100.0,34.0
phikon,nct-crc-100k,frozen,1,histology,mlp_1h,d4,confidence,0.9239464983499475,0.9394150417827298,0.9215860986044437,100.0,34.0
phikon,nct-crc-100k,frozen,2,histology,mlp_1h,none,mean,0.9198184599297586,0.9314763231197771,0.9155153434913442,,
phikon,nct-crc-100k,frozen,2,histology,mlp_1h,d4,mean,0.92735667407759,0.9427576601671309,0.9247322356387122,104.0,23.0
phikon,nct-crc-100k,frozen,2,histology,mlp_1h,d4,logit_mean,0.9272121910295196,0.9423398328690807,0.9244932357460987,104.0,23.0
phikon,nct-crc-100k,frozen,2,histology,mlp_1h,d4,vote,0.9285517737809409,0.9447075208913649,0.9261839349095946,104.0,23.0
phikon,nct-crc-100k,frozen,2,histology,mlp_1h,d4,confidence,0.9263780060343839,0.9408077994428969,0.9231061355225759,104.0,23.0
phikon,nct-crc-100k,frozen,3,histology,mlp_1h,none,mean,0.9219223905585849,0.93008356545961,0.9152448405345015,,
phikon,nct-crc-100k,frozen,3,histology,mlp_1h,d4,mean,0.9310129392651084,0.942200557103064,0.9261983586661925,102.0,15.0
phikon,nct-crc-100k,frozen,3,histology,mlp_1h,d4,logit_mean,0.930924534773359,0.9420612813370474,0.9261436159395446,102.0,15.0
phikon,nct-crc-100k,frozen,3,histology,mlp_1h,d4,vote,0.9330153588594262,0.9451253481894151,0.9288049162626036,102.0,15.0
phikon,nct-crc-100k,frozen,3,histology,mlp_1h,d4,confidence,0.9314238923126822,0.9427576601671309,0.9268270029277876,102.0,15.0
phikon,nct-crc-100k,frozen,42,histology,mlp_1h,none,mean,0.9209138472998517,0.9303621169916435,0.9149816460998594,,
phikon,nct-crc-100k,frozen,42,histology,mlp_1h,d4,mean,0.9289512026990815,0.9424791086350975,0.9251055361472051,113.0,26.0
phikon,nct-crc-100k,frozen,42,histology,mlp_1h,d4,logit_mean,0.9282120737208225,0.9415041782729805,0.9243488023208573,113.0,26.0
phikon,nct-crc-100k,frozen,42,histology,mlp_1h,d4,vote,0.930899274794874,0.9454038997214484,0.9275945930826387,113.0,26.0
phikon,nct-crc-100k,frozen,42,histology,mlp_1h,d4,confidence,0.92794596965271,0.9409470752089136,0.9241261646553364,113.0,26.0
phikon,nct-crc-100k,frozen,0,histology,mlp_2h,none,mean,0.9147538095570229,0.9231197771587744,0.9074386362159278,,
phikon,nct-crc-100k,frozen,0,histology,mlp_2h,d4,mean,0.9217555490461297,0.9341225626740947,0.916761206810777,106.0,27.0
phikon,nct-crc-100k,frozen,0,histology,mlp_2h,d4,logit_mean,0.921340335626432,0.9334261838440111,0.9162125429424365,106.0,27.0
phikon,nct-crc-100k,frozen,0,histology,mlp_2h,d4,vote,0.9251100415973779,0.9383008356545961,0.9205859864931016,106.0,27.0
phikon,nct-crc-100k,frozen,0,histology,mlp_2h,d4,confidence,0.9224554533074616,0.9335654596100279,0.9169991193869994,106.0,27.0
phikon,nct-crc-100k,frozen,1,histology,mlp_2h,none,mean,0.9280068622450739,0.9391364902506963,0.9222006789091098,,
phikon,nct-crc-100k,frozen,1,histology,mlp_2h,d4,mean,0.9385253223655418,0.9537604456824512,0.9354112120728124,119.0,14.0
phikon,nct-crc-100k,frozen,1,histology,mlp_2h,d4,logit_mean,0.9376730299374351,0.9526462395543176,0.9343410381119833,119.0,14.0
phikon,nct-crc-100k,frozen,1,histology,mlp_2h,d4,vote,0.9398186488354248,0.9555710306406685,0.936892145301052,119.0,14.0
phikon,nct-crc-100k,frozen,1,histology,mlp_2h,d4,confidence,0.9376331918931127,0.9522284122562674,0.9342136093311557,119.0,14.0
phikon,nct-crc-100k,frozen,2,histology,mlp_2h,none,mean,0.9198931405709233,0.9305013927576602,0.9144173509710163,,
phikon,nct-crc-100k,frozen,2,histology,mlp_2h,d4,mean,0.9317981714160006,0.9463788300835655,0.9285492982715415,132.0,18.0
phikon,nct-crc-100k,frozen,2,histology,mlp_2h,d4,logit_mean,0.9322500442517145,0.9465181058495822,0.9289234731508924,132.0,18.0
phikon,nct-crc-100k,frozen,2,histology,mlp_2h,d4,vote,0.9331303135772038,0.949025069637883,0.9303886734936396,132.0,18.0
phikon,nct-crc-100k,frozen,2,histology,mlp_2h,d4,confidence,0.9302378629752484,0.9435933147632312,0.9262613988158576,132.0,18.0
phikon,nct-crc-100k,frozen,3,histology,mlp_2h,none,mean,0.9282676387867149,0.936908077994429,0.9228989636626888,,
phikon,nct-crc-100k,frozen,3,histology,mlp_2h,d4,mean,0.9357864887988665,0.9487465181058495,0.9323237490737127,111.0,26.0
phikon,nct-crc-100k,frozen,3,histology,mlp_2h,d4,logit_mean,0.9356113373428828,0.9483286908077995,0.9320305316308445,111.0,26.0
phikon,nct-crc-100k,frozen,3,histology,mlp_2h,d4,vote,0.9386091152814077,0.9520891364902507,0.9354929221978794,111.0,26.0
phikon,nct-crc-100k,frozen,3,histology,mlp_2h,d4,confidence,0.9354804533582836,0.9477715877437326,0.9318660628987421,111.0,26.0
phikon,nct-crc-100k,frozen,42,histology,mlp_2h,none,mean,0.9299532420604114,0.9455431754874651,0.9265577246624945,,
phikon,nct-crc-100k,frozen,42,histology,mlp_2h,d4,mean,0.9388080084083629,0.9569637883008356,0.9372676591177598,101.0,19.0
phikon,nct-crc-100k,frozen,42,histology,mlp_2h,d4,logit_mean,0.9382878867160146,0.9564066852367687,0.9366607872696479,101.0,19.0
phikon,nct-crc-100k,frozen,42,histology,mlp_2h,d4,vote,0.9388975740068837,0.9566852367688022,0.9373500305918347,101.0,19.0
phikon,nct-crc-100k,frozen,42,histology,mlp_2h,d4,confidence,0.9383815771501118,0.9557103064066852,0.9363723887535568,101.0,19.0
resnet18,nct-crc-100k,frozen,0,general,knn_10,none,mean,0.8131146906835435,0.8355153203342618,0.7943612123240373,,
resnet18,nct-crc-100k,frozen,0,general,knn_10,d4,mean,0.8247261198129276,0.8502785515320335,0.8082305865434274,354.0,248.0
resnet18,nct-crc-100k,frozen,0,general,knn_5,none,mean,0.806930890964359,0.8298050139275766,0.7880109915040511,,
resnet18,nct-crc-100k,frozen,0,general,knn_5,d4,mean,0.8153077848549993,0.8402506963788301,0.7975415439005146,378.0,303.0
resnet18,nct-crc-100k,frozen,0,general,linear,none,mean,0.8658979300623498,0.8958217270194986,0.8592831049878984,,
resnet18,nct-crc-100k,frozen,0,general,linear,d4,mean,0.8783770283864628,0.909192200557103,0.872420884191558,224.0,128.0
resnet18,nct-crc-100k,frozen,0,general,linear,d4,logit_mean,0.8796049920898473,0.9101671309192201,0.8734231821680969,224.0,128.0
resnet18,nct-crc-100k,frozen,0,general,linear,d4,vote,0.8761186081657809,0.9069637883008357,0.8683116765085723,224.0,128.0
resnet18,nct-crc-100k,frozen,0,general,linear,d4,confidence,0.8781275551847997,0.9090529247910863,0.872544125660711,224.0,128.0
resnet18,nct-crc-100k,frozen,1,general,linear,none,mean,0.8690155268794257,0.898050139275766,0.8631915323827879,,
resnet18,nct-crc-100k,frozen,1,general,linear,d4,mean,0.8785700156699059,0.9089136490250697,0.873562216921888,199.0,121.0
resnet18,nct-crc-100k,frozen,1,general,linear,d4,logit_mean,0.8791228755405113,0.9094707520891365,0.8740865510899274,199.0,121.0
resnet18,nct-crc-100k,frozen,1,general,linear,d4,vote,0.8786628685328282,0.9082172701949861,0.8722340475062045,199.0,121.0
resnet18,nct-crc-100k,frozen,1,general,linear,d4,confidence,0.8795020324661491,0.9096100278551532,0.8744210714492715,199.0,121.0
resnet18,nct-crc-100k,frozen,2,general,linear,none,mean,0.8686038606447344,0.9004178272980501,0.864225211164883,,
resnet18,nct-crc-100k,frozen,2,general,linear,d4,mean,0.8806766020364465,0.9121169916434541,0.8766156984336833,211.0,127.0
resnet18,nct-crc-100k,frozen,2,general,linear,d4,logit_mean,0.8818260563088753,0.9133704735376045,0.878199133018837,211.0,127.0
resnet18,nct-crc-100k,frozen,2,general,linear,d4,vote,0.877890362676247,0.9094707520891365,0.8722710137214077,211.0,127.0
resnet18,nct-crc-100k,frozen,2,general,linear,d4,confidence,0.8798038665177965,0.9116991643454039,0.8757195627562124,211.0,127.0
resnet18,nct-crc-100k,frozen,3,general,linear,none,mean,0.8687681725886082,0.9005571030640669,0.8637734194341138,,
resnet18,nct-crc-100k,frozen,3,general,linear,d4,mean,0.8806167967535141,0.9128133704735376,0.8764504198963236,208.0,120.0
resnet18,nct-crc-100k,frozen,3,general,linear,d4,logit_mean,0.8800627136942375,0.9122562674094707,0.875885090556621,208.0,120.0
resnet18,nct-crc-100k,frozen,3,general,linear,d4,vote,0.8798932974297003,0.9116991643454039,0.8740857051792184,208.0,120.0
resnet18,nct-crc-100k,frozen,3,general,linear,d4,confidence,0.8789472929701243,0.9116991643454039,0.8749424218931943,208.0,120.0
resnet18,nct-crc-100k,frozen,42,general,linear,none,mean,0.8712706186724497,0.9008356545961003,0.8660684464221311,,
resnet18,nct-crc-100k,frozen,42,general,linear,d4,mean,0.8807968224270719,0.9115598885793872,0.8764948554162534,209.0,132.0
resnet18,nct-crc-100k,frozen,42,general,linear,d4,logit_mean,0.880791154357782,0.9118384401114206,0.8766361984978185,209.0,132.0
resnet18,nct-crc-100k,frozen,42,general,linear,d4,vote,0.8804202054009738,0.9105849582172701,0.8743071162117271,209.0,132.0
resnet18,nct-crc-100k,frozen,42,general,linear,d4,confidence,0.8807740462610462,0.9115598885793872,0.8765860155658397,209.0,132.0
resnet18,nct-crc-100k,frozen,0,general,mlp_1h,none,mean,0.8825638968069549,0.9062674094707521,0.8784321209145127,,
resnet18,nct-crc-100k,frozen,0,general,mlp_1h,d4,mean,0.8993631389721983,0.923259052924791,0.8967277957474082,232.0,110.0
resnet18,nct-crc-100k,frozen,0,general,mlp_1h,d4,logit_mean,0.8991342218810949,0.9231197771587744,0.8963239664906492,232.0,110.0
resnet18,nct-crc-100k,frozen,0,general,mlp_1h,d4,vote,0.8953042808387627,0.9190807799442897,0.8912127345007366,232.0,110.0
resnet18,nct-crc-100k,frozen,0,general,mlp_1h,d4,confidence,0.8980234962579977,0.9222841225626741,0.8955808949819757,232.0,110.0
resnet18,nct-crc-100k,frozen,1,general,mlp_1h,none,mean,0.8663888026920127,0.8891364902506964,0.8620612991868174,,
resnet18,nct-crc-100k,frozen,1,general,mlp_1h,d4,mean,0.8905567040347189,0.9136490250696379,0.8867167159014165,324.0,148.0
resnet18,nct-crc-100k,frozen,1,general,mlp_1h,d4,logit_mean,0.8927688063292177,0.9155988857938718,0.8889222289452368,324.0,148.0
resnet18,nct-crc-100k,frozen,1,general,mlp_1h,d4,vote,0.8891766811532109,0.9123955431754874,0.8845303035457578,324.0,148.0
resnet18,nct-crc-100k,frozen,1,general,mlp_1h,d4,confidence,0.8903703805639765,0.9142061281337047,0.8871539342171404,324.0,148.0
resnet18,nct-crc-100k,frozen,2,general,mlp_1h,none,mean,0.8699368125226608,0.8984679665738161,0.8650416252752681,,
resnet18,nct-crc-100k,frozen,2,general,mlp_1h,d4,mean,0.8842831124911719,0.9142061281337047,0.8810358786080035,252.0,139.0
resnet18,nct-crc-100k,frozen,2,general,mlp_1h,d4,logit_mean,0.8866936020885318,0.9157381615598886,0.8830772061175547,252.0,139.0
resnet18,nct-crc-100k,frozen,2,general,mlp_1h,d4,vote,0.8812162510746895,0.9101671309192201,0.8759722332623597,252.0,139.0
resnet18,nct-crc-100k,frozen,2,general,mlp_1h,d4,confidence,0.8820253454192852,0.9129526462395543,0.8787833201315495,252.0,139.0
resnet18,nct-crc-100k,frozen,3,general,mlp_1h,none,mean,0.8791189722886634,0.9037604456824513,0.876024398787925,,
resnet18,nct-crc-100k,frozen,3,general,mlp_1h,d4,mean,0.8970088609927505,0.9206128133704735,0.8932029186258917,253.0,132.0
resnet18,nct-crc-100k,frozen,3,general,mlp_1h,d4,logit_mean,0.8983909034448158,0.9222841225626741,0.89467791545795,253.0,132.0
resnet18,nct-crc-100k,frozen,3,general,mlp_1h,d4,vote,0.8937864201512244,0.9183844011142062,0.8890024739949894,253.0,132.0
resnet18,nct-crc-100k,frozen,3,general,mlp_1h,d4,confidence,0.8948289800862373,0.9194986072423398,0.8913430706237432,253.0,132.0
resnet18,nct-crc-100k,frozen,42,general,mlp_1h,none,mean,0.8747534219236823,0.9027855153203342,0.8715056189122015,,
resnet18,nct-crc-100k,frozen,42,general,mlp_1h,d4,mean,0.8952295596561526,0.9215877437325906,0.8931862267149252,268.0,133.0
resnet18,nct-crc-100k,frozen,42,general,mlp_1h,d4,logit_mean,0.8953944071684572,0.9215877437325906,0.8928074711314449,268.0,133.0
resnet18,nct-crc-100k,frozen,42,general,mlp_1h,d4,vote,0.8964365121289719,0.9220055710306406,0.8935631940990904,268.0,133.0
resnet18,nct-crc-100k,frozen,42,general,mlp_1h,d4,confidence,0.8922890875616827,0.9196378830083566,0.8905556869643753,268.0,133.0
resnet18,nct-crc-100k,frozen,0,general,mlp_2h,none,mean,0.881811619058535,0.9033426183844011,0.8753712199302183,,
resnet18,nct-crc-100k,frozen,0,general,mlp_2h,d4,mean,0.8971951985517145,0.918941504178273,0.8919195775089216,256.0,144.0
resnet18,nct-crc-100k,frozen,0,general,mlp_2h,d4,logit_mean,0.8967983845746785,0.9196378830083566,0.8917310841105309,256.0,144.0
resnet18,nct-crc-100k,frozen,0,general,mlp_2h,d4,vote,0.8973808096839764,0.9188022284122562,0.8909568702799011,256.0,144.0
resnet18,nct-crc-100k,frozen,0,general,mlp_2h,d4,confidence,0.8971643845607041,0.9196378830083566,0.8919495391748354,256.0,144.0
resnet18,nct-crc-100k,frozen,1,general,mlp_2h,none,mean,0.8736870297165851,0.9,0.8688756862176992,,
resnet18,nct-crc-100k,frozen,1,general,mlp_2h,d4,mean,0.8904353680795786,0.9167130919220056,0.885801072484524,257.0,137.0
resnet18,nct-crc-100k,frozen,1,general,mlp_2h,d4,logit_mean,0.8934959410502703,0.9186629526462395,0.8887105344023212,257.0,137.0
resnet18,nct-crc-100k,frozen,1,general,mlp_2h,d4,vote,0.8898006869450579,0.9157381615598886,0.8845724479296729,257.0,137.0
resnet18,nct-crc-100k,frozen,1,general,mlp_2h,d4,confidence,0.8916651852272719,0.917966573816156,0.8878530549077593,257.0,137.0
resnet18,nct-crc-100k,frozen,2,general,mlp_2h,none,mean,0.8746362185892169,0.9012534818941504,0.8728423218170795,,
resnet18,nct-crc-100k,frozen,2,general,mlp_2h,d4,mean,0.8922921562979275,0.9215877437325906,0.8923407407928463,265.0,119.0
resnet18,nct-crc-100k,frozen,2,general,mlp_2h,d4,logit_mean,0.8934676899796558,0.9227019498607242,0.8934478277389412,265.0,119.0
resnet18,nct-crc-100k,frozen,2,general,mlp_2h,d4,vote,0.890843248037857,0.9194986072423398,0.8896867170082842,265.0,119.0
resnet18,nct-crc-100k,frozen,2,general,mlp_2h,d4,confidence,0.8873709045990229,0.9174094707520891,0.8866142926549158,265.0,119.0
resnet18,nct-crc-100k,frozen,3,general,mlp_2h,none,mean,0.8605836096114954,0.8805013927576602,0.8530406306870062,,
resnet18,nct-crc-100k,frozen,3,general,mlp_2h,d4,mean,0.8819735507092059,0.9036211699164345,0.875398591148431,324.0,158.0
resnet18,nct-crc-100k,frozen,3,general,mlp_2h,d4,logit_mean,0.8832424203757823,0.9045961002785515,0.8766323908939232,324.0,158.0
resnet18,nct-crc-100k,frozen,3,general,mlp_2h,d4,vote,0.8804456305703383,0.9029247910863509,0.8728101601949337,324.0,158.0
resnet18,nct-crc-100k,frozen,3,general,mlp_2h,d4,confidence,0.8798207154910751,0.9025069637883009,0.8736415989557327,324.0,158.0
resnet18,nct-crc-100k,frozen,42,general,mlp_2h,none,mean,0.8737279953549355,0.8976323119777159,0.8670283448758145,,
resnet18,nct-crc-100k,frozen,42,general,mlp_2h,d4,mean,0.8947667399822604,0.9165738161559889,0.8882440601694026,271.0,135.0
resnet18,nct-crc-100k,frozen,42,general,mlp_2h,d4,logit_mean,0.8942552283370004,0.9168523676880223,0.8880860432717752,271.0,135.0
resnet18,nct-crc-100k,frozen,42,general,mlp_2h,d4,vote,0.891031857257051,0.9135097493036212,0.8842739078132157,271.0,135.0
resnet18,nct-crc-100k,frozen,42,general,mlp_2h,d4,confidence,0.8895874146971836,0.913091922005571,0.8838696647838125,271.0,135.0
resnet50,nct-crc-100k,frozen,0,general,knn_10,none,mean,0.7756817784436593,0.8211699164345404,0.7727786507838014,,
resnet50,nct-crc-100k,frozen,0,general,knn_10,d4,mean,0.7858539706627525,0.8286908077994429,0.7818138692275842,315.0,261.0
resnet50,nct-crc-100k,frozen,0,general,knn_5,none,mean,0.7670755357491017,0.8112813370473537,0.7632441793039706,,
resnet50,nct-crc-100k,frozen,0,general,knn_5,d4,mean,0.7762155942311466,0.8182451253481894,0.7713372417902974,354.0,304.0
resnet50,nct-crc-100k,frozen,0,general,linear,none,mean,0.8752606247940771,0.9032033426183844,0.8699760944500102,,
resnet50,nct-crc-100k,frozen,0,general,linear,d4,mean,0.8915967177559028,0.9161559888579387,0.884702170314064,204.0,111.0
resnet50,nct-crc-100k,frozen,0,general,linear,d4,logit_mean,0.8929751562212197,0.9168523676880223,0.8860919306946188,204.0,111.0
resnet50,nct-crc-100k,frozen,0,general,linear,d4,vote,0.8861490204499859,0.9105849582172701,0.8772458750549401,204.0,111.0
resnet50,nct-crc-100k,frozen,0,general,linear,d4,confidence,0.888614990773162,0.9132311977715878,0.8801387632609358,204.0,111.0
resnet50,nct-crc-100k,frozen,1,general,linear,none,mean,0.8735611552253846,0.9025069637883009,0.8691862225678092,,
resnet50,nct-crc-100k,frozen,1,general,linear,d4,mean,0.8875197321007203,0.914066852367688,0.8818504464891057,201.0,118.0
resnet50,nct-crc-100k,frozen,1,general,linear,d4,logit_mean,0.8894974755701887,0.9153203342618385,0.8839221652170022,201.0,118.0
resnet50,nct-crc-100k,frozen,1,general,linear,d4,vote,0.8834657582800066,0.9100278551532034,0.8756471454601469,201.0,118.0
resnet50,nct-crc-100k,frozen,1,general,linear,d4,confidence,0.8862420087919983,0.9121169916434541,0.8796308644115572,201.0,118.0
resnet50,nct-crc-100k,frozen,2,general,linear,none,mean,0.8721391000570505,0.9002785515320334,0.8669362477106818,,
resnet50,nct-crc-100k,frozen,2,general,linear,d4,mean,0.8892862318994248,0.9149025069637883,0.8838415418518919,210.0,105.0
resnet50,nct-crc-100k,frozen,2,general,linear,d4,logit_mean,0.8905733230087056,0.9153203342618385,0.8846188478117338,210.0,105.0
resnet50,nct-crc-100k,frozen,2,general,linear,d4,vote,0.8836926982360015,0.9097493036211699,0.8757241008918889,210.0,105.0
resnet50,nct-crc-100k,frozen,2,general,linear,d4,confidence,0.8867933180365766,0.9118384401114206,0.8797956703543991,210.0,105.0
resnet50,nct-crc-100k,frozen,3,general,linear,none,mean,0.8759469658105042,0.9051532033426184,0.8704081513126519,,
resnet50,nct-crc-100k,frozen,3,general,linear,d4,mean,0.8893015711275147,0.9144846796657382,0.8809366192101912,190.0,123.0
resnet50,nct-crc-100k,frozen,3,general,linear,d4,logit_mean,0.8900641182613638,0.9151810584958218,0.8819405245473658,190.0,123.0
resnet50,nct-crc-100k,frozen,3,general,linear,d4,vote,0.8864127696227012,0.9116991643454039,0.8764764312264375,190.0,123.0
resnet50,nct-crc-100k,frozen,3,general,linear,d4,confidence,0.8891823221341206,0.9137883008356545,0.8803443649899917,190.0,123.0
resnet50,nct-crc-100k,frozen,42,general,linear,none,mean,0.8723561526527098,0.9041782729805014,0.8692472933155224,,
resnet50,nct-crc-100k,frozen,42,general,linear,d4,mean,0.8876749819456444,0.9161559888579387,0.8828681711275065,196.0,110.0
resnet50,nct-crc-100k,frozen,42,general,linear,d4,logit_mean,0.8890594264053484,0.9168523676880223,0.8842701387770262,196.0,110.0
resnet50,nct-crc-100k,frozen,42,general,linear,d4,vote,0.8825683379948182,0.9115598885793872,0.8761487626507852,196.0,110.0
resnet50,nct-crc-100k,frozen,42,general,linear,d4,confidence,0.8845125630915658,0.9129526462395543,0.8789225230555601,196.0,110.0
resnet50,nct-crc-100k,frozen,0,general,mlp_1h,none,mean,0.8564494715284037,0.8848189415041783,0.8506161701444147,,
resnet50,nct-crc-100k,frozen,0,general,mlp_1h,d4,mean,0.869625781505928,0.8979108635097494,0.863527745815951,231.0,137.0
resnet50,nct-crc-100k,frozen,0,general,mlp_1h,d4,logit_mean,0.8703589369387695,0.8986072423398329,0.8645079457521925,231.0,137.0
resnet50,nct-crc-100k,frozen,0,general,mlp_1h,d4,vote,0.867908484870565,0.897075208913649,0.8595515765916858,231.0,137.0
resnet50,nct-crc-100k,frozen,0,general,mlp_1h,d4,confidence,0.8664365080453456,0.8945682451253482,0.8590254844339962,231.0,137.0
resnet50,nct-crc-100k,frozen,1,general,mlp_1h,none,mean,0.8688974357287802,0.8959610027855153,0.8653158692786431,,
resnet50,nct-crc-100k,frozen,1,general,mlp_1h,d4,mean,0.8876762706173117,0.9129526462395543,0.88292908633864,245.0,123.0
resnet50,nct-crc-100k,frozen,1,general,mlp_1h,d4,logit_mean,0.8883348587205728,0.9132311977715878,0.8837116354502743,245.0,123.0
resnet50,nct-crc-100k,frozen,1,general,mlp_1h,d4,vote,0.8833631645838977,0.9086350974930362,0.8766481443397842,245.0,123.0
resnet50,nct-crc-100k,frozen,1,general,mlp_1h,d4,confidence,0.8815382721828333,0.9071030640668524,0.875626164615031,245.0,123.0
resnet50,nct-crc-100k,frozen,2,general,mlp_1h,none,mean,0.8644617042744716,0.8824512534818941,0.8527140420132475,,
resnet50,nct-crc-100k,frozen,2,general,mlp_1h,d4,mean,0.8748456881112114,0.8949860724233983,0.8625503735369862,249.0,159.0
resnet50,nct-crc-100k,frozen,2,general,mlp_1h,d4,logit_mean,0.8769034370475324,0.897075208913649,0.8650754460451677,249.0,159.0
resnet50,nct-crc-100k,frozen,2,general,mlp_1h,d4,vote,0.8713013280596543,0.8928969359331477,0.857734039723334,249.0,159.0
resnet50,nct-crc-100k,frozen,2,general,mlp_1h,d4,confidence,0.8691328326590209,0.8916434540389973,0.8571200029785844,249.0,159.0
resnet50,nct-crc-100k,frozen,3,general,mlp_1h,none,mean,0.8654561930759069,0.8903899721448468,0.860122172181826,,
resnet50,nct-crc-100k,frozen,3,general,mlp_1h,d4,mean,0.8866856338584731,0.908774373259053,0.8797511692682694,258.0,126.0
resnet50,nct-crc-100k,frozen,3,general,mlp_1h,d4,logit_mean,0.8874355965366127,0.909192200557103,0.8806906998560762,258.0,126.0
resnet50,nct-crc-100k,frozen,3,general,mlp_1h,d4,vote,0.8814699156952883,0.9057103064066853,0.873578620017973,258.0,126.0
resnet50,nct-crc-100k,frozen,3,general,mlp_1h,d4,confidence,0.8848884391430114,0.9076601671309192,0.8780538887055256,258.0,126.0
resnet50,nct-crc-100k,frozen,42,general,mlp_1h,none,mean,0.85951058123148,0.8896935933147633,0.8561972672306853,,
resnet50,nct-crc-100k,frozen,42,general,mlp_1h,d4,mean,0.8760638184121494,0.9034818941504178,0.8700611814436252,249.0,150.0
resnet50,nct-crc-100k,frozen,42,general,mlp_1h,d4,logit_mean,0.8773452098876865,0.9041782729805014,0.8714523271248171,249.0,150.0
resnet50,nct-crc-100k,frozen,42,general,mlp_1h,d4,vote,0.873812381130911,0.9018105849582173,0.8661120168309524,249.0,150.0
resnet50,nct-crc-100k,frozen,42,general,mlp_1h,d4,confidence,0.875073500807123,0.9026462395543176,0.8686794514263066,249.0,150.0
resnet50,nct-crc-100k,frozen,0,general,mlp_2h,none,mean,0.8717328597928968,0.8997214484679665,0.8669123763320825,,
resnet50,nct-crc-100k,frozen,0,general,mlp_2h,d4,mean,0.8880878045528823,0.9175487465181058,0.8854058495340348,238.0,110.0
resnet50,nct-crc-100k,frozen,0,general,mlp_2h,d4,logit_mean,0.8901480772876581,0.9185236768802229,0.8871350235532884,238.0,110.0
resnet50,nct-crc-100k,frozen,0,general,mlp_2h,d4,vote,0.8881920451951126,0.9172701949860724,0.8842721860527268,238.0,110.0
resnet50,nct-crc-100k,frozen,0,general,mlp_2h,d4,confidence,0.8890085828781983,0.9176880222841226,0.8861459708207522,238.0,110.0
resnet50,nct-crc-100k,frozen,1,general,mlp_2h,none,mean,0.8616458692905531,0.8884401114206129,0.8556688245749346,,
resnet50,nct-crc-100k,frozen,1,general,mlp_2h,d4,mean,0.8745696141538936,0.9011142061281338,0.868203132414955,219.0,128.0
resnet50,nct-crc-100k,frozen,1,general,mlp_2h,d4,logit_mean,0.8772605371558306,0.9036211699164345,0.8714339469878613,219.0,128.0
resnet50,nct-crc-100k,frozen,1,general,mlp_2h,d4,vote,0.8730281025792838,0.899025069637883,0.8645825569549377,219.0,128.0
resnet50,nct-crc-100k,frozen,1,general,mlp_2h,d4,confidence,0.8715049126041619,0.8987465181058496,0.8647130392733775,219.0,128.0
resnet50,nct-crc-100k,frozen,2,general,mlp_2h,none,mean,0.8603024601336381,0.8798050139275766,0.8522952226453743,,
resnet50,nct-crc-100k,frozen,2,general,mlp_2h,d4,mean,0.8744733185041288,0.8924791086350975,0.865099367600895,274.0,183.0
resnet50,nct-crc-100k,frozen,2,general,mlp_2h,d4,logit_mean,0.8758397660815983,0.8933147632311977,0.8663600518538361,274.0,183.0
resnet50,nct-crc-100k,frozen,2,general,mlp_2h,d4,vote,0.8715957835202127,0.8919220055710306,0.8615058671171064,274.0,183.0
resnet50,nct-crc-100k,frozen,2,general,mlp_2h,d4,confidence,0.8727165856976673,0.8926183844011142,0.8632619242445589,274.0,183.0
resnet50,nct-crc-100k,frozen,3,general,mlp_2h,none,mean,0.8573466343100817,0.8821727019498607,0.8454372807209304,,
resnet50,nct-crc-100k,frozen,3,general,mlp_2h,d4,mean,0.8718492639632656,0.8973537604456825,0.8603902712237832,259.0,150.0
resnet50,nct-crc-100k,frozen,3,general,mlp_2h,d4,logit_mean,0.8718706789851218,0.8969359331476323,0.8606963034621391,259.0,150.0
resnet50,nct-crc-100k,frozen,3,general,mlp_2h,d4,vote,0.8695887682603932,0.8944289693593315,0.8562867506700406,259.0,150.0
resnet50,nct-crc-100k,frozen,3,general,mlp_2h,d4,confidence,0.867480841523306,0.893175487465181,0.8556301290904664,259.0,150.0
resnet50,nct-crc-100k,frozen,42,general,mlp_2h,none,mean,0.868866407314195,0.8889972144846797,0.857332758608501,,
resnet50,nct-crc-100k,frozen,42,general,mlp_2h,d4,mean,0.8793221636705928,0.9008356545961003,0.8690229538168537,241.0,156.0
resnet50,nct-crc-100k,frozen,42,general,mlp_2h,d4,logit_mean,0.8796943740995782,0.9005571030640669,0.8690201008326789,241.0,156.0
resnet50,nct-crc-100k,frozen,42,general,mlp_2h,d4,vote,0.8773353867078746,0.8994428969359332,0.8654696926940129,241.0,156.0
resnet50,nct-crc-100k,frozen,42,general,mlp_2h,d4,confidence,0.8768236467185733,0.898050139275766,0.8656949866408549,241.0,156.0
uni2,nct-crc-100k,frozen,0,histology,knn_10,none,mean,0.9627609494957916,0.972284122562674,0.957747394582185,,
uni2,nct-crc-100k,frozen,0,histology,knn_10,d4,mean,0.9620944401533311,0.9727019498607242,0.9574115660837639,11.0,8.0
uni2,nct-crc-100k,frozen,0,histology,knn_5,none,mean,0.9603339939416242,0.9703342618384401,0.9556993582750217,,
uni2,nct-crc-100k,frozen,0,histology,knn_5,d4,mean,0.9610208147518612,0.9704735376044569,0.9559371543909183,16.0,15.0
uni2,nct-crc-100k,frozen,0,histology,linear,none,mean,0.9552693853884348,0.9622562674094708,0.9485503327761946,,
uni2,nct-crc-100k,frozen,0,histology,linear,d4,mean,0.9567304445379082,0.9628133704735377,0.9495824586770427,32.0,28.0
uni2,nct-crc-100k,frozen,0,histology,linear,d4,logit_mean,0.956383479974845,0.9625348189415042,0.9491639684744089,32.0,28.0
uni2,nct-crc-100k,frozen,0,histology,linear,d4,vote,0.9571112373668716,0.9633704735376044,0.9499147842394431,32.0,28.0
uni2,nct-crc-100k,frozen,0,histology,linear,d4,confidence,0.957145657957606,0.9635097493036212,0.9501232902680167,32.0,28.0
uni2,nct-crc-100k,frozen,1,histology,linear,none,mean,0.9542208178560502,0.9614206128133704,0.947395492635962,,
uni2,nct-crc-100k,frozen,1,histology,linear,d4,mean,0.9540719137937089,0.9612813370473537,0.9470761328647959,26.0,27.0
uni2,nct-crc-100k,frozen,1,histology,linear,d4,logit_mean,0.9542379991615881,0.9615598885793872,0.9473194334885198,26.0,27.0
uni2,nct-crc-100k,frozen,1,histology,linear,d4,vote,0.9539330085203979,0.9615598885793872,0.9469601734024431,26.0,27.0
uni2,nct-crc-100k,frozen,1,histology,linear,d4,confidence,0.9534462335242166,0.9611420612813371,0.9465827553767573,26.0,27.0
uni2,nct-crc-100k,frozen,2,histology,linear,none,mean,0.9532242574260711,0.9600278551532033,0.9460920385080617,,
uni2,nct-crc-100k,frozen,2,histology,linear,d4,mean,0.9544495399059498,0.9610027855153204,0.9472902982094905,35.0,28.0
uni2,nct-crc-100k,frozen,2,histology,linear,d4,logit_mean,0.9542686607107655,0.9610027855153204,0.947116157555656,35.0,28.0
uni2,nct-crc-100k,frozen,2,histology,linear,d4,vote,0.9539069023203971,0.9610027855153204,0.9469204767556632,35.0,28.0
uni2,nct-crc-100k,frozen,2,histology,linear,d4,confidence,0.9535163484160066,0.9607242339832869,0.9464920115615685,35.0,28.0
uni2,nct-crc-100k,frozen,3,histology,linear,none,mean,0.9569811880091807,0.9629526462395543,0.9499489884366533,,
uni2,nct-crc-100k,frozen,3,histology,linear,d4,mean,0.9549175227298776,0.9616991643454039,0.9481810732958197,23.0,32.0
uni2,nct-crc-100k,frozen,3,histology,linear,d4,logit_mean,0.9551909618282988,0.962116991643454,0.948557034404424,23.0,32.0
uni2,nct-crc-100k,frozen,3,histology,linear,d4,vote,0.9565718814201742,0.9629526462395543,0.9495822210527535,23.0,32.0
uni2,nct-crc-100k,frozen,3,histology,linear,d4,confidence,0.9549786998251059,0.962116991643454,0.9484831223600367,23.0,32.0
uni2,nct-crc-100k,frozen,42,histology,linear,none,mean,0.9534148464765959,0.9598885793871866,0.9460008763897433,,
uni2,nct-crc-100k,frozen,42,histology,linear,d4,mean,0.9530117816105579,0.9593314763231198,0.9456199398849233,31.0,35.0
uni2,nct-crc-100k,frozen,42,histology,linear,d4,logit_mean,0.9530117816105579,0.9593314763231198,0.9456199398849233,31.0,35.0
uni2,nct-crc-100k,frozen,42,histology,linear,d4,vote,0.9524586616907471,0.9590529247910864,0.9449603289511024,31.0,35.0
uni2,nct-crc-100k,frozen,42,histology,linear,d4,confidence,0.9530800304671921,0.95974930362117,0.9458434342179304,31.0,35.0
uni2,nct-crc-100k,frozen,0,histology,mlp_1h,none,mean,0.9535844780955984,0.9605849582172702,0.9468437607461121,,
uni2,nct-crc-100k,frozen,0,histology,mlp_1h,d4,mean,0.9545337526750904,0.9612813370473537,0.9479793443634629,36.0,31.0
uni2,nct-crc-100k,frozen,0,histology,mlp_1h,d4,logit_mean,0.9541695488268306,0.9610027855153204,0.9476555566790409,36.0,31.0
uni2,nct-crc-100k,frozen,0,histology,mlp_1h,d4,vote,0.9539330337566939,0.9608635097493036,0.9474009232215084,36.0,31.0
uni2,nct-crc-100k,frozen,0,histology,mlp_1h,d4,confidence,0.9546185905124283,0.9619777158774373,0.9483800739866199,36.0,31.0
uni2,nct-crc-100k,frozen,1,histology,mlp_1h,none,mean,0.9473302892818539,0.9541782729805014,0.939940962851832,,
uni2,nct-crc-100k,frozen,1,histology,mlp_1h,d4,mean,0.9493499998144601,0.9551532033426184,0.9414365190524081,47.0,40.0
uni2,nct-crc-100k,frozen,1,histology,mlp_1h,d4,logit_mean,0.9491691206192758,0.9551532033426184,0.9412538598725221,47.0,40.0
uni2,nct-crc-100k,frozen,1,histology,mlp_1h,d4,vote,0.949208432125793,0.955849582172702,0.9416366948317295,47.0,40.0
uni2,nct-crc-100k,frozen,1,histology,mlp_1h,d4,confidence,0.9494668707642996,0.9555710306406685,0.9417914598468076,47.0,40.0
uni2,nct-crc-100k,frozen,2,histology,mlp_1h,none,mean,0.9501441626870181,0.9561281337047354,0.942430085967341,,
uni2,nct-crc-100k,frozen,2,histology,mlp_1h,d4,mean,0.9506206412254122,0.955849582172702,0.9426210843060766,41.0,43.0
uni2,nct-crc-100k,frozen,2,histology,mlp_1h,d4,logit_mean,0.9506206412254122,0.955849582172702,0.9426210843060766,41.0,43.0
uni2,nct-crc-100k,frozen,2,histology,mlp_1h,d4,vote,0.9505104563447537,0.9565459610027855,0.9428248497207594,41.0,43.0
uni2,nct-crc-100k,frozen,2,histology,mlp_1h,d4,confidence,0.950918391370436,0.9562674094707521,0.9429379430759863,41.0,43.0
uni2,nct-crc-100k,frozen,3,histology,mlp_1h,none,mean,0.9488542360766077,0.950974930362117,0.939719487707025,,
uni2,nct-crc-100k,frozen,3,histology,mlp_1h,d4,mean,0.9494772088531835,0.9504178272980501,0.9401066907898072,46.0,50.0
uni2,nct-crc-100k,frozen,3,histology,mlp_1h,d4,logit_mean,0.9490324077788755,0.9502785515320334,0.9396279707438572,46.0,50.0
uni2,nct-crc-100k,frozen,3,histology,mlp_1h,d4,vote,0.9486699152275774,0.950974930362117,0.939663411903591,46.0,50.0
uni2,nct-crc-100k,frozen,3,histology,mlp_1h,d4,confidence,0.9481558509370829,0.9502785515320334,0.9390637352147108,46.0,50.0
uni2,nct-crc-100k,frozen,42,histology,mlp_1h,none,mean,0.9456209719281152,0.9543175487465181,0.9383328539204844,,
uni2,nct-crc-100k,frozen,42,histology,mlp_1h,d4,mean,0.9478681599700268,0.9561281337047354,0.9402984304211953,48.0,35.0
uni2,nct-crc-100k,frozen,42,histology,mlp_1h,d4,logit_mean,0.9477020746021478,0.955849582172702,0.940063085541432,48.0,35.0
uni2,nct-crc-100k,frozen,42,histology,mlp_1h,d4,vote,0.9486623710652897,0.9568245125348189,0.941015481458368,48.0,35.0
uni2,nct-crc-100k,frozen,42,histology,mlp_1h,d4,confidence,0.9477894803206994,0.955849582172702,0.9402552690490832,48.0,35.0
uni2,nct-crc-100k,frozen,0,histology,mlp_2h,none,mean,0.9477011288946675,0.9513927576601672,0.9387666921882608,,
uni2,nct-crc-100k,frozen,0,histology,mlp_2h,d4,mean,0.9488603531204891,0.9515320334261839,0.9392040899312932,38.0,37.0
uni2,nct-crc-100k,frozen,0,histology,mlp_2h,d4,logit_mean,0.9486699567060075,0.9512534818941504,0.9389607828302824,38.0,37.0
uni2,nct-crc-100k,frozen,0,histology,mlp_2h,d4,vote,0.9498497935663577,0.9532033426183844,0.9404629135266988,38.0,37.0
uni2,nct-crc-100k,frozen,0,histology,mlp_2h,d4,confidence,0.9484961492722292,0.9512534818941504,0.938871221577749,38.0,37.0
uni2,nct-crc-100k,frozen,1,histology,mlp_2h,none,mean,0.9532261613590758,0.9605849582172702,0.9458371123792916,,
uni2,nct-crc-100k,frozen,1,histology,mlp_2h,d4,mean,0.954718670088567,0.9623955431754875,0.9481362466009485,39.0,26.0
uni2,nct-crc-100k,frozen,1,histology,mlp_2h,d4,logit_mean,0.9550656346516306,0.9626740947075209,0.9484814559090958,39.0,26.0
uni2,nct-crc-100k,frozen,1,histology,mlp_2h,d4,vote,0.9538398857682348,0.9618384401114206,0.9470854455702207,39.0,26.0
uni2,nct-crc-100k,frozen,1,histology,mlp_2h,d4,confidence,0.9554196709760999,0.9629526462395543,0.9489129876661653,39.0,26.0
uni2,nct-crc-100k,frozen,2,histology,mlp_2h,none,mean,0.9527672199401245,0.954874651810585,0.9431953456742271,,
uni2,nct-crc-100k,frozen,2,histology,mlp_2h,d4,mean,0.9514862671471219,0.9526462395543176,0.9414736341531658,39.0,55.0
uni2,nct-crc-100k,frozen,2,histology,mlp_2h,d4,logit_mean,0.9517424669603466,0.9530640668523677,0.9418497037285866,39.0,55.0
uni2,nct-crc-100k,frozen,2,histology,mlp_2h,d4,vote,0.9528545365337953,0.9547353760445683,0.9431349005727802,39.0,55.0
uni2,nct-crc-100k,frozen,2,histology,mlp_2h,d4,confidence,0.9527703619756297,0.9547353760445683,0.9433601844924026,39.0,55.0
uni2,nct-crc-100k,frozen,3,histology,mlp_2h,none,mean,0.9354572578559891,0.9385793871866295,0.9264477472807315,,
uni2,nct-crc-100k,frozen,3,histology,mlp_2h,d4,mean,0.9351225609510474,0.9367688022284123,0.9256524924287864,43.0,56.0
uni2,nct-crc-100k,frozen,3,histology,mlp_2h,d4,logit_mean,0.9352886463189266,0.9370473537604457,0.9258706251155613,43.0,56.0
uni2,nct-crc-100k,frozen,3,histology,mlp_2h,d4,vote,0.9358844756649058,0.9378830083565459,0.9264819447394006,43.0,56.0
uni2,nct-crc-100k,frozen,3,histology,mlp_2h,d4,confidence,0.9350342416591002,0.9371866295264624,0.9257029424678207,43.0,56.0
uni2,nct-crc-100k,frozen,42,histology,mlp_2h,none,mean,0.9373308302995592,0.9401114206128134,0.9279062794210938,,
uni2,nct-crc-100k,frozen,42,histology,mlp_2h,d4,mean,0.9361583870140175,0.9392757660167131,0.9270102085058181,51.0,57.0
uni2,nct-crc-100k,frozen,42,histology,mlp_2h,d4,logit_mean,0.9361463019135063,0.9396935933147632,0.9271346647835119,51.0,57.0
uni2,nct-crc-100k,frozen,42,histology,mlp_2h,d4,vote,0.938598188059254,0.942200557103064,0.9295302131098724,51.0,57.0
uni2,nct-crc-100k,frozen,42,histology,mlp_2h,d4,confidence,0.9370671450340358,0.9405292479108636,0.9280475647884825,51.0,57.0
uni,nct-crc-100k,frozen,0,histology,knn_10,none,mean,0.9443362902030729,0.9616991643454039,0.943065485759171,,
uni,nct-crc-100k,frozen,0,histology,knn_10,d4,mean,0.9488898852605556,0.965041782729805,0.9475573943478905,32.0,8.0
uni,nct-crc-100k,frozen,0,histology,knn_5,none,mean,0.9467846169423567,0.9618384401114206,0.9443900778210147,,
uni,nct-crc-100k,frozen,0,histology,knn_5,d4,mean,0.9502381610708363,0.9649025069637883,0.947958210770531,33.0,11.0
uni,nct-crc-100k,frozen,0,histology,linear,none,mean,0.9316077691093003,0.947075208913649,0.9274537081857522,,
uni,nct-crc-100k,frozen,0,histology,linear,d4,mean,0.9289402356994443,0.9426183844011142,0.9240601713921206,25.0,57.0
uni,nct-crc-100k,frozen,0,histology,linear,d4,logit_mean,0.9289402356994443,0.9426183844011142,0.9240601713921206,25.0,57.0
uni,nct-crc-100k,frozen,0,histology,linear,d4,vote,0.9286816433132589,0.9433147632311978,0.923895023431235,25.0,57.0
uni,nct-crc-100k,frozen,0,histology,linear,d4,confidence,0.9288595921619583,0.942200557103064,0.9239144566573424,25.0,57.0
uni,nct-crc-100k,frozen,1,histology,linear,none,mean,0.9338091466559403,0.9508356545961003,0.9304119521590104,,
uni,nct-crc-100k,frozen,1,histology,linear,d4,mean,0.9291387586020132,0.9454038997214484,0.9253629239000518,20.0,59.0
uni,nct-crc-100k,frozen,1,histology,linear,d4,logit_mean,0.9293187242238018,0.9458217270194986,0.9256277859378481,20.0,59.0
uni,nct-crc-100k,frozen,1,histology,linear,d4,vote,0.9292827151122786,0.946100278551532,0.9254219471188055,20.0,59.0
uni,nct-crc-100k,frozen,1,histology,linear,d4,confidence,0.9299607302050951,0.9463788300835655,0.9264460723233015,20.0,59.0
uni,nct-crc-100k,frozen,2,histology,linear,none,mean,0.932460104524449,0.9505571030640668,0.9293046001973708,,
uni,nct-crc-100k,frozen,2,histology,linear,d4,mean,0.9311998772115945,0.9486072423398328,0.9277530458255312,28.0,42.0
uni,nct-crc-100k,frozen,2,histology,linear,d4,logit_mean,0.9315468417746577,0.9488857938718663,0.9281016364521513,28.0,42.0
uni,nct-crc-100k,frozen,2,histology,linear,d4,vote,0.9320583663945973,0.9495821727019499,0.9285682815093218,28.0,42.0
uni,nct-crc-100k,frozen,2,histology,linear,d4,confidence,0.9310736298880378,0.9487465181058495,0.9277886958662364,28.0,42.0
uni,nct-crc-100k,frozen,3,histology,linear,none,mean,0.931529242961229,0.9487465181058495,0.9282156784555221,,
uni,nct-crc-100k,frozen,3,histology,linear,d4,mean,0.9289324170128843,0.9466573816155989,0.9253987134590985,24.0,39.0
uni,nct-crc-100k,frozen,3,histology,linear,d4,logit_mean,0.9295433034550715,0.947075208913649,0.9261211919340487,24.0,39.0
uni,nct-crc-100k,frozen,3,histology,linear,d4,vote,0.9288585819679018,0.9463788300835655,0.9252334917991543,24.0,39.0
uni,nct-crc-100k,frozen,3,histology,linear,d4,confidence,0.9295776091864913,0.9476323119777159,0.9265767420911415,24.0,39.0
uni,nct-crc-100k,frozen,42,histology,linear,none,mean,0.9310886603276501,0.9469359331476324,0.9274950375477976,,
uni,nct-crc-100k,frozen,42,histology,linear,d4,mean,0.9303469567141405,0.944150417827298,0.9260312684670564,35.0,55.0
uni,nct-crc-100k,frozen,42,histology,linear,d4,logit_mean,0.9303442479873466,0.9440111420612813,0.9260271911339595,35.0,55.0
uni,nct-crc-100k,frozen,42,histology,linear,d4,vote,0.9299509530412906,0.9444289693593315,0.9256217995851382,35.0,55.0
uni,nct-crc-100k,frozen,42,histology,linear,d4,confidence,0.9296870634770384,0.9434540389972145,0.9256066036881497,35.0,55.0
uni,nct-crc-100k,frozen,0,histology,mlp_1h,none,mean,0.9355036567521728,0.9530640668523677,0.9335879195302483,,
uni,nct-crc-100k,frozen,0,histology,mlp_1h,d4,mean,0.9319278946822342,0.9504178272980501,0.9303235342306968,18.0,37.0
uni,nct-crc-100k,frozen,0,histology,mlp_1h,d4,logit_mean,0.932191816561358,0.9505571030640668,0.930582022983475,18.0,37.0
uni,nct-crc-100k,frozen,0,histology,mlp_1h,d4,vote,0.9333045805577912,0.9518105849582172,0.9317253477258086,18.0,37.0
uni,nct-crc-100k,frozen,0,histology,mlp_1h,d4,confidence,0.9332499032243066,0.9508356545961003,0.9313787618053401,18.0,37.0
uni,nct-crc-100k,frozen,1,histology,mlp_1h,none,mean,0.9397237077770257,0.9551532033426184,0.935971420657761,,
uni,nct-crc-100k,frozen,1,histology,mlp_1h,d4,mean,0.9403855191543966,0.9547353760445683,0.9365813334724865,26.0,29.0
uni,nct-crc-100k,frozen,1,histology,mlp_1h,d4,logit_mean,0.9402049032281151,0.9545961002785516,0.9363956334729294,26.0,29.0
uni,nct-crc-100k,frozen,1,histology,mlp_1h,d4,vote,0.9407475324000791,0.9554317548746518,0.9370888197082444,26.0,29.0
uni,nct-crc-100k,frozen,1,histology,mlp_1h,d4,confidence,0.9407211121312279,0.954874651810585,0.9371699179416522,26.0,29.0
uni,nct-crc-100k,frozen,2,histology,mlp_1h,none,mean,0.9371731585154794,0.9519498607242339,0.9330627078967001,,
uni,nct-crc-100k,frozen,2,histology,mlp_1h,d4,mean,0.9339178527859312,0.9491643454038997,0.9297473313028249,22.0,42.0
uni,nct-crc-100k,frozen,2,histology,mlp_1h,d4,logit_mean,0.9337517674180522,0.9488857938718663,0.9294944195309066,22.0,42.0
uni,nct-crc-100k,frozen,2,histology,mlp_1h,d4,vote,0.9347643893701778,0.9502785515320334,0.9308427225600011,22.0,42.0
uni,nct-crc-100k,frozen,2,histology,mlp_1h,d4,confidence,0.9344237846440299,0.9491643454038997,0.9300433097058804,22.0,42.0
uni,nct-crc-100k,frozen,3,histology,mlp_1h,none,mean,0.9364944633905464,0.9488857938718663,0.9313053801357439,,
uni,nct-crc-100k,frozen,3,histology,mlp_1h,d4,mean,0.9328737404159564,0.9459610027855153,0.928287133610138,24.0,45.0
uni,nct-crc-100k,frozen,3,histology,mlp_1h,d4,logit_mean,0.9330546196111408,0.9459610027855153,0.9284026199946194,24.0,45.0
uni,nct-crc-100k,frozen,3,histology,mlp_1h,d4,vote,0.9334040296320956,0.9465181058495822,0.9288126090882591,24.0,45.0
uni,nct-crc-100k,frozen,3,histology,mlp_1h,d4,confidence,0.9331403247104364,0.9456824512534819,0.9284929013346671,24.0,45.0
uni,nct-crc-100k,frozen,42,histology,mlp_1h,none,mean,0.9375587186928739,0.9493036211699164,0.9326690093904949,,
uni,nct-crc-100k,frozen,42,histology,mlp_1h,d4,mean,0.9386213090554707,0.9486072423398328,0.9331430611122283,30.0,35.0
uni,nct-crc-100k,frozen,42,histology,mlp_1h,d4,logit_mean,0.9389777908378315,0.9491643454038997,0.9335697736716951,30.0,35.0
uni,nct-crc-100k,frozen,42,histology,mlp_1h,d4,vote,0.9393771601154612,0.9495821727019499,0.9341422884597025,30.0,35.0
uni,nct-crc-100k,frozen,42,histology,mlp_1h,d4,confidence,0.9381133037879898,0.9481894150417828,0.932705181369879,30.0,35.0
uni,nct-crc-100k,frozen,0,histology,mlp_2h,none,mean,0.9385238770186786,0.9571030640668524,0.9359567865939934,,
uni,nct-crc-100k,frozen,0,histology,mlp_2h,d4,mean,0.9416924368094427,0.958217270194986,0.9389322724892626,29.0,21.0
uni,nct-crc-100k,frozen,0,histology,mlp_2h,d4,logit_mean,0.9413973953912129,0.9579387186629527,0.9386252615576952,29.0,21.0
uni,nct-crc-100k,frozen,0,histology,mlp_2h,d4,vote,0.9407889544069172,0.957799442896936,0.9379307955548624,29.0,21.0
uni,nct-crc-100k,frozen,0,histology,mlp_2h,d4,confidence,0.9397038961932765,0.9571030640668524,0.9370669575989446,29.0,21.0
uni,nct-crc-100k,frozen,1,histology,mlp_2h,none,mean,0.9389925165882532,0.9537604456824512,0.9349181127646445,,
uni,nct-crc-100k,frozen,1,histology,mlp_2h,d4,mean,0.9381110213481804,0.9523676880222841,0.9342563710488996,21.0,31.0
uni,nct-crc-100k,frozen,1,histology,mlp_2h,d4,logit_mean,0.9380964907897779,0.9525069637883008,0.9342963661301867,21.0,31.0
uni,nct-crc-100k,frozen,1,histology,mlp_2h,d4,vote,0.9380199933294391,0.9526462395543176,0.9341148895440232,21.0,31.0
uni,nct-crc-100k,frozen,1,histology,mlp_2h,d4,confidence,0.9391613084899798,0.9534818941504178,0.9354254005446089,21.0,31.0
uni,nct-crc-100k,frozen,2,histology,mlp_2h,none,mean,0.9298363615683702,0.9440111420612813,0.9256679875347358,,
uni,nct-crc-100k,frozen,2,histology,mlp_2h,d4,mean,0.9278366881329085,0.9412256267409471,0.9235342796574469,24.0,44.0
uni,nct-crc-100k,frozen,2,histology,mlp_2h,d4,logit_mean,0.9280027735007876,0.9415041782729805,0.9237522790581565,24.0,44.0
uni,nct-crc-100k,frozen,2,histology,mlp_2h,d4,vote,0.927400839173207,0.942200557103064,0.9234192056191645,24.0,44.0
uni,nct-crc-100k,frozen,2,histology,mlp_2h,d4,confidence,0.9273085425388727,0.9416434540389972,0.9234083992871417,24.0,44.0
uni,nct-crc-100k,frozen,3,histology,mlp_2h,none,mean,0.9394930363691714,0.9534818941504178,0.9354476839650405,,
uni,nct-crc-100k,frozen,3,histology,mlp_2h,d4,mean,0.9385876727638647,0.9522284122562674,0.9346801355683161,22.0,31.0
uni,nct-crc-100k,frozen,3,histology,mlp_2h,d4,logit_mean,0.9385114385724285,0.9522284122562674,0.9346361014942273,22.0,31.0
uni,nct-crc-100k,frozen,3,histology,mlp_2h,d4,vote,0.9396489919305648,0.9534818941504178,0.9356980851033252,22.0,31.0
uni,nct-crc-100k,frozen,3,histology,mlp_2h,d4,confidence,0.9369947188039668,0.9513927576601672,0.9333224884607062,22.0,31.0
uni,nct-crc-100k,frozen,42,histology,mlp_2h,none,mean,0.9318107517053424,0.9473537604456824,0.9276968562485636,,
uni,nct-crc-100k,frozen,42,histology,mlp_2h,d4,mean,0.9286533363624846,0.9444289693593315,0.9249729974000148,21.0,42.0
uni,nct-crc-100k,frozen,42,histology,mlp_2h,d4,logit_mean,0.9285702936785449,0.9442896935933147,0.924888840012754,21.0,42.0
uni,nct-crc-100k,frozen,42,histology,mlp_2h,d4,vote,0.9313209575524459,0.9466573816155989,0.9274021496698032,21.0,42.0
uni,nct-crc-100k,frozen,42,histology,mlp_2h,d4,confidence,0.9289104497491049,0.9444289693593315,0.925259993080814,21.0,42.0
virchow2,nct-crc-100k,frozen,0,histology,knn_10,none,mean,0.9508159612249253,0.9589136490250696,0.9469093868568385,,
virchow2,nct-crc-100k,frozen,0,histology,knn_10,d4,mean,0.9477339052475379,0.9575208913649025,0.9445010633972112,4.0,14.0
virchow2,nct-crc-100k,frozen,0,histology,knn_5,none,mean,0.956115864213534,0.9612813370473537,0.9509456296046337,,
virchow2,nct-crc-100k,frozen,0,histology,knn_5,d4,mean,0.9538384038126646,0.9598885793871866,0.9489431916850793,2.0,12.0
virchow2,nct-crc-100k,frozen,0,histology,linear,none,mean,0.9481693095118165,0.9633704735376044,0.9444144872452137,,
virchow2,nct-crc-100k,frozen,0,histology,linear,d4,mean,0.948268973665047,0.965041782729805,0.9449870215531051,28.0,16.0
virchow2,nct-crc-100k,frozen,0,histology,linear,d4,logit_mean,0.9490607393024185,0.9654596100278552,0.9458199099301553,28.0,16.0
virchow2,nct-crc-100k,frozen,0,histology,linear,d4,vote,0.9493324230565574,0.9658774373259053,0.9458145384138561,28.0,16.0
virchow2,nct-crc-100k,frozen,0,histology,linear,d4,confidence,0.9467474149449815,0.9644846796657381,0.9436317128501641,28.0,16.0
virchow2,nct-crc-100k,frozen,1,histology,linear,none,mean,0.9453928209485309,0.9604456824512535,0.940912403089355,,
virchow2,nct-crc-100k,frozen,1,histology,linear,d4,mean,0.9448727334738424,0.9632311977715877,0.9418421900523294,38.0,18.0
virchow2,nct-crc-100k,frozen,1,histology,linear,d4,logit_mean,0.9460561000115065,0.9637883008356546,0.942886909359186,38.0,18.0
virchow2,nct-crc-100k,frozen,1,histology,linear,d4,vote,0.9458315378616045,0.9640668523676881,0.94262473660815,38.0,18.0
virchow2,nct-crc-100k,frozen,1,histology,linear,d4,confidence,0.943330270961166,0.9622562674094708,0.9400777246473222,38.0,18.0
virchow2,nct-crc-100k,frozen,2,histology,linear,none,mean,0.9481195423263434,0.9616991643454039,0.943675930715339,,
virchow2,nct-crc-100k,frozen,2,histology,linear,d4,mean,0.9508350559385002,0.9655988857938719,0.9470080818311453,41.0,13.0
virchow2,nct-crc-100k,frozen,2,histology,linear,d4,logit_mean,0.9511628173282083,0.9657381615598886,0.9472603417569414,41.0,13.0
virchow2,nct-crc-100k,frozen,2,histology,linear,d4,vote,0.9489308266218666,0.9654596100278552,0.9455365654742192,41.0,13.0
virchow2,nct-crc-100k,frozen,2,histology,linear,d4,confidence,0.9496470167858835,0.9647632311977716,0.9455930710941003,41.0,13.0
virchow2,nct-crc-100k,frozen,3,histology,linear,none,mean,0.9501093426507293,0.9632311977715877,0.9454362404799548,,
virchow2,nct-crc-100k,frozen,3,histology,linear,d4,mean,0.9509088909834826,0.9658774373259053,0.9470696086895146,30.0,11.0
virchow2,nct-crc-100k,frozen,3,histology,linear,d4,logit_mean,0.9509088909834826,0.9658774373259053,0.9470696086895146,30.0,11.0
virchow2,nct-crc-100k,frozen,3,histology,linear,d4,vote,0.9507928046813946,0.966016713091922,0.9464710833308837,30.0,11.0
virchow2,nct-crc-100k,frozen,3,histology,linear,d4,confidence,0.9502264429648117,0.9657381615598886,0.9465754052082475,30.0,11.0
virchow2,nct-crc-100k,frozen,42,histology,linear,none,mean,0.9502283516327493,0.9635097493036212,0.9457283472522343,,
virchow2,nct-crc-100k,frozen,42,histology,linear,d4,mean,0.9496610517082237,0.965041782729805,0.9454732859441025,29.0,18.0
virchow2,nct-crc-100k,frozen,42,histology,linear,d4,logit_mean,0.9508444182458877,0.9655988857938719,0.9465274902746792,29.0,18.0
virchow2,nct-crc-100k,frozen,42,histology,linear,d4,vote,0.9501304186844481,0.9658774373259053,0.9458725780277868,29.0,18.0
virchow2,nct-crc-100k,frozen,42,histology,linear,d4,confidence,0.949227058705245,0.9644846796657381,0.944795097301626,29.0,18.0
virchow2,nct-crc-100k,frozen,0,histology,mlp_1h,none,mean,0.9508378743189828,0.9639275766016713,0.9460160245478085,,
virchow2,nct-crc-100k,frozen,0,histology,mlp_1h,d4,mean,0.9526837936854393,0.9667130919220056,0.9483181855850439,26.0,6.0
virchow2,nct-crc-100k,frozen,0,histology,mlp_1h,d4,logit_mean,0.9527739081307849,0.9668523676880223,0.948513172605391,26.0,6.0
virchow2,nct-crc-100k,frozen,0,histology,mlp_1h,d4,vote,0.9516127200168047,0.9665738161559888,0.9473176802799235,26.0,6.0
virchow2,nct-crc-100k,frozen,0,histology,mlp_1h,d4,confidence,0.9518864965847462,0.9661559888579387,0.9475279098116182,26.0,6.0
virchow2,nct-crc-100k,frozen,1,histology,mlp_1h,none,mean,0.948492314998037,0.9618384401114206,0.943303424972628,,
virchow2,nct-crc-100k,frozen,1,histology,mlp_1h,d4,mean,0.9492214818512371,0.9643454038997215,0.9446656680809308,27.0,9.0
virchow2,nct-crc-100k,frozen,1,histology,mlp_1h,d4,logit_mean,0.9493045245351767,0.9644846796657381,0.9447895738166565,27.0,9.0
virchow2,nct-crc-100k,frozen,1,histology,mlp_1h,d4,vote,0.9497590976840962,0.9655988857938719,0.9453584371343121,27.0,9.0
virchow2,nct-crc-100k,frozen,1,histology,mlp_1h,d4,confidence,0.948172866096148,0.9637883008356546,0.9436321471190693,27.0,9.0
virchow2,nct-crc-100k,frozen,2,histology,mlp_1h,none,mean,0.9448292527345209,0.9590529247910864,0.9406606303533963,,
virchow2,nct-crc-100k,frozen,2,histology,mlp_1h,d4,mean,0.9451782997948841,0.9618384401114206,0.9418357051393877,32.0,12.0
virchow2,nct-crc-100k,frozen,2,histology,mlp_1h,d4,logit_mean,0.9458600975090619,0.9622562674094708,0.9425293637433578,32.0,12.0
virchow2,nct-crc-100k,frozen,2,histology,mlp_1h,d4,vote,0.9459363232869094,0.963091922005571,0.9426803631789191,32.0,12.0
virchow2,nct-crc-100k,frozen,2,histology,mlp_1h,d4,confidence,0.9440318475285504,0.9614206128133704,0.9405409806969333,32.0,12.0
virchow2,nct-crc-100k,frozen,3,histology,mlp_1h,none,mean,0.9502149151233044,0.9643454038997215,0.9467284803842956,,
virchow2,nct-crc-100k,frozen,3,histology,mlp_1h,d4,mean,0.9526142591440819,0.9676880222841225,0.9499097665616917,34.0,10.0
virchow2,nct-crc-100k,frozen,3,histology,mlp_1h,d4,logit_mean,0.9528781810232059,0.9678272980501392,0.9501813975839164,34.0,10.0
virchow2,nct-crc-100k,frozen,3,histology,mlp_1h,d4,vote,0.9517935561565933,0.9675487465181059,0.9492210723243493,34.0,10.0
virchow2,nct-crc-100k,frozen,3,histology,mlp_1h,d4,confidence,0.9525188217792908,0.9675487465181059,0.9496620087803147,34.0,10.0
virchow2,nct-crc-100k,frozen,42,histology,mlp_1h,none,mean,0.9438951613533406,0.9522284122562674,0.9353311478000976,,
virchow2,nct-crc-100k,frozen,42,histology,mlp_1h,d4,mean,0.946900102306199,0.957799442896936,0.9393951928219596,49.0,9.0
virchow2,nct-crc-100k,frozen,42,histology,mlp_1h,d4,logit_mean,0.947330109553202,0.958217270194986,0.9399319135920232,49.0,9.0
virchow2,nct-crc-100k,frozen,42,histology,mlp_1h,d4,vote,0.9487615681459667,0.9605849582172702,0.9419020789074593,49.0,9.0
virchow2,nct-crc-100k,frozen,42,histology,mlp_1h,d4,confidence,0.9471344365307126,0.9584958217270195,0.9399434437477008,49.0,9.0
virchow2,nct-crc-100k,frozen,0,histology,mlp_2h,none,mean,0.9379459177403704,0.9466573816155989,0.9307616465664839,,
virchow2,nct-crc-100k,frozen,0,histology,mlp_2h,d4,mean,0.940711199638003,0.9523676880222841,0.9345904794084507,52.0,11.0
virchow2,nct-crc-100k,frozen,0,histology,mlp_2h,d4,logit_mean,0.940711199638003,0.9523676880222841,0.9345105338688869,52.0,11.0
virchow2,nct-crc-100k,frozen,0,histology,mlp_2h,d4,vote,0.9411887929814932,0.9541782729805014,0.9353269572343567,52.0,11.0
virchow2,nct-crc-100k,frozen,0,histology,mlp_2h,d4,confidence,0.9404790841569619,0.9525069637883008,0.9344930464090623,52.0,11.0
virchow2,nct-crc-100k,frozen,1,histology,mlp_2h,none,mean,0.9503485196410276,0.9603064066852368,0.9440649713583045,,
virchow2,nct-crc-100k,frozen,1,histology,mlp_2h,d4,mean,0.95461025806205,0.966016713091922,0.9495925007912067,47.0,6.0
virchow2,nct-crc-100k,frozen,1,histology,mlp_2h,d4,logit_mean,0.9552920557762277,0.9664345403899721,0.9503493023813321,47.0,6.0
virchow2,nct-crc-100k,frozen,1,histology,mlp_2h,d4,vote,0.9544609683074837,0.966991643454039,0.9499719884719584,47.0,6.0
virchow2,nct-crc-100k,frozen,1,histology,mlp_2h,d4,confidence,0.9547003725073956,0.9661559888579387,0.9498728700494349,47.0,6.0
virchow2,nct-crc-100k,frozen,2,histology,mlp_2h,none,mean,0.9460163086658623,0.9611420612813371,0.9426984253898101,,
virchow2,nct-crc-100k,frozen,2,histology,mlp_2h,d4,mean,0.9476948563009177,0.9639275766016713,0.9447888461379212,32.0,12.0
virchow2,nct-crc-100k,frozen,2,histology,mlp_2h,d4,logit_mean,0.9482227000591652,0.9642061281337048,0.9453023683660897,32.0,12.0
virchow2,nct-crc-100k,frozen,2,histology,mlp_2h,d4,vote,0.946573102116777,0.9633704735376044,0.9433066600833188,32.0,12.0
virchow2,nct-crc-100k,frozen,2,histology,mlp_2h,d4,confidence,0.946755463630387,0.9633704735376044,0.9441176817967604,32.0,12.0
virchow2,nct-crc-100k,frozen,3,histology,mlp_2h,none,mean,0.9441395210235964,0.9540389972144847,0.9381087193379606,,
virchow2,nct-crc-100k,frozen,3,histology,mlp_2h,d4,mean,0.9491258501199229,0.95974930362117,0.94344454339317,48.0,7.0
virchow2,nct-crc-100k,frozen,3,histology,mlp_2h,d4,logit_mean,0.9495558573669258,0.96016713091922,0.9439098212010205,48.0,7.0
virchow2,nct-crc-100k,frozen,3,histology,mlp_2h,d4,vote,0.9495821701995362,0.9616991643454039,0.9446670695658234,48.0,7.0
virchow2,nct-crc-100k,frozen,3,histology,mlp_2h,d4,confidence,0.9482370897421935,0.9598885793871866,0.9430389861958329,48.0,7.0
virchow2,nct-crc-100k,frozen,42,histology,mlp_2h,none,mean,0.9422653156180627,0.9473537604456824,0.9324109050921646,,
virchow2,nct-crc-100k,frozen,42,histology,mlp_2h,d4,mean,0.9486319743250733,0.9566852367688022,0.9404744381037435,71.0,4.0
virchow2,nct-crc-100k,frozen,42,histology,mlp_2h,d4,logit_mean,0.9483680524459496,0.9565459610027855,0.9402515919032849,71.0,4.0
virchow2,nct-crc-100k,frozen,42,histology,mlp_2h,d4,vote,0.949358695720382,0.9589136490250696,0.9418271842879693,71.0,4.0
virchow2,nct-crc-100k,frozen,42,histology,mlp_2h,d4,confidence,0.9485117906553844,0.9569637883008356,0.9406153009617229,71.0,4.0
virchow,nct-crc-100k,frozen,0,histology,knn_10,none,mean,0.9355027388657771,0.9440111420612813,0.9268205394802652,,
virchow,nct-crc-100k,frozen,0,histology,knn_10,d4,mean,0.9397782562525294,0.947075208913649,0.9307804000151189,29.0,7.0
virchow,nct-crc-100k,frozen,0,histology,knn_5,none,mean,0.9328252560507665,0.9427576601671309,0.9247597388611446,,
virchow,nct-crc-100k,frozen,0,histology,knn_5,d4,mean,0.9381267540569582,0.9459610027855153,0.9296297219830082,32.0,9.0
virchow,nct-crc-100k,frozen,0,histology,linear,none,mean,0.9448443365891824,0.9557103064066852,0.9412204464982066,,
virchow,nct-crc-100k,frozen,0,histology,linear,d4,mean,0.9452770982465896,0.9591922005571031,0.9428324434572316,46.0,21.0
virchow,nct-crc-100k,frozen,0,histology,linear,d4,logit_mean,0.9449869014327048,0.9589136490250696,0.9425611799583697,46.0,21.0
virchow,nct-crc-100k,frozen,0,histology,linear,d4,vote,0.9452692460128159,0.9593314763231198,0.9427759497993305,46.0,21.0
virchow,nct-crc-100k,frozen,0,histology,linear,d4,confidence,0.9453285041879581,0.9591922005571031,0.9427685631248222,46.0,21.0
virchow,nct-crc-100k,frozen,1,histology,linear,none,mean,0.948388519817142,0.95974930362117,0.944550186643727,,
virchow,nct-crc-100k,frozen,1,histology,linear,d4,mean,0.9493546960046212,0.9633704735376044,0.946326484454196,43.0,17.0
virchow,nct-crc-100k,frozen,1,histology,linear,d4,logit_mean,0.9496186178837451,0.9635097493036212,0.9466345598269837,43.0,17.0
virchow,nct-crc-100k,frozen,1,histology,linear,d4,vote,0.9485730978910405,0.9629526462395543,0.9455426312720859,43.0,17.0
virchow,nct-crc-100k,frozen,1,histology,linear,d4,confidence,0.9478301596361182,0.9625348189415042,0.9447131419155083,43.0,17.0
virchow,nct-crc-100k,frozen,2,histology,linear,none,mean,0.9462910596499063,0.958217270194986,0.9427379316862317,,
virchow,nct-crc-100k,frozen,2,histology,linear,d4,mean,0.945015033838795,0.9598885793871866,0.942708845575172,32.0,20.0
virchow,nct-crc-100k,frozen,2,histology,linear,d4,logit_mean,0.9455428775970424,0.96016713091922,0.9431761227257789,32.0,20.0
virchow,nct-crc-100k,frozen,2,histology,linear,d4,vote,0.9440199116799209,0.9594707520891365,0.9418588365722493,32.0,20.0
virchow,nct-crc-100k,frozen,2,histology,linear,d4,confidence,0.9449314739513905,0.95974930362117,0.9425039145118743,32.0,20.0
virchow,nct-crc-100k,frozen,3,histology,linear,none,mean,0.9440115734630863,0.9561281337047354,0.9404620786810222,,
virchow,nct-crc-100k,frozen,3,histology,linear,d4,mean,0.943023950233213,0.9580779944289693,0.9408870686334585,40.0,26.0
virchow,nct-crc-100k,frozen,3,histology,linear,d4,logit_mean,0.9431140646785587,0.958217270194986,0.9409848424811545,40.0,26.0
virchow,nct-crc-100k,frozen,3,histology,linear,d4,vote,0.9428239686508305,0.9584958217270195,0.9405880179518084,40.0,26.0
virchow,nct-crc-100k,frozen,3,histology,linear,d4,confidence,0.9427807105270093,0.9573816155988858,0.9405770630511826,40.0,26.0
virchow,nct-crc-100k,frozen,42,histology,linear,none,mean,0.9430127534830584,0.955849582172702,0.9390518436165889,,
virchow,nct-crc-100k,frozen,42,histology,linear,d4,mean,0.9442445006273523,0.9594707520891365,0.9414086652835388,44.0,18.0
virchow,nct-crc-100k,frozen,42,histology,linear,d4,logit_mean,0.9444183080611306,0.9594707520891365,0.9415455367054544,44.0,18.0
virchow,nct-crc-100k,frozen,42,histology,linear,d4,vote,0.9430717734262575,0.9589136490250696,0.9403390635065594,44.0,18.0
virchow,nct-crc-100k,frozen,42,histology,linear,d4,confidence,0.9437000678884012,0.9589136490250696,0.9408049327863675,44.0,18.0
virchow,nct-crc-100k,frozen,0,histology,mlp_1h,none,mean,0.949086248282151,0.96016713091922,0.9443516075765653,,
virchow,nct-crc-100k,frozen,0,histology,mlp_1h,d4,mean,0.949973294290355,0.9626740947075209,0.9463596293541213,30.0,12.0
virchow,nct-crc-100k,frozen,0,histology,mlp_1h,d4,logit_mean,0.949973294290355,0.9626740947075209,0.9463596293541213,30.0,12.0
virchow,nct-crc-100k,frozen,0,histology,mlp_1h,d4,vote,0.9502994552476908,0.963091922005571,0.9466644606041937,30.0,12.0
virchow,nct-crc-100k,frozen,0,histology,mlp_1h,d4,confidence,0.9504178320957605,0.9629526462395543,0.9467070835090655,30.0,12.0
virchow,nct-crc-100k,frozen,1,histology,mlp_1h,none,mean,0.9508553979409365,0.9626740947075209,0.9469868379622702,,
virchow,nct-crc-100k,frozen,1,histology,mlp_1h,d4,mean,0.9512895272626685,0.9637883008356546,0.9477310207905606,21.0,13.0
virchow,nct-crc-100k,frozen,1,histology,mlp_1h,d4,logit_mean,0.95208129290004,0.9642061281337048,0.9485742578869386,21.0,13.0
virchow,nct-crc-100k,frozen,1,histology,mlp_1h,d4,vote,0.9510552782379571,0.9636490250696379,0.9475664845719532,21.0,13.0
virchow,nct-crc-100k,frozen,1,histology,mlp_1h,d4,confidence,0.9520404874068762,0.9642061281337048,0.9483574796582848,21.0,13.0
virchow,nct-crc-100k,frozen,2,histology,mlp_1h,none,mean,0.9473399579089441,0.9615598885793872,0.9433647532678441,,
virchow,nct-crc-100k,frozen,2,histology,mlp_1h,d4,mean,0.9482115480445482,0.963091922005571,0.9447864263134603,20.0,9.0
virchow,nct-crc-100k,frozen,2,histology,mlp_1h,d4,logit_mean,0.9482115480445482,0.963091922005571,0.9448599814859807,20.0,9.0
virchow,nct-crc-100k,frozen,2,histology,mlp_1h,d4,vote,0.9476006616023612,0.9626740947075209,0.9442147376896569,20.0,9.0
virchow,nct-crc-100k,frozen,2,histology,mlp_1h,d4,confidence,0.9480383909152632,0.9628133704735377,0.9445237047184345,20.0,9.0
virchow,nct-crc-100k,frozen,3,histology,mlp_1h,none,mean,0.9487541733681422,0.9612813370473537,0.9457559164344642,,
virchow,nct-crc-100k,frozen,3,histology,mlp_1h,d4,mean,0.9471411952843695,0.9618384401114206,0.9450221717285857,27.0,23.0
virchow,nct-crc-100k,frozen,3,histology,mlp_1h,d4,logit_mean,0.947669039042617,0.962116991643454,0.9455732785151704,27.0,23.0
virchow,nct-crc-100k,frozen,3,histology,mlp_1h,d4,vote,0.9468333421687066,0.962116991643454,0.944803795931433,27.0,23.0
virchow,nct-crc-100k,frozen,3,histology,mlp_1h,d4,confidence,0.9467722799327927,0.9612813370473537,0.9446179626179911,27.0,23.0
virchow,nct-crc-100k,frozen,42,histology,mlp_1h,none,mean,0.9485440893441736,0.96016713091922,0.9443184703181954,,
virchow,nct-crc-100k,frozen,42,histology,mlp_1h,d4,mean,0.9506238718256651,0.9632311977715877,0.9472170223394328,28.0,6.0
virchow,nct-crc-100k,frozen,42,histology,mlp_1h,d4,logit_mean,0.9506238718256651,0.9632311977715877,0.9472170223394328,28.0,6.0
virchow,nct-crc-100k,frozen,42,histology,mlp_1h,d4,vote,0.9494818159307018,0.9622562674094708,0.946136303059094,28.0,6.0
virchow,nct-crc-100k,frozen,42,histology,mlp_1h,d4,confidence,0.949641709773812,0.9625348189415042,0.9462390200657862,28.0,6.0
virchow,nct-crc-100k,frozen,0,histology,mlp_2h,none,mean,0.9435381629618502,0.9566852367688022,0.94044857013307,,
virchow,nct-crc-100k,frozen,0,histology,mlp_2h,d4,mean,0.9431536091515089,0.9586350974930362,0.9409767650407436,36.0,22.0
virchow,nct-crc-100k,frozen,0,histology,mlp_2h,d4,logit_mean,0.9434243395231362,0.9589136490250696,0.9413083795558363,36.0,22.0
virchow,nct-crc-100k,frozen,0,histology,mlp_2h,d4,vote,0.9430393654059073,0.9583565459610028,0.9408400273878463,36.0,22.0
virchow,nct-crc-100k,frozen,0,histology,mlp_2h,d4,confidence,0.9430916033612085,0.9586350974930362,0.9410385168486253,36.0,22.0
virchow,nct-crc-100k,frozen,1,histology,mlp_2h,none,mean,0.94406629161465,0.9616991643454039,0.9423590915765234,,
virchow,nct-crc-100k,frozen,1,histology,mlp_2h,d4,mean,0.9426979676417311,0.9619777158774373,0.9416234624445889,21.0,19.0
virchow,nct-crc-100k,frozen,1,histology,mlp_2h,d4,logit_mean,0.9427742018331673,0.9619777158774373,0.9417216584155634,21.0,19.0
virchow,nct-crc-100k,frozen,1,histology,mlp_2h,d4,vote,0.9442751654913815,0.9628133704735377,0.9429807909156472,21.0,19.0
virchow,nct-crc-100k,frozen,1,histology,mlp_2h,d4,confidence,0.9425413994931495,0.9619777158774373,0.9416426040900358,21.0,19.0
virchow,nct-crc-100k,frozen,2,histology,mlp_2h,none,mean,0.9498470498288955,0.9622562674094708,0.9458914821368754,,
virchow,nct-crc-100k,frozen,2,histology,mlp_2h,d4,mean,0.9487926220206203,0.962116991643454,0.9455066653027926,17.0,18.0
virchow,nct-crc-100k,frozen,2,histology,mlp_2h,d4,logit_mean,0.9487926220206203,0.962116991643454,0.9455066653027926,17.0,18.0
virchow,nct-crc-100k,frozen,2,histology,mlp_2h,d4,vote,0.9485465114263553,0.9625348189415042,0.9455900300527635,17.0,18.0
virchow,nct-crc-100k,frozen,2,histology,mlp_2h,d4,confidence,0.9489421184077957,0.962116991643454,0.9455566497795199,17.0,18.0
virchow,nct-crc-100k,frozen,3,histology,mlp_2h,none,mean,0.9483014031018754,0.9612813370473537,0.9451828016256135,,
virchow,nct-crc-100k,frozen,3,histology,mlp_2h,d4,mean,0.9478027912870041,0.9611420612813371,0.9453885758264305,22.0,23.0
virchow,nct-crc-100k,frozen,3,histology,mlp_2h,d4,logit_mean,0.9476560036266226,0.9612813370473537,0.9452757349235699,22.0,23.0
virchow,nct-crc-100k,frozen,3,histology,mlp_2h,d4,vote,0.9472820449549499,0.9615598885793872,0.9450814341116975,22.0,23.0
virchow,nct-crc-100k,frozen,3,histology,mlp_2h,d4,confidence,0.948349932752749,0.9618384401114206,0.9458626109096024,22.0,23.0
virchow,nct-crc-100k,frozen,42,histology,mlp_2h,none,mean,0.9484381563394947,0.9608635097493036,0.9445100165082887,,
virchow,nct-crc-100k,frozen,42,histology,mlp_2h,d4,mean,0.948192658332418,0.9612813370473537,0.9447149743329865,22.0,19.0
virchow,nct-crc-100k,frozen,42,histology,mlp_2h,d4,logit_mean,0.9486131483601233,0.9614206128133704,0.9450825259588146,22.0,19.0
virchow,nct-crc-100k,frozen,42,histology,mlp_2h,d4,vote,0.9479241640252251,0.9614206128133704,0.9446374098724808,22.0,19.0
virchow,nct-crc-100k,frozen,42,histology,mlp_2h,d4,confidence,0.9472511533641403,0.9603064066852368,0.9437224029651468,22.0,19.0
convnextv2_base,nct-crc-nonorm,frozen,0,general,knn_10,none,mean,0.8385078871278717,0.8526462395543175,0.8201376360687308,,
convnextv2_base,nct-crc-nonorm,frozen,0,general,knn_10,d4,mean,0.8498811810003646,0.863091922005571,0.8301947917904717,243.0,168.0
convnextv2_base,nct-crc-nonorm,frozen,0,general,knn_5,none,mean,0.8368295360705635,0.8486072423398329,0.8173252102535415,,
convnextv2_base,nct-crc-nonorm,frozen,0,general,knn_5,d4,mean,0.8458386321503056,0.8579387186629527,0.8256575373966882,270.0,203.0
convnextv2_base,nct-crc-nonorm,frozen,0,general,linear,none,mean,0.696918443413497,0.7204735376044569,0.6536539153827028,,
convnextv2_base,nct-crc-nonorm,frozen,0,general,linear,d4,mean,0.6932717687272146,0.7192200557103064,0.649608687186747,192.0,201.0
convnextv2_base,nct-crc-nonorm,frozen,0,general,linear,d4,logit_mean,0.6948901310131342,0.7204735376044569,0.6511283846591556,192.0,201.0
convnextv2_base,nct-crc-nonorm,frozen,0,general,linear,d4,vote,0.6947530544211235,0.717966573816156,0.6511352734175362,192.0,201.0
convnextv2_base,nct-crc-nonorm,frozen,0,general,linear,d4,confidence,0.692673866024871,0.7182451253481894,0.6488235343939031,192.0,201.0
convnextv2_base,nct-crc-nonorm,frozen,1,general,linear,none,mean,0.6784244880196256,0.7034818941504178,0.6329987953437369,,
convnextv2_base,nct-crc-nonorm,frozen,1,general,linear,d4,mean,0.6754346904796404,0.704874651810585,0.6326850601390798,212.0,202.0
convnextv2_base,nct-crc-nonorm,frozen,1,general,linear,d4,logit_mean,0.6755270009921807,0.7054317548746518,0.633259890320408,212.0,202.0
convnextv2_base,nct-crc-nonorm,frozen,1,general,linear,d4,vote,0.6752532993047237,0.7020891364902507,0.6316326803151597,212.0,202.0
convnextv2_base,nct-crc-nonorm,frozen,1,general,linear,d4,confidence,0.6737093300866265,0.7037604456824512,0.6309529824604978,212.0,202.0
convnextv2_base,nct-crc-nonorm,frozen,2,general,linear,none,mean,0.700466210024604,0.7331476323119778,0.6642254260842418,,
convnextv2_base,nct-crc-nonorm,frozen,2,general,linear,d4,mean,0.6975596581704189,0.7341225626740947,0.6634058124798305,185.0,178.0
convnextv2_base,nct-crc-nonorm,frozen,2,general,linear,d4,logit_mean,0.6981200401907057,0.7337047353760445,0.663369365103658,185.0,178.0
convnextv2_base,nct-crc-nonorm,frozen,2,general,linear,d4,vote,0.6975380113090647,0.732033426183844,0.6616781559980612,185.0,178.0
convnextv2_base,nct-crc-nonorm,frozen,2,general,linear,d4,confidence,0.6954366498034825,0.7313370473537605,0.6600107449068416,185.0,178.0
convnextv2_base,nct-crc-nonorm,frozen,3,general,linear,none,mean,0.7004672494833647,0.7257660167130919,0.6610760319621195,,
convnextv2_base,nct-crc-nonorm,frozen,3,general,linear,d4,mean,0.6997601321791546,0.7263231197771588,0.6612871218182329,199.0,195.0
convnextv2_base,nct-crc-nonorm,frozen,3,general,linear,d4,logit_mean,0.6990719077288551,0.7254874651810584,0.660495872313537,199.0,195.0
convnextv2_base,nct-crc-nonorm,frozen,3,general,linear,d4,vote,0.7014140544321412,0.7266016713091922,0.6632182789565483,199.0,195.0
convnextv2_base,nct-crc-nonorm,frozen,3,general,linear,d4,confidence,0.6974784488377452,0.7250696378830084,0.6586882486027449,199.0,195.0
convnextv2_base,nct-crc-nonorm,frozen,42,general,linear,none,mean,0.6880334697898438,0.7175487465181059,0.6480519250048028,,
convnextv2_base,nct-crc-nonorm,frozen,42,general,linear,d4,mean,0.6861985260511877,0.7188022284122563,0.6473636048774829,203.0,194.0
convnextv2_base,nct-crc-nonorm,frozen,42,general,linear,d4,logit_mean,0.686837850322339,0.718941504178273,0.6471242329456796,203.0,194.0
convnextv2_base,nct-crc-nonorm,frozen,42,general,linear,d4,vote,0.6866120935845959,0.7175487465181059,0.6468943667739834,203.0,194.0
convnextv2_base,nct-crc-nonorm,frozen,42,general,linear,d4,confidence,0.6835595955135401,0.716016713091922,0.643530980971028,203.0,194.0
convnextv2_base,nct-crc-nonorm,frozen,0,general,mlp_1h,none,mean,0.7134924140554453,0.7302228412256268,0.6700206129616082,,
convnextv2_base,nct-crc-nonorm,frozen,0,general,mlp_1h,d4,mean,0.7089109673653927,0.7300835654596101,0.6669567010333636,208.0,209.0
convnextv2_base,nct-crc-nonorm,frozen,0,general,mlp_1h,d4,logit_mean,0.7104820843327582,0.7313370473537605,0.6678980371739587,208.0,209.0
convnextv2_base,nct-crc-nonorm,frozen,0,general,mlp_1h,d4,vote,0.71243353271294,0.7299442896935933,0.6681195987961077,208.0,209.0
convnextv2_base,nct-crc-nonorm,frozen,0,general,mlp_1h,d4,confidence,0.7073427248049522,0.7279944289693593,0.6646871581795813,208.0,209.0
convnextv2_base,nct-crc-nonorm,frozen,1,general,mlp_1h,none,mean,0.7040720038286967,0.7201949860724234,0.663899437992717,,
convnextv2_base,nct-crc-nonorm,frozen,1,general,mlp_1h,d4,mean,0.7007441327834252,0.7229805013927577,0.6627576092084702,230.0,210.0
convnextv2_base,nct-crc-nonorm,frozen,1,general,mlp_1h,d4,logit_mean,0.7014022481373381,0.7239554317548746,0.6633988292003158,230.0,210.0
convnextv2_base,nct-crc-nonorm,frozen,1,general,mlp_1h,d4,vote,0.7012612277713941,0.7206128133704736,0.6630192852434967,230.0,210.0
convnextv2_base,nct-crc-nonorm,frozen,1,general,mlp_1h,d4,confidence,0.6999810832929465,0.722284122562674,0.6620123022109835,230.0,210.0
convnextv2_base,nct-crc-nonorm,frozen,2,general,mlp_1h,none,mean,0.7106345918469843,0.7377437325905293,0.680682153014013,,
convnextv2_base,nct-crc-nonorm,frozen,2,general,mlp_1h,d4,mean,0.7046144813550325,0.7367688022284122,0.6783057244025753,216.0,223.0
convnextv2_base,nct-crc-nonorm,frozen,2,general,mlp_1h,d4,logit_mean,0.7039906845731204,0.7367688022284122,0.6779812150592885,216.0,223.0
convnextv2_base,nct-crc-nonorm,frozen,2,general,mlp_1h,d4,vote,0.7041770549652993,0.7344011142061281,0.6756824817373921,216.0,223.0
convnextv2_base,nct-crc-nonorm,frozen,2,general,mlp_1h,d4,confidence,0.7035918241427381,0.7363509749303622,0.6773736914116119,216.0,223.0
convnextv2_base,nct-crc-nonorm,frozen,3,general,mlp_1h,none,mean,0.6924059457285329,0.718941504178273,0.6578002783491076,,
convnextv2_base,nct-crc-nonorm,frozen,3,general,mlp_1h,d4,mean,0.6850240215947422,0.716016713091922,0.6522227552427222,220.0,241.0
convnextv2_base,nct-crc-nonorm,frozen,3,general,mlp_1h,d4,logit_mean,0.6872451114340883,0.717966573816156,0.6537283388859417,220.0,241.0
convnextv2_base,nct-crc-nonorm,frozen,3,general,mlp_1h,d4,vote,0.6840332208301357,0.7142061281337048,0.6496506118890113,220.0,241.0
convnextv2_base,nct-crc-nonorm,frozen,3,general,mlp_1h,d4,confidence,0.6849392432739964,0.7161559888579387,0.6521678371863445,220.0,241.0
convnextv2_base,nct-crc-nonorm,frozen,42,general,mlp_1h,none,mean,0.7003751392106803,0.7299442896935933,0.6675651654812731,,
convnextv2_base,nct-crc-nonorm,frozen,42,general,mlp_1h,d4,mean,0.6930951985616605,0.727158774373259,0.6623671236919013,184.0,204.0
convnextv2_base,nct-crc-nonorm,frozen,42,general,mlp_1h,d4,logit_mean,0.6938275978435563,0.7277158774373259,0.662950113458527,184.0,204.0
convnextv2_base,nct-crc-nonorm,frozen,42,general,mlp_1h,d4,vote,0.6947559461645959,0.7253481894150418,0.661442513777819,184.0,204.0
convnextv2_base,nct-crc-nonorm,frozen,42,general,mlp_1h,d4,confidence,0.6920862838965176,0.7263231197771588,0.6610029602959802,184.0,204.0
convnextv2_base,nct-crc-nonorm,frozen,0,general,mlp_2h,none,mean,0.7050193175530783,0.7227019498607242,0.6660660379756992,,
convnextv2_base,nct-crc-nonorm,frozen,0,general,mlp_2h,d4,mean,0.6975305055200163,0.7178272980501392,0.6607814672919691,210.0,245.0
convnextv2_base,nct-crc-nonorm,frozen,0,general,mlp_2h,d4,logit_mean,0.6991282392330018,0.7183844011142061,0.6619413396192461,210.0,245.0
convnextv2_base,nct-crc-nonorm,frozen,0,general,mlp_2h,d4,vote,0.6993077666163938,0.7176880222841225,0.6614380524546921,210.0,245.0
convnextv2_base,nct-crc-nonorm,frozen,0,general,mlp_2h,d4,confidence,0.6947616105816334,0.7164345403899721,0.659962852439556,210.0,245.0
convnextv2_base,nct-crc-nonorm,frozen,1,general,mlp_2h,none,mean,0.7021866659075432,0.7334261838440111,0.6548478551047084,,
convnextv2_base,nct-crc-nonorm,frozen,1,general,mlp_2h,d4,mean,0.6999911316032701,0.7352367688022284,0.6531699946739633,183.0,170.0
convnextv2_base,nct-crc-nonorm,frozen,1,general,mlp_2h,d4,logit_mean,0.6999466283670689,0.7350974930362117,0.6533407512300469,183.0,170.0
convnextv2_base,nct-crc-nonorm,frozen,1,general,mlp_2h,d4,vote,0.6988708331285198,0.7316155988857939,0.6497027628331296,183.0,170.0
convnextv2_base,nct-crc-nonorm,frozen,1,general,mlp_2h,d4,confidence,0.6978154674856208,0.7341225626740947,0.6514964209073372,183.0,170.0
convnextv2_base,nct-crc-nonorm,frozen,2,general,mlp_2h,none,mean,0.7163850661174309,0.7403899721448468,0.6834033769201078,,
convnextv2_base,nct-crc-nonorm,frozen,2,general,mlp_2h,d4,mean,0.7142674451885508,0.7405292479108635,0.6823902263452615,210.0,209.0
convnextv2_base,nct-crc-nonorm,frozen,2,general,mlp_2h,d4,logit_mean,0.7139119621793877,0.7401114206128133,0.6819337438298267,210.0,209.0
convnextv2_base,nct-crc-nonorm,frozen,2,general,mlp_2h,d4,vote,0.7117936997781543,0.7376044568245126,0.6789791589427158,210.0,209.0
convnextv2_base,nct-crc-nonorm,frozen,2,general,mlp_2h,d4,confidence,0.7141695163885449,0.7403899721448468,0.6829082841337818,210.0,209.0
convnextv2_base,nct-crc-nonorm,frozen,3,general,mlp_2h,none,mean,0.6889357740789427,0.7005571030640668,0.6480908566499094,,
convnextv2_base,nct-crc-nonorm,frozen,3,general,mlp_2h,d4,mean,0.6847414563834455,0.7001392757660168,0.6453770912478405,244.0,247.0
convnextv2_base,nct-crc-nonorm,frozen,3,general,mlp_2h,d4,logit_mean,0.6869413665485686,0.7019498607242339,0.646576157924923,244.0,247.0
convnextv2_base,nct-crc-nonorm,frozen,3,general,mlp_2h,d4,vote,0.6855880640076762,0.6988857938718663,0.6439895981040524,244.0,247.0
convnextv2_base,nct-crc-nonorm,frozen,3,general,mlp_2h,d4,confidence,0.6828990674724567,0.6979108635097493,0.6437617806721276,244.0,247.0
convnextv2_base,nct-crc-nonorm,frozen,42,general,mlp_2h,none,mean,0.7193176772121419,0.7423398328690808,0.6792555845745344,,
convnextv2_base,nct-crc-nonorm,frozen,42,general,mlp_2h,d4,mean,0.7131525602631364,0.7403899721448468,0.6748384782409604,204.0,218.0
convnextv2_base,nct-crc-nonorm,frozen,42,general,mlp_2h,d4,logit_mean,0.7132943896658531,0.7409470752089137,0.6747711648071957,204.0,218.0
convnextv2_base,nct-crc-nonorm,frozen,42,general,mlp_2h,d4,vote,0.71699158490419,0.7416434540389972,0.6770606115613143,204.0,218.0
convnextv2_base,nct-crc-nonorm,frozen,42,general,mlp_2h,d4,confidence,0.7085007854824771,0.7377437325905293,0.6708248264032378,204.0,218.0
convnextv2_tiny,nct-crc-nonorm,frozen,0,general,knn_10,none,mean,0.768066503058804,0.7717270194986072,0.7510613666849781,,
convnextv2_tiny,nct-crc-nonorm,frozen,0,general,knn_10,d4,mean,0.7835076319359333,0.7889972144846796,0.7666312803157058,366.0,242.0
convnextv2_tiny,nct-crc-nonorm,frozen,0,general,knn_5,none,mean,0.763579235079832,0.7674094707520891,0.7459749053496194,,
convnextv2_tiny,nct-crc-nonorm,frozen,0,general,knn_5,d4,mean,0.7791072735878425,0.7844011142061281,0.7613317782634736,416.0,294.0
convnextv2_tiny,nct-crc-nonorm,frozen,0,general,linear,none,mean,0.7007534793009259,0.7335654596100278,0.6699727510734187,,
convnextv2_tiny,nct-crc-nonorm,frozen,0,general,linear,d4,mean,0.709547560210241,0.7415041782729805,0.6777558468450692,222.0,165.0
convnextv2_tiny,nct-crc-nonorm,frozen,0,general,linear,d4,logit_mean,0.709183273897901,0.741225626740947,0.6768138446211881,222.0,165.0
convnextv2_tiny,nct-crc-nonorm,frozen,0,general,linear,d4,vote,0.7085941375311945,0.7419220055710306,0.6779723947516595,222.0,165.0
convnextv2_tiny,nct-crc-nonorm,frozen,0,general,linear,d4,confidence,0.70732908316733,0.7394150417827298,0.6759792974567499,222.0,165.0
convnextv2_tiny,nct-crc-nonorm,frozen,1,general,linear,none,mean,0.7063381008875429,0.7391364902506964,0.6807977447672074,,
convnextv2_tiny,nct-crc-nonorm,frozen,1,general,linear,d4,mean,0.7166738032819809,0.7483286908077994,0.6892397551894023,237.0,171.0
convnextv2_tiny,nct-crc-nonorm,frozen,1,general,linear,d4,logit_mean,0.7168952420622596,0.7479108635097493,0.6890242820934672,237.0,171.0
convnextv2_tiny,nct-crc-nonorm,frozen,1,general,linear,d4,vote,0.7122950469625922,0.7449860724233983,0.6866138258843952,237.0,171.0
convnextv2_tiny,nct-crc-nonorm,frozen,1,general,linear,d4,confidence,0.7142458735325704,0.746100278551532,0.6864974485499812,237.0,171.0
convnextv2_tiny,nct-crc-nonorm,frozen,2,general,linear,none,mean,0.7131184853143858,0.7413649025069637,0.6857840040817895,,
convnextv2_tiny,nct-crc-nonorm,frozen,2,general,linear,d4,mean,0.7208298656734049,0.7493036211699164,0.6916632689740585,230.0,173.0
convnextv2_tiny,nct-crc-nonorm,frozen,2,general,linear,d4,logit_mean,0.7199802956769552,0.748050139275766,0.6908467998183567,230.0,173.0
convnextv2_tiny,nct-crc-nonorm,frozen,2,general,linear,d4,vote,0.7182663148346642,0.7479108635097493,0.6903717512749713,230.0,173.0
convnextv2_tiny,nct-crc-nonorm,frozen,2,general,linear,d4,confidence,0.716338317841423,0.7452646239554318,0.6878421142891455,230.0,173.0
convnextv2_tiny,nct-crc-nonorm,frozen,3,general,linear,none,mean,0.7057136765851293,0.7363509749303622,0.6764911689603691,,
convnextv2_tiny,nct-crc-nonorm,frozen,3,general,linear,d4,mean,0.7181330017975888,0.748050139275766,0.6877755399647166,249.0,165.0
convnextv2_tiny,nct-crc-nonorm,frozen,3,general,linear,d4,logit_mean,0.7185698857997289,0.7479108635097493,0.6877428513200806,249.0,165.0
convnextv2_tiny,nct-crc-nonorm,frozen,3,general,linear,d4,vote,0.718942278037234,0.7476323119777158,0.6887346346702823,249.0,165.0
convnextv2_tiny,nct-crc-nonorm,frozen,3,general,linear,d4,confidence,0.7181467119064551,0.7479108635097493,0.6873665603712723,249.0,165.0
convnextv2_tiny,nct-crc-nonorm,frozen,42,general,linear,none,mean,0.6965502151050287,0.7277158774373259,0.6678018801728166,,
convnextv2_tiny,nct-crc-nonorm,frozen,42,general,linear,d4,mean,0.7098193935316056,0.7403899721448468,0.6794722296492259,250.0,159.0
convnextv2_tiny,nct-crc-nonorm,frozen,42,general,linear,d4,logit_mean,0.709958256928043,0.7398328690807799,0.679114465432963,250.0,159.0
convnextv2_tiny,nct-crc-nonorm,frozen,42,general,linear,d4,vote,0.7058521919074032,0.7381615598885793,0.6771242696755306,250.0,159.0
convnextv2_tiny,nct-crc-nonorm,frozen,42,general,linear,d4,confidence,0.7058039360018025,0.7362116991643454,0.6753569079618319,250.0,159.0
convnextv2_tiny,nct-crc-nonorm,frozen,0,general,mlp_1h,none,mean,0.6930714177503167,0.7264623955431755,0.6685072027096388,,
convnextv2_tiny,nct-crc-nonorm,frozen,0,general,mlp_1h,d4,mean,0.7094187971077229,0.7377437325905293,0.680768352239301,261.0,180.0
convnextv2_tiny,nct-crc-nonorm,frozen,0,general,mlp_1h,d4,logit_mean,0.7098774323078927,0.7374651810584958,0.6808471882023481,261.0,180.0
convnextv2_tiny,nct-crc-nonorm,frozen,0,general,mlp_1h,d4,vote,0.707569490754348,0.7346796657381616,0.6789859023984222,261.0,180.0
convnextv2_tiny,nct-crc-nonorm,frozen,0,general,mlp_1h,d4,confidence,0.705144625222492,0.7332869080779945,0.6756506194976895,261.0,180.0
convnextv2_tiny,nct-crc-nonorm,frozen,1,general,mlp_1h,none,mean,0.6943584577953632,0.7094707520891365,0.6633312784203516,,
convnextv2_tiny,nct-crc-nonorm,frozen,1,general,mlp_1h,d4,mean,0.7057856524770424,0.7215877437325905,0.673269931447298,279.0,192.0
convnextv2_tiny,nct-crc-nonorm,frozen,1,general,mlp_1h,d4,logit_mean,0.7054279462002605,0.7211699164345404,0.6720998549771738,279.0,192.0
convnextv2_tiny,nct-crc-nonorm,frozen,1,general,mlp_1h,d4,vote,0.7061458447705505,0.7229805013927577,0.6754746566485151,279.0,192.0
convnextv2_tiny,nct-crc-nonorm,frozen,1,general,mlp_1h,d4,confidence,0.7051332692669142,0.7211699164345404,0.6729436516563685,279.0,192.0
convnextv2_tiny,nct-crc-nonorm,frozen,2,general,mlp_1h,none,mean,0.6872681478502858,0.7162952646239554,0.6657220771100317,,
convnextv2_tiny,nct-crc-nonorm,frozen,2,general,mlp_1h,d4,mean,0.700323816992285,0.7296657381615599,0.6768327828898357,278.0,182.0
convnextv2_tiny,nct-crc-nonorm,frozen,2,general,mlp_1h,d4,logit_mean,0.6999929708659592,0.729108635097493,0.6766710584461716,278.0,182.0
convnextv2_tiny,nct-crc-nonorm,frozen,2,general,mlp_1h,d4,vote,0.6980760654486146,0.7277158774373259,0.6761416568034794,278.0,182.0
convnextv2_tiny,nct-crc-nonorm,frozen,2,general,mlp_1h,d4,confidence,0.6971334217179064,0.7264623955431755,0.6734467659140732,278.0,182.0
convnextv2_tiny,nct-crc-nonorm,frozen,3,general,mlp_1h,none,mean,0.6820848438098789,0.7232590529247911,0.6674778327290983,,
convnextv2_tiny,nct-crc-nonorm,frozen,3,general,mlp_1h,d4,mean,0.6916361069581185,0.7357938718662953,0.6776726757345595,270.0,180.0
convnextv2_tiny,nct-crc-nonorm,frozen,3,general,mlp_1h,d4,logit_mean,0.6917381683899706,0.7360724233983287,0.6775827249272948,270.0,180.0
convnextv2_tiny,nct-crc-nonorm,frozen,3,general,mlp_1h,d4,vote,0.6901988495947359,0.7348189415041783,0.6771210467992939,270.0,180.0
convnextv2_tiny,nct-crc-nonorm,frozen,3,general,mlp_1h,d4,confidence,0.6884195526329422,0.7325905292479109,0.674192156473264,270.0,180.0
convnextv2_tiny,nct-crc-nonorm,frozen,42,general,mlp_1h,none,mean,0.7211471184194091,0.7575208913649025,0.7012248955553644,,
convnextv2_tiny,nct-crc-nonorm,frozen,42,general,mlp_1h,d4,mean,0.7271463650567456,0.764066852367688,0.706234935209848,213.0,166.0
convnextv2_tiny,nct-crc-nonorm,frozen,42,general,mlp_1h,d4,logit_mean,0.7284874140340686,0.765041782729805,0.7077346809594371,213.0,166.0
convnextv2_tiny,nct-crc-nonorm,frozen,42,general,mlp_1h,d4,vote,0.7240755612766372,0.7626740947075209,0.7050636010780518,213.0,166.0
convnextv2_tiny,nct-crc-nonorm,frozen,42,general,mlp_1h,d4,confidence,0.7223836533528414,0.7610027855153203,0.7017587410581986,213.0,166.0
convnextv2_tiny,nct-crc-nonorm,frozen,0,general,mlp_2h,none,mean,0.6941630972001085,0.735933147632312,0.6736335181719354,,
convnextv2_tiny,nct-crc-nonorm,frozen,0,general,mlp_2h,d4,mean,0.7106883174669336,0.7511142061281337,0.6879200376597718,272.0,163.0
convnextv2_tiny,nct-crc-nonorm,frozen,0,general,mlp_2h,d4,logit_mean,0.7135576758962895,0.7523676880222842,0.6901045981723064,272.0,163.0
convnextv2_tiny,nct-crc-nonorm,frozen,0,general,mlp_2h,d4,vote,0.7080460488452295,0.7497214484679666,0.6874153750733439,272.0,163.0
convnextv2_tiny,nct-crc-nonorm,frozen,0,general,mlp_2h,d4,confidence,0.7105220960398799,0.75,0.68779322792294,272.0,163.0
convnextv2_tiny,nct-crc-nonorm,frozen,1,general,mlp_2h,none,mean,0.7096258307804566,0.7447075208913649,0.6885198591143059,,
convnextv2_tiny,nct-crc-nonorm,frozen,1,general,mlp_2h,d4,mean,0.72146516783845,0.7566852367688023,0.6982516842381451,268.0,182.0
convnextv2_tiny,nct-crc-nonorm,frozen,1,general,mlp_2h,d4,logit_mean,0.7211862387410138,0.7557103064066852,0.6978407919955294,268.0,182.0
convnextv2_tiny,nct-crc-nonorm,frozen,1,general,mlp_2h,d4,vote,0.7211539124384414,0.7573816155988858,0.6997488782201085,268.0,182.0
convnextv2_tiny,nct-crc-nonorm,frozen,1,general,mlp_2h,d4,confidence,0.7206115576779043,0.7552924791086351,0.6975775885774643,268.0,182.0
convnextv2_tiny,nct-crc-nonorm,frozen,2,general,mlp_2h,none,mean,0.7184242516774142,0.7494428969359331,0.7032481218157396,,
convnextv2_tiny,nct-crc-nonorm,frozen,2,general,mlp_2h,d4,mean,0.7301638422341724,0.7605849582172702,0.7143587514253505,301.0,221.0
convnextv2_tiny,nct-crc-nonorm,frozen,2,general,mlp_2h,d4,logit_mean,0.7312400400203865,0.7610027855153203,0.715061372820963,301.0,221.0
convnextv2_tiny,nct-crc-nonorm,frozen,2,general,mlp_2h,d4,vote,0.7290377896030188,0.7603064066852367,0.7137306374064631,301.0,221.0
convnextv2_tiny,nct-crc-nonorm,frozen,2,general,mlp_2h,d4,confidence,0.7308200784737172,0.7605849582172702,0.7149595370579251,301.0,221.0
convnextv2_tiny,nct-crc-nonorm,frozen,3,general,mlp_2h,none,mean,0.6979852999760596,0.7296657381615599,0.6766998072665383,,
convnextv2_tiny,nct-crc-nonorm,frozen,3,general,mlp_2h,d4,mean,0.7186961640529123,0.75,0.6962136443842932,312.0,166.0
convnextv2_tiny,nct-crc-nonorm,frozen,3,general,mlp_2h,d4,logit_mean,0.7205880260705368,0.7504178272980502,0.6976202493487391,312.0,166.0
convnextv2_tiny,nct-crc-nonorm,frozen,3,general,mlp_2h,d4,vote,0.7148383228438635,0.7455431754874652,0.6935289878927589,312.0,166.0
convnextv2_tiny,nct-crc-nonorm,frozen,3,general,mlp_2h,d4,confidence,0.7155765777145822,0.7449860724233983,0.6918559770938723,312.0,166.0
convnextv2_tiny,nct-crc-nonorm,frozen,42,general,mlp_2h,none,mean,0.705715723067085,0.7325905292479109,0.6776811962342697,,
convnextv2_tiny,nct-crc-nonorm,frozen,42,general,mlp_2h,d4,mean,0.7174961092971215,0.7440111420612814,0.6855822064748475,261.0,179.0
convnextv2_tiny,nct-crc-nonorm,frozen,42,general,mlp_2h,d4,logit_mean,0.7181978950112232,0.7442896935933148,0.686280579127885,261.0,179.0
convnextv2_tiny,nct-crc-nonorm,frozen,42,general,mlp_2h,d4,vote,0.7173238320070903,0.7448467966573816,0.6866797407846276,261.0,179.0
convnextv2_tiny,nct-crc-nonorm,frozen,42,general,mlp_2h,d4,confidence,0.7160662258117244,0.742757660167131,0.6849264486718302,261.0,179.0
ctranspath,nct-crc-nonorm,frozen,0,histology,knn_10,none,mean,0.8040955737209021,0.8222841225626741,0.7620686422157339,,
ctranspath,nct-crc-nonorm,frozen,0,histology,knn_10,d4,mean,0.8092453648346578,0.8256267409470752,0.7653554486868875,128.0,104.0
ctranspath,nct-crc-nonorm,frozen,0,histology,knn_5,none,mean,0.7963557405186896,0.8129526462395543,0.7468330899865561,,
ctranspath,nct-crc-nonorm,frozen,0,histology,knn_5,d4,mean,0.802931415544363,0.8192200557103064,0.7531500958971892,140.0,95.0
ctranspath,nct-crc-nonorm,frozen,0,histology,linear,none,mean,0.8006243070466632,0.8125348189415041,0.7532188793817699,,
ctranspath,nct-crc-nonorm,frozen,0,histology,linear,d4,mean,0.8005418210722688,0.8116991643454039,0.7516063559569562,91.0,97.0
ctranspath,nct-crc-nonorm,frozen,0,histology,linear,d4,logit_mean,0.8007378987444724,0.8118384401114206,0.7521551999338354,91.0,97.0
ctranspath,nct-crc-nonorm,frozen,0,histology,linear,d4,vote,0.8022232674562674,0.8133704735376045,0.7544507479498608,91.0,97.0
ctranspath,nct-crc-nonorm,frozen,0,histology,linear,d4,confidence,0.7987807725393918,0.8104456824512535,0.7491777802814359,91.0,97.0
ctranspath,nct-crc-nonorm,frozen,1,histology,linear,none,mean,0.7985415424611841,0.8105849582172702,0.7491310196660659,,
ctranspath,nct-crc-nonorm,frozen,1,histology,linear,d4,mean,0.7974654199329259,0.8080779944289693,0.7454085347289789,85.0,103.0
ctranspath,nct-crc-nonorm,frozen,1,histology,linear,d4,logit_mean,0.7975555343782714,0.8082172701949861,0.7455194917552775,85.0,103.0
ctranspath,nct-crc-nonorm,frozen,1,histology,linear,d4,vote,0.7968925925210216,0.8084958217270195,0.7458639996375896,85.0,103.0
ctranspath,nct-crc-nonorm,frozen,1,histology,linear,d4,confidence,0.7971041832587027,0.8080779944289693,0.7450586075360169,85.0,103.0
ctranspath,nct-crc-nonorm,frozen,2,histology,linear,none,mean,0.8000492063142535,0.813091922005571,0.7536326244618711,,
ctranspath,nct-crc-nonorm,frozen,2,histology,linear,d4,mean,0.7984462362325749,0.8098885793871866,0.7493624244442159,82.0,105.0
ctranspath,nct-crc-nonorm,frozen,2,histology,linear,d4,logit_mean,0.7989473222282805,0.8100278551532033,0.7498041673450238,82.0,105.0
ctranspath,nct-crc-nonorm,frozen,2,histology,linear,d4,vote,0.8006178331236611,0.8126740947075209,0.7532057406326467,82.0,105.0
ctranspath,nct-crc-nonorm,frozen,2,histology,linear,d4,confidence,0.7989138853448057,0.8108635097493037,0.7495577566358036,82.0,105.0
ctranspath,nct-crc-nonorm,frozen,3,histology,linear,none,mean,0.80685766695767,0.8206128133704735,0.7610874108413386,,
ctranspath,nct-crc-nonorm,frozen,3,histology,linear,d4,mean,0.8077463159122691,0.8213091922005571,0.7611165410741864,88.0,83.0
ctranspath,nct-crc-nonorm,frozen,3,histology,linear,d4,logit_mean,0.807736535424069,0.8211699164345404,0.7611183168911408,88.0,83.0
ctranspath,nct-crc-nonorm,frozen,3,histology,linear,d4,vote,0.8078516734382754,0.8208913649025069,0.7619266498593338,88.0,83.0
ctranspath,nct-crc-nonorm,frozen,3,histology,linear,d4,confidence,0.8081566110631289,0.8217270194986073,0.760602434675399,88.0,83.0
ctranspath,nct-crc-nonorm,frozen,42,histology,linear,none,mean,0.8022827966607019,0.8132311977715877,0.7550459746320191,,
ctranspath,nct-crc-nonorm,frozen,42,histology,linear,d4,mean,0.8040410556130448,0.8146239554317549,0.7563819879171059,99.0,89.0
ctranspath,nct-crc-nonorm,frozen,42,histology,linear,d4,logit_mean,0.8042573772355346,0.8147632311977716,0.7566833282600792,99.0,89.0
ctranspath,nct-crc-nonorm,frozen,42,histology,linear,d4,vote,0.804704453598858,0.815041782729805,0.7574079573109505,99.0,89.0
ctranspath,nct-crc-nonorm,frozen,42,histology,linear,d4,confidence,0.8025512882091691,0.8133704735376045,0.7539620026621793,99.0,89.0
ctranspath,nct-crc-nonorm,frozen,0,histology,mlp_1h,none,mean,0.7534669544592852,0.7552924791086351,0.7002152426971366,,
ctranspath,nct-crc-nonorm,frozen,0,histology,mlp_1h,d4,mean,0.758983381450828,0.756824512534819,0.7029745872289864,158.0,147.0
ctranspath,nct-crc-nonorm,frozen,0,histology,mlp_1h,d4,logit_mean,0.7595888297057878,0.7575208913649025,0.7037909394006743,158.0,147.0
ctranspath,nct-crc-nonorm,frozen,0,histology,mlp_1h,d4,vote,0.7604888931160138,0.7583565459610028,0.7064437148686288,158.0,147.0
ctranspath,nct-crc-nonorm,frozen,0,histology,mlp_1h,d4,confidence,0.7549279087254972,0.7530640668523677,0.6982906069825454,158.0,147.0
ctranspath,nct-crc-nonorm,frozen,1,histology,mlp_1h,none,mean,0.756203489014775,0.7566852367688023,0.695689748311907,,
ctranspath,nct-crc-nonorm,frozen,1,histology,mlp_1h,d4,mean,0.7565231548937094,0.7536211699164346,0.6929936519812961,121.0,143.0
ctranspath,nct-crc-nonorm,frozen,1,histology,mlp_1h,d4,logit_mean,0.7565544613223004,0.753899721448468,0.6933417167945962,121.0,143.0
ctranspath,nct-crc-nonorm,frozen,1,histology,mlp_1h,d4,vote,0.7602581932064097,0.7571030640668523,0.6980825427076436,121.0,143.0
ctranspath,nct-crc-nonorm,frozen,1,histology,mlp_1h,d4,confidence,0.7556396996156334,0.7525069637883008,0.6918886952437407,121.0,143.0
ctranspath,nct-crc-nonorm,frozen,2,histology,mlp_1h,none,mean,0.7619355371917309,0.7649025069637883,0.7088928280473487,,
ctranspath,nct-crc-nonorm,frozen,2,histology,mlp_1h,d4,mean,0.7651732916495603,0.7635097493036211,0.7083666046305523,141.0,151.0
ctranspath,nct-crc-nonorm,frozen,2,histology,mlp_1h,d4,logit_mean,0.7661304390342738,0.7646239554317549,0.709562400271398,141.0,151.0
ctranspath,nct-crc-nonorm,frozen,2,histology,mlp_1h,d4,vote,0.7665600125282748,0.766016713091922,0.7121989713235696,141.0,151.0
ctranspath,nct-crc-nonorm,frozen,2,histology,mlp_1h,d4,confidence,0.7643133207146443,0.7623955431754874,0.7069998812215593,141.0,151.0
ctranspath,nct-crc-nonorm,frozen,3,histology,mlp_1h,none,mean,0.7559632491038596,0.7544568245125348,0.6984709954452817,,
ctranspath,nct-crc-nonorm,frozen,3,histology,mlp_1h,d4,mean,0.7555822767465484,0.749025069637883,0.6941932938188534,128.0,167.0
ctranspath,nct-crc-nonorm,frozen,3,histology,mlp_1h,d4,logit_mean,0.7564782801536695,0.7498607242339833,0.695563193512019,128.0,167.0
ctranspath,nct-crc-nonorm,frozen,3,histology,mlp_1h,d4,vote,0.7566212836488329,0.7504178272980502,0.6967872927396631,128.0,167.0
ctranspath,nct-crc-nonorm,frozen,3,histology,mlp_1h,d4,confidence,0.7527781919555464,0.7465181058495822,0.689897967748146,128.0,167.0
ctranspath,nct-crc-nonorm,frozen,42,histology,mlp_1h,none,mean,0.7394089209244266,0.7345403899721449,0.6783833295529283,,
ctranspath,nct-crc-nonorm,frozen,42,histology,mlp_1h,d4,mean,0.7391573949274262,0.7300835654596101,0.6753019098588484,137.0,169.0
ctranspath,nct-crc-nonorm,frozen,42,histology,mlp_1h,d4,logit_mean,0.7391419566931204,0.7300835654596101,0.6756907230735344,137.0,169.0
ctranspath,nct-crc-nonorm,frozen,42,histology,mlp_1h,d4,vote,0.7396766470732464,0.7323119777158774,0.6779308204457374,137.0,169.0
ctranspath,nct-crc-nonorm,frozen,42,histology,mlp_1h,d4,confidence,0.7358592099873289,0.7281337047353761,0.6728145987454208,137.0,169.0
ctranspath,nct-crc-nonorm,frozen,0,histology,mlp_2h,none,mean,0.7379921987039342,0.7246518105849582,0.6803730224702608,,
ctranspath,nct-crc-nonorm,frozen,0,histology,mlp_2h,d4,mean,0.7431889128196912,0.7232590529247911,0.6814197306860238,198.0,208.0
ctranspath,nct-crc-nonorm,frozen,0,histology,mlp_2h,d4,logit_mean,0.742913877928342,0.7227019498607242,0.6814449084573413,198.0,208.0
ctranspath,nct-crc-nonorm,frozen,0,histology,mlp_2h,d4,vote,0.7465526406589011,0.7275766016713092,0.687308505221027,198.0,208.0
ctranspath,nct-crc-nonorm,frozen,0,histology,mlp_2h,d4,confidence,0.7407161933808792,0.7215877437325905,0.6788518868224936,198.0,208.0
ctranspath,nct-crc-nonorm,frozen,1,histology,mlp_2h,none,mean,0.7214290260073057,0.7022284122562674,0.6599774537113414,,
ctranspath,nct-crc-nonorm,frozen,1,histology,mlp_2h,d4,mean,0.7194607094972352,0.6945682451253482,0.6545751692426097,164.0,219.0
ctranspath,nct-crc-nonorm,frozen,1,histology,mlp_2h,d4,logit_mean,0.7196438863001244,0.6947075208913649,0.6551315227170499,164.0,219.0
ctranspath,nct-crc-nonorm,frozen,1,histology,mlp_2h,d4,vote,0.7254162422089006,0.7016713091922006,0.6624880563576645,164.0,219.0
ctranspath,nct-crc-nonorm,frozen,1,histology,mlp_2h,d4,confidence,0.7189827443451681,0.6951253481894151,0.6541362694255363,164.0,219.0
ctranspath,nct-crc-nonorm,frozen,2,histology,mlp_2h,none,mean,0.7136402873656787,0.6938718662952646,0.6515138147387513,,
ctranspath,nct-crc-nonorm,frozen,2,histology,mlp_2h,d4,mean,0.7156996098512962,0.688857938718663,0.6479552837717483,187.0,223.0
ctranspath,nct-crc-nonorm,frozen,2,histology,mlp_2h,d4,logit_mean,0.7166909840785235,0.6894150417827298,0.6486286603474244,187.0,223.0
ctranspath,nct-crc-nonorm,frozen,2,histology,mlp_2h,d4,vote,0.7182338675771155,0.6912256267409471,0.6507506586733757,187.0,223.0
ctranspath,nct-crc-nonorm,frozen,2,histology,mlp_2h,d4,confidence,0.7173325261233139,0.6895543175487465,0.6481078628978827,187.0,223.0
ctranspath,nct-crc-nonorm,frozen,3,histology,mlp_2h,none,mean,0.7436394107679002,0.7403899721448468,0.6898125551087794,,
ctranspath,nct-crc-nonorm,frozen,3,histology,mlp_2h,d4,mean,0.7472834444447323,0.7392757660167131,0.6895395861346066,168.0,176.0
ctranspath,nct-crc-nonorm,frozen,3,histology,mlp_2h,d4,logit_mean,0.7475000487488979,0.7396935933147633,0.6900137883765969,168.0,176.0
ctranspath,nct-crc-nonorm,frozen,3,histology,mlp_2h,d4,vote,0.7519310015557896,0.7441504178272981,0.6953285691858757,168.0,176.0
ctranspath,nct-crc-nonorm,frozen,3,histology,mlp_2h,d4,confidence,0.7480425135949464,0.7398328690807799,0.6885428303112775,168.0,176.0
ctranspath,nct-crc-nonorm,frozen,42,histology,mlp_2h,none,mean,0.7518624975352769,0.7455431754874652,0.6991542033648999,,
ctranspath,nct-crc-nonorm,frozen,42,histology,mlp_2h,d4,mean,0.7523919328309537,0.7413649025069637,0.6943276950465957,168.0,198.0
ctranspath,nct-crc-nonorm,frozen,42,histology,mlp_2h,d4,logit_mean,0.7530467235279629,0.7416434540389972,0.6950946023094743,168.0,198.0
ctranspath,nct-crc-nonorm,frozen,42,histology,mlp_2h,d4,vote,0.7565722725600925,0.7458217270194986,0.7007047065429308,168.0,198.0
ctranspath,nct-crc-nonorm,frozen,42,histology,mlp_2h,d4,confidence,0.7506266568510487,0.7389972144846797,0.6917795195045914,168.0,198.0
dinov2_b,nct-crc-nonorm,frozen,0,general,knn_10,none,mean,0.8605390245072033,0.8811977715877437,0.8526687962190168,,
dinov2_b,nct-crc-nonorm,frozen,0,general,knn_10,d4,mean,0.8736882440692364,0.8917827298050139,0.8654963169486849,225.0,149.0
dinov2_b,nct-crc-nonorm,frozen,0,general,knn_5,none,mean,0.858075702373784,0.8779944289693593,0.8488120205584502,,
dinov2_b,nct-crc-nonorm,frozen,0,general,knn_5,d4,mean,0.8681506010354766,0.8863509749303621,0.8591391807234067,231.0,171.0
dinov2_b,nct-crc-nonorm,frozen,0,general,linear,none,mean,0.8223928342828252,0.8479108635097493,0.8003521806206193,,
dinov2_b,nct-crc-nonorm,frozen,0,general,linear,d4,mean,0.8273189284772542,0.8559888579387187,0.806014167913903,177.0,119.0
dinov2_b,nct-crc-nonorm,frozen,0,general,linear,d4,logit_mean,0.8269431408590502,0.8555710306406685,0.8055175579986236,177.0,119.0
dinov2_b,nct-crc-nonorm,frozen,0,general,linear,d4,vote,0.8304378000198214,0.8598885793871867,0.8092800999450702,177.0,119.0
dinov2_b,nct-crc-nonorm,frozen,0,general,linear,d4,confidence,0.8283598331684743,0.8564066852367688,0.8065407555111276,177.0,119.0
dinov2_b,nct-crc-nonorm,frozen,1,general,linear,none,mean,0.8047653615083175,0.8311977715877438,0.7777269321165399,,
dinov2_b,nct-crc-nonorm,frozen,1,general,linear,d4,mean,0.8104577870344922,0.8416434540389972,0.7849573680274524,204.0,129.0
dinov2_b,nct-crc-nonorm,frozen,1,general,linear,d4,logit_mean,0.8101450208241889,0.841225626740947,0.7844177572266838,204.0,129.0
dinov2_b,nct-crc-nonorm,frozen,1,general,linear,d4,vote,0.813142008686811,0.8437325905292479,0.7870301634723185,204.0,129.0
dinov2_b,nct-crc-nonorm,frozen,1,general,linear,d4,confidence,0.8090464564101342,0.8394150417827299,0.78278923895382,204.0,129.0
dinov2_b,nct-crc-nonorm,frozen,2,general,linear,none,mean,0.7889566564761206,0.8108635097493037,0.7536791548825905,,
dinov2_b,nct-crc-nonorm,frozen,2,general,linear,d4,mean,0.7939903303470853,0.81991643454039,0.7582214477212239,189.0,124.0
dinov2_b,nct-crc-nonorm,frozen,2,general,linear,d4,logit_mean,0.7946136584347806,0.8201949860724234,0.7586447227374563,189.0,124.0
dinov2_b,nct-crc-nonorm,frozen,2,general,linear,d4,vote,0.7977576732913532,0.8235376044568246,0.7621038568805765,189.0,124.0
dinov2_b,nct-crc-nonorm,frozen,2,general,linear,d4,confidence,0.7964620976113492,0.8211699164345404,0.7609966943854365,189.0,124.0
dinov2_b,nct-crc-nonorm,frozen,3,general,linear,none,mean,0.8089476931174686,0.8275766016713092,0.7819148278146532,,
dinov2_b,nct-crc-nonorm,frozen,3,general,linear,d4,mean,0.8168203267509313,0.8383008356545961,0.7896145364896072,211.0,134.0
dinov2_b,nct-crc-nonorm,frozen,3,general,linear,d4,logit_mean,0.8172679805171292,0.8383008356545961,0.7898911306139156,211.0,134.0
dinov2_b,nct-crc-nonorm,frozen,3,general,linear,d4,vote,0.8213967219889027,0.8427576601671309,0.7946970920065313,211.0,134.0
dinov2_b,nct-crc-nonorm,frozen,3,general,linear,d4,confidence,0.8175546105451398,0.8377437325905293,0.7900624793875208,211.0,134.0
dinov2_b,nct-crc-nonorm,frozen,42,general,linear,none,mean,0.8145899521163396,0.8374651810584958,0.7880449979485858,,
dinov2_b,nct-crc-nonorm,frozen,42,general,linear,d4,mean,0.8201661951051394,0.8467966573816156,0.7941537919611101,188.0,121.0
dinov2_b,nct-crc-nonorm,frozen,42,general,linear,d4,logit_mean,0.8193048765652997,0.8462395543175487,0.7934905752111455,188.0,121.0
dinov2_b,nct-crc-nonorm,frozen,42,general,linear,d4,vote,0.8207124611646225,0.8484679665738162,0.7950421329136669,188.0,121.0
dinov2_b,nct-crc-nonorm,frozen,42,general,linear,d4,confidence,0.8189466191733201,0.844150417827298,0.7922551147226713,188.0,121.0
dinov2_b,nct-crc-nonorm,frozen,0,general,mlp_1h,none,mean,0.7904809129724248,0.8210306406685237,0.7698876352597535,,
dinov2_b,nct-crc-nonorm,frozen,0,general,mlp_1h,d4,mean,0.7995213414692144,0.831058495821727,0.7788145394792743,212.0,140.0
dinov2_b,nct-crc-nonorm,frozen,0,general,mlp_1h,d4,logit_mean,0.7991637651099031,0.8311977715877438,0.7787435135199511,212.0,140.0
dinov2_b,nct-crc-nonorm,frozen,0,general,mlp_1h,d4,vote,0.8027140678206948,0.8352367688022284,0.7832505350240646,212.0,140.0
dinov2_b,nct-crc-nonorm,frozen,0,general,mlp_1h,d4,confidence,0.8001025966923314,0.832033426183844,0.7800520145148224,212.0,140.0
dinov2_b,nct-crc-nonorm,frozen,1,general,mlp_1h,none,mean,0.807808540232089,0.8274373259052925,0.7792369353207821,,
dinov2_b,nct-crc-nonorm,frozen,1,general,mlp_1h,d4,mean,0.8162965755517615,0.8364902506963788,0.786657737821619,202.0,137.0
dinov2_b,nct-crc-nonorm,frozen,1,general,mlp_1h,d4,logit_mean,0.8165266038592418,0.8366295264623955,0.7871779493359892,202.0,137.0
dinov2_b,nct-crc-nonorm,frozen,1,general,mlp_1h,d4,vote,0.819810797632559,0.8403899721448468,0.7917091934943122,202.0,137.0
dinov2_b,nct-crc-nonorm,frozen,1,general,mlp_1h,d4,confidence,0.8167979415553455,0.8362116991643455,0.787549429162088,202.0,137.0
dinov2_b,nct-crc-nonorm,frozen,2,general,mlp_1h,none,mean,0.7986450731926684,0.8243732590529248,0.7734906821313459,,
dinov2_b,nct-crc-nonorm,frozen,2,general,mlp_1h,d4,mean,0.8076220453970785,0.8348189415041782,0.7823341682807853,214.0,139.0
dinov2_b,nct-crc-nonorm,frozen,2,general,mlp_1h,d4,logit_mean,0.8079641871611224,0.8350974930362117,0.7827160237927139,214.0,139.0
dinov2_b,nct-crc-nonorm,frozen,2,general,mlp_1h,d4,vote,0.8097128743949713,0.8373259052924791,0.7855004495488838,214.0,139.0
dinov2_b,nct-crc-nonorm,frozen,2,general,mlp_1h,d4,confidence,0.8047096560388088,0.8328690807799443,0.7797837154265438,214.0,139.0
dinov2_b,nct-crc-nonorm,frozen,3,general,mlp_1h,none,mean,0.8144881991121513,0.835933147632312,0.7939594414919354,,
dinov2_b,nct-crc-nonorm,frozen,3,general,mlp_1h,d4,mean,0.8221725265284472,0.8454038997214485,0.8022885548806032,204.0,136.0
dinov2_b,nct-crc-nonorm,frozen,3,general,mlp_1h,d4,logit_mean,0.8244309108913089,0.8474930362116991,0.8047455007337351,204.0,136.0
dinov2_b,nct-crc-nonorm,frozen,3,general,mlp_1h,d4,vote,0.8235600054344193,0.8469359331476323,0.8043517534794048,204.0,136.0
dinov2_b,nct-crc-nonorm,frozen,3,general,mlp_1h,d4,confidence,0.8226105902979353,0.8455431754874652,0.8027538139452913,204.0,136.0
dinov2_b,nct-crc-nonorm,frozen,42,general,mlp_1h,none,mean,0.788736399587201,0.8114206128133705,0.7584722346232327,,
dinov2_b,nct-crc-nonorm,frozen,42,general,mlp_1h,d4,mean,0.7946455012364787,0.8189415041782729,0.7636525262759933,194.0,140.0
dinov2_b,nct-crc-nonorm,frozen,42,general,mlp_1h,d4,logit_mean,0.7942860451245407,0.8188022284122562,0.7632329229069919,194.0,140.0
dinov2_b,nct-crc-nonorm,frozen,42,general,mlp_1h,d4,vote,0.7979584910133193,0.8220055710306406,0.767643869161897,194.0,140.0
dinov2_b,nct-crc-nonorm,frozen,42,general,mlp_1h,d4,confidence,0.7941311945926003,0.8178272980501393,0.7629158264671482,194.0,140.0
dinov2_b,nct-crc-nonorm,frozen,0,general,mlp_2h,none,mean,0.7454687090297996,0.7766016713091922,0.7189637866697874,,
dinov2_b,nct-crc-nonorm,frozen,0,general,mlp_2h,d4,mean,0.7597930655352318,0.7905292479108635,0.7340364487469953,235.0,135.0
dinov2_b,nct-crc-nonorm,frozen,0,general,mlp_2h,d4,logit_mean,0.7604358723489996,0.79025069637883,0.7343902763867711,235.0,135.0
dinov2_b,nct-crc-nonorm,frozen,0,general,mlp_2h,d4,vote,0.75919406804597,0.7906685236768802,0.7337192592637494,235.0,135.0
dinov2_b,nct-crc-nonorm,frozen,0,general,mlp_2h,d4,confidence,0.7591012173393143,0.7901114206128134,0.7330865566285328,235.0,135.0
dinov2_b,nct-crc-nonorm,frozen,1,general,mlp_2h,none,mean,0.8072776066207576,0.8342618384401114,0.7833775093356807,,
dinov2_b,nct-crc-nonorm,frozen,1,general,mlp_2h,d4,mean,0.8210043461510428,0.8463788300835655,0.7975182164615391,218.0,131.0
dinov2_b,nct-crc-nonorm,frozen,1,general,mlp_2h,d4,logit_mean,0.820594275620041,0.846100278551532,0.7973182677010536,218.0,131.0
dinov2_b,nct-crc-nonorm,frozen,1,general,mlp_2h,d4,vote,0.820794487805309,0.8488857938718662,0.7983255245585057,218.0,131.0
dinov2_b,nct-crc-nonorm,frozen,1,general,mlp_2h,d4,confidence,0.8179146576446308,0.8440111420612814,0.7938424037991644,218.0,131.0
dinov2_b,nct-crc-nonorm,frozen,2,general,mlp_2h,none,mean,0.8193587075758242,0.8534818941504179,0.8036394588494242,,
dinov2_b,nct-crc-nonorm,frozen,2,general,mlp_2h,d4,mean,0.8299704183680594,0.864066852367688,0.8159611845070637,206.0,130.0
dinov2_b,nct-crc-nonorm,frozen,2,general,mlp_2h,d4,logit_mean,0.8296086378176338,0.864066852367688,0.81586644017754,206.0,130.0
dinov2_b,nct-crc-nonorm,frozen,2,general,mlp_2h,d4,vote,0.8272958782472053,0.8633704735376044,0.8129117442363607,206.0,130.0
dinov2_b,nct-crc-nonorm,frozen,2,general,mlp_2h,d4,confidence,0.8313589062558768,0.8643454038997215,0.8165797531009843,206.0,130.0
dinov2_b,nct-crc-nonorm,frozen,3,general,mlp_2h,none,mean,0.8240603353180611,0.8526462395543175,0.8076510361547946,,
dinov2_b,nct-crc-nonorm,frozen,3,general,mlp_2h,d4,mean,0.8306324957454054,0.8596100278551532,0.8144563061053797,180.0,130.0
dinov2_b,nct-crc-nonorm,frozen,3,general,mlp_2h,d4,logit_mean,0.8301226457008748,0.8596100278551532,0.8145041497923602,180.0,130.0
dinov2_b,nct-crc-nonorm,frozen,3,general,mlp_2h,d4,vote,0.8326567941882315,0.8619777158774373,0.8174642774734358,180.0,130.0
dinov2_b,nct-crc-nonorm,frozen,3,general,mlp_2h,d4,confidence,0.8282511426727636,0.8582172701949861,0.8123715476984339,180.0,130.0
dinov2_b,nct-crc-nonorm,frozen,42,general,mlp_2h,none,mean,0.7957512443706757,0.8186629526462396,0.7687527139061588,,
dinov2_b,nct-crc-nonorm,frozen,42,general,mlp_2h,d4,mean,0.8077295490972038,0.831058495821727,0.7808128562288907,216.0,127.0
dinov2_b,nct-crc-nonorm,frozen,42,general,mlp_2h,d4,logit_mean,0.8087565814728443,0.8316155988857938,0.781577295324563,216.0,127.0
dinov2_b,nct-crc-nonorm,frozen,42,general,mlp_2h,d4,vote,0.8096015718562444,0.8328690807799443,0.7829190696715295,216.0,127.0
dinov2_b,nct-crc-nonorm,frozen,42,general,mlp_2h,d4,confidence,0.8049574474671239,0.8288300835654596,0.7775856505542471,216.0,127.0
dinov2_s,nct-crc-nonorm,frozen,0,general,knn_10,none,mean,0.8419804253415355,0.8552924791086352,0.8251493443128213,,
dinov2_s,nct-crc-nonorm,frozen,0,general,knn_10,d4,mean,0.8532874586384159,0.8662952646239555,0.8362824179807733,251.0,172.0
dinov2_s,nct-crc-nonorm,frozen,0,general,knn_5,none,mean,0.8324013946034824,0.8458217270194986,0.8144253289955711,,
dinov2_s,nct-crc-nonorm,frozen,0,general,knn_5,d4,mean,0.8476628812624849,0.8598885793871867,0.8287044045153901,321.0,220.0
dinov2_s,nct-crc-nonorm,frozen,0,general,linear,none,mean,0.7686066343028369,0.7746518105849582,0.7181848511288875,,
dinov2_s,nct-crc-nonorm,frozen,0,general,linear,d4,mean,0.7735571664304219,0.781058495821727,0.7215137805964992,193.0,147.0
dinov2_s,nct-crc-nonorm,frozen,0,general,linear,d4,logit_mean,0.7744633575597414,0.7816155988857939,0.722365021043676,193.0,147.0
dinov2_s,nct-crc-nonorm,frozen,0,general,linear,d4,vote,0.7726830680361939,0.7803621169916435,0.7225590854262337,193.0,147.0
dinov2_s,nct-crc-nonorm,frozen,0,general,linear,d4,confidence,0.7750775284451055,0.7824512534818941,0.7234746816050174,193.0,147.0
dinov2_s,nct-crc-nonorm,frozen,1,general,linear,none,mean,0.7547734104158689,0.7639275766016713,0.7035939004645524,,
dinov2_s,nct-crc-nonorm,frozen,1,general,linear,d4,mean,0.7633711545527188,0.7729805013927576,0.7109680465018107,199.0,134.0
dinov2_s,nct-crc-nonorm,frozen,1,general,linear,d4,logit_mean,0.7635891842714837,0.7732590529247911,0.7115429298300597,199.0,134.0
dinov2_s,nct-crc-nonorm,frozen,1,general,linear,d4,vote,0.7631276511982215,0.7721448467966574,0.7112734391725704,199.0,134.0
dinov2_s,nct-crc-nonorm,frozen,1,general,linear,d4,confidence,0.7646095488433935,0.772841225626741,0.7125288635793929,199.0,134.0
dinov2_s,nct-crc-nonorm,frozen,2,general,linear,none,mean,0.7511337571363937,0.7657381615598886,0.7068237674455374,,
dinov2_s,nct-crc-nonorm,frozen,2,general,linear,d4,mean,0.7613468410277175,0.7756267409470752,0.7150642341674058,216.0,145.0
dinov2_s,nct-crc-nonorm,frozen,2,general,linear,d4,logit_mean,0.7617726773597207,0.776183844011142,0.7155086472711435,216.0,145.0
dinov2_s,nct-crc-nonorm,frozen,2,general,linear,d4,vote,0.7589716384214992,0.7735376044568245,0.7138755111968362,216.0,145.0
dinov2_s,nct-crc-nonorm,frozen,2,general,linear,d4,confidence,0.7622088742495936,0.7747910863509749,0.7151100019098804,216.0,145.0
dinov2_s,nct-crc-nonorm,frozen,3,general,linear,none,mean,0.7566120218479869,0.7700557103064067,0.7049528879661774,,
dinov2_s,nct-crc-nonorm,frozen,3,general,linear,d4,mean,0.7668831126277732,0.7802228412256268,0.7141375572443988,195.0,122.0
dinov2_s,nct-crc-nonorm,frozen,3,general,linear,d4,logit_mean,0.7674533421131486,0.7805013927576602,0.7151249574648413,195.0,122.0
dinov2_s,nct-crc-nonorm,frozen,3,general,linear,d4,vote,0.7617457211070611,0.776183844011142,0.7102010739248618,195.0,122.0
dinov2_s,nct-crc-nonorm,frozen,3,general,linear,d4,confidence,0.7646148033392023,0.777715877437326,0.7116510082358647,195.0,122.0
dinov2_s,nct-crc-nonorm,frozen,42,general,linear,none,mean,0.7443531200427321,0.7532033426183844,0.6935338514895221,,
dinov2_s,nct-crc-nonorm,frozen,42,general,linear,d4,mean,0.7572766446527459,0.7655988857938719,0.704676399629657,217.0,128.0
dinov2_s,nct-crc-nonorm,frozen,42,general,linear,d4,logit_mean,0.7586019883610583,0.7667130919220055,0.7059089039965651,217.0,128.0
dinov2_s,nct-crc-nonorm,frozen,42,general,linear,d4,vote,0.7546736927739626,0.7644846796657382,0.7034550227973874,217.0,128.0
dinov2_s,nct-crc-nonorm,frozen,42,general,linear,d4,confidence,0.758206198021655,0.7651810584958217,0.7053921822280282,217.0,128.0
dinov2_s,nct-crc-nonorm,frozen,0,general,mlp_1h,none,mean,0.7362702034092684,0.7732590529247911,0.7128117323942071,,
dinov2_s,nct-crc-nonorm,frozen,0,general,mlp_1h,d4,mean,0.7484926044772001,0.7838440111420613,0.7198302830964756,241.0,165.0
dinov2_s,nct-crc-nonorm,frozen,0,general,mlp_1h,d4,logit_mean,0.7507972415673563,0.7855153203342619,0.7228488739338172,241.0,165.0
dinov2_s,nct-crc-nonorm,frozen,0,general,mlp_1h,d4,vote,0.7451363448398325,0.7811977715877437,0.717737250228153,241.0,165.0
dinov2_s,nct-crc-nonorm,frozen,0,general,mlp_1h,d4,confidence,0.7427949469654771,0.7798050139275766,0.7157156043563803,241.0,165.0
dinov2_s,nct-crc-nonorm,frozen,1,general,mlp_1h,none,mean,0.7392448666655277,0.7582172701949861,0.7044344953979886,,
dinov2_s,nct-crc-nonorm,frozen,1,general,mlp_1h,d4,mean,0.7508136234525654,0.7697771587743732,0.7129414268592771,249.0,166.0
dinov2_s,nct-crc-nonorm,frozen,1,general,mlp_1h,d4,logit_mean,0.7515885550611758,0.770891364902507,0.7139452543397682,249.0,166.0
dinov2_s,nct-crc-nonorm,frozen,1,general,mlp_1h,d4,vote,0.7432353001054537,0.7629526462395543,0.7052097204902618,249.0,166.0
dinov2_s,nct-crc-nonorm,frozen,1,general,mlp_1h,d4,confidence,0.7482672762401296,0.7683844011142061,0.7113382372979292,249.0,166.0
dinov2_s,nct-crc-nonorm,frozen,2,general,mlp_1h,none,mean,0.7281989433184157,0.7435933147632312,0.6892877797248239,,
dinov2_s,nct-crc-nonorm,frozen,2,general,mlp_1h,d4,mean,0.7447028011328974,0.7607242339832869,0.7034949353680121,276.0,153.0
dinov2_s,nct-crc-nonorm,frozen,2,general,mlp_1h,d4,logit_mean,0.7435365066997253,0.7597493036211699,0.7020306274339374,276.0,153.0
dinov2_s,nct-crc-nonorm,frozen,2,general,mlp_1h,d4,vote,0.7376812140138892,0.7550139275766017,0.6976888822849735,276.0,153.0
dinov2_s,nct-crc-nonorm,frozen,2,general,mlp_1h,d4,confidence,0.741730735619563,0.7580779944289694,0.70061454440368,276.0,153.0
dinov2_s,nct-crc-nonorm,frozen,3,general,mlp_1h,none,mean,0.7784224457826052,0.7909470752089136,0.737314488115745,,
dinov2_s,nct-crc-nonorm,frozen,3,general,mlp_1h,d4,mean,0.792343819099769,0.8004178272980501,0.7467066780913625,207.0,139.0
dinov2_s,nct-crc-nonorm,frozen,3,general,mlp_1h,d4,logit_mean,0.7917332968817886,0.8002785515320334,0.7465864653337828,207.0,139.0
dinov2_s,nct-crc-nonorm,frozen,3,general,mlp_1h,d4,vote,0.7877471937158277,0.7967966573816156,0.7437703737601743,207.0,139.0
dinov2_s,nct-crc-nonorm,frozen,3,general,mlp_1h,d4,confidence,0.7911510702917691,0.8,0.745417497828604,207.0,139.0
dinov2_s,nct-crc-nonorm,frozen,42,general,mlp_1h,none,mean,0.7319823650296242,0.7543175487465181,0.7043593815565943,,
dinov2_s,nct-crc-nonorm,frozen,42,general,mlp_1h,d4,mean,0.7443214510816429,0.7662952646239555,0.7133193479748849,258.0,172.0
dinov2_s,nct-crc-nonorm,frozen,42,general,mlp_1h,d4,logit_mean,0.7440719296591675,0.7661559888579387,0.7132917456476394,258.0,172.0
dinov2_s,nct-crc-nonorm,frozen,42,general,mlp_1h,d4,vote,0.7431887540794939,0.7662952646239555,0.7135050934837258,258.0,172.0
dinov2_s,nct-crc-nonorm,frozen,42,general,mlp_1h,d4,confidence,0.7442727420933197,0.7644846796657382,0.7119571820790161,258.0,172.0
dinov2_s,nct-crc-nonorm,frozen,0,general,mlp_2h,none,mean,0.7416490884491247,0.7658774373259053,0.7040216230877101,,
dinov2_s,nct-crc-nonorm,frozen,0,general,mlp_2h,d4,mean,0.7631873607028403,0.7845403899721448,0.7222692053796563,264.0,130.0
dinov2_s,nct-crc-nonorm,frozen,0,general,mlp_2h,d4,logit_mean,0.7627485374312715,0.7844011142061281,0.7218880156155668,264.0,130.0
dinov2_s,nct-crc-nonorm,frozen,0,general,mlp_2h,d4,vote,0.7554104002356188,0.7785515320334262,0.7150272616681946,264.0,130.0
dinov2_s,nct-crc-nonorm,frozen,0,general,mlp_2h,d4,confidence,0.7580439705374101,0.78008356545961,0.7163801947461121,264.0,130.0
dinov2_s,nct-crc-nonorm,frozen,1,general,mlp_2h,none,mean,0.7416428666946155,0.7675487465181059,0.7097197108230651,,
dinov2_s,nct-crc-nonorm,frozen,1,general,mlp_2h,d4,mean,0.7577343183610188,0.7816155988857939,0.7218894514131594,247.0,146.0
dinov2_s,nct-crc-nonorm,frozen,1,general,mlp_2h,d4,logit_mean,0.7572440824799739,0.782033426183844,0.7222846667879058,247.0,146.0
dinov2_s,nct-crc-nonorm,frozen,1,general,mlp_2h,d4,vote,0.7473004727875949,0.7753481894150418,0.712528195430958,247.0,146.0
dinov2_s,nct-crc-nonorm,frozen,1,general,mlp_2h,d4,confidence,0.750711135010283,0.7770194986072423,0.715609157148415,247.0,146.0
dinov2_s,nct-crc-nonorm,frozen,2,general,mlp_2h,none,mean,0.709663176501174,0.7321727019498607,0.6668071497168024,,
dinov2_s,nct-crc-nonorm,frozen,2,general,mlp_2h,d4,mean,0.7240809549095978,0.7458217270194986,0.6784209252224381,265.0,167.0
dinov2_s,nct-crc-nonorm,frozen,2,general,mlp_2h,d4,logit_mean,0.7250009680831545,0.7466573816155989,0.6796344257624314,265.0,167.0
dinov2_s,nct-crc-nonorm,frozen,2,general,mlp_2h,d4,vote,0.7172953314968359,0.7406685236768802,0.6722151509598757,265.0,167.0
dinov2_s,nct-crc-nonorm,frozen,2,general,mlp_2h,d4,confidence,0.7263064913256261,0.7467966573816156,0.6807691965177223,265.0,167.0
dinov2_s,nct-crc-nonorm,frozen,3,general,mlp_2h,none,mean,0.7355444901635964,0.7540389972144846,0.6982800344832387,,
dinov2_s,nct-crc-nonorm,frozen,3,general,mlp_2h,d4,mean,0.7562665396962225,0.7738161559888579,0.7167950365245935,297.0,155.0
dinov2_s,nct-crc-nonorm,frozen,3,general,mlp_2h,d4,logit_mean,0.757227792184736,0.7742339832869081,0.717407402131166,297.0,155.0
dinov2_s,nct-crc-nonorm,frozen,3,general,mlp_2h,d4,vote,0.7457754960144845,0.7661559888579387,0.7075681370572053,297.0,155.0
dinov2_s,nct-crc-nonorm,frozen,3,general,mlp_2h,d4,confidence,0.752771135462929,0.7696378830083566,0.7121283688103573,297.0,155.0
dinov2_s,nct-crc-nonorm,frozen,42,general,mlp_2h,none,mean,0.7397672049974886,0.7672701949860724,0.7086799405266548,,
dinov2_s,nct-crc-nonorm,frozen,42,general,mlp_2h,d4,mean,0.7553219412397493,0.7798050139275766,0.719116215355666,250.0,160.0
dinov2_s,nct-crc-nonorm,frozen,42,general,mlp_2h,d4,logit_mean,0.7544408837374613,0.7792479108635098,0.7181353464724491,250.0,160.0
dinov2_s,nct-crc-nonorm,frozen,42,general,mlp_2h,d4,vote,0.7507259833659298,0.7774373259052925,0.714844785861524,250.0,160.0
dinov2_s,nct-crc-nonorm,frozen,42,general,mlp_2h,d4,confidence,0.7516327323871704,0.7763231197771587,0.7156632660335276,250.0,160.0
gigapath,nct-crc-nonorm,frozen,0,histology,knn_10,none,mean,0.9016567366067171,0.9306406685236769,0.8998863594832603,,
gigapath,nct-crc-nonorm,frozen,0,histology,knn_10,d4,mean,0.8991130973359522,0.9296657381615598,0.8985239836802515,28.0,35.0
gigapath,nct-crc-nonorm,frozen,0,histology,knn_5,none,mean,0.8934403826226842,0.925208913649025,0.8921773957975729,,
gigapath,nct-crc-nonorm,frozen,0,histology,knn_5,d4,mean,0.8936323241972924,0.9250696378830083,0.8929383703140537,35.0,36.0
gigapath,nct-crc-nonorm,frozen,0,histology,linear,none,mean,0.8871360487131076,0.8845403899721448,0.871151935228378,,
gigapath,nct-crc-nonorm,frozen,0,histology,linear,d4,mean,0.9002974230584722,0.8963788300835654,0.8840763383742521,139.0,54.0
gigapath,nct-crc-nonorm,frozen,0,histology,linear,d4,logit_mean,0.9002011445276236,0.8963788300835654,0.8838479292747752,139.0,54.0
gigapath,nct-crc-nonorm,frozen,0,histology,linear,d4,vote,0.9019154309931297,0.8993036211699165,0.8865240611350909,139.0,54.0
gigapath,nct-crc-nonorm,frozen,0,histology,linear,d4,confidence,0.8988261218737803,0.8956824512534819,0.8831982178278553,139.0,54.0
gigapath,nct-crc-nonorm,frozen,1,histology,linear,none,mean,0.8958651340245921,0.8977715877437326,0.8809671179499454,,
gigapath,nct-crc-nonorm,frozen,1,histology,linear,d4,mean,0.9066631666386888,0.9072423398328691,0.8914266930915752,122.0,54.0
gigapath,nct-crc-nonorm,frozen,1,histology,linear,d4,logit_mean,0.9067943485880525,0.9073816155988857,0.891677942081739,122.0,54.0
gigapath,nct-crc-nonorm,frozen,1,histology,linear,d4,vote,0.908648530500202,0.9094707520891365,0.8945332464095601,122.0,54.0
gigapath,nct-crc-nonorm,frozen,1,histology,linear,d4,confidence,0.9068617723671721,0.9073816155988857,0.8920615282649964,122.0,54.0
gigapath,nct-crc-nonorm,frozen,2,histology,linear,none,mean,0.8936369233286295,0.8889972144846797,0.8749821577338532,,
gigapath,nct-crc-nonorm,frozen,2,histology,linear,d4,mean,0.9015681422611301,0.8974930362116992,0.8827480505947909,128.0,67.0
gigapath,nct-crc-nonorm,frozen,2,histology,linear,d4,logit_mean,0.9015291717462985,0.8973537604456825,0.8827404351595374,128.0,67.0
gigapath,nct-crc-nonorm,frozen,2,histology,linear,d4,vote,0.9032838890584145,0.8995821727019498,0.8856984166808217,128.0,67.0
gigapath,nct-crc-nonorm,frozen,2,histology,linear,d4,confidence,0.9007334590207966,0.8966573816155989,0.8823134884311528,128.0,67.0
gigapath,nct-crc-nonorm,frozen,3,histology,linear,none,mean,0.8950984673479356,0.8942896935933148,0.8814630923745536,,
gigapath,nct-crc-nonorm,frozen,3,histology,linear,d4,mean,0.9088318327966607,0.9076601671309192,0.8956624780645964,151.0,55.0
gigapath,nct-crc-nonorm,frozen,3,histology,linear,d4,logit_mean,0.9080469986960791,0.906824512534819,0.8949489513377267,151.0,55.0
gigapath,nct-crc-nonorm,frozen,3,histology,linear,d4,vote,0.9097000251007769,0.908774373259053,0.8969907719132705,151.0,55.0
gigapath,nct-crc-nonorm,frozen,3,histology,linear,d4,confidence,0.9080549461493634,0.9072423398328691,0.8946915270620885,151.0,55.0
gigapath,nct-crc-nonorm,frozen,42,histology,linear,none,mean,0.8979778971673136,0.897075208913649,0.885283714022221,,
gigapath,nct-crc-nonorm,frozen,42,histology,linear,d4,mean,0.9112559285209332,0.9098885793871866,0.8994853627941745,137.0,45.0
gigapath,nct-crc-nonorm,frozen,42,histology,linear,d4,logit_mean,0.9113000006900412,0.9098885793871866,0.8995485060174345,137.0,45.0
gigapath,nct-crc-nonorm,frozen,42,histology,linear,d4,vote,0.9111545304391222,0.9108635097493036,0.9001806618159842,137.0,45.0
gigapath,nct-crc-nonorm,frozen,42,histology,linear,d4,confidence,0.9093121663135353,0.9076601671309192,0.8974860003487017,137.0,45.0
gigapath,nct-crc-nonorm,frozen,0,histology,mlp_1h,none,mean,0.9083919535260807,0.9057103064066853,0.8909539316978088,,
gigapath,nct-crc-nonorm,frozen,0,histology,mlp_1h,d4,mean,0.9200326220103894,0.917966573816156,0.9041308472406772,133.0,45.0
gigapath,nct-crc-nonorm,frozen,0,histology,mlp_1h,d4,logit_mean,0.9195964506778836,0.9176880222841226,0.9037440956824414,133.0,45.0
gigapath,nct-crc-nonorm,frozen,0,histology,mlp_1h,d4,vote,0.9202593958512507,0.9188022284122562,0.9049561922425371,133.0,45.0
gigapath,nct-crc-nonorm,frozen,0,histology,mlp_1h,d4,confidence,0.9194769652669659,0.9168523676880223,0.9031502079083439,133.0,45.0
gigapath,nct-crc-nonorm,frozen,1,histology,mlp_1h,none,mean,0.9040359159782754,0.9029247910863509,0.8897295074944993,,
gigapath,nct-crc-nonorm,frozen,1,histology,mlp_1h,d4,mean,0.9126712722244297,0.910724233983287,0.8989724137590558,109.0,53.0
gigapath,nct-crc-nonorm,frozen,1,histology,mlp_1h,d4,logit_mean,0.9125694639714853,0.9105849582172701,0.8989494983272878,109.0,53.0
gigapath,nct-crc-nonorm,frozen,1,histology,mlp_1h,d4,vote,0.9140963735406784,0.9125348189415042,0.9012554601522841,109.0,53.0
gigapath,nct-crc-nonorm,frozen,1,histology,mlp_1h,d4,confidence,0.9119766496650361,0.9097493036211699,0.8983578085179561,109.0,53.0
gigapath,nct-crc-nonorm,frozen,2,histology,mlp_1h,none,mean,0.9298459016817999,0.9385793871866295,0.9212719920607735,,
gigapath,nct-crc-nonorm,frozen,2,histology,mlp_1h,d4,mean,0.9355972649545223,0.9449860724233984,0.9282213632333031,77.0,31.0
gigapath,nct-crc-nonorm,frozen,2,histology,mlp_1h,d4,logit_mean,0.9358596288532498,0.9452646239554318,0.9285547912907917,77.0,31.0
gigapath,nct-crc-nonorm,frozen,2,histology,mlp_1h,d4,vote,0.9366404499163509,0.946100278551532,0.9299161759400643,77.0,31.0
gigapath,nct-crc-nonorm,frozen,2,histology,mlp_1h,d4,confidence,0.9337987659823196,0.9433147632311978,0.9262556172865486,77.0,31.0
gigapath,nct-crc-nonorm,frozen,3,histology,mlp_1h,none,mean,0.9357817816573113,0.948050139275766,0.9301915866461022,,
gigapath,nct-crc-nonorm,frozen,3,histology,mlp_1h,d4,mean,0.9395835755876146,0.9513927576601672,0.9340877906537453,52.0,28.0
gigapath,nct-crc-nonorm,frozen,3,histology,mlp_1h,d4,logit_mean,0.9389918923187826,0.9511142061281337,0.933628652016615,52.0,28.0
gigapath,nct-crc-nonorm,frozen,3,histology,mlp_1h,d4,vote,0.9382103268745949,0.9506963788300835,0.9328272412259765,52.0,28.0
gigapath,nct-crc-nonorm,frozen,3,histology,mlp_1h,d4,confidence,0.939661356744445,0.9512534818941504,0.9338190874490218,52.0,28.0
gigapath,nct-crc-nonorm,frozen,42,histology,mlp_1h,none,mean,0.9191536846755722,0.9229805013927577,0.9075668124489513,,
gigapath,nct-crc-nonorm,frozen,42,histology,mlp_1h,d4,mean,0.9276468914576704,0.9323119777158775,0.9174806067445263,114.0,47.0
gigapath,nct-crc-nonorm,frozen,42,histology,mlp_1h,d4,logit_mean,0.9274592037699827,0.9321727019498607,0.9172745216238367,114.0,47.0
gigapath,nct-crc-nonorm,frozen,42,histology,mlp_1h,d4,vote,0.926730796531012,0.932033426183844,0.9169476039886914,114.0,47.0
gigapath,nct-crc-nonorm,frozen,42,histology,mlp_1h,d4,confidence,0.9266219225813492,0.9321727019498607,0.9166402516236087,114.0,47.0
gigapath,nct-crc-nonorm,frozen,0,histology,mlp_2h,none,mean,0.86088910946448,0.86016713091922,0.8386463806678671,,
gigapath,nct-crc-nonorm,frozen,0,histology,mlp_2h,d4,mean,0.8701839737215405,0.8679665738161559,0.848737238015379,126.0,70.0
gigapath,nct-crc-nonorm,frozen,0,histology,mlp_2h,d4,logit_mean,0.8694010053026837,0.8671309192200557,0.8479921193607716,126.0,70.0
gigapath,nct-crc-nonorm,frozen,0,histology,mlp_2h,d4,vote,0.8761276187498843,0.8746518105849582,0.8554953702218654,126.0,70.0
gigapath,nct-crc-nonorm,frozen,0,histology,mlp_2h,d4,confidence,0.8697594075267306,0.8674094707520892,0.8482931925137521,126.0,70.0
gigapath,nct-crc-nonorm,frozen,1,histology,mlp_2h,none,mean,0.8292669691320609,0.7892757660167131,0.7970235190967841,,
gigapath,nct-crc-nonorm,frozen,1,histology,mlp_2h,d4,mean,0.8360122971046919,0.796100278551532,0.8053909838903848,130.0,81.0
gigapath,nct-crc-nonorm,frozen,1,histology,mlp_2h,d4,logit_mean,0.8364296476599887,0.7965181058495822,0.8059121189328552,130.0,81.0
gigapath,nct-crc-nonorm,frozen,1,histology,mlp_2h,d4,vote,0.83750368274776,0.7979108635097493,0.8077468312318572,130.0,81.0
gigapath,nct-crc-nonorm,frozen,1,histology,mlp_2h,d4,confidence,0.8372276816248776,0.7969359331476323,0.8064585518496238,130.0,81.0
gigapath,nct-crc-nonorm,frozen,2,histology,mlp_2h,none,mean,0.9053756762773726,0.9012534818941504,0.8907685087356462,,
gigapath,nct-crc-nonorm,frozen,2,histology,mlp_2h,d4,mean,0.9154362064779465,0.9129526462395543,0.9019422121459004,125.0,41.0
gigapath,nct-crc-nonorm,frozen,2,histology,mlp_2h,d4,logit_mean,0.9151825285020306,0.9125348189415042,0.9015762133124762,125.0,41.0
gigapath,nct-crc-nonorm,frozen,2,histology,mlp_2h,d4,vote,0.9158248826645917,0.9136490250696379,0.9028394114892824,125.0,41.0
gigapath,nct-crc-nonorm,frozen,2,histology,mlp_2h,d4,confidence,0.914775942593282,0.9116991643454039,0.900963054713999,125.0,41.0
gigapath,nct-crc-nonorm,frozen,3,histology,mlp_2h,none,mean,0.9085745418336035,0.9162952646239554,0.8973020024130819,,
gigapath,nct-crc-nonorm,frozen,3,histology,mlp_2h,d4,mean,0.9181572671130057,0.9254874651810585,0.907306044536766,96.0,30.0
gigapath,nct-crc-nonorm,frozen,3,histology,mlp_2h,d4,logit_mean,0.9174686798466846,0.924791086350975,0.9066444027162888,96.0,30.0
gigapath,nct-crc-nonorm,frozen,3,histology,mlp_2h,d4,vote,0.9194920399916765,0.9270194986072423,0.9089185548204404,96.0,30.0
gigapath,nct-crc-nonorm,frozen,3,histology,mlp_2h,d4,confidence,0.9177743384746796,0.9245125348189415,0.906201637402889,96.0,30.0
gigapath,nct-crc-nonorm,frozen,42,histology,mlp_2h,none,mean,0.9231894297693771,0.9362116991643454,0.918243711831095,,
gigapath,nct-crc-nonorm,frozen,42,histology,mlp_2h,d4,mean,0.9290282703224779,0.9420612813370474,0.9243465903104249,85.0,43.0
gigapath,nct-crc-nonorm,frozen,42,histology,mlp_2h,d4,logit_mean,0.9291943556903569,0.9423398328690807,0.9245849197672421,85.0,43.0
gigapath,nct-crc-nonorm,frozen,42,histology,mlp_2h,d4,vote,0.9290105896297894,0.9426183844011142,0.9247512028611931,85.0,43.0
gigapath,nct-crc-nonorm,frozen,42,histology,mlp_2h,d4,confidence,0.929318506024727,0.9423398328690807,0.9246865815308044,85.0,43.0
hoptimus,nct-crc-nonorm,frozen,0,histology,knn_10,none,mean,0.9321374029171253,0.9543175487465181,0.9318903261490811,,
hoptimus,nct-crc-nonorm,frozen,0,histology,knn_10,d4,mean,0.9278782907826771,0.9508356545961003,0.9281166950490545,15.0,40.0
hoptimus,nct-crc-nonorm,frozen,0,histology,knn_5,none,mean,0.9328364897494272,0.9519498607242339,0.9310373429735895,,
hoptimus,nct-crc-nonorm,frozen,0,histology,knn_5,d4,mean,0.9258754359854342,0.9472144846796657,0.9250809397478132,10.0,44.0
hoptimus,nct-crc-nonorm,frozen,0,histology,linear,none,mean,0.9427120970434059,0.9615598885793872,0.9396072126743458,,
hoptimus,nct-crc-nonorm,frozen,0,histology,linear,d4,mean,0.9443235069399143,0.9623955431754875,0.9406938384303906,12.0,6.0
hoptimus,nct-crc-nonorm,frozen,0,histology,linear,d4,logit_mean,0.9443235069399143,0.9623955431754875,0.9406938384303906,12.0,6.0
hoptimus,nct-crc-nonorm,frozen,0,histology,linear,d4,vote,0.9436417092257368,0.9619777158774373,0.9401035218622616,12.0,6.0
hoptimus,nct-crc-nonorm,frozen,0,histology,linear,d4,confidence,0.9437587489103364,0.9619777158774373,0.9402365108255992,12.0,6.0
hoptimus,nct-crc-nonorm,frozen,1,histology,linear,none,mean,0.9417684939512273,0.9618384401114206,0.9396014862860521,,
hoptimus,nct-crc-nonorm,frozen,1,histology,linear,d4,mean,0.9413835169008448,0.9616991643454039,0.9395908010881341,11.0,12.0
hoptimus,nct-crc-nonorm,frozen,1,histology,linear,d4,logit_mean,0.9420390396802615,0.9619777158774373,0.9400441264026954,11.0,12.0
hoptimus,nct-crc-nonorm,frozen,1,histology,linear,d4,vote,0.9418765218875456,0.9616991643454039,0.9395881086341675,11.0,12.0
hoptimus,nct-crc-nonorm,frozen,1,histology,linear,d4,confidence,0.9413643137274897,0.9615598885793872,0.9393774189949937,11.0,12.0
hoptimus,nct-crc-nonorm,frozen,2,histology,linear,none,mean,0.946350604752251,0.9637883008356546,0.9433620411475676,,
hoptimus,nct-crc-nonorm,frozen,2,histology,linear,d4,mean,0.9472482864845683,0.9642061281337048,0.9439556572426291,8.0,5.0
hoptimus,nct-crc-nonorm,frozen,2,histology,linear,d4,logit_mean,0.9469843646054444,0.9640668523676881,0.9437205162797362,8.0,5.0
hoptimus,nct-crc-nonorm,frozen,2,histology,linear,d4,vote,0.9475294476488886,0.9643454038997215,0.9441875854699394,8.0,5.0
hoptimus,nct-crc-nonorm,frozen,2,histology,linear,d4,confidence,0.9473535432259238,0.9644846796657381,0.9441680714299514,8.0,5.0
hoptimus,nct-crc-nonorm,frozen,3,histology,linear,none,mean,0.943349863334161,0.9618384401114206,0.9398065757583844,,
hoptimus,nct-crc-nonorm,frozen,3,histology,linear,d4,mean,0.943512538129188,0.9618384401114206,0.9396954809646072,8.0,8.0
hoptimus,nct-crc-nonorm,frozen,3,histology,linear,d4,logit_mean,0.9432486162500643,0.9616991643454039,0.9394571643782983,8.0,8.0
hoptimus,nct-crc-nonorm,frozen,3,histology,linear,d4,vote,0.9439871817134203,0.962116991643454,0.9400995869907788,8.0,8.0
hoptimus,nct-crc-nonorm,frozen,3,histology,linear,d4,confidence,0.9435763776397725,0.9618384401114206,0.9397584881100909,8.0,8.0
hoptimus,nct-crc-nonorm,frozen,42,histology,linear,none,mean,0.943791509948979,0.9622562674094708,0.9403657215948207,,
hoptimus,nct-crc-nonorm,frozen,42,histology,linear,d4,mean,0.9450414225452219,0.9625348189415042,0.9409433949918444,9.0,7.0
hoptimus,nct-crc-nonorm,frozen,42,histology,linear,d4,logit_mean,0.9450414225452219,0.9625348189415042,0.9409433949918444,9.0,7.0
hoptimus,nct-crc-nonorm,frozen,42,histology,linear,d4,vote,0.9435678591936729,0.9616991643454039,0.9394329060434059,9.0,7.0
hoptimus,nct-crc-nonorm,frozen,42,histology,linear,d4,confidence,0.9450414225452219,0.9625348189415042,0.9409433949918444,9.0,7.0
hoptimus,nct-crc-nonorm,frozen,0,histology,mlp_1h,none,mean,0.943606244155196,0.9616991643454039,0.9401170152227031,,
hoptimus,nct-crc-nonorm,frozen,0,histology,mlp_1h,d4,mean,0.9442795234232739,0.9619777158774373,0.9404681339541207,11.0,9.0
hoptimus,nct-crc-nonorm,frozen,0,histology,mlp_1h,d4,logit_mean,0.9442795234232739,0.9619777158774373,0.9404681339541207,11.0,9.0
hoptimus,nct-crc-nonorm,frozen,0,histology,mlp_1h,d4,vote,0.9430400789285619,0.9611420612813371,0.939255653857614,11.0,9.0
hoptimus,nct-crc-nonorm,frozen,0,histology,mlp_1h,d4,confidence,0.9440348047175053,0.9619777158774373,0.9404219194462412,11.0,9.0
hoptimus,nct-crc-nonorm,frozen,1,histology,mlp_1h,none,mean,0.9455129652742017,0.9629526462395543,0.9422536724225247,,
hoptimus,nct-crc-nonorm,frozen,1,histology,mlp_1h,d4,mean,0.9464534527238738,0.9629526462395543,0.9428269685990424,13.0,13.0
hoptimus,nct-crc-nonorm,frozen,1,histology,mlp_1h,d4,logit_mean,0.9464534527238738,0.9629526462395543,0.9428269685990424,13.0,13.0
hoptimus,nct-crc-nonorm,frozen,1,histology,mlp_1h,d4,vote,0.9464839455382913,0.9628133704735377,0.9426871944596523,13.0,13.0
hoptimus,nct-crc-nonorm,frozen,1,histology,mlp_1h,d4,confidence,0.9461321127910785,0.963091922005571,0.9426104154014444,13.0,13.0
hoptimus,nct-crc-nonorm,frozen,2,histology,mlp_1h,none,mean,0.946926235049896,0.9639275766016713,0.9437043633361709,,
hoptimus,nct-crc-nonorm,frozen,2,histology,mlp_1h,d4,mean,0.9469725204648165,0.9636490250696379,0.9435540835479941,6.0,8.0
hoptimus,nct-crc-nonorm,frozen,2,histology,mlp_1h,d4,logit_mean,0.9469725204648165,0.9636490250696379,0.9435540835479941,6.0,8.0
hoptimus,nct-crc-nonorm,frozen,2,histology,mlp_1h,d4,vote,0.9469912064347064,0.9637883008356546,0.9435823181513882,6.0,8.0
hoptimus,nct-crc-nonorm,frozen,2,histology,mlp_1h,d4,confidence,0.9472165888660923,0.9639275766016713,0.9437293030797876,6.0,8.0
hoptimus,nct-crc-nonorm,frozen,3,histology,mlp_1h,none,mean,0.9462417143634602,0.9636490250696379,0.9427280452082878,,
hoptimus,nct-crc-nonorm,frozen,3,histology,mlp_1h,d4,mean,0.9459763457996428,0.9633704735376044,0.9423214098491406,9.0,11.0
hoptimus,nct-crc-nonorm,frozen,3,histology,mlp_1h,d4,logit_mean,0.9459763457996428,0.9633704735376044,0.9423214098491406,9.0,11.0
hoptimus,nct-crc-nonorm,frozen,3,histology,mlp_1h,d4,vote,0.9450320728910351,0.9629526462395543,0.9413646027748217,9.0,11.0
hoptimus,nct-crc-nonorm,frozen,3,histology,mlp_1h,d4,confidence,0.9465680290684748,0.9636490250696379,0.9427820117858398,9.0,11.0
hoptimus,nct-crc-nonorm,frozen,42,histology,mlp_1h,none,mean,0.9491935826869364,0.965041782729805,0.9452764093465907,,
hoptimus,nct-crc-nonorm,frozen,42,histology,mlp_1h,d4,mean,0.9503458714720774,0.965041782729805,0.9458620338734465,8.0,8.0
hoptimus,nct-crc-nonorm,frozen,42,histology,mlp_1h,d4,logit_mean,0.9503458714720774,0.965041782729805,0.9458620338734465,8.0,8.0
hoptimus,nct-crc-nonorm,frozen,42,histology,mlp_1h,d4,vote,0.9496371485186457,0.9647632311977716,0.9452442324193034,8.0,8.0
hoptimus,nct-crc-nonorm,frozen,42,histology,mlp_1h,d4,confidence,0.9501062606395563,0.9649025069637883,0.9455730192732741,8.0,8.0
hoptimus,nct-crc-nonorm,frozen,0,histology,mlp_2h,none,mean,0.9295431397966956,0.9562674094707521,0.9302433837079526,,
hoptimus,nct-crc-nonorm,frozen,0,histology,mlp_2h,d4,mean,0.9335060997268371,0.958217270194986,0.933310758143809,24.0,10.0
hoptimus,nct-crc-nonorm,frozen,0,histology,mlp_2h,d4,logit_mean,0.9332421778477134,0.9580779944289693,0.9331119379961659,24.0,10.0
hoptimus,nct-crc-nonorm,frozen,0,histology,mlp_2h,d4,vote,0.9323070975909812,0.9575208913649025,0.9322259705613684,24.0,10.0
hoptimus,nct-crc-nonorm,frozen,0,histology,mlp_2h,d4,confidence,0.9333698568688824,0.9580779944289693,0.9332290687455917,24.0,10.0
hoptimus,nct-crc-nonorm,frozen,1,histology,mlp_2h,none,mean,0.9342653477630418,0.9562674094707521,0.9320764388687542,,
hoptimus,nct-crc-nonorm,frozen,1,histology,mlp_2h,d4,mean,0.9346827756865999,0.9565459610027855,0.9324162508052315,16.0,14.0
hoptimus,nct-crc-nonorm,frozen,1,histology,mlp_2h,d4,logit_mean,0.9352744589554318,0.9568245125348189,0.9328888551041875,16.0,14.0
hoptimus,nct-crc-nonorm,frozen,1,histology,mlp_2h,d4,vote,0.9346565007518388,0.9564066852367687,0.932219885219473,16.0,14.0
hoptimus,nct-crc-nonorm,frozen,1,histology,mlp_2h,d4,confidence,0.9348393438351815,0.9565459610027855,0.93251530614692,16.0,14.0
hoptimus,nct-crc-nonorm,frozen,2,histology,mlp_2h,none,mean,0.9451508645298836,0.9628133704735377,0.9413798660721517,,
hoptimus,nct-crc-nonorm,frozen,2,histology,mlp_2h,d4,mean,0.946090162666272,0.963091922005571,0.9420453275303262,8.0,6.0
hoptimus,nct-crc-nonorm,frozen,2,histology,mlp_2h,d4,logit_mean,0.946090162666272,0.963091922005571,0.9420453275303262,8.0,6.0
hoptimus,nct-crc-nonorm,frozen,2,histology,mlp_2h,d4,vote,0.9453820900173332,0.9625348189415042,0.941278288352836,8.0,6.0
hoptimus,nct-crc-nonorm,frozen,2,histology,mlp_2h,d4,confidence,0.9461610739382625,0.963091922005571,0.9419892759361341,8.0,6.0
hoptimus,nct-crc-nonorm,frozen,3,histology,mlp_2h,none,mean,0.9441593478629206,0.9623955431754875,0.9397516895320813,,
hoptimus,nct-crc-nonorm,frozen,3,histology,mlp_2h,d4,mean,0.946452230906185,0.9632311977715877,0.9413386612693727,15.0,9.0
hoptimus,nct-crc-nonorm,frozen,3,histology,mlp_2h,d4,logit_mean,0.946452230906185,0.9632311977715877,0.9413386612693727,15.0,9.0
hoptimus,nct-crc-nonorm,frozen,3,histology,mlp_2h,d4,vote,0.9466939387278929,0.9632311977715877,0.9414459814658019,15.0,9.0
hoptimus,nct-crc-nonorm,frozen,3,histology,mlp_2h,d4,confidence,0.9464785058409461,0.9633704735376044,0.9415780268606847,15.0,9.0
hoptimus,nct-crc-nonorm,frozen,42,histology,mlp_2h,none,mean,0.945336391839464,0.963091922005571,0.9425815994980508,,
hoptimus,nct-crc-nonorm,frozen,42,histology,mlp_2h,d4,mean,0.9464196163328206,0.9637883008356546,0.943597343358337,11.0,6.0
hoptimus,nct-crc-nonorm,frozen,42,histology,mlp_2h,d4,logit_mean,0.9458279330639887,0.9635097493036212,0.9431010857113353,11.0,6.0
hoptimus,nct-crc-nonorm,frozen,42,histology,mlp_2h,d4,vote,0.9449197780465105,0.9628133704735377,0.9420439962262382,11.0,6.0
hoptimus,nct-crc-nonorm,frozen,42,histology,mlp_2h,d4,confidence,0.9466835382119445,0.9639275766016713,0.943889675276382,11.0,6.0
phikon2,nct-crc-nonorm,frozen,0,histology,knn_10,none,mean,0.9205842020965154,0.95,0.9224879316880856,,
phikon2,nct-crc-nonorm,frozen,0,histology,knn_10,d4,mean,0.9202005209374653,0.9501392757660168,0.9234890915493423,56.0,55.0
phikon2,nct-crc-nonorm,frozen,0,histology,knn_5,none,mean,0.9170760891437024,0.9462395543175487,0.9179564155112134,,
phikon2,nct-crc-nonorm,frozen,0,histology,knn_5,d4,mean,0.9142948786875134,0.9469359331476324,0.9183787763651095,82.0,77.0
phikon2,nct-crc-nonorm,frozen,0,histology,linear,none,mean,0.8895390266536898,0.9147632311977716,0.887002915088213,,
phikon2,nct-crc-nonorm,frozen,0,histology,linear,d4,mean,0.8900163648090502,0.925208913649025,0.8946107627733121,153.0,78.0
phikon2,nct-crc-nonorm,frozen,0,histology,linear,d4,logit_mean,0.888524819062238,0.9250696378830083,0.8939198450666722,153.0,78.0
phikon2,nct-crc-nonorm,frozen,0,histology,linear,d4,vote,0.8885558976471145,0.925208913649025,0.8926145830027993,153.0,78.0
phikon2,nct-crc-nonorm,frozen,0,histology,linear,d4,confidence,0.8933576023658633,0.9257660167130919,0.8962711889951874,153.0,78.0
phikon2,nct-crc-nonorm,frozen,1,histology,linear,none,mean,0.8943864242284421,0.9193593314763231,0.8911704555927328,,
phikon2,nct-crc-nonorm,frozen,1,histology,linear,d4,mean,0.8938830683323301,0.927158774373259,0.8969342525090025,135.0,79.0
phikon2,nct-crc-nonorm,frozen,1,histology,linear,d4,logit_mean,0.8929342047539396,0.9268802228412256,0.8965873570150128,135.0,79.0
phikon2,nct-crc-nonorm,frozen,1,histology,linear,d4,vote,0.8911923962977709,0.9266016713091922,0.8944815551463834,135.0,79.0
phikon2,nct-crc-nonorm,frozen,1,histology,linear,d4,confidence,0.8950189179548469,0.9266016713091922,0.8969505575902138,135.0,79.0
phikon2,nct-crc-nonorm,frozen,2,histology,linear,none,mean,0.9007494212821678,0.9279944289693594,0.9005329873605589,,
phikon2,nct-crc-nonorm,frozen,2,histology,linear,d4,mean,0.8932835162740391,0.9286908077994429,0.8979601101302279,92.0,87.0
phikon2,nct-crc-nonorm,frozen,2,histology,linear,d4,logit_mean,0.894523417179153,0.9298050139275766,0.8996197945006179,92.0,87.0
phikon2,nct-crc-nonorm,frozen,2,histology,linear,d4,vote,0.8909227106359948,0.9279944289693594,0.8952578755501482,92.0,87.0
phikon2,nct-crc-nonorm,frozen,2,histology,linear,d4,confidence,0.8995947280514566,0.9309192200557103,0.9028090891967531,92.0,87.0
phikon2,nct-crc-nonorm,frozen,3,histology,linear,none,mean,0.8913319252883724,0.9167130919220056,0.8881422093093383,,
phikon2,nct-crc-nonorm,frozen,3,histology,linear,d4,mean,0.8924864529326759,0.927158774373259,0.8957267008596388,149.0,74.0
phikon2,nct-crc-nonorm,frozen,3,histology,linear,d4,logit_mean,0.8916809509383028,0.9268802228412256,0.895323796780546,149.0,74.0
phikon2,nct-crc-nonorm,frozen,3,histology,linear,d4,vote,0.8907383501881948,0.9268802228412256,0.8932723703291826,149.0,74.0
phikon2,nct-crc-nonorm,frozen,3,histology,linear,d4,confidence,0.8925193472756406,0.9257660167130919,0.8944271834652388,149.0,74.0
phikon2,nct-crc-nonorm,frozen,42,histology,linear,none,mean,0.8972625117264977,0.9217270194986072,0.8954842416328409,,
phikon2,nct-crc-nonorm,frozen,42,histology,linear,d4,mean,0.8948304545261087,0.9289693593314763,0.8993288543386981,132.0,80.0
phikon2,nct-crc-nonorm,frozen,42,histology,linear,d4,logit_mean,0.8948348638721585,0.9293871866295265,0.8995686559616859,132.0,80.0
phikon2,nct-crc-nonorm,frozen,42,histology,linear,d4,vote,0.8937098805903363,0.9293871866295265,0.8982173668068588,132.0,80.0
phikon2,nct-crc-nonorm,frozen,42,histology,linear,d4,confidence,0.8941120134834628,0.9267409470752089,0.8974102001614678,132.0,80.0
phikon2,nct-crc-nonorm,frozen,0,histology,mlp_1h,none,mean,0.8568226339100375,0.864066852367688,0.8480951640137335,,
phikon2,nct-crc-nonorm,frozen,0,histology,mlp_1h,d4,mean,0.8612784760270489,0.8848189415041783,0.85847755509858,270.0,121.0
phikon2,nct-crc-nonorm,frozen,0,histology,mlp_1h,d4,logit_mean,0.8605082007605647,0.8852367688022285,0.8583428224730087,270.0,121.0
phikon2,nct-crc-nonorm,frozen,0,histology,mlp_1h,d4,vote,0.866839312579023,0.8942896935933148,0.8642545443388995,270.0,121.0
phikon2,nct-crc-nonorm,frozen,0,histology,mlp_1h,d4,confidence,0.8638718336683291,0.8834261838440112,0.8597823336957082,270.0,121.0
phikon2,nct-crc-nonorm,frozen,1,histology,mlp_1h,none,mean,0.8815809622641649,0.9002785515320334,0.8744727207615911,,
phikon2,nct-crc-nonorm,frozen,1,histology,mlp_1h,d4,mean,0.8868182816373269,0.9183844011142062,0.88680548913238,223.0,93.0
phikon2,nct-crc-nonorm,frozen,1,histology,mlp_1h,d4,logit_mean,0.8866077106473703,0.9185236768802229,0.8870779887431466,223.0,93.0
phikon2,nct-crc-nonorm,frozen,1,histology,mlp_1h,d4,vote,0.8881664332584253,0.9213091922005571,0.8884741339836667,223.0,93.0
phikon2,nct-crc-nonorm,frozen,1,histology,mlp_1h,d4,confidence,0.8886403078173032,0.9181058495821727,0.8867890005861481,223.0,93.0
phikon2,nct-crc-nonorm,frozen,2,histology,mlp_1h,none,mean,0.8782641180499553,0.8942896935933148,0.8688112477013752,,
phikon2,nct-crc-nonorm,frozen,2,histology,mlp_1h,d4,mean,0.878388228118781,0.9055710306406686,0.8740914821931791,192.0,111.0
phikon2,nct-crc-nonorm,frozen,2,histology,mlp_1h,d4,logit_mean,0.8771892041075193,0.9057103064066853,0.87354634650347,192.0,111.0
phikon2,nct-crc-nonorm,frozen,2,histology,mlp_1h,d4,vote,0.8792189180168922,0.9100278551532034,0.8759443313185822,192.0,111.0
phikon2,nct-crc-nonorm,frozen,2,histology,mlp_1h,d4,confidence,0.8833154337163418,0.9072423398328691,0.8778310931530338,192.0,111.0
phikon2,nct-crc-nonorm,frozen,3,histology,mlp_1h,none,mean,0.8818778029711534,0.8984679665738161,0.8741462894845161,,
phikon2,nct-crc-nonorm,frozen,3,histology,mlp_1h,d4,mean,0.8843513083772753,0.9161559888579387,0.8832340278866068,216.0,89.0
phikon2,nct-crc-nonorm,frozen,3,histology,mlp_1h,d4,logit_mean,0.8856727691073021,0.9174094707520891,0.8849490578832772,216.0,89.0
phikon2,nct-crc-nonorm,frozen,3,histology,mlp_1h,d4,vote,0.8833254439967517,0.9174094707520891,0.8830467210355359,216.0,89.0
phikon2,nct-crc-nonorm,frozen,3,histology,mlp_1h,d4,confidence,0.8865747553810114,0.9154596100278551,0.884017135559665,216.0,89.0
phikon2,nct-crc-nonorm,frozen,42,histology,mlp_1h,none,mean,0.8484959821147654,0.846100278551532,0.835802924097661,,
phikon2,nct-crc-nonorm,frozen,42,histology,mlp_1h,d4,mean,0.8589573967671965,0.8760445682451253,0.8549377653460023,325.0,110.0
phikon2,nct-crc-nonorm,frozen,42,histology,mlp_1h,d4,logit_mean,0.8576635788253391,0.876183844011142,0.854357617984589,325.0,110.0
phikon2,nct-crc-nonorm,frozen,42,histology,mlp_1h,d4,vote,0.8644865834631605,0.8853760445682451,0.8607142102212937,325.0,110.0
phikon2,nct-crc-nonorm,frozen,42,histology,mlp_1h,d4,confidence,0.8613988347593573,0.8722841225626741,0.8547658680825801,325.0,110.0
phikon2,nct-crc-nonorm,frozen,0,histology,mlp_2h,none,mean,0.8354428846594651,0.8435933147632312,0.8321725989341895,,
phikon2,nct-crc-nonorm,frozen,0,histology,mlp_2h,d4,mean,0.8476684090434211,0.8735376044568245,0.8503124130811828,342.0,127.0
phikon2,nct-crc-nonorm,frozen,0,histology,mlp_2h,d4,logit_mean,0.8480818527191493,0.8740947075208914,0.8512686139000261,342.0,127.0
phikon2,nct-crc-nonorm,frozen,0,histology,mlp_2h,d4,vote,0.8516569967240287,0.883008356545961,0.8545559092979186,342.0,127.0
phikon2,nct-crc-nonorm,frozen,0,histology,mlp_2h,d4,confidence,0.8502386678889471,0.8700557103064067,0.850494326277127,342.0,127.0
phikon2,nct-crc-nonorm,frozen,1,histology,mlp_2h,none,mean,0.8658750998360363,0.879108635097493,0.8518207274189842,,
phikon2,nct-crc-nonorm,frozen,1,histology,mlp_2h,d4,mean,0.8721660456022062,0.8976323119777159,0.8666049950217408,241.0,108.0
phikon2,nct-crc-nonorm,frozen,1,histology,mlp_2h,d4,logit_mean,0.8706388138679666,0.8972144846796657,0.8659275702302947,241.0,108.0
phikon2,nct-crc-nonorm,frozen,1,histology,mlp_2h,d4,vote,0.8727296127249394,0.9023676880222842,0.8681079983984784,241.0,108.0
phikon2,nct-crc-nonorm,frozen,1,histology,mlp_2h,d4,confidence,0.873176665249393,0.8948467966573816,0.8651499078890228,241.0,108.0
phikon2,nct-crc-nonorm,frozen,2,histology,mlp_2h,none,mean,0.8524277825898287,0.854874651810585,0.8402181807419455,,
phikon2,nct-crc-nonorm,frozen,2,histology,mlp_2h,d4,mean,0.853132914683643,0.8704735376044568,0.8450837408827181,260.0,148.0
phikon2,nct-crc-nonorm,frozen,2,histology,mlp_2h,d4,logit_mean,0.8512611334056914,0.8700557103064067,0.8440426067720724,260.0,148.0
phikon2,nct-crc-nonorm,frozen,2,histology,mlp_2h,d4,vote,0.8610594108617737,0.8835654596100279,0.8551501490785908,260.0,148.0
phikon2,nct-crc-nonorm,frozen,2,histology,mlp_2h,d4,confidence,0.856519425411971,0.8690807799442897,0.8469437224216133,260.0,148.0
phikon2,nct-crc-nonorm,frozen,3,histology,mlp_2h,none,mean,0.8900704204614479,0.9121169916434541,0.8861267823881168,,
phikon2,nct-crc-nonorm,frozen,3,histology,mlp_2h,d4,mean,0.8932709667253668,0.928133704735376,0.8964640333142163,188.0,73.0
phikon2,nct-crc-nonorm,frozen,3,histology,mlp_2h,d4,logit_mean,0.8933532384385345,0.9282729805013927,0.8968655110247098,188.0,73.0
phikon2,nct-crc-nonorm,frozen,3,histology,mlp_2h,d4,vote,0.8919634407865252,0.9291086350974931,0.895423586491805,188.0,73.0
phikon2,nct-crc-nonorm,frozen,3,histology,mlp_2h,d4,confidence,0.8951084678034612,0.927158774373259,0.8967225669011596,188.0,73.0
phikon2,nct-crc-nonorm,frozen,42,histology,mlp_2h,none,mean,0.8859213329627226,0.9011142061281338,0.879490153827368,,
phikon2,nct-crc-nonorm,frozen,42,histology,mlp_2h,d4,mean,0.8856373224847541,0.9165738161559889,0.886777551521139,217.0,106.0
phikon2,nct-crc-nonorm,frozen,42,histology,mlp_2h,d4,logit_mean,0.8834269433613904,0.915041782729805,0.8849980354073934,217.0,106.0
phikon2,nct-crc-nonorm,frozen,42,histology,mlp_2h,d4,vote,0.8865559258727436,0.9201949860724234,0.8885592459845668,217.0,106.0
phikon2,nct-crc-nonorm,frozen,42,histology,mlp_2h,d4,confidence,0.8912631094276912,0.9157381615598886,0.8897296321867445,217.0,106.0
phikon,nct-crc-nonorm,frozen,0,histology,knn_10,none,mean,0.8654679126844731,0.8565459610027855,0.8381480865516819,,
phikon,nct-crc-nonorm,frozen,0,histology,knn_10,d4,mean,0.8633487198083473,0.8505571030640668,0.8357270253471724,122.0,165.0
phikon,nct-crc-nonorm,frozen,0,histology,knn_5,none,mean,0.8500017981880917,0.833008356545961,0.8189273421899788,,
phikon,nct-crc-nonorm,frozen,0,histology,knn_5,d4,mean,0.84448683025561,0.8233983286908078,0.8127966248373375,118.0,187.0
phikon,nct-crc-nonorm,frozen,0,histology,linear,none,mean,0.7634321959576659,0.7377437325905293,0.7186558754328781,,
phikon,nct-crc-nonorm,frozen,0,histology,linear,d4,mean,0.7827136329360078,0.7586350974930363,0.7410553683832903,196.0,46.0
phikon,nct-crc-nonorm,frozen,0,histology,linear,d4,logit_mean,0.7831495441149802,0.758774373259053,0.74143353019809,196.0,46.0
phikon,nct-crc-nonorm,frozen,0,histology,linear,d4,vote,0.7803447646994663,0.7569637883008357,0.7397519256087097,196.0,46.0
phikon,nct-crc-nonorm,frozen,0,histology,linear,d4,confidence,0.7864169423360466,0.7637883008356546,0.7459396228208589,196.0,46.0
phikon,nct-crc-nonorm,frozen,1,histology,linear,none,mean,0.794621871038612,0.7644846796657382,0.7462252843902689,,
phikon,nct-crc-nonorm,frozen,1,histology,linear,d4,mean,0.8104922872301596,0.7863509749303621,0.7673609518546642,202.0,45.0
phikon,nct-crc-nonorm,frozen,1,histology,linear,d4,logit_mean,0.8114483356878348,0.7870473537604457,0.7682822438830847,202.0,45.0
phikon,nct-crc-nonorm,frozen,1,histology,linear,d4,vote,0.8113551336968605,0.7888579387186629,0.7698098324643168,202.0,45.0
phikon,nct-crc-nonorm,frozen,1,histology,linear,d4,confidence,0.8136706453557315,0.7901114206128134,0.7710988500427481,202.0,45.0
phikon,nct-crc-nonorm,frozen,2,histology,linear,none,mean,0.7612437691884367,0.721866295264624,0.7017719551055046,,
phikon,nct-crc-nonorm,frozen,2,histology,linear,d4,mean,0.7778712886508625,0.7410863509749304,0.7243699073008173,172.0,34.0
phikon,nct-crc-nonorm,frozen,2,histology,linear,d4,logit_mean,0.77790376967486,0.740807799442897,0.7242035440616624,172.0,34.0
phikon,nct-crc-nonorm,frozen,2,histology,linear,d4,vote,0.7786886261401645,0.7424791086350975,0.7263600521019977,172.0,34.0
phikon,nct-crc-nonorm,frozen,2,histology,linear,d4,confidence,0.7823292414681162,0.747075208913649,0.7307112087877841,172.0,34.0
phikon,nct-crc-nonorm,frozen,3,histology,linear,none,mean,0.7482924395365186,0.7122562674094708,0.6961928045321261,,
phikon,nct-crc-nonorm,frozen,3,histology,linear,d4,mean,0.7673638815204361,0.7316155988857939,0.7190198544425201,210.0,71.0
phikon,nct-crc-nonorm,frozen,3,histology,linear,d4,logit_mean,0.7677246181570756,0.732033426183844,0.7193565573629335,210.0,71.0
phikon,nct-crc-nonorm,frozen,3,histology,linear,d4,vote,0.7633165270655976,0.7268802228412257,0.7165005222840369,210.0,71.0
phikon,nct-crc-nonorm,frozen,3,histology,linear,d4,confidence,0.7696649155089275,0.7357938718662953,0.7227806912284866,210.0,71.0
phikon,nct-crc-nonorm,frozen,42,histology,linear,none,mean,0.7546062659197655,0.7164345403899721,0.7024825798535272,,
phikon,nct-crc-nonorm,frozen,42,histology,linear,d4,mean,0.7665251827463426,0.7288300835654596,0.7165997866229925,150.0,61.0
phikon,nct-crc-nonorm,frozen,42,histology,linear,d4,logit_mean,0.7662772381103149,0.728690807799443,0.7164242978577242,150.0,61.0
phikon,nct-crc-nonorm,frozen,42,histology,linear,d4,vote,0.7690971004329872,0.7323119777158774,0.7207051845381566,150.0,61.0
phikon,nct-crc-nonorm,frozen,42,histology,linear,d4,confidence,0.7680953765673357,0.7306406685236769,0.7182951945980087,150.0,61.0
phikon,nct-crc-nonorm,frozen,0,histology,mlp_1h,none,mean,0.7425684635421481,0.7027855153203343,0.684665873330084,,
phikon,nct-crc-nonorm,frozen,0,histology,mlp_1h,d4,mean,0.7621974023849328,0.721866295264624,0.7080565491443171,197.0,60.0
phikon,nct-crc-nonorm,frozen,0,histology,mlp_1h,d4,logit_mean,0.7633598526238556,0.7225626740947075,0.7087331125906622,197.0,60.0
phikon,nct-crc-nonorm,frozen,0,histology,mlp_1h,d4,vote,0.7595227760817518,0.7200557103064067,0.7068857271537633,197.0,60.0
phikon,nct-crc-nonorm,frozen,0,histology,mlp_1h,d4,confidence,0.7641014246181618,0.7247910863509749,0.710596329011585,197.0,60.0
phikon,nct-crc-nonorm,frozen,1,histology,mlp_1h,none,mean,0.739717962642753,0.6945682451253482,0.66919388308686,,
phikon,nct-crc-nonorm,frozen,1,histology,mlp_1h,d4,mean,0.7610408635364583,0.7168523676880223,0.6961314406612238,205.0,45.0
phikon,nct-crc-nonorm,frozen,1,histology,mlp_1h,d4,logit_mean,0.7607786901778163,0.7161559888579387,0.6955413524036447,205.0,45.0
phikon,nct-crc-nonorm,frozen,1,histology,mlp_1h,d4,vote,0.7605678024397039,0.7164345403899721,0.696820763126682,205.0,45.0
phikon,nct-crc-nonorm,frozen,1,histology,mlp_1h,d4,confidence,0.7639605411123208,0.7215877437325905,0.7011659384192864,205.0,45.0
phikon,nct-crc-nonorm,frozen,2,histology,mlp_1h,none,mean,0.7568948516178108,0.7168523676880223,0.6968102460983601,,
phikon,nct-crc-nonorm,frozen,2,histology,mlp_1h,d4,mean,0.7776665202861666,0.7405292479108635,0.7235494033016777,210.0,40.0
phikon,nct-crc-nonorm,frozen,2,histology,mlp_1h,d4,logit_mean,0.7772151739882575,0.7401114206128133,0.723201227792317,210.0,40.0
phikon,nct-crc-nonorm,frozen,2,histology,mlp_1h,d4,vote,0.7781701530880345,0.7403899721448468,0.7250323716046427,210.0,40.0
phikon,nct-crc-nonorm,frozen,2,histology,mlp_1h,d4,confidence,0.7794292930982287,0.7438718662952646,0.7267566710895802,210.0,40.0
phikon,nct-crc-nonorm,frozen,3,histology,mlp_1h,none,mean,0.7304129720811356,0.6959610027855153,0.6751931469579504,,
phikon,nct-crc-nonorm,frozen,3,histology,mlp_1h,d4,mean,0.7632670458045516,0.7285515320334262,0.7133234675368678,265.0,31.0
phikon,nct-crc-nonorm,frozen,3,histology,mlp_1h,d4,logit_mean,0.7637376654860613,0.7289693593314763,0.7136382867316774,265.0,31.0
phikon,nct-crc-nonorm,frozen,3,histology,mlp_1h,d4,vote,0.7565612316943702,0.7220055710306407,0.7074874039747132,265.0,31.0
phikon,nct-crc-nonorm,frozen,3,histology,mlp_1h,d4,confidence,0.7662782260130633,0.7332869080779945,0.7179564990516972,265.0,31.0
phikon,nct-crc-nonorm,frozen,42,histology,mlp_1h,none,mean,0.7750377785758893,0.7398328690807799,0.7267108493098486,,
phikon,nct-crc-nonorm,frozen,42,histology,mlp_1h,d4,mean,0.7917208002209768,0.7576601671309192,0.7469153438743685,161.0,33.0
phikon,nct-crc-nonorm,frozen,42,histology,mlp_1h,d4,logit_mean,0.7926996188278973,0.7584958217270195,0.7479057676189821,161.0,33.0
phikon,nct-crc-nonorm,frozen,42,histology,mlp_1h,d4,vote,0.7923800290188616,0.7600278551532034,0.7490542999400156,161.0,33.0
phikon,nct-crc-nonorm,frozen,42,histology,mlp_1h,d4,confidence,0.7963587210816783,0.7639275766016713,0.7532897615881373,161.0,33.0
phikon,nct-crc-nonorm,frozen,0,histology,mlp_2h,none,mean,0.7254761977209874,0.6789693593314763,0.6644189220865634,,
phikon,nct-crc-nonorm,frozen,0,histology,mlp_2h,d4,mean,0.7434698684304267,0.6954038997214484,0.6858864996057492,194.0,76.0
phikon,nct-crc-nonorm,frozen,0,histology,mlp_2h,d4,logit_mean,0.7440683025801886,0.696100278551532,0.6863161411804151,194.0,76.0
phikon,nct-crc-nonorm,frozen,0,histology,mlp_2h,d4,vote,0.7398274584130373,0.6913649025069638,0.6833563030746816,194.0,76.0
phikon,nct-crc-nonorm,frozen,0,histology,mlp_2h,d4,confidence,0.7481006731557999,0.7006963788300835,0.6908718218823569,194.0,76.0
phikon,nct-crc-nonorm,frozen,1,histology,mlp_2h,none,mean,0.733911783828213,0.6877437325905292,0.6684653722104019,,
phikon,nct-crc-nonorm,frozen,1,histology,mlp_2h,d4,mean,0.7522885833176954,0.7083565459610028,0.6920032280915783,196.0,48.0
phikon,nct-crc-nonorm,frozen,1,histology,mlp_2h,d4,logit_mean,0.7511482826658793,0.7075208913649025,0.6908806833062237,196.0,48.0
phikon,nct-crc-nonorm,frozen,1,histology,mlp_2h,d4,vote,0.7532642916729854,0.70974930362117,0.6938730532480881,196.0,48.0
phikon,nct-crc-nonorm,frozen,1,histology,mlp_2h,d4,confidence,0.7503751226664152,0.708217270194986,0.6912014088753808,196.0,48.0
phikon,nct-crc-nonorm,frozen,2,histology,mlp_2h,none,mean,0.7467134245185063,0.7033426183844012,0.6833422888873727,,
phikon,nct-crc-nonorm,frozen,2,histology,mlp_2h,d4,mean,0.7591313811388177,0.7165738161559888,0.700526533646732,135.0,40.0
phikon,nct-crc-nonorm,frozen,2,histology,mlp_2h,d4,logit_mean,0.7599323155267818,0.7168523676880223,0.7010387724469301,135.0,40.0
phikon,nct-crc-nonorm,frozen,2,histology,mlp_2h,d4,vote,0.7583924511191835,0.7157381615598886,0.7007144451084041,135.0,40.0
phikon,nct-crc-nonorm,frozen,2,histology,mlp_2h,d4,confidence,0.761684623734805,0.7203342618384401,0.7045829365178957,135.0,40.0
phikon,nct-crc-nonorm,frozen,3,histology,mlp_2h,none,mean,0.7219241193404583,0.6823119777158775,0.6626565245444422,,
phikon,nct-crc-nonorm,frozen,3,histology,mlp_2h,d4,mean,0.7515715413728518,0.713091922005571,0.699521567203611,265.0,44.0
phikon,nct-crc-nonorm,frozen,3,histology,mlp_2h,d4,logit_mean,0.7520982797570949,0.7136490250696379,0.6995404214271272,265.0,44.0
phikon,nct-crc-nonorm,frozen,3,histology,mlp_2h,d4,vote,0.7449728557679336,0.7071030640668524,0.6943075694295671,265.0,44.0
phikon,nct-crc-nonorm,frozen,3,histology,mlp_2h,d4,confidence,0.7552070326768637,0.7178272980501392,0.7039278295432128,265.0,44.0
phikon,nct-crc-nonorm,frozen,42,histology,mlp_2h,none,mean,0.7023168449175698,0.6551532033426184,0.6355570063867779,,
phikon,nct-crc-nonorm,frozen,42,histology,mlp_2h,d4,mean,0.7205077279746022,0.6731197771587744,0.6553405541637404,207.0,78.0
phikon,nct-crc-nonorm,frozen,42,histology,mlp_2h,d4,logit_mean,0.7206550191922576,0.673259052924791,0.6551931354487159,207.0,78.0
phikon,nct-crc-nonorm,frozen,42,histology,mlp_2h,d4,vote,0.7209712200399845,0.6736768802228412,0.6575243986311938,207.0,78.0
phikon,nct-crc-nonorm,frozen,42,histology,mlp_2h,d4,confidence,0.7211873583317914,0.6739554317548746,0.6554717604623574,207.0,78.0
resnet18,nct-crc-nonorm,frozen,0,general,knn_10,none,mean,0.7635307656410456,0.7883008356545961,0.7443670142114975,,
resnet18,nct-crc-nonorm,frozen,0,general,knn_10,d4,mean,0.7741587219305239,0.799025069637883,0.7548342303623153,337.0,260.0
resnet18,nct-crc-nonorm,frozen,0,general,knn_5,none,mean,0.7506120583439344,0.7739554317548747,0.7311144004482447,,
resnet18,nct-crc-nonorm,frozen,0,general,knn_5,d4,mean,0.7642787285135085,0.7884401114206128,0.7450058574376862,414.0,310.0
resnet18,nct-crc-nonorm,frozen,0,general,linear,none,mean,0.6939089951050338,0.7449860724233983,0.6855069828048628,,
resnet18,nct-crc-nonorm,frozen,0,general,linear,d4,mean,0.7007112505784723,0.7603064066852367,0.6975905153597775,320.0,210.0
resnet18,nct-crc-nonorm,frozen,0,general,linear,d4,logit_mean,0.7025397765524681,0.7614206128133705,0.698684630040321,320.0,210.0
resnet18,nct-crc-nonorm,frozen,0,general,linear,d4,vote,0.7040904477204503,0.7625348189415042,0.7003929572446899,320.0,210.0
resnet18,nct-crc-nonorm,frozen,0,general,linear,d4,confidence,0.7019281954161278,0.7611420612813371,0.6980587880236964,320.0,210.0
resnet18,nct-crc-nonorm,frozen,1,general,linear,none,mean,0.692436325046986,0.7448467966573816,0.685857243728037,,
resnet18,nct-crc-nonorm,frozen,1,general,linear,d4,mean,0.7010502926716395,0.7607242339832869,0.698762290901371,309.0,195.0
resnet18,nct-crc-nonorm,frozen,1,general,linear,d4,logit_mean,0.7012174561914077,0.7607242339832869,0.6988975128789625,309.0,195.0
resnet18,nct-crc-nonorm,frozen,1,general,linear,d4,vote,0.7032446211899267,0.762116991643454,0.7011988481839814,309.0,195.0
resnet18,nct-crc-nonorm,frozen,1,general,linear,d4,confidence,0.703685386843663,0.7612813370473538,0.7005489676681722,309.0,195.0
resnet18,nct-crc-nonorm,frozen,2,general,linear,none,mean,0.7003438076687775,0.7525069637883008,0.6925728080261533,,
resnet18,nct-crc-nonorm,frozen,2,general,linear,d4,mean,0.711421637235749,0.7704735376044568,0.708003699060225,339.0,210.0
resnet18,nct-crc-nonorm,frozen,2,general,linear,d4,logit_mean,0.711712147399863,0.7710306406685237,0.7081656762359012,339.0,210.0
resnet18,nct-crc-nonorm,frozen,2,general,linear,d4,vote,0.709691787632895,0.7683844011142061,0.7062097289994562,339.0,210.0
resnet18,nct-crc-nonorm,frozen,2,general,linear,d4,confidence,0.7111908379722518,0.7699164345403899,0.7072572988774615,339.0,210.0
resnet18,nct-crc-nonorm,frozen,3,general,linear,none,mean,0.6842206168291283,0.7323119777158774,0.6702010843977114,,
resnet18,nct-crc-nonorm,frozen,3,general,linear,d4,mean,0.6864220655331031,0.7423398328690808,0.6762571300137958,299.0,227.0
resnet18,nct-crc-nonorm,frozen,3,general,linear,d4,logit_mean,0.6871698387697246,0.7423398328690808,0.6762196578985274,299.0,227.0
resnet18,nct-crc-nonorm,frozen,3,general,linear,d4,vote,0.6865341713801824,0.7413649025069637,0.6762777873088793,299.0,227.0
resnet18,nct-crc-nonorm,frozen,3,general,linear,d4,confidence,0.6898390774921347,0.7454038997214485,0.6802048475225834,299.0,227.0
resnet18,nct-crc-nonorm,frozen,42,general,linear,none,mean,0.704221111013835,0.7512534818941504,0.6934723240457338,,
resnet18,nct-crc-nonorm,frozen,42,general,linear,d4,mean,0.708699806586353,0.764066852367688,0.7036301619664025,307.0,215.0
resnet18,nct-crc-nonorm,frozen,42,general,linear,d4,logit_mean,0.7089751026027402,0.764066852367688,0.7035744663563065,307.0,215.0
resnet18,nct-crc-nonorm,frozen,42,general,linear,d4,vote,0.7098969951311882,0.7649025069637883,0.7055069663041524,307.0,215.0
resnet18,nct-crc-nonorm,frozen,42,general,linear,d4,confidence,0.7080936144155106,0.7642061281337047,0.7029273446593944,307.0,215.0
resnet18,nct-crc-nonorm,frozen,0,general,mlp_1h,none,mean,0.680547388927377,0.7137883008356546,0.6568355715345591,,
resnet18,nct-crc-nonorm,frozen,0,general,mlp_1h,d4,mean,0.6926973064252105,0.7306406685236769,0.6715474006455224,363.0,242.0
resnet18,nct-crc-nonorm,frozen,0,general,mlp_1h,d4,logit_mean,0.6902492766422218,0.728690807799443,0.6695709966892138,363.0,242.0
resnet18,nct-crc-nonorm,frozen,0,general,mlp_1h,d4,vote,0.6941930365060696,0.7325905292479109,0.672769423771436,363.0,242.0
resnet18,nct-crc-nonorm,frozen,0,general,mlp_1h,d4,confidence,0.6887553872165236,0.7299442896935933,0.6676561427972455,363.0,242.0
resnet18,nct-crc-nonorm,frozen,1,general,mlp_1h,none,mean,0.6784910042194155,0.7065459610027855,0.653372629797267,,
resnet18,nct-crc-nonorm,frozen,1,general,mlp_1h,d4,mean,0.6957071269355896,0.7270194986072424,0.6719161306094396,394.0,247.0
resnet18,nct-crc-nonorm,frozen,1,general,mlp_1h,d4,logit_mean,0.6955251598997502,0.7266016713091922,0.6709831904559148,394.0,247.0
resnet18,nct-crc-nonorm,frozen,1,general,mlp_1h,d4,vote,0.7032302360944997,0.7327298050139276,0.6795783364317026,394.0,247.0
resnet18,nct-crc-nonorm,frozen,1,general,mlp_1h,d4,confidence,0.6928635905522011,0.7256267409470752,0.6697981328924453,394.0,247.0
resnet18,nct-crc-nonorm,frozen,2,general,mlp_1h,none,mean,0.7044089987855473,0.7518105849582173,0.6963709602086674,,
resnet18,nct-crc-nonorm,frozen,2,general,mlp_1h,d4,mean,0.7171481503551989,0.770891364902507,0.7134963364542345,369.0,232.0
resnet18,nct-crc-nonorm,frozen,2,general,mlp_1h,d4,logit_mean,0.7198509007309178,0.7722841225626741,0.7156725860042161,369.0,232.0
resnet18,nct-crc-nonorm,frozen,2,general,mlp_1h,d4,vote,0.7213008884874856,0.7738161559888579,0.7165981404423866,369.0,232.0
resnet18,nct-crc-nonorm,frozen,2,general,mlp_1h,d4,confidence,0.7187816092267596,0.7715877437325905,0.7144401754157736,369.0,232.0
resnet18,nct-crc-nonorm,frozen,3,general,mlp_1h,none,mean,0.7134164829931966,0.7415041782729805,0.691307053497479,,
resnet18,nct-crc-nonorm,frozen,3,general,mlp_1h,d4,mean,0.7334005301564768,0.7642061281337047,0.7129362502979765,432.0,269.0
resnet18,nct-crc-nonorm,frozen,3,general,mlp_1h,d4,logit_mean,0.735519055572927,0.7653203342618384,0.7143158141483802,432.0,269.0
resnet18,nct-crc-nonorm,frozen,3,general,mlp_1h,d4,vote,0.7371846956855482,0.7682451253481895,0.7180467488793937,432.0,269.0
resnet18,nct-crc-nonorm,frozen,3,general,mlp_1h,d4,confidence,0.7338057656196644,0.7643454038997215,0.7133877394571649,432.0,269.0
resnet18,nct-crc-nonorm,frozen,42,general,mlp_1h,none,mean,0.697858881902454,0.7374651810584958,0.6800254326406359,,
resnet18,nct-crc-nonorm,frozen,42,general,mlp_1h,d4,mean,0.7168544430576177,0.7608635097493036,0.7018114628438522,422.0,254.0
resnet18,nct-crc-nonorm,frozen,42,general,mlp_1h,d4,logit_mean,0.7192905283336875,0.7630919220055711,0.7033894074556316,422.0,254.0
resnet18,nct-crc-nonorm,frozen,42,general,mlp_1h,d4,vote,0.7265695080636128,0.7686629526462395,0.7098610833849153,422.0,254.0
resnet18,nct-crc-nonorm,frozen,42,general,mlp_1h,d4,confidence,0.7126971748298343,0.7583565459610028,0.6985571505854471,422.0,254.0
resnet18,nct-crc-nonorm,frozen,0,general,mlp_2h,none,mean,0.7015178838648608,0.731058495821727,0.6812723506220227,,
resnet18,nct-crc-nonorm,frozen,0,general,mlp_2h,d4,mean,0.7273922861558029,0.759192200557103,0.7060167554430594,442.0,240.0
resnet18,nct-crc-nonorm,frozen,0,general,mlp_2h,d4,logit_mean,0.7293752422965301,0.7608635097493036,0.7080405627576041,442.0,240.0
resnet18,nct-crc-nonorm,frozen,0,general,mlp_2h,d4,vote,0.728397417829645,0.7615598885793872,0.7082965341220034,442.0,240.0
resnet18,nct-crc-nonorm,frozen,0,general,mlp_2h,d4,confidence,0.723316202577497,0.7573816155988858,0.7030019698878828,442.0,240.0
resnet18,nct-crc-nonorm,frozen,1,general,mlp_2h,none,mean,0.6718548245271235,0.6926183844011142,0.6477636263934361,,
resnet18,nct-crc-nonorm,frozen,1,general,mlp_2h,d4,mean,0.6857925618480111,0.7108635097493036,0.6638433225373357,392.0,261.0
resnet18,nct-crc-nonorm,frozen,1,general,mlp_2h,d4,logit_mean,0.6849622940355033,0.7091922005571031,0.662707621999823,392.0,261.0
resnet18,nct-crc-nonorm,frozen,1,general,mlp_2h,d4,vote,0.6900945588880885,0.7162952646239554,0.6681742367494423,392.0,261.0
resnet18,nct-crc-nonorm,frozen,1,general,mlp_2h,d4,confidence,0.683054951346202,0.7086350974930362,0.6622037442289934,392.0,261.0
resnet18,nct-crc-nonorm,frozen,2,general,mlp_2h,none,mean,0.6741980261241901,0.6959610027855153,0.6474254748271092,,
resnet18,nct-crc-nonorm,frozen,2,general,mlp_2h,d4,mean,0.704887070219713,0.7236768802228413,0.6751564776124561,436.0,237.0
resnet18,nct-crc-nonorm,frozen,2,general,mlp_2h,d4,logit_mean,0.7076060153493562,0.7256267409470752,0.6779783200256846,436.0,237.0
resnet18,nct-crc-nonorm,frozen,2,general,mlp_2h,d4,vote,0.7038641136839766,0.7259052924791086,0.6762133174141188,436.0,237.0
resnet18,nct-crc-nonorm,frozen,2,general,mlp_2h,d4,confidence,0.7012783222649079,0.7213091922005571,0.672599206360972,436.0,237.0
resnet18,nct-crc-nonorm,frozen,3,general,mlp_2h,none,mean,0.7204498501003811,0.7573816155988858,0.7080226587538352,,
resnet18,nct-crc-nonorm,frozen,3,general,mlp_2h,d4,mean,0.7366759584475718,0.7779944289693593,0.7262068753822255,388.0,240.0
resnet18,nct-crc-nonorm,frozen,3,general,mlp_2h,d4,logit_mean,0.7380049740627931,0.7785515320334262,0.7270695326734695,388.0,240.0
resnet18,nct-crc-nonorm,frozen,3,general,mlp_2h,d4,vote,0.7390988028156216,0.7813370473537604,0.7294633427148826,388.0,240.0
resnet18,nct-crc-nonorm,frozen,3,general,mlp_2h,d4,confidence,0.7314403507804703,0.7753481894150418,0.7225040922465181,388.0,240.0
resnet18,nct-crc-nonorm,frozen,42,general,mlp_2h,none,mean,0.7203119002989488,0.7508356545961002,0.7050608741632025,,
resnet18,nct-crc-nonorm,frozen,42,general,mlp_2h,d4,mean,0.7459611172454431,0.7767409470752089,0.7295046347269785,429.0,243.0
resnet18,nct-crc-nonorm,frozen,42,general,mlp_2h,d4,logit_mean,0.7466481663575446,0.7779944289693593,0.730100011851445,429.0,243.0
resnet18,nct-crc-nonorm,frozen,42,general,mlp_2h,d4,vote,0.7499444369432463,0.7816155988857939,0.7343227757143015,429.0,243.0
resnet18,nct-crc-nonorm,frozen,42,general,mlp_2h,d4,confidence,0.7429490869283755,0.776183844011142,0.728661511778132,429.0,243.0
resnet50,nct-crc-nonorm,frozen,0,general,knn_10,none,mean,0.7441785264185933,0.7823119777158775,0.7375070183832219,,
resnet50,nct-crc-nonorm,frozen,0,general,knn_10,d4,mean,0.7536925474116782,0.7883008356545961,0.745911194872853,317.0,274.0
resnet50,nct-crc-nonorm,frozen,0,general,knn_5,none,mean,0.7471416714740362,0.7842618384401114,0.7395206328096983,,
resnet50,nct-crc-nonorm,frozen,0,general,knn_5,d4,mean,0.7553871377766188,0.7870473537604457,0.7457665708864161,353.0,333.0
resnet50,nct-crc-nonorm,frozen,0,general,linear,none,mean,0.7980600071004856,0.833983286908078,0.7872620616382107,,
resnet50,nct-crc-nonorm,frozen,0,general,linear,d4,mean,0.8066326659199324,0.8417827298050139,0.7937429564670082,270.0,214.0
resnet50,nct-crc-nonorm,frozen,0,general,linear,d4,logit_mean,0.8072768430389763,0.8419220055710307,0.7943547437254576,270.0,214.0
resnet50,nct-crc-nonorm,frozen,0,general,linear,d4,vote,0.8085398767872165,0.8427576601671309,0.7940713621780997,270.0,214.0
resnet50,nct-crc-nonorm,frozen,0,general,linear,d4,confidence,0.8026864844499477,0.8373259052924791,0.7897993280836128,270.0,214.0
resnet50,nct-crc-nonorm,frozen,1,general,linear,none,mean,0.807729488705331,0.8402506963788301,0.7964250879635839,,
resnet50,nct-crc-nonorm,frozen,1,general,linear,d4,mean,0.8140700141631407,0.8465181058495822,0.8009128631976294,261.0,216.0
resnet50,nct-crc-nonorm,frozen,1,general,linear,d4,logit_mean,0.8139416527715049,0.8459610027855153,0.800547165298445,261.0,216.0
resnet50,nct-crc-nonorm,frozen,1,general,linear,d4,vote,0.8177737989039523,0.8486072423398329,0.802708151936883,261.0,216.0
resnet50,nct-crc-nonorm,frozen,1,general,linear,d4,confidence,0.8109231494292233,0.843175487465181,0.7977090832786988,261.0,216.0
resnet50,nct-crc-nonorm,frozen,2,general,linear,none,mean,0.8078780845627721,0.8444289693593314,0.7983513236956422,,
resnet50,nct-crc-nonorm,frozen,2,general,linear,d4,mean,0.8171186299124276,0.8527855153203343,0.8055145976333924,258.0,198.0
resnet50,nct-crc-nonorm,frozen,2,general,linear,d4,logit_mean,0.8170886256723491,0.8523676880222841,0.8054369288273436,258.0,198.0
resnet50,nct-crc-nonorm,frozen,2,general,linear,d4,vote,0.8181740428140686,0.8526462395543175,0.8045796800775563,258.0,198.0
resnet50,nct-crc-nonorm,frozen,2,general,linear,d4,confidence,0.8119518293407737,0.8479108635097493,0.8003091633365537,258.0,198.0
resnet50,nct-crc-nonorm,frozen,3,general,linear,none,mean,0.8026089519409582,0.8366295264623955,0.7919122900489274,,
resnet50,nct-crc-nonorm,frozen,3,general,linear,d4,mean,0.8109099299769879,0.8427576601671309,0.7968430535630817,254.0,210.0
resnet50,nct-crc-nonorm,frozen,3,general,linear,d4,logit_mean,0.8109587388566508,0.8433147632311978,0.7973688677942486,254.0,210.0
resnet50,nct-crc-nonorm,frozen,3,general,linear,d4,vote,0.8090982850207245,0.8423398328690808,0.793900456780805,254.0,210.0
resnet50,nct-crc-nonorm,frozen,3,general,linear,d4,confidence,0.8058118687597486,0.8378830083565459,0.7917202072745948,254.0,210.0
resnet50,nct-crc-nonorm,frozen,42,general,linear,none,mean,0.8020155727438099,0.835933147632312,0.7917115541608309,,
resnet50,nct-crc-nonorm,frozen,42,general,linear,d4,mean,0.8106754192819217,0.8426183844011143,0.7976334132829657,268.0,220.0
resnet50,nct-crc-nonorm,frozen,42,general,linear,d4,logit_mean,0.8103937758304216,0.8424791086350975,0.7974236344573103,268.0,220.0
resnet50,nct-crc-nonorm,frozen,42,general,linear,d4,vote,0.8129804615511264,0.8445682451253482,0.7984531878075811,268.0,220.0
resnet50,nct-crc-nonorm,frozen,42,general,linear,d4,confidence,0.8068352144235474,0.8402506963788301,0.7943439829958634,268.0,220.0
resnet50,nct-crc-nonorm,frozen,0,general,mlp_1h,none,mean,0.7747115797031944,0.8123955431754875,0.7622458296895476,,
resnet50,nct-crc-nonorm,frozen,0,general,mlp_1h,d4,mean,0.7965203881273062,0.8259052924791086,0.779835921876025,302.0,205.0
resnet50,nct-crc-nonorm,frozen,0,general,mlp_1h,d4,logit_mean,0.798470187408403,0.8272980501392758,0.7816348611604826,302.0,205.0
resnet50,nct-crc-nonorm,frozen,0,general,mlp_1h,d4,vote,0.792375887814685,0.8235376044568246,0.7755007874452824,302.0,205.0
resnet50,nct-crc-nonorm,frozen,0,general,mlp_1h,d4,confidence,0.7952786998887726,0.8259052924791086,0.778977832456181,302.0,205.0
resnet50,nct-crc-nonorm,frozen,1,general,mlp_1h,none,mean,0.7868155602822804,0.8227019498607242,0.7761886665471791,,
resnet50,nct-crc-nonorm,frozen,1,general,mlp_1h,d4,mean,0.8061101505553093,0.834958217270195,0.7913094259563389,294.0,206.0
resnet50,nct-crc-nonorm,frozen,1,general,mlp_1h,d4,logit_mean,0.8079957892759926,0.8364902506963788,0.793137667097528,294.0,206.0
resnet50,nct-crc-nonorm,frozen,1,general,mlp_1h,d4,vote,0.805443414255718,0.8348189415041782,0.7895861046075998,294.0,206.0
resnet50,nct-crc-nonorm,frozen,1,general,mlp_1h,d4,confidence,0.8064258570939041,0.8353760445682451,0.7915974076640575,294.0,206.0
resnet50,nct-crc-nonorm,frozen,2,general,mlp_1h,none,mean,0.7927182895950418,0.8311977715877438,0.7840863749578744,,
resnet50,nct-crc-nonorm,frozen,2,general,mlp_1h,d4,mean,0.8137541933026967,0.8467966573816156,0.8017839919367561,304.0,192.0
resnet50,nct-crc-nonorm,frozen,2,general,mlp_1h,d4,logit_mean,0.8162968534813673,0.8487465181058496,0.8042366719136617,304.0,192.0
resnet50,nct-crc-nonorm,frozen,2,general,mlp_1h,d4,vote,0.8106682849178131,0.8462395543175487,0.7991857411589738,304.0,192.0
resnet50,nct-crc-nonorm,frozen,2,general,mlp_1h,d4,confidence,0.8124060617903666,0.8459610027855153,0.8008065718632902,304.0,192.0
resnet50,nct-crc-nonorm,frozen,3,general,mlp_1h,none,mean,0.7896383366725608,0.8345403899721449,0.7829323955918814,,
resnet50,nct-crc-nonorm,frozen,3,general,mlp_1h,d4,mean,0.8097498111701626,0.8502785515320335,0.8005540357395748,298.0,185.0
resnet50,nct-crc-nonorm,frozen,3,general,mlp_1h,d4,logit_mean,0.8101926401930313,0.8508356545961003,0.8012248726146037,298.0,185.0
resnet50,nct-crc-nonorm,frozen,3,general,mlp_1h,d4,vote,0.8078800711333755,0.849025069637883,0.798055578090826,298.0,185.0
resnet50,nct-crc-nonorm,frozen,3,general,mlp_1h,d4,confidence,0.8059028196009324,0.8466573816155989,0.7967824439961627,298.0,185.0
resnet50,nct-crc-nonorm,frozen,42,general,mlp_1h,none,mean,0.792411776614785,0.8238161559888579,0.779147612946161,,
resnet50,nct-crc-nonorm,frozen,42,general,mlp_1h,d4,mean,0.8111733988640907,0.8374651810584958,0.7945600687741557,300.0,202.0
resnet50,nct-crc-nonorm,frozen,42,general,mlp_1h,d4,logit_mean,0.8114843080041928,0.8374651810584958,0.7946623364793332,300.0,202.0
resnet50,nct-crc-nonorm,frozen,42,general,mlp_1h,d4,vote,0.8085882178185065,0.8363509749303621,0.7909862424614835,300.0,202.0
resnet50,nct-crc-nonorm,frozen,42,general,mlp_1h,d4,confidence,0.8088454519705871,0.8360724233983287,0.7927953395751222,300.0,202.0
resnet50,nct-crc-nonorm,frozen,0,general,mlp_2h,none,mean,0.7474173196784778,0.7934540389972145,0.7411017693561432,,
resnet50,nct-crc-nonorm,frozen,0,general,mlp_2h,d4,mean,0.7632025421250161,0.807799442896936,0.756548214925783,328.0,225.0
resnet50,nct-crc-nonorm,frozen,0,general,mlp_2h,d4,logit_mean,0.7626399217953752,0.8071030640668524,0.7561937231518235,328.0,225.0
resnet50,nct-crc-nonorm,frozen,0,general,mlp_2h,d4,vote,0.7654432535770702,0.8107242339832869,0.7581142969265919,328.0,225.0
resnet50,nct-crc-nonorm,frozen,0,general,mlp_2h,d4,confidence,0.7662114940207609,0.8096100278551532,0.7589449026048095,328.0,225.0
resnet50,nct-crc-nonorm,frozen,1,general,mlp_2h,none,mean,0.8032458563253321,0.8363509749303621,0.7893768480273625,,
resnet50,nct-crc-nonorm,frozen,1,general,mlp_2h,d4,mean,0.821279235603526,0.8498607242339833,0.8053278985021853,288.0,191.0
resnet50,nct-crc-nonorm,frozen,1,general,mlp_2h,d4,logit_mean,0.821240567694204,0.8497214484679666,0.8052761654883962,288.0,191.0
resnet50,nct-crc-nonorm,frozen,1,general,mlp_2h,d4,vote,0.8152362961930107,0.8456824512534818,0.7982242274543587,288.0,191.0
resnet50,nct-crc-nonorm,frozen,1,general,mlp_2h,d4,confidence,0.8152170091317436,0.8451253481894151,0.7994121149623795,288.0,191.0
resnet50,nct-crc-nonorm,frozen,2,general,mlp_2h,none,mean,0.7794158922582488,0.8240947075208913,0.7689735130788898,,
resnet50,nct-crc-nonorm,frozen,2,general,mlp_2h,d4,mean,0.7995223518052694,0.841225626740947,0.7872576684971043,303.0,180.0
resnet50,nct-crc-nonorm,frozen,2,general,mlp_2h,d4,logit_mean,0.8005091389025891,0.8417827298050139,0.7882430526523767,303.0,180.0
resnet50,nct-crc-nonorm,frozen,2,general,mlp_2h,d4,vote,0.7992135653334069,0.8415041782729805,0.7857727627184269,303.0,180.0
resnet50,nct-crc-nonorm,frozen,2,general,mlp_2h,d4,confidence,0.7976640386234668,0.838857938718663,0.7850846122431081,303.0,180.0
resnet50,nct-crc-nonorm,frozen,3,general,mlp_2h,none,mean,0.7540574983175579,0.7956824512534819,0.7422318149678495,,
resnet50,nct-crc-nonorm,frozen,3,general,mlp_2h,d4,mean,0.7754651887876225,0.8136490250696379,0.7610315907861926,326.0,197.0
resnet50,nct-crc-nonorm,frozen,3,general,mlp_2h,d4,logit_mean,0.7777636263631383,0.815041782729805,0.7629459564533063,326.0,197.0
resnet50,nct-crc-nonorm,frozen,3,general,mlp_2h,d4,vote,0.7689487990091586,0.8087743732590529,0.7536874747690425,326.0,197.0
resnet50,nct-crc-nonorm,frozen,3,general,mlp_2h,d4,confidence,0.7687203565275201,0.807799442896936,0.7546831193353314,326.0,197.0
resnet50,nct-crc-nonorm,frozen,42,general,mlp_2h,none,mean,0.7625025965257214,0.7818941504178273,0.7442934003674273,,
resnet50,nct-crc-nonorm,frozen,42,general,mlp_2h,d4,mean,0.7894736206753366,0.8,0.7657391068856219,351.0,221.0
resnet50,nct-crc-nonorm,frozen,42,general,mlp_2h,d4,logit_mean,0.7902466993700125,0.8001392757660167,0.7661282845186654,351.0,221.0
resnet50,nct-crc-nonorm,frozen,42,general,mlp_2h,d4,vote,0.7816354202146653,0.7962395543175488,0.7590298597841114,351.0,221.0
resnet50,nct-crc-nonorm,frozen,42,general,mlp_2h,d4,confidence,0.7821550912784108,0.7942896935933148,0.759478994378573,351.0,221.0
uni2,nct-crc-nonorm,frozen,0,histology,knn_10,none,mean,0.9027724351628055,0.9083565459610028,0.8765765132164233,,
uni2,nct-crc-nonorm,frozen,0,histology,knn_10,d4,mean,0.9029764420900326,0.9077994428969359,0.8760917583316341,47.0,51.0
uni2,nct-crc-nonorm,frozen,0,histology,knn_5,none,mean,0.8951945387193637,0.9023676880222842,0.8691660122289955,,
uni2,nct-crc-nonorm,frozen,0,histology,knn_5,d4,mean,0.8971163477410931,0.9027855153203342,0.8698927080750046,65.0,62.0
uni2,nct-crc-nonorm,frozen,0,histology,linear,none,mean,0.918438782819401,0.9292479108635098,0.9013753956436515,,
uni2,nct-crc-nonorm,frozen,0,histology,linear,d4,mean,0.9183395594810772,0.9289693593314763,0.9004583475257593,67.0,69.0
uni2,nct-crc-nonorm,frozen,0,histology,linear,d4,logit_mean,0.9184707414304408,0.9291086350974931,0.9006319861174769,67.0,69.0
uni2,nct-crc-nonorm,frozen,0,histology,linear,d4,vote,0.9217673713404029,0.9328690807799442,0.9048663387497702,67.0,69.0
uni2,nct-crc-nonorm,frozen,0,histology,linear,d4,confidence,0.9155773793880715,0.9263231197771588,0.8971011917849298,67.0,69.0
uni2,nct-crc-nonorm,frozen,1,histology,linear,none,mean,0.9301000810202482,0.9413649025069638,0.9177193983469153,,
uni2,nct-crc-nonorm,frozen,1,histology,linear,d4,mean,0.9302353997007557,0.9408077994428969,0.9168062736011948,54.0,58.0
uni2,nct-crc-nonorm,frozen,1,histology,linear,d4,logit_mean,0.9298387378918718,0.9406685236768803,0.9165642091571219,54.0,58.0
uni2,nct-crc-nonorm,frozen,1,histology,linear,d4,vote,0.9343723086821503,0.9452646239554318,0.9221177437739446,54.0,58.0
uni2,nct-crc-nonorm,frozen,1,histology,linear,d4,confidence,0.9280500401468785,0.938857938718663,0.9141699485226451,54.0,58.0
uni2,nct-crc-nonorm,frozen,2,histology,linear,none,mean,0.9384915342942026,0.9491643454038997,0.9280450476720987,,
uni2,nct-crc-nonorm,frozen,2,histology,linear,d4,mean,0.9365566410868981,0.9477715877437326,0.9256204577195442,41.0,51.0
uni2,nct-crc-nonorm,frozen,2,histology,linear,d4,logit_mean,0.9369958170844934,0.948050139275766,0.9260360802495357,41.0,51.0
uni2,nct-crc-nonorm,frozen,2,histology,linear,d4,vote,0.9380872087205572,0.9497214484679666,0.9280353728595223,41.0,51.0
uni2,nct-crc-nonorm,frozen,2,histology,linear,d4,confidence,0.9365113982915761,0.9467966573816156,0.9245743343256506,41.0,51.0
uni2,nct-crc-nonorm,frozen,3,histology,linear,none,mean,0.9301353939344291,0.9447075208913649,0.9210196816173956,,
uni2,nct-crc-nonorm,frozen,3,histology,linear,d4,mean,0.931756446739212,0.9456824512534819,0.9218933398159189,49.0,42.0
uni2,nct-crc-nonorm,frozen,3,histology,linear,d4,logit_mean,0.9318024890154495,0.9458217270194986,0.9221085420061824,49.0,42.0
uni2,nct-crc-nonorm,frozen,3,histology,linear,d4,vote,0.9334590018153985,0.9477715877437326,0.9245993810823969,49.0,42.0
uni2,nct-crc-nonorm,frozen,3,histology,linear,d4,confidence,0.9292014308545844,0.9438718662952646,0.919130897970695,49.0,42.0
uni2,nct-crc-nonorm,frozen,42,histology,linear,none,mean,0.9312760190569187,0.9427576601671309,0.9225456920768322,,
uni2,nct-crc-nonorm,frozen,42,histology,linear,d4,mean,0.9318835543047295,0.9442896935933147,0.9233196138734743,59.0,48.0
uni2,nct-crc-nonorm,frozen,42,histology,linear,d4,logit_mean,0.9318375120284917,0.944150417827298,0.9231877118059238,59.0,48.0
uni2,nct-crc-nonorm,frozen,42,histology,linear,d4,vote,0.9333052247474881,0.9459610027855153,0.9252181178123998,59.0,48.0
uni2,nct-crc-nonorm,frozen,42,histology,linear,d4,confidence,0.9320823609703233,0.943732590529248,0.9228324069900898,59.0,48.0
uni2,nct-crc-nonorm,frozen,0,histology,mlp_1h,none,mean,0.9304914695002228,0.9438718662952646,0.924627857441596,,
uni2,nct-crc-nonorm,frozen,0,histology,mlp_1h,d4,mean,0.9327802606380177,0.9474930362116991,0.9278959944277313,77.0,51.0
uni2,nct-crc-nonorm,frozen,0,histology,mlp_1h,d4,logit_mean,0.933413859551756,0.948050139275766,0.9284096624741205,77.0,51.0
uni2,nct-crc-nonorm,frozen,0,histology,mlp_1h,d4,vote,0.9334366783368034,0.9488857938718663,0.9293235157339699,77.0,51.0
uni2,nct-crc-nonorm,frozen,0,histology,mlp_1h,d4,confidence,0.9324471295152379,0.9473537604456824,0.9272592450458537,77.0,51.0
uni2,nct-crc-nonorm,frozen,1,histology,mlp_1h,none,mean,0.936078481494698,0.9486072423398328,0.9292045130954093,,
uni2,nct-crc-nonorm,frozen,1,histology,mlp_1h,d4,mean,0.9378151749930146,0.9523676880222841,0.9321098122924482,75.0,48.0
uni2,nct-crc-nonorm,frozen,1,histology,mlp_1h,d4,logit_mean,0.9379306756375781,0.9523676880222841,0.9322575987931465,75.0,48.0
uni2,nct-crc-nonorm,frozen,1,histology,mlp_1h,d4,vote,0.93877669258501,0.9543175487465181,0.9340595145852999,75.0,48.0
uni2,nct-crc-nonorm,frozen,1,histology,mlp_1h,d4,confidence,0.9383571466877199,0.9526462395543176,0.932221780989294,75.0,48.0
uni2,nct-crc-nonorm,frozen,2,histology,mlp_1h,none,mean,0.9176907864914146,0.9318941504178273,0.9117452111329221,,
uni2,nct-crc-nonorm,frozen,2,histology,mlp_1h,d4,mean,0.9186878472754949,0.9345403899721448,0.9137791265138606,84.0,65.0
uni2,nct-crc-nonorm,frozen,2,histology,mlp_1h,d4,logit_mean,0.918493383764697,0.9342618384401115,0.9134722626317138,84.0,65.0
uni2,nct-crc-nonorm,frozen,2,histology,mlp_1h,d4,vote,0.9221327241986192,0.9384401114206128,0.9175611184448833,84.0,65.0
uni2,nct-crc-nonorm,frozen,2,histology,mlp_1h,d4,confidence,0.9195906061776673,0.9346796657381615,0.9137224861580638,84.0,65.0
uni2,nct-crc-nonorm,frozen,3,histology,mlp_1h,none,mean,0.929587708465544,0.9449860724233984,0.9237812075528313,,
uni2,nct-crc-nonorm,frozen,3,histology,mlp_1h,d4,mean,0.9300239130432367,0.9463788300835655,0.9248296411597767,63.0,53.0
uni2,nct-crc-nonorm,frozen,3,histology,mlp_1h,d4,logit_mean,0.9306031958846592,0.9472144846796657,0.9255711895889345,63.0,53.0
uni2,nct-crc-nonorm,frozen,3,histology,mlp_1h,d4,vote,0.9312742851681374,0.9481894150417828,0.9265494918675494,63.0,53.0
uni2,nct-crc-nonorm,frozen,3,histology,mlp_1h,d4,confidence,0.9309654559603264,0.9466573816155989,0.925018399620146,63.0,53.0
uni2,nct-crc-nonorm,frozen,42,histology,mlp_1h,none,mean,0.9413811672403116,0.9522284122562674,0.9354410473382209,,
uni2,nct-crc-nonorm,frozen,42,histology,mlp_1h,d4,mean,0.9428421878119249,0.9545961002785516,0.9377222223793069,61.0,44.0
uni2,nct-crc-nonorm,frozen,42,histology,mlp_1h,d4,logit_mean,0.9425590627594461,0.9543175487465181,0.9373494144531427,61.0,44.0
uni2,nct-crc-nonorm,frozen,42,histology,mlp_1h,d4,vote,0.9442465460951058,0.9562674094707521,0.9391538233753979,61.0,44.0
uni2,nct-crc-nonorm,frozen,42,histology,mlp_1h,d4,confidence,0.9426716951939534,0.953899721448468,0.9369059869210216,61.0,44.0
uni2,nct-crc-nonorm,frozen,0,histology,mlp_2h,none,mean,0.9204941319111464,0.9427576601671309,0.9194502905348474,,
uni2,nct-crc-nonorm,frozen,0,histology,mlp_2h,d4,mean,0.9227095145170718,0.944150417827298,0.921932499224181,68.0,58.0
uni2,nct-crc-nonorm,frozen,0,histology,mlp_2h,d4,logit_mean,0.9230437835000649,0.9444289693593315,0.9224383050609981,68.0,58.0
uni2,nct-crc-nonorm,frozen,0,histology,mlp_2h,d4,vote,0.9211697311302528,0.9444289693593315,0.9215265871728975,68.0,58.0
uni2,nct-crc-nonorm,frozen,0,histology,mlp_2h,d4,confidence,0.9232288431832253,0.944150417827298,0.9222065017564596,68.0,58.0
uni2,nct-crc-nonorm,frozen,1,histology,mlp_2h,none,mean,0.92152548175573,0.9413649025069638,0.9186640587895071,,
uni2,nct-crc-nonorm,frozen,1,histology,mlp_2h,d4,mean,0.920321067421582,0.9412256267409471,0.9168941073175532,47.0,48.0
uni2,nct-crc-nonorm,frozen,1,histology,mlp_2h,d4,logit_mean,0.9201974962424148,0.9410863509749303,0.9167681908475832,47.0,48.0
uni2,nct-crc-nonorm,frozen,1,histology,mlp_2h,d4,vote,0.9218970977280334,0.9433147632311978,0.9192046389525085,47.0,48.0
uni2,nct-crc-nonorm,frozen,1,histology,mlp_2h,d4,confidence,0.9195800398069625,0.9405292479108636,0.9157746185241391,47.0,48.0
uni2,nct-crc-nonorm,frozen,2,histology,mlp_2h,none,mean,0.8919086060371101,0.903899721448468,0.8731573394478729,,
uni2,nct-crc-nonorm,frozen,2,histology,mlp_2h,d4,mean,0.8983230405812912,0.9097493036211699,0.879464564240223,114.0,72.0
uni2,nct-crc-nonorm,frozen,2,histology,mlp_2h,d4,logit_mean,0.8983468688001126,0.9097493036211699,0.8795123546838339,114.0,72.0
uni2,nct-crc-nonorm,frozen,2,histology,mlp_2h,d4,vote,0.9006069179808409,0.9132311977715878,0.8830464231418913,114.0,72.0
uni2,nct-crc-nonorm,frozen,2,histology,mlp_2h,d4,confidence,0.8968258110542965,0.9079387186629526,0.8774018631051355,114.0,72.0
uni2,nct-crc-nonorm,frozen,3,histology,mlp_2h,none,mean,0.9377917542006199,0.9523676880222841,0.9327266189319171,,
uni2,nct-crc-nonorm,frozen,3,histology,mlp_2h,d4,mean,0.9381004791818908,0.9526462395543176,0.9329899100691477,51.0,49.0
uni2,nct-crc-nonorm,frozen,3,histology,mlp_2h,d4,logit_mean,0.9378365573027669,0.9525069637883008,0.9327035559970156,51.0,49.0
uni2,nct-crc-nonorm,frozen,3,histology,mlp_2h,d4,vote,0.9383676050183865,0.9537604456824512,0.9335698914858539,51.0,49.0
uni2,nct-crc-nonorm,frozen,3,histology,mlp_2h,d4,confidence,0.938612165026528,0.9527855153203343,0.9331683843818291,51.0,49.0
uni2,nct-crc-nonorm,frozen,42,histology,mlp_2h,none,mean,0.9252242943004839,0.9355153203342619,0.9172569586844903,,
uni2,nct-crc-nonorm,frozen,42,histology,mlp_2h,d4,mean,0.9292441525730398,0.9412256267409471,0.9225781352500506,89.0,48.0
uni2,nct-crc-nonorm,frozen,42,histology,mlp_2h,d4,logit_mean,0.9289328856298926,0.9410863509749303,0.9223984613292104,89.0,48.0
uni2,nct-crc-nonorm,frozen,42,histology,mlp_2h,d4,vote,0.9293527825801716,0.9423398328690807,0.9233385624978434,89.0,48.0
uni2,nct-crc-nonorm,frozen,42,histology,mlp_2h,d4,confidence,0.928625728303226,0.9402506963788301,0.9215053848646844,89.0,48.0
uni,nct-crc-nonorm,frozen,0,histology,knn_10,none,mean,0.933986918905555,0.9519498607242339,0.9306319808782225,,
uni,nct-crc-nonorm,frozen,0,histology,knn_10,d4,mean,0.9410470891426418,0.9583565459610028,0.9389063636546702,60.0,14.0
uni,nct-crc-nonorm,frozen,0,histology,knn_5,none,mean,0.9243799484226471,0.9452646239554318,0.9204808333850115,,
uni,nct-crc-nonorm,frozen,0,histology,knn_5,d4,mean,0.9302911326885257,0.9501392757660168,0.9268353181451167,67.0,32.0
uni,nct-crc-nonorm,frozen,0,histology,linear,none,mean,0.8347697027971823,0.8245125348189415,0.8014936901312694,,
uni,nct-crc-nonorm,frozen,0,histology,linear,d4,mean,0.8297126461931825,0.8196378830083565,0.7977862049946447,95.0,130.0
uni,nct-crc-nonorm,frozen,0,histology,linear,d4,logit_mean,0.8294968635794829,0.8194986072423398,0.7976521105908598,95.0,130.0
uni,nct-crc-nonorm,frozen,0,histology,linear,d4,vote,0.831140387379733,0.821866295264624,0.8000851232531504,95.0,130.0
uni,nct-crc-nonorm,frozen,0,histology,linear,d4,confidence,0.8305642760008917,0.81991643454039,0.798326055568223,95.0,130.0
uni,nct-crc-nonorm,frozen,1,histology,linear,none,mean,0.8461371468665421,0.8350974930362117,0.8148307943226241,,
uni,nct-crc-nonorm,frozen,1,histology,linear,d4,mean,0.8406092230075729,0.8307799442896936,0.8112708016259221,87.0,118.0
uni,nct-crc-nonorm,frozen,1,histology,linear,d4,logit_mean,0.8405024810146381,0.8309192200557103,0.8114733551958202,87.0,118.0
uni,nct-crc-nonorm,frozen,1,histology,linear,d4,vote,0.8443360698392866,0.8345403899721449,0.8152476048037441,87.0,118.0
uni,nct-crc-nonorm,frozen,1,histology,linear,d4,confidence,0.8397092333961376,0.8298050139275766,0.8103947839712541,87.0,118.0
uni,nct-crc-nonorm,frozen,2,histology,linear,none,mean,0.8771372852278706,0.8724233983286908,0.8529753091008414,,
uni,nct-crc-nonorm,frozen,2,histology,linear,d4,mean,0.8731406992731644,0.8682451253481894,0.850752021229473,88.0,118.0
uni,nct-crc-nonorm,frozen,2,histology,linear,d4,logit_mean,0.8735923088399759,0.8685236768802228,0.8511931486231067,88.0,118.0
uni,nct-crc-nonorm,frozen,2,histology,linear,d4,vote,0.8780663044503094,0.8739554317548747,0.856784354518043,88.0,118.0
uni,nct-crc-nonorm,frozen,2,histology,linear,d4,confidence,0.8710596538684545,0.8664345403899721,0.8484369374842352,88.0,118.0
uni,nct-crc-nonorm,frozen,3,histology,linear,none,mean,0.8722350117118948,0.8725626740947076,0.8474237085900637,,
uni,nct-crc-nonorm,frozen,3,histology,linear,d4,mean,0.8726163712753298,0.8733983286908078,0.8490911354111091,97.0,91.0
uni,nct-crc-nonorm,frozen,3,histology,linear,d4,logit_mean,0.8725265200988868,0.8731197771587744,0.8489370890990405,97.0,91.0
uni,nct-crc-nonorm,frozen,3,histology,linear,d4,vote,0.8741927235503604,0.8756267409470752,0.8513460821509085,97.0,91.0
uni,nct-crc-nonorm,frozen,3,histology,linear,d4,confidence,0.8701724010895724,0.8700557103064067,0.8460660736046752,97.0,91.0
uni,nct-crc-nonorm,frozen,42,histology,linear,none,mean,0.8616539923121062,0.8555710306406685,0.8307364589691163,,
uni,nct-crc-nonorm,frozen,42,histology,linear,d4,mean,0.8568928052432061,0.8502785515320335,0.826122087836677,85.0,123.0
uni,nct-crc-nonorm,frozen,42,histology,linear,d4,logit_mean,0.8569367430532379,0.8506963788300835,0.8264270325711961,85.0,123.0
uni,nct-crc-nonorm,frozen,42,histology,linear,d4,vote,0.8597159140840019,0.8545961002785515,0.8299053298426542,85.0,123.0
uni,nct-crc-nonorm,frozen,42,histology,linear,d4,confidence,0.8566774160662836,0.8501392757660167,0.8260055615575813,85.0,123.0
uni,nct-crc-nonorm,frozen,0,histology,mlp_1h,none,mean,0.8720476463204987,0.8636490250696379,0.8436593608346367,,
uni,nct-crc-nonorm,frozen,0,histology,mlp_1h,d4,mean,0.867650851820224,0.8586350974930362,0.8399783323954934,71.0,107.0
uni,nct-crc-nonorm,frozen,0,histology,mlp_1h,d4,logit_mean,0.8676665520653843,0.8586350974930362,0.8399063748007297,71.0,107.0
uni,nct-crc-nonorm,frozen,0,histology,mlp_1h,d4,vote,0.8704402350055545,0.8628133704735376,0.8435273913980805,71.0,107.0
uni,nct-crc-nonorm,frozen,0,histology,mlp_1h,d4,confidence,0.8679247777185054,0.8590529247910863,0.8402651338491025,71.0,107.0
uni,nct-crc-nonorm,frozen,1,histology,mlp_1h,none,mean,0.8685107250278101,0.8639275766016713,0.8423346592516705,,
uni,nct-crc-nonorm,frozen,1,histology,mlp_1h,d4,mean,0.8693402660892544,0.864066852367688,0.8444348758300486,96.0,95.0
uni,nct-crc-nonorm,frozen,1,histology,mlp_1h,d4,logit_mean,0.8691542852397937,0.8642061281337048,0.8444318343047699,96.0,95.0
uni,nct-crc-nonorm,frozen,1,histology,mlp_1h,d4,vote,0.873650299684329,0.8694986072423398,0.8500085208595052,96.0,95.0
uni,nct-crc-nonorm,frozen,1,histology,mlp_1h,d4,confidence,0.8676972051900568,0.8623955431754875,0.8426682057312072,96.0,95.0
uni,nct-crc-nonorm,frozen,2,histology,mlp_1h,none,mean,0.8467279537861213,0.8381615598885794,0.819162986297798,,
uni,nct-crc-nonorm,frozen,2,histology,mlp_1h,d4,mean,0.8454888385068,0.8381615598885794,0.8204824904009819,125.0,125.0
uni,nct-crc-nonorm,frozen,2,histology,mlp_1h,d4,logit_mean,0.8455948744624749,0.8384401114206128,0.8206530642805229,125.0,125.0
uni,nct-crc-nonorm,frozen,2,histology,mlp_1h,d4,vote,0.8503348142542267,0.8437325905292479,0.8259080591816926,125.0,125.0
uni,nct-crc-nonorm,frozen,2,histology,mlp_1h,d4,confidence,0.8463856477842558,0.838857938718663,0.8211399856355488,125.0,125.0
uni,nct-crc-nonorm,frozen,3,histology,mlp_1h,none,mean,0.8831884005758674,0.8841225626740947,0.8583472059359019,,
uni,nct-crc-nonorm,frozen,3,histology,mlp_1h,d4,mean,0.8839494096644552,0.8864902506963789,0.8606698535226343,83.0,66.0
uni,nct-crc-nonorm,frozen,3,histology,mlp_1h,d4,logit_mean,0.8844509784879417,0.8866295264623956,0.8609605625075776,83.0,66.0
uni,nct-crc-nonorm,frozen,3,histology,mlp_1h,d4,vote,0.8849369300363076,0.8889972144846797,0.8626550971441396,83.0,66.0
uni,nct-crc-nonorm,frozen,3,histology,mlp_1h,d4,confidence,0.8850393910406581,0.8873259052924791,0.8613749225184159,83.0,66.0
uni,nct-crc-nonorm,frozen,42,histology,mlp_1h,none,mean,0.8844139260499395,0.8782729805013928,0.8586589089765294,,
uni,nct-crc-nonorm,frozen,42,histology,mlp_1h,d4,mean,0.8797535876812976,0.8732590529247911,0.8544515983013431,85.0,121.0
uni,nct-crc-nonorm,frozen,42,histology,mlp_1h,d4,logit_mean,0.879849063934453,0.8733983286908078,0.8546059290522768,85.0,121.0
uni,nct-crc-nonorm,frozen,42,histology,mlp_1h,d4,vote,0.8827143229917438,0.8778551532033426,0.8587742713917977,85.0,121.0
uni,nct-crc-nonorm,frozen,42,histology,mlp_1h,d4,confidence,0.8783245112098742,0.871866295264624,0.8530174892069969,85.0,121.0
uni,nct-crc-nonorm,frozen,0,histology,mlp_2h,none,mean,0.8362041191654458,0.8278551532033426,0.8046490312090728,,
uni,nct-crc-nonorm,frozen,0,histology,mlp_2h,d4,mean,0.8379451679829396,0.8285515320334261,0.8074190699045367,118.0,113.0
uni,nct-crc-nonorm,frozen,0,histology,mlp_2h,d4,logit_mean,0.8369756391111767,0.8278551532033426,0.8064474420659734,118.0,113.0
uni,nct-crc-nonorm,frozen,0,histology,mlp_2h,d4,vote,0.8412725078239418,0.8324512534818942,0.8111696840075999,118.0,113.0
uni,nct-crc-nonorm,frozen,0,histology,mlp_2h,d4,confidence,0.8361412449249844,0.8257660167130919,0.8049087093884615,118.0,113.0
uni,nct-crc-nonorm,frozen,1,histology,mlp_2h,none,mean,0.8890615726799302,0.8864902506963789,0.8668743440344775,,
uni,nct-crc-nonorm,frozen,1,histology,mlp_2h,d4,mean,0.8880228028255579,0.884958217270195,0.8672112530790148,83.0,94.0
uni,nct-crc-nonorm,frozen,1,histology,mlp_2h,d4,logit_mean,0.8884155463959561,0.8855153203342618,0.8677597138984068,83.0,94.0
uni,nct-crc-nonorm,frozen,1,histology,mlp_2h,d4,vote,0.8940629840836247,0.8909470752089137,0.8735833087412375,83.0,94.0
uni,nct-crc-nonorm,frozen,1,histology,mlp_2h,d4,confidence,0.887337698342969,0.883983286908078,0.8667323385742672,83.0,94.0
uni,nct-crc-nonorm,frozen,2,histology,mlp_2h,none,mean,0.8862975059482067,0.8770194986072424,0.8631844182453059,,
uni,nct-crc-nonorm,frozen,2,histology,mlp_2h,d4,mean,0.88739697061476,0.8770194986072424,0.8646765437606256,95.0,95.0
uni,nct-crc-nonorm,frozen,2,histology,mlp_2h,d4,logit_mean,0.8878315839668693,0.8774373259052924,0.8653327959048158,95.0,95.0
uni,nct-crc-nonorm,frozen,2,histology,mlp_2h,d4,vote,0.891901415434975,0.8813370473537604,0.8698696768257798,95.0,95.0
uni,nct-crc-nonorm,frozen,2,histology,mlp_2h,d4,confidence,0.8842848649098083,0.8746518105849582,0.8617400690211161,95.0,95.0
uni,nct-crc-nonorm,frozen,3,histology,mlp_2h,none,mean,0.8894704243554978,0.8917827298050139,0.8669394299442832,,
uni,nct-crc-nonorm,frozen,3,histology,mlp_2h,d4,mean,0.8950420444747853,0.8973537604456825,0.8742665859189114,111.0,71.0
uni,nct-crc-nonorm,frozen,3,histology,mlp_2h,d4,logit_mean,0.8955964251786482,0.8977715877437326,0.8748470527651935,111.0,71.0
uni,nct-crc-nonorm,frozen,3,histology,mlp_2h,d4,vote,0.8969097253697385,0.9002785515320334,0.8773079225493805,111.0,71.0
uni,nct-crc-nonorm,frozen,3,histology,mlp_2h,d4,confidence,0.8928755191464689,0.8944289693593315,0.8711881093661148,111.0,71.0
uni,nct-crc-nonorm,frozen,42,histology,mlp_2h,none,mean,0.8946338671443672,0.893175487465181,0.8747222916697168,,
uni,nct-crc-nonorm,frozen,42,histology,mlp_2h,d4,mean,0.8946098195915239,0.8916434540389973,0.8746085656884856,79.0,90.0
uni,nct-crc-nonorm,frozen,42,histology,mlp_2h,d4,logit_mean,0.8948589476433424,0.8920612813370473,0.8749846968112884,79.0,90.0
uni,nct-crc-nonorm,frozen,42,histology,mlp_2h,d4,vote,0.8960383500027341,0.8949860724233983,0.8771443630484663,79.0,90.0
uni,nct-crc-nonorm,frozen,42,histology,mlp_2h,d4,confidence,0.8925101109588185,0.8889972144846797,0.8721870802447436,79.0,90.0
virchow2,nct-crc-nonorm,frozen,0,histology,knn_10,none,mean,0.9506741915783343,0.9572423398328691,0.9444639279170721,,
virchow2,nct-crc-nonorm,frozen,0,histology,knn_10,d4,mean,0.9485502322609763,0.955849582172702,0.9422872421100625,2.0,12.0
virchow2,nct-crc-nonorm,frozen,0,histology,knn_5,none,mean,0.9493128470786725,0.9552924791086351,0.9418743265382257,,
virchow2,nct-crc-nonorm,frozen,0,histology,knn_5,d4,mean,0.945979444361034,0.9523676880222841,0.9375742488500199,7.0,28.0
virchow2,nct-crc-nonorm,frozen,0,histology,linear,none,mean,0.9218585979324716,0.9261838440111421,0.9123402676778635,,
virchow2,nct-crc-nonorm,frozen,0,histology,linear,d4,mean,0.9194438697096415,0.9245125348189415,0.9092273329914069,39.0,51.0
virchow2,nct-crc-nonorm,frozen,0,histology,linear,d4,logit_mean,0.9191161083199331,0.9243732590529248,0.9089895875887325,39.0,51.0
virchow2,nct-crc-nonorm,frozen,0,histology,linear,d4,vote,0.9219933150314016,0.9275766016713092,0.9117060082071747,39.0,51.0
virchow2,nct-crc-nonorm,frozen,0,histology,linear,d4,confidence,0.9193156734850076,0.9245125348189415,0.9092299874211341,39.0,51.0
virchow2,nct-crc-nonorm,frozen,1,histology,linear,none,mean,0.9036218672327769,0.9064066852367688,0.8935397056660759,,
virchow2,nct-crc-nonorm,frozen,1,histology,linear,d4,mean,0.9057347416037632,0.9105849582172701,0.8957823138790106,65.0,35.0
virchow2,nct-crc-nonorm,frozen,1,histology,linear,d4,logit_mean,0.9055635483626365,0.9104456824512535,0.8957212302778471,65.0,35.0
virchow2,nct-crc-nonorm,frozen,1,histology,linear,d4,vote,0.9087435667809386,0.9133704735376045,0.8986278856215463,65.0,35.0
virchow2,nct-crc-nonorm,frozen,1,histology,linear,d4,confidence,0.9050726188757194,0.9103064066852368,0.8951620933966049,65.0,35.0
virchow2,nct-crc-nonorm,frozen,2,histology,linear,none,mean,0.915492396761446,0.9190807799442897,0.9049872033327797,,
virchow2,nct-crc-nonorm,frozen,2,histology,linear,d4,mean,0.9165193137596699,0.9220055710306406,0.9058742509506309,53.0,32.0
virchow2,nct-crc-nonorm,frozen,2,histology,linear,d4,logit_mean,0.9172203146472027,0.9225626740947075,0.9068027446029957,53.0,32.0
virchow2,nct-crc-nonorm,frozen,2,histology,linear,d4,vote,0.9181078693727022,0.9236768802228412,0.907611342905492,53.0,32.0
virchow2,nct-crc-nonorm,frozen,2,histology,linear,d4,confidence,0.9174561194576927,0.9233983286908078,0.9069630087916968,53.0,32.0
virchow2,nct-crc-nonorm,frozen,3,histology,linear,none,mean,0.913331425844158,0.9139275766016713,0.9021952948108533,,
virchow2,nct-crc-nonorm,frozen,3,histology,linear,d4,mean,0.9164543916141583,0.9174094707520891,0.9051076945609231,60.0,35.0
virchow2,nct-crc-nonorm,frozen,3,histology,linear,d4,logit_mean,0.9162244667356947,0.9171309192200557,0.9048059562639185,60.0,35.0
virchow2,nct-crc-nonorm,frozen,3,histology,linear,d4,vote,0.9187667197839934,0.9203342618384401,0.9069357572547996,60.0,35.0
virchow2,nct-crc-nonorm,frozen,3,histology,linear,d4,confidence,0.9150581127688082,0.9171309192200557,0.9040716023800458,60.0,35.0
virchow2,nct-crc-nonorm,frozen,42,histology,linear,none,mean,0.9254363432388087,0.9217270194986072,0.9125929298400351,,
virchow2,nct-crc-nonorm,frozen,42,histology,linear,d4,mean,0.9284145575101191,0.9268802228412256,0.9160851081073768,65.0,28.0
virchow2,nct-crc-nonorm,frozen,42,histology,linear,d4,logit_mean,0.9287558969964699,0.9272980501392758,0.9164432952100553,65.0,28.0
virchow2,nct-crc-nonorm,frozen,42,histology,linear,d4,vote,0.9286717247024217,0.9288300835654596,0.9164397490746965,65.0,28.0
virchow2,nct-crc-nonorm,frozen,42,histology,linear,d4,confidence,0.9262871813327496,0.9257660167130919,0.9141422625442844,65.0,28.0
virchow2,nct-crc-nonorm,frozen,0,histology,mlp_1h,none,mean,0.9114823084987156,0.9059888579387186,0.898114493322386,,
virchow2,nct-crc-nonorm,frozen,0,histology,mlp_1h,d4,mean,0.9142988044542446,0.9080779944289693,0.8995571182960931,54.0,39.0
virchow2,nct-crc-nonorm,frozen,0,histology,mlp_1h,d4,logit_mean,0.9137148432513117,0.9075208913649025,0.8989867923723769,54.0,39.0
virchow2,nct-crc-nonorm,frozen,0,histology,mlp_1h,d4,vote,0.9145034574107572,0.9096100278551532,0.8997421158765749,54.0,39.0
virchow2,nct-crc-nonorm,frozen,0,histology,mlp_1h,d4,confidence,0.9134234307067643,0.9077994428969359,0.8987215587718383,54.0,39.0
virchow2,nct-crc-nonorm,frozen,1,histology,mlp_1h,none,mean,0.9154453700387835,0.922841225626741,0.9085305486164788,,
virchow2,nct-crc-nonorm,frozen,1,histology,mlp_1h,d4,mean,0.9173457894324777,0.9245125348189415,0.9098978012365355,46.0,34.0
virchow2,nct-crc-nonorm,frozen,1,histology,mlp_1h,d4,logit_mean,0.9168442206089912,0.9243732590529248,0.9096835327955533,46.0,34.0
virchow2,nct-crc-nonorm,frozen,1,histology,mlp_1h,d4,vote,0.9170445565747963,0.9253481894150418,0.9095246697964298,46.0,34.0
virchow2,nct-crc-nonorm,frozen,1,histology,mlp_1h,d4,confidence,0.916772467566114,0.9239554317548746,0.9089601080602089,46.0,34.0
virchow2,nct-crc-nonorm,frozen,2,histology,mlp_1h,none,mean,0.93817518260858,0.9476323119777159,0.9319756833020273,,
virchow2,nct-crc-nonorm,frozen,2,histology,mlp_1h,d4,mean,0.9405826343232536,0.949025069637883,0.933957868594338,36.0,26.0
virchow2,nct-crc-nonorm,frozen,2,histology,mlp_1h,d4,logit_mean,0.940499591639314,0.9488857938718663,0.9338474268849463,36.0,26.0
virchow2,nct-crc-nonorm,frozen,2,histology,mlp_1h,d4,vote,0.9410493388841221,0.9502785515320334,0.9343660121305256,36.0,26.0
virchow2,nct-crc-nonorm,frozen,2,histology,mlp_1h,d4,confidence,0.9404486799208791,0.9494428969359332,0.9341796485925096,36.0,26.0
virchow2,nct-crc-nonorm,frozen,3,histology,mlp_1h,none,mean,0.9066390609463468,0.8987465181058496,0.8927472068105189,,
virchow2,nct-crc-nonorm,frozen,3,histology,mlp_1h,d4,mean,0.912986359389293,0.9072423398328691,0.8989831068291374,88.0,27.0
virchow2,nct-crc-nonorm,frozen,3,histology,mlp_1h,d4,logit_mean,0.912986359389293,0.9072423398328691,0.8989802534546916,88.0,27.0
virchow2,nct-crc-nonorm,frozen,3,histology,mlp_1h,d4,vote,0.9146786664447237,0.9097493036211699,0.9003447235252595,88.0,27.0
virchow2,nct-crc-nonorm,frozen,3,histology,mlp_1h,d4,confidence,0.9114556798198605,0.9059888579387186,0.8974055689393763,88.0,27.0
virchow2,nct-crc-nonorm,frozen,42,histology,mlp_1h,none,mean,0.9125731887220072,0.9090529247910863,0.9011285063542736,,
virchow2,nct-crc-nonorm,frozen,42,histology,mlp_1h,d4,mean,0.9138236166429711,0.9122562674094707,0.9024085819318474,59.0,36.0
virchow2,nct-crc-nonorm,frozen,42,histology,mlp_1h,d4,logit_mean,0.9135859696986084,0.9122562674094707,0.9023776508166288,59.0,36.0
virchow2,nct-crc-nonorm,frozen,42,histology,mlp_1h,d4,vote,0.9151713466135712,0.9149025069637883,0.9034656307222289,59.0,36.0
virchow2,nct-crc-nonorm,frozen,42,histology,mlp_1h,d4,confidence,0.9127982649385822,0.9118384401114206,0.9014464305457426,59.0,36.0
virchow2,nct-crc-nonorm,frozen,0,histology,mlp_2h,none,mean,0.9216390999803019,0.9206128133704735,0.9103076251994113,,
virchow2,nct-crc-nonorm,frozen,0,histology,mlp_2h,d4,mean,0.9239800337931098,0.9222841225626741,0.9119158581805742,40.0,28.0
virchow2,nct-crc-nonorm,frozen,0,histology,mlp_2h,d4,logit_mean,0.9241531909223948,0.9225626740947075,0.912253672234218,40.0,28.0
virchow2,nct-crc-nonorm,frozen,0,histology,mlp_2h,d4,vote,0.9237724183089688,0.9233983286908078,0.9121758677183611,40.0,28.0
virchow2,nct-crc-nonorm,frozen,0,histology,mlp_2h,d4,confidence,0.9239920790686872,0.9225626740947075,0.9120919044526201,40.0,28.0
virchow2,nct-crc-nonorm,frozen,1,histology,mlp_2h,none,mean,0.9309830082942054,0.9403899721448468,0.9240203430460805,,
virchow2,nct-crc-nonorm,frozen,1,histology,mlp_2h,d4,mean,0.9341401452088878,0.9434540389972145,0.9267928962359622,44.0,22.0
virchow2,nct-crc-nonorm,frozen,1,histology,mlp_2h,d4,logit_mean,0.934147216970294,0.9434540389972145,0.9268740655886093,44.0,22.0
virchow2,nct-crc-nonorm,frozen,1,histology,mlp_2h,d4,vote,0.9366634666483351,0.9459610027855153,0.9292705283447267,44.0,22.0
virchow2,nct-crc-nonorm,frozen,1,histology,mlp_2h,d4,confidence,0.9334076514756919,0.9430362116991643,0.9261386471548518,44.0,22.0
virchow2,nct-crc-nonorm,frozen,2,histology,mlp_2h,none,mean,0.9122307356851541,0.9047353760445682,0.8976451617088718,,
virchow2,nct-crc-nonorm,frozen,2,histology,mlp_2h,d4,mean,0.9189712322288935,0.9119777158774374,0.903627569058789,75.0,23.0
virchow2,nct-crc-nonorm,frozen,2,histology,mlp_2h,d4,logit_mean,0.9190613466742392,0.9121169916434541,0.903825039910807,75.0,23.0
virchow2,nct-crc-nonorm,frozen,2,histology,mlp_2h,d4,vote,0.9203971130468988,0.9136490250696379,0.9051157309934192,75.0,23.0
virchow2,nct-crc-nonorm,frozen,2,histology,mlp_2h,d4,confidence,0.9197452413776035,0.9123955431754874,0.9043186123532381,75.0,23.0
virchow2,nct-crc-nonorm,frozen,3,histology,mlp_2h,none,mean,0.9191611838067411,0.9069637883008357,0.9027740055120516,,
virchow2,nct-crc-nonorm,frozen,3,histology,mlp_2h,d4,mean,0.9205486315289172,0.9098885793871866,0.9042466865250426,53.0,32.0
virchow2,nct-crc-nonorm,frozen,3,histology,mlp_2h,d4,logit_mean,0.9196930263809612,0.9094707520891365,0.9034160423451577,53.0,32.0
virchow2,nct-crc-nonorm,frozen,3,histology,mlp_2h,d4,vote,0.9206300043359096,0.9118384401114206,0.9041171198242035,53.0,32.0
virchow2,nct-crc-nonorm,frozen,3,histology,mlp_2h,d4,confidence,0.9182194642874604,0.9084958217270195,0.9023828493790893,53.0,32.0
virchow2,nct-crc-nonorm,frozen,42,histology,mlp_2h,none,mean,0.8997022603878952,0.8754874651810585,0.878386812206083,,
virchow2,nct-crc-nonorm,frozen,42,histology,mlp_2h,d4,mean,0.9037160524920623,0.8799442896935933,0.8826921848304052,72.0,40.0
virchow2,nct-crc-nonorm,frozen,42,histology,mlp_2h,d4,logit_mean,0.9041531315004713,0.8803621169916435,0.88320389940821,72.0,40.0
virchow2,nct-crc-nonorm,frozen,42,histology,mlp_2h,d4,vote,0.9046433860483479,0.8821727019498607,0.8838380197532243,72.0,40.0
virchow2,nct-crc-nonorm,frozen,42,histology,mlp_2h,d4,confidence,0.903197705737575,0.8785515320334262,0.8817121672256352,72.0,40.0
virchow,nct-crc-nonorm,frozen,0,histology,knn_10,none,mean,0.876459948884461,0.9137883008356545,0.8778467151777952,,
virchow,nct-crc-nonorm,frozen,0,histology,knn_10,d4,mean,0.8744359937045402,0.9115598885793872,0.8757257988247975,21.0,37.0
virchow,nct-crc-nonorm,frozen,0,histology,knn_5,none,mean,0.8732339980084534,0.911142061281337,0.8718431690220135,,
virchow,nct-crc-nonorm,frozen,0,histology,knn_5,d4,mean,0.8711800409876771,0.909192200557103,0.8700391747680865,24.0,38.0
virchow,nct-crc-nonorm,frozen,0,histology,linear,none,mean,0.8311440901549438,0.8249303621169917,0.8025736532153146,,
virchow,nct-crc-nonorm,frozen,0,histology,linear,d4,mean,0.8357035884842755,0.8240947075208913,0.8040301072057318,116.0,122.0
virchow,nct-crc-nonorm,frozen,0,histology,linear,d4,logit_mean,0.835864565978907,0.8245125348189415,0.8043201221351328,116.0,122.0
virchow,nct-crc-nonorm,frozen,0,histology,linear,d4,vote,0.8403825855666427,0.8302228412256267,0.8100296265119089,116.0,122.0
virchow,nct-crc-nonorm,frozen,0,histology,linear,d4,confidence,0.8342449432406752,0.821866295264624,0.8021409237135128,116.0,122.0
virchow,nct-crc-nonorm,frozen,1,histology,linear,none,mean,0.8102851469205666,0.8034818941504178,0.7794760623795661,,
virchow,nct-crc-nonorm,frozen,1,histology,linear,d4,mean,0.8051301888509874,0.7977715877437326,0.7737556953270235,88.0,129.0
virchow,nct-crc-nonorm,frozen,1,histology,linear,d4,logit_mean,0.8052613708003513,0.7979108635097493,0.773866969106234,88.0,129.0
virchow,nct-crc-nonorm,frozen,1,histology,linear,d4,vote,0.8135770677232368,0.807799442896936,0.7834573227357198,88.0,129.0
virchow,nct-crc-nonorm,frozen,1,histology,linear,d4,confidence,0.8051890204717167,0.7974930362116992,0.7738340623726734,88.0,129.0
virchow,nct-crc-nonorm,frozen,2,histology,linear,none,mean,0.8094201529208894,0.7885793871866296,0.7768597512560576,,
virchow,nct-crc-nonorm,frozen,2,histology,linear,d4,mean,0.8159659586752712,0.79025069637883,0.7804040834095707,134.0,122.0
virchow,nct-crc-nonorm,frozen,2,histology,linear,d4,logit_mean,0.8164765808306341,0.7905292479108635,0.7807510758804284,134.0,122.0
virchow,nct-crc-nonorm,frozen,2,histology,linear,d4,vote,0.8239484633575673,0.7983286908077994,0.7890665309832783,134.0,122.0
virchow,nct-crc-nonorm,frozen,2,histology,linear,d4,confidence,0.8161980750770639,0.7906685236768802,0.7811951528941896,134.0,122.0
virchow,nct-crc-nonorm,frozen,3,histology,linear,none,mean,0.8233617964775859,0.8147632311977716,0.7967739297881824,,
virchow,nct-crc-nonorm,frozen,3,histology,linear,d4,mean,0.8308255106258232,0.8129526462395543,0.799646426224113,125.0,138.0
virchow,nct-crc-nonorm,frozen,3,histology,linear,d4,logit_mean,0.830032158983759,0.8126740947075209,0.7991646733824279,125.0,138.0
virchow,nct-crc-nonorm,frozen,3,histology,linear,d4,vote,0.8435090872231091,0.8250696378830084,0.8132903252213413,125.0,138.0
virchow,nct-crc-nonorm,frozen,3,histology,linear,d4,confidence,0.8285339953546095,0.811142061281337,0.7977293520631856,125.0,138.0
virchow,nct-crc-nonorm,frozen,42,histology,linear,none,mean,0.8050768880791179,0.7906685236768802,0.776402482830873,,
virchow,nct-crc-nonorm,frozen,42,histology,linear,d4,mean,0.8039389385399711,0.7846796657381616,0.7733311243238582,116.0,159.0
virchow,nct-crc-nonorm,frozen,42,histology,linear,d4,logit_mean,0.8036888580263924,0.7846796657381616,0.7730519887946171,116.0,159.0
virchow,nct-crc-nonorm,frozen,42,histology,linear,d4,vote,0.8168947937120674,0.7973537604456824,0.7869568985361003,116.0,159.0
virchow,nct-crc-nonorm,frozen,42,histology,linear,d4,confidence,0.8006508998656748,0.7824512534818941,0.7703997735279686,116.0,159.0
virchow,nct-crc-nonorm,frozen,0,histology,mlp_1h,none,mean,0.8088517941199127,0.7863509749303621,0.7730721152194886,,
virchow,nct-crc-nonorm,frozen,0,histology,mlp_1h,d4,mean,0.8049759073734855,0.7782729805013927,0.7668145050640088,94.0,152.0
virchow,nct-crc-nonorm,frozen,0,histology,mlp_1h,d4,logit_mean,0.8036920204356351,0.7770194986072423,0.765440964420681,94.0,152.0
virchow,nct-crc-nonorm,frozen,0,histology,mlp_1h,d4,vote,0.8119341364178355,0.786908077994429,0.7754666843263669,94.0,152.0
virchow,nct-crc-nonorm,frozen,0,histology,mlp_1h,d4,confidence,0.8071154993542855,0.7785515320334262,0.7685111372981431,94.0,152.0
virchow,nct-crc-nonorm,frozen,1,histology,mlp_1h,none,mean,0.8130941260175261,0.7948467966573816,0.7820057381016511,,
virchow,nct-crc-nonorm,frozen,1,histology,mlp_1h,d4,mean,0.8043947040988257,0.7846796657381616,0.7719881165378474,80.0,153.0
virchow,nct-crc-nonorm,frozen,1,histology,mlp_1h,d4,logit_mean,0.8041556855911387,0.7844011142061281,0.7717778635185284,80.0,153.0
virchow,nct-crc-nonorm,frozen,1,histology,mlp_1h,d4,vote,0.8097763568489567,0.7916434540389972,0.7787318171791107,80.0,153.0
virchow,nct-crc-nonorm,frozen,1,histology,mlp_1h,d4,confidence,0.8066770123843011,0.7859331476323119,0.7743654708489203,80.0,153.0
virchow,nct-crc-nonorm,frozen,2,histology,mlp_1h,none,mean,0.8438834408569369,0.8266016713091922,0.8143158465893549,,
virchow,nct-crc-nonorm,frozen,2,histology,mlp_1h,d4,mean,0.8404990522501732,0.816016713091922,0.8064614361786949,78.0,154.0
virchow,nct-crc-nonorm,frozen,2,histology,mlp_1h,d4,logit_mean,0.8398462381975507,0.8158774373259053,0.8061028441816906,78.0,154.0
virchow,nct-crc-nonorm,frozen,2,histology,mlp_1h,d4,vote,0.8453703613442879,0.8233983286908078,0.8134694375520012,78.0,154.0
virchow,nct-crc-nonorm,frozen,2,histology,mlp_1h,d4,confidence,0.8404386624455567,0.8154596100278552,0.8059951511988366,78.0,154.0
virchow,nct-crc-nonorm,frozen,3,histology,mlp_1h,none,mean,0.7944058533405044,0.7685236768802228,0.7573052387229626,,
virchow,nct-crc-nonorm,frozen,3,histology,mlp_1h,d4,mean,0.7917426419933287,0.7598885793871867,0.7515005951852283,92.0,154.0
virchow,nct-crc-nonorm,frozen,3,histology,mlp_1h,d4,logit_mean,0.7911869372956271,0.7596100278551532,0.751104175207964,92.0,154.0
virchow,nct-crc-nonorm,frozen,3,histology,mlp_1h,d4,vote,0.7970619540679231,0.7668523676880222,0.7584292123944325,92.0,154.0
virchow,nct-crc-nonorm,frozen,3,histology,mlp_1h,d4,confidence,0.792126884259338,0.7603064066852367,0.7524586860814024,92.0,154.0
virchow,nct-crc-nonorm,frozen,42,histology,mlp_1h,none,mean,0.8208119932881965,0.8101671309192201,0.7937431748658024,,
virchow,nct-crc-nonorm,frozen,42,histology,mlp_1h,d4,mean,0.8189167830923608,0.8068245125348189,0.7908768887690276,102.0,126.0
virchow,nct-crc-nonorm,frozen,42,histology,mlp_1h,d4,logit_mean,0.8190692652042662,0.8069637883008357,0.7910165080440642,102.0,126.0
virchow,nct-crc-nonorm,frozen,42,histology,mlp_1h,d4,vote,0.826811091378445,0.8149025069637883,0.799272095891602,102.0,126.0
virchow,nct-crc-nonorm,frozen,42,histology,mlp_1h,d4,confidence,0.818162394692989,0.8061281337047354,0.7906125096193981,102.0,126.0
virchow,nct-crc-nonorm,frozen,0,histology,mlp_2h,none,mean,0.8544081088050688,0.8470752089136491,0.8280389343164946,,
virchow,nct-crc-nonorm,frozen,0,histology,mlp_2h,d4,mean,0.8559827011225032,0.8433147632311978,0.8257637049377491,104.0,131.0
virchow,nct-crc-nonorm,frozen,0,histology,mlp_2h,d4,logit_mean,0.8550765112512315,0.8426183844011143,0.824881865967944,104.0,131.0
virchow,nct-crc-nonorm,frozen,0,histology,mlp_2h,d4,vote,0.8629003932477358,0.8506963788300835,0.833365815832068,104.0,131.0
virchow,nct-crc-nonorm,frozen,0,histology,mlp_2h,d4,confidence,0.8544481993258987,0.8420612813370474,0.8244789177837458,104.0,131.0
virchow,nct-crc-nonorm,frozen,1,histology,mlp_2h,none,mean,0.8314195673550056,0.8090529247910864,0.7943640404988459,,
virchow,nct-crc-nonorm,frozen,1,histology,mlp_2h,d4,mean,0.8329694460273229,0.8064066852367688,0.7925329073021725,87.0,106.0
virchow,nct-crc-nonorm,frozen,1,histology,mlp_2h,d4,logit_mean,0.8335717027277078,0.8069637883008357,0.7931774227680368,87.0,106.0
virchow,nct-crc-nonorm,frozen,1,histology,mlp_2h,d4,vote,0.8366292591765497,0.8105849582172702,0.7970858178105797,87.0,106.0
virchow,nct-crc-nonorm,frozen,1,histology,mlp_2h,d4,confidence,0.8323730036856882,0.8054317548746518,0.7920155418830351,87.0,106.0
virchow,nct-crc-nonorm,frozen,2,histology,mlp_2h,none,mean,0.8284872221871225,0.8126740947075209,0.7959167939134465,,
virchow,nct-crc-nonorm,frozen,2,histology,mlp_2h,d4,mean,0.8294531981838565,0.8059888579387187,0.7930458404326609,83.0,131.0
virchow,nct-crc-nonorm,frozen,2,histology,mlp_2h,d4,logit_mean,0.8290821858430932,0.8055710306406685,0.7926524251352526,83.0,131.0
virchow,nct-crc-nonorm,frozen,2,histology,mlp_2h,d4,vote,0.8342855873250946,0.8128133704735376,0.7994204799472727,83.0,131.0
virchow,nct-crc-nonorm,frozen,2,histology,mlp_2h,d4,confidence,0.8263096360711268,0.802924791086351,0.790010305751336,83.0,131.0
virchow,nct-crc-nonorm,frozen,3,histology,mlp_2h,none,mean,0.801610950854792,0.7892757660167131,0.7773933792938809,,
virchow,nct-crc-nonorm,frozen,3,histology,mlp_2h,d4,mean,0.7943834595489448,0.7770194986072423,0.7674003771086327,102.0,190.0
virchow,nct-crc-nonorm,frozen,3,histology,mlp_2h,d4,logit_mean,0.794539435372692,0.7771587743732591,0.7675669878834122,102.0,190.0
virchow,nct-crc-nonorm,frozen,3,histology,mlp_2h,d4,vote,0.8019061245769169,0.7856545961002785,0.7762040302808048,102.0,190.0
virchow,nct-crc-nonorm,frozen,3,histology,mlp_2h,d4,confidence,0.7971637522955545,0.7792479108635098,0.7702971388449131,102.0,190.0
virchow,nct-crc-nonorm,frozen,42,histology,mlp_2h,none,mean,0.8354998471236889,0.8399721448467966,0.8113018991929628,,
virchow,nct-crc-nonorm,frozen,42,histology,mlp_2h,d4,mean,0.8379706042651276,0.8406685236768803,0.812568804335268,117.0,112.0
virchow,nct-crc-nonorm,frozen,42,histology,mlp_2h,d4,logit_mean,0.8388195612417516,0.8413649025069638,0.8136306773687638,117.0,112.0
virchow,nct-crc-nonorm,frozen,42,histology,mlp_2h,d4,vote,0.8424629235606246,0.846100278551532,0.8184856122046196,117.0,112.0
virchow,nct-crc-nonorm,frozen,42,histology,mlp_2h,d4,confidence,0.8370988316657302,0.8394150417827299,0.8118311086132007,117.0,112.0
convnextv2_base,tcga-ut,frozen,0,general,knn_10,none,mean,0.2930243000229608,0.4229564366128243,0.30117097247423347,,
convnextv2_base,tcga-ut,frozen,0,general,knn_10,d4,mean,0.29735309620299794,0.42934410181106214,0.305692888705808,2549.0,2288.0
convnextv2_base,tcga-ut,frozen,0,general,knn_5,none,mean,0.2799970710278695,0.39811551639745474,0.28918884486558527,,
convnextv2_base,tcga-ut,frozen,0,general,knn_5,d4,mean,0.28479641851682314,0.40416054821341163,0.295356893614572,2743.0,2496.0
convnextv2_base,tcga-ut,frozen,0,general,linear,none,mean,0.49497054977403626,0.6104747919725894,0.5112317982652278,,
convnextv2_base,tcga-ut,frozen,0,general,linear,d4,mean,0.5070879980201477,0.6240822320117474,0.5241760512567466,1683.0,1127.0
convnextv2_base,tcga-ut,frozen,0,general,linear,d4,logit_mean,0.5065911799708317,0.624278022515908,0.5241953480698855,1683.0,1127.0
convnextv2_base,tcga-ut,frozen,0,general,linear,d4,vote,0.5056415414385951,0.6230298580518845,0.5227252375377651,1683.0,1127.0
convnextv2_base,tcga-ut,frozen,0,general,linear,d4,confidence,0.5050645709344964,0.6200440528634361,0.5184052386276057,1683.0,1127.0
convnextv2_base,tcga-ut,frozen,1,general,linear,none,mean,0.49608984556448693,0.6080029368575625,0.5072312881151022,,
convnextv2_base,tcga-ut,frozen,1,general,linear,d4,mean,0.513461764885818,0.6264806656877141,0.5263937763447833,1840.0,1085.0
convnextv2_base,tcga-ut,frozen,1,general,linear,d4,logit_mean,0.5123403479763848,0.626456191874694,0.5260904315285813,1840.0,1085.0
convnextv2_base,tcga-ut,frozen,1,general,linear,d4,vote,0.5086415454229068,0.6234214390602055,0.5217268807250143,1840.0,1085.0
convnextv2_base,tcga-ut,frozen,1,general,linear,d4,confidence,0.5105253368473642,0.6207782672540382,0.5196883576996042,1840.0,1085.0
convnextv2_base,tcga-ut,frozen,2,general,linear,none,mean,0.49926087067823016,0.6126284875183554,0.5134754271234945,,
convnextv2_base,tcga-ut,frozen,2,general,linear,d4,mean,0.5116808091139403,0.6269211943220754,0.526519252638202,1704.0,1120.0
convnextv2_base,tcga-ut,frozen,2,general,linear,d4,logit_mean,0.5111626488571597,0.6268722466960353,0.5268261393731938,1704.0,1120.0
convnextv2_base,tcga-ut,frozen,2,general,linear,d4,vote,0.5088039834417005,0.6241311796377875,0.5238757845397205,1704.0,1120.0
convnextv2_base,tcga-ut,frozen,2,general,linear,d4,confidence,0.5105200496364205,0.6230053842388644,0.5215839065228626,1704.0,1120.0
convnextv2_base,tcga-ut,frozen,3,general,linear,none,mean,0.49364524323597103,0.609618208516887,0.5097983801565941,,
convnextv2_base,tcga-ut,frozen,3,general,linear,d4,mean,0.5048658527369753,0.6215614292706804,0.5224217511777193,1623.0,1135.0
convnextv2_base,tcga-ut,frozen,3,general,linear,d4,logit_mean,0.5052845681739517,0.621781693587861,0.5238261954336065,1623.0,1135.0
convnextv2_base,tcga-ut,frozen,3,general,linear,d4,vote,0.5019999626799255,0.6194322075379344,0.5208679154925557,1623.0,1135.0
convnextv2_base,tcga-ut,frozen,3,general,linear,d4,confidence,0.5049136126288786,0.6183553597650514,0.5192097345459399,1623.0,1135.0
convnextv2_base,tcga-ut,frozen,42,general,linear,none,mean,0.4981472635566749,0.6120900636319139,0.5135606508550153,,
convnextv2_base,tcga-ut,frozen,42,general,linear,d4,mean,0.5108562817237605,0.6261869799314733,0.5271780719266626,1681.0,1105.0
convnextv2_base,tcga-ut,frozen,42,general,linear,d4,logit_mean,0.5103922058847143,0.6261135584924131,0.5273140805257932,1681.0,1105.0
convnextv2_base,tcga-ut,frozen,42,general,linear,d4,vote,0.5073846073380477,0.6240332843857073,0.5241861599490847,1681.0,1105.0
convnextv2_base,tcga-ut,frozen,42,general,linear,d4,confidence,0.5126541487224626,0.6238374938815467,0.5253364243108695,1681.0,1105.0
convnextv2_base,tcga-ut,frozen,0,general,mlp_1h,none,mean,0.5163700823108069,0.6308614782183064,0.5231175314490875,,
convnextv2_base,tcga-ut,frozen,0,general,mlp_1h,d4,mean,0.5326363966891429,0.6497552618697993,0.5415332142413279,1859.0,1087.0
convnextv2_base,tcga-ut,frozen,0,general,mlp_1h,d4,logit_mean,0.5319965555431333,0.6501957905041605,0.5414324120296106,1859.0,1087.0
convnextv2_base,tcga-ut,frozen,0,general,mlp_1h,d4,vote,0.5323234456579771,0.6490210474791973,0.5423612650187508,1859.0,1087.0
convnextv2_base,tcga-ut,frozen,0,general,mlp_1h,d4,confidence,0.5310670992695511,0.6449339207048458,0.5374454543177483,1859.0,1087.0
convnextv2_base,tcga-ut,frozen,1,general,mlp_1h,none,mean,0.5014651456961212,0.6255996084189916,0.5216452388795861,,
convnextv2_base,tcga-ut,frozen,1,general,mlp_1h,d4,mean,0.5185388202084478,0.6431228585413608,0.54099579750828,1781.0,1065.0
convnextv2_base,tcga-ut,frozen,1,general,mlp_1h,d4,logit_mean,0.5175875563353531,0.6435389133627019,0.5409911240513078,1781.0,1065.0
convnextv2_base,tcga-ut,frozen,1,general,mlp_1h,d4,vote,0.5141247126089104,0.640381791483113,0.5368778993348114,1781.0,1065.0
convnextv2_base,tcga-ut,frozen,1,general,mlp_1h,d4,confidence,0.5196994908259477,0.6414831130690162,0.5392425445091923,1781.0,1065.0
convnextv2_base,tcga-ut,frozen,2,general,mlp_1h,none,mean,0.5174463557987741,0.6239109153206069,0.529370907007736,,
convnextv2_base,tcga-ut,frozen,2,general,mlp_1h,d4,mean,0.5301610570831664,0.6407488986784141,0.5433887341020835,1895.0,1207.0
convnextv2_base,tcga-ut,frozen,2,general,mlp_1h,d4,logit_mean,0.5294386089566664,0.6413117963778757,0.5437153090033485,1895.0,1207.0
convnextv2_base,tcga-ut,frozen,2,general,mlp_1h,d4,vote,0.5287864313806453,0.6403328438570729,0.543233242138884,1895.0,1207.0
convnextv2_base,tcga-ut,frozen,2,general,mlp_1h,d4,confidence,0.5301662820610118,0.6387420460107684,0.5400090790460225,1895.0,1207.0
convnextv2_base,tcga-ut,frozen,3,general,mlp_1h,none,mean,0.5166491956653917,0.6287322564855604,0.5271090805540041,,
convnextv2_base,tcga-ut,frozen,3,general,mlp_1h,d4,mean,0.529916512578988,0.6447136563876652,0.5419339460061788,1810.0,1157.0
convnextv2_base,tcga-ut,frozen,3,general,mlp_1h,d4,logit_mean,0.528806521273147,0.6446157611355849,0.5418595194392357,1810.0,1157.0
convnextv2_base,tcga-ut,frozen,3,general,mlp_1h,d4,vote,0.5262145909585813,0.6413607440039159,0.5383391382486643,1810.0,1157.0
convnextv2_base,tcga-ut,frozen,3,general,mlp_1h,d4,confidence,0.530123510276169,0.6420460107684778,0.539800771778821,1810.0,1157.0
convnextv2_base,tcga-ut,frozen,42,general,mlp_1h,none,mean,0.5286981788216566,0.6304209495839452,0.534152132312054,,
convnextv2_base,tcga-ut,frozen,42,general,mlp_1h,d4,mean,0.5431172983703343,0.6480910425844346,0.551653424697514,1877.0,1155.0
convnextv2_base,tcga-ut,frozen,42,general,mlp_1h,d4,logit_mean,0.5420110172491763,0.6477484092021537,0.551700343352491,1877.0,1155.0
convnextv2_base,tcga-ut,frozen,42,general,mlp_1h,d4,vote,0.5403673383118525,0.6458394517865883,0.5496218632577777,1877.0,1155.0
convnextv2_base,tcga-ut,frozen,42,general,mlp_1h,d4,confidence,0.5441803381212807,0.6449583945178659,0.5490517556994551,1877.0,1155.0
convnextv2_base,tcga-ut,frozen,0,general,mlp_2h,none,mean,0.519523835637538,0.6237395986294665,0.5292970048186889,,
convnextv2_base,tcga-ut,frozen,0,general,mlp_2h,d4,mean,0.5388168648428727,0.6431473323543808,0.5499459755473831,1923.0,1130.0
convnextv2_base,tcga-ut,frozen,0,general,mlp_2h,d4,logit_mean,0.5386129159393214,0.6430004894762604,0.5509612744448915,1923.0,1130.0
convnextv2_base,tcga-ut,frozen,0,general,mlp_2h,d4,vote,0.5356657442754922,0.641434165442976,0.547091522747809,1923.0,1130.0
convnextv2_base,tcga-ut,frozen,0,general,mlp_2h,d4,confidence,0.5391759744391882,0.6411160058737151,0.5463447572648807,1923.0,1130.0
convnextv2_base,tcga-ut,frozen,1,general,mlp_2h,none,mean,0.514119778306327,0.6248409202153695,0.5196120822854148,,
convnextv2_base,tcga-ut,frozen,1,general,mlp_2h,d4,mean,0.532634721483672,0.6430004894762604,0.5383813986044444,1846.0,1104.0
convnextv2_base,tcga-ut,frozen,1,general,mlp_2h,d4,logit_mean,0.5309894980998733,0.6427068037200195,0.5391543510645644,1846.0,1104.0
convnextv2_base,tcga-ut,frozen,1,general,mlp_2h,d4,vote,0.5293264165490323,0.642119432207538,0.5360697726981779,1846.0,1104.0
convnextv2_base,tcga-ut,frozen,1,general,mlp_2h,d4,confidence,0.5311009540536873,0.6405041605482135,0.5339643258097914,1846.0,1104.0
convnextv2_base,tcga-ut,frozen,2,general,mlp_2h,none,mean,0.5116506910849228,0.616054821341165,0.5168597790464714,,
convnextv2_base,tcga-ut,frozen,2,general,mlp_2h,d4,mean,0.5297524297562305,0.6359030837004406,0.5361389272164302,1932.0,1121.0
convnextv2_base,tcga-ut,frozen,2,general,mlp_2h,d4,logit_mean,0.5285704529071957,0.6356583455702398,0.536239612118767,1932.0,1121.0
convnextv2_base,tcga-ut,frozen,2,general,mlp_2h,d4,vote,0.5268966342459035,0.6334557023984336,0.5338641916537088,1932.0,1121.0
convnextv2_base,tcga-ut,frozen,2,general,mlp_2h,d4,confidence,0.5294148901698962,0.6334801762114537,0.5330420596111272,1932.0,1121.0
convnextv2_base,tcga-ut,frozen,3,general,mlp_2h,none,mean,0.5033747057456762,0.6208027410670582,0.519478031479119,,
convnextv2_base,tcga-ut,frozen,3,general,mlp_2h,d4,mean,0.5172497233707777,0.6380567792462065,0.5336923392298445,1839.0,1134.0
convnextv2_base,tcga-ut,frozen,3,general,mlp_2h,d4,logit_mean,0.5168347617951354,0.6382280959373471,0.5345217194130364,1839.0,1134.0
convnextv2_base,tcga-ut,frozen,3,general,mlp_2h,d4,vote,0.5145020117266985,0.6364904552129221,0.5310874629703611,1839.0,1134.0
convnextv2_base,tcga-ut,frozen,3,general,mlp_2h,d4,confidence,0.5191200342991205,0.6375428291727852,0.5325343319698471,1839.0,1134.0
convnextv2_base,tcga-ut,frozen,42,general,mlp_2h,none,mean,0.5099553969538707,0.6174008810572688,0.520059687977249,,
convnextv2_base,tcga-ut,frozen,42,general,mlp_2h,d4,mean,0.5329310433211101,0.640724424865394,0.5439279028174551,2072.0,1119.0
convnextv2_base,tcga-ut,frozen,42,general,mlp_2h,d4,logit_mean,0.5321541446448139,0.6406265296133138,0.5443854912832269,2072.0,1119.0
convnextv2_base,tcga-ut,frozen,42,general,mlp_2h,d4,vote,0.528651307005433,0.6374449339207049,0.5408095334508966,2072.0,1119.0
convnextv2_base,tcga-ut,frozen,42,general,mlp_2h,d4,confidence,0.5303830405729537,0.6363925599608419,0.5389437459636146,2072.0,1119.0
convnextv2_tiny,tcga-ut,frozen,0,general,knn_10,none,mean,0.2665011413186733,0.39476260401370533,0.2740202863484511,,
convnextv2_tiny,tcga-ut,frozen,0,general,knn_10,d4,mean,0.2780269161943008,0.4068281938325991,0.2883178326274333,3078.0,2585.0
convnextv2_tiny,tcga-ut,frozen,0,general,knn_5,none,mean,0.2555487548976463,0.3720509055310817,0.2644786114881429,,
convnextv2_tiny,tcga-ut,frozen,0,general,knn_5,d4,mean,0.26130494935919574,0.3795643661282428,0.2702872051066296,3185.0,2878.0
convnextv2_tiny,tcga-ut,frozen,0,general,linear,none,mean,0.4820365576681826,0.588913362701909,0.4952392463125685,,
convnextv2_tiny,tcga-ut,frozen,0,general,linear,d4,mean,0.4994106300247832,0.6104013705335292,0.5151159108112854,2062.0,1184.0
convnextv2_tiny,tcga-ut,frozen,0,general,linear,d4,logit_mean,0.4988077781456314,0.6109153206069505,0.5157099182518985,2062.0,1184.0
convnextv2_tiny,tcga-ut,frozen,0,general,linear,d4,vote,0.49729445912374176,0.6086392559960841,0.5130972853663025,2062.0,1184.0
convnextv2_tiny,tcga-ut,frozen,0,general,linear,d4,confidence,0.4993708879564208,0.6066079295154185,0.510091058386641,2062.0,1184.0
convnextv2_tiny,tcga-ut,frozen,1,general,linear,none,mean,0.48017156839299086,0.5902349486049927,0.499261845241829,,
convnextv2_tiny,tcga-ut,frozen,1,general,linear,d4,mean,0.49966010491247553,0.6116984826235927,0.5202666514469041,2090.0,1213.0
convnextv2_tiny,tcga-ut,frozen,1,general,linear,d4,logit_mean,0.4979311184735035,0.6115271659324523,0.5197946490446507,2090.0,1213.0
convnextv2_tiny,tcga-ut,frozen,1,general,linear,d4,vote,0.4955393030852545,0.6095447870778268,0.5161262816887793,2090.0,1213.0
convnextv2_tiny,tcga-ut,frozen,1,general,linear,d4,confidence,0.4989076347867595,0.6075624082232012,0.5148384488363474,2090.0,1213.0
convnextv2_tiny,tcga-ut,frozen,2,general,linear,none,mean,0.48130098256851084,0.5859520313264807,0.4907646112897084,,
convnextv2_tiny,tcga-ut,frozen,2,general,linear,d4,mean,0.5025950054239106,0.607513460597161,0.5141637780668538,2092.0,1211.0
convnextv2_tiny,tcga-ut,frozen,2,general,linear,d4,logit_mean,0.5012799543246351,0.6076113558492413,0.514469076345556,2092.0,1211.0
convnextv2_tiny,tcga-ut,frozen,2,general,linear,d4,vote,0.5001872214994074,0.6069750367107195,0.511697487297882,2092.0,1211.0
convnextv2_tiny,tcga-ut,frozen,2,general,linear,d4,confidence,0.5031627728099639,0.6036465981399902,0.5098822294527995,2092.0,1211.0
convnextv2_tiny,tcga-ut,frozen,3,general,linear,none,mean,0.48350638432329546,0.5905286343612335,0.49584744562614136,,
convnextv2_tiny,tcga-ut,frozen,3,general,linear,d4,mean,0.5018018636220736,0.6112090063631914,0.5145626115310611,2060.0,1215.0
convnextv2_tiny,tcga-ut,frozen,3,general,linear,d4,logit_mean,0.5005743495313622,0.6110621634850709,0.5155774530700491,2060.0,1215.0
convnextv2_tiny,tcga-ut,frozen,3,general,linear,d4,vote,0.4990136331993521,0.6088839941262849,0.5129542981337134,2060.0,1215.0
convnextv2_tiny,tcga-ut,frozen,3,general,linear,d4,confidence,0.5004706033989298,0.6061674008810573,0.5080792861259879,2060.0,1215.0
convnextv2_tiny,tcga-ut,frozen,42,general,linear,none,mean,0.48822942933479374,0.5899167890357317,0.5013148729748885,,
convnextv2_tiny,tcga-ut,frozen,42,general,linear,d4,mean,0.5077349440592616,0.6124082232011747,0.5224307810348733,2119.0,1200.0
convnextv2_tiny,tcga-ut,frozen,42,general,linear,d4,logit_mean,0.5064099774619358,0.6120411160058737,0.5227576602356562,2119.0,1200.0
convnextv2_tiny,tcga-ut,frozen,42,general,linear,d4,vote,0.504218655841513,0.6089574155653451,0.5203043591027875,2119.0,1200.0
convnextv2_tiny,tcga-ut,frozen,42,general,linear,d4,confidence,0.5068869487762744,0.6068771414586392,0.5148563210271343,2119.0,1200.0
convnextv2_tiny,tcga-ut,frozen,0,general,mlp_1h,none,mean,0.5141399725550351,0.6056289769946157,0.5155842044234336,,
convnextv2_tiny,tcga-ut,frozen,0,general,mlp_1h,d4,mean,0.5306944132677385,0.6263582966226138,0.5338048964051637,2058.0,1211.0
convnextv2_tiny,tcga-ut,frozen,0,general,mlp_1h,d4,logit_mean,0.5293661688117022,0.6263582966226138,0.5344700479224114,2058.0,1211.0
convnextv2_tiny,tcga-ut,frozen,0,general,mlp_1h,d4,vote,0.5282120822540126,0.6240332843857073,0.5327665013771951,2058.0,1211.0
convnextv2_tiny,tcga-ut,frozen,0,general,mlp_1h,d4,confidence,0.5272368995099871,0.6198482623592756,0.525308157618304,2058.0,1211.0
convnextv2_tiny,tcga-ut,frozen,1,general,mlp_1h,none,mean,0.5088619102845956,0.608565834557024,0.5167821891970976,,
convnextv2_tiny,tcga-ut,frozen,1,general,mlp_1h,d4,mean,0.5345910942315782,0.6372001957905041,0.5444075249051497,2357.0,1187.0
convnextv2_tiny,tcga-ut,frozen,1,general,mlp_1h,d4,logit_mean,0.5325677750936254,0.6367107195301028,0.5437748522156935,2357.0,1187.0
convnextv2_tiny,tcga-ut,frozen,1,general,mlp_1h,d4,vote,0.5303572422735369,0.633210964268233,0.5403999043403815,2357.0,1187.0
convnextv2_tiny,tcga-ut,frozen,1,general,mlp_1h,d4,confidence,0.5335976284904916,0.6312775330396476,0.5385443247145415,2357.0,1187.0
convnextv2_tiny,tcga-ut,frozen,2,general,mlp_1h,none,mean,0.5062733680984809,0.6081008321096427,0.5186054056314331,,
convnextv2_tiny,tcga-ut,frozen,2,general,mlp_1h,d4,mean,0.5288234385517966,0.6332843857072932,0.5425356379254844,2354.0,1325.0
convnextv2_tiny,tcga-ut,frozen,2,general,mlp_1h,d4,logit_mean,0.5274289970254009,0.6326725403817914,0.5432506817243297,2354.0,1325.0
convnextv2_tiny,tcga-ut,frozen,2,general,mlp_1h,d4,vote,0.5239965384990402,0.6296622613803231,0.5383453328699301,2354.0,1325.0
convnextv2_tiny,tcga-ut,frozen,2,general,mlp_1h,d4,confidence,0.5290819811114504,0.6297112090063632,0.5379378659207116,2354.0,1325.0
convnextv2_tiny,tcga-ut,frozen,3,general,mlp_1h,none,mean,0.49031863815980853,0.602863436123348,0.5049960459408662,,
convnextv2_tiny,tcga-ut,frozen,3,general,mlp_1h,d4,mean,0.5092030636937143,0.6237885462555066,0.525067533034912,2127.0,1272.0
convnextv2_tiny,tcga-ut,frozen,3,general,mlp_1h,d4,logit_mean,0.5079225351253638,0.6238374938815467,0.525585365567806,2127.0,1272.0
convnextv2_tiny,tcga-ut,frozen,3,general,mlp_1h,d4,vote,0.5048057767751991,0.6197503671071953,0.5216301645612431,2127.0,1272.0
convnextv2_tiny,tcga-ut,frozen,3,general,mlp_1h,d4,confidence,0.5106224012886222,0.6212187958883995,0.5222768345622751,2127.0,1272.0
convnextv2_tiny,tcga-ut,frozen,42,general,mlp_1h,none,mean,0.4999508830476815,0.6005384238864415,0.5046613907299722,,
convnextv2_tiny,tcga-ut,frozen,42,general,mlp_1h,d4,mean,0.5169148324458595,0.6209006363191385,0.5230498821090225,2121.0,1289.0
convnextv2_tiny,tcga-ut,frozen,42,general,mlp_1h,d4,logit_mean,0.5166432651254022,0.6216348507097406,0.5247460699808839,2121.0,1289.0
convnextv2_tiny,tcga-ut,frozen,42,general,mlp_1h,d4,vote,0.5136236017918911,0.619627998042095,0.5207135082465741,2121.0,1289.0
convnextv2_tiny,tcga-ut,frozen,42,general,mlp_1h,d4,confidence,0.5152304203212044,0.6162016642192853,0.5157309286533395,2121.0,1289.0
convnextv2_tiny,tcga-ut,frozen,0,general,mlp_2h,none,mean,0.48478975033361454,0.5980910425844347,0.5024091580928076,,
convnextv2_tiny,tcga-ut,frozen,0,general,mlp_2h,d4,mean,0.5051216060695205,0.6198727361722957,0.5247740853860086,2191.0,1301.0
convnextv2_tiny,tcga-ut,frozen,0,general,mlp_2h,d4,logit_mean,0.5033156822593154,0.6195056289769946,0.5248993255647949,2191.0,1301.0
convnextv2_tiny,tcga-ut,frozen,0,general,mlp_2h,d4,vote,0.5016818822359957,0.6166911404796868,0.5228156651013778,2191.0,1301.0
convnextv2_tiny,tcga-ut,frozen,0,general,mlp_2h,d4,confidence,0.5066727211642762,0.6188203622124328,0.5221392440771456,2191.0,1301.0
convnextv2_tiny,tcga-ut,frozen,1,general,mlp_2h,none,mean,0.4904342990055285,0.5918746940773373,0.5064893935779444,,
convnextv2_tiny,tcga-ut,frozen,1,general,mlp_2h,d4,mean,0.5082066656902449,0.6141213901125795,0.525492208575663,2245.0,1336.0
convnextv2_tiny,tcga-ut,frozen,1,general,mlp_2h,d4,logit_mean,0.5053751013744219,0.6128976994615761,0.5242632531171464,2245.0,1336.0
convnextv2_tiny,tcga-ut,frozen,1,general,mlp_2h,d4,vote,0.5047818712639613,0.6117474302496329,0.5223915662488802,2245.0,1336.0
convnextv2_tiny,tcga-ut,frozen,1,general,mlp_2h,d4,confidence,0.5105809902802205,0.6127753303964758,0.5235166256420501,2245.0,1336.0
convnextv2_tiny,tcga-ut,frozen,2,general,mlp_2h,none,mean,0.5077326606880732,0.604650024473813,0.5170082803793631,,
convnextv2_tiny,tcga-ut,frozen,2,general,mlp_2h,d4,mean,0.5308112112045521,0.6295888399412628,0.5421298658255563,2319.0,1300.0
convnextv2_tiny,tcga-ut,frozen,2,general,mlp_2h,d4,logit_mean,0.5284972437661335,0.6290504160548214,0.5415838083874932,2319.0,1300.0
convnextv2_tiny,tcga-ut,frozen,2,general,mlp_2h,d4,vote,0.5241677440545164,0.6253793441018111,0.5369222390706534,2319.0,1300.0
convnextv2_tiny,tcga-ut,frozen,2,general,mlp_2h,d4,confidence,0.5294121055989758,0.6249877630934899,0.5361255725293564,2319.0,1300.0
convnextv2_tiny,tcga-ut,frozen,3,general,mlp_2h,none,mean,0.5002324010226594,0.6031571218795888,0.5106605761779369,,
convnextv2_tiny,tcga-ut,frozen,3,general,mlp_2h,d4,mean,0.5230688541342249,0.6301027900146843,0.5351860259447159,2364.0,1263.0
convnextv2_tiny,tcga-ut,frozen,3,general,mlp_2h,d4,logit_mean,0.5209649454388722,0.6298335780714636,0.5345742968503978,2364.0,1263.0
convnextv2_tiny,tcga-ut,frozen,3,general,mlp_2h,d4,vote,0.5181700169377556,0.6258198727361723,0.5304480736460123,2364.0,1263.0
convnextv2_tiny,tcga-ut,frozen,3,general,mlp_2h,d4,confidence,0.5217627626475783,0.624253548702888,0.5297165129358956,2364.0,1263.0
convnextv2_tiny,tcga-ut,frozen,42,general,mlp_2h,none,mean,0.49756238779001233,0.6057513460597161,0.5141635755174871,,
convnextv2_tiny,tcga-ut,frozen,42,general,mlp_2h,d4,mean,0.517997455794492,0.6296377875673029,0.5355562246628682,2229.0,1253.0
convnextv2_tiny,tcga-ut,frozen,42,general,mlp_2h,d4,logit_mean,0.5168940395110072,0.6299314733235438,0.5360144300475634,2229.0,1253.0
convnextv2_tiny,tcga-ut,frozen,42,general,mlp_2h,d4,vote,0.515198323648032,0.6277043563387176,0.5342167463599514,2229.0,1253.0
convnextv2_tiny,tcga-ut,frozen,42,general,mlp_2h,d4,confidence,0.5195444714190082,0.6267988252569751,0.5336176146022228,2229.0,1253.0
ctranspath,tcga-ut,frozen,0,histology,knn_10,none,mean,0.4428795567650352,0.5712432697014195,0.4609687047437559,,
ctranspath,tcga-ut,frozen,0,histology,knn_10,d4,mean,0.44830321135851753,0.5755751346059717,0.46672350711224797,1552.0,1375.0
ctranspath,tcga-ut,frozen,0,histology,knn_5,none,mean,0.4294146277373003,0.5490699951052374,0.44613301091569163,,
ctranspath,tcga-ut,frozen,0,histology,knn_5,d4,mean,0.43599576380087673,0.5535242290748899,0.4536327576649823,1664.0,1482.0
ctranspath,tcga-ut,frozen,0,histology,linear,none,mean,0.5798575555949268,0.6961576113558492,0.5982308268764998,,
ctranspath,tcga-ut,frozen,0,histology,linear,d4,mean,0.589499852698432,0.7052863436123348,0.6084765007197654,1168.0,795.0
ctranspath,tcga-ut,frozen,0,histology,linear,d4,logit_mean,0.5902608256002491,0.7058002936857563,0.6091713566816404,1168.0,795.0
ctranspath,tcga-ut,frozen,0,histology,linear,d4,vote,0.5898216005415798,0.7044542339696525,0.609106035822481,1168.0,795.0
ctranspath,tcga-ut,frozen,0,histology,linear,d4,confidence,0.5850557358651376,0.7026921194322076,0.6036094551578403,1168.0,795.0
ctranspath,tcga-ut,frozen,1,histology,linear,none,mean,0.5792493750578142,0.6947870778267254,0.597059006606892,,
ctranspath,tcga-ut,frozen,1,histology,linear,d4,mean,0.5897427484443621,0.7044542339696525,0.6085154902144299,1163.0,768.0
ctranspath,tcga-ut,frozen,1,histology,linear,d4,logit_mean,0.5893087875868471,0.7041850220264317,0.6079501295130095,1163.0,768.0
ctranspath,tcga-ut,frozen,1,histology,linear,d4,vote,0.5887114549905911,0.70357317670093,0.6076484092197418,1163.0,768.0
ctranspath,tcga-ut,frozen,1,histology,linear,d4,confidence,0.5847722301619275,0.7013215859030837,0.6031541116447963,1163.0,768.0
ctranspath,tcga-ut,frozen,2,histology,linear,none,mean,0.5795529585043498,0.6953010279001468,0.5967525635126663,,
ctranspath,tcga-ut,frozen,2,histology,linear,d4,mean,0.5876438207021849,0.7037200195790504,0.6056454966035594,1147.0,803.0
ctranspath,tcga-ut,frozen,2,histology,linear,d4,logit_mean,0.5883341664486685,0.703940283896231,0.6062005865688431,1147.0,803.0
ctranspath,tcga-ut,frozen,2,histology,linear,d4,vote,0.5882097777186787,0.7035487028879099,0.6070039420650353,1147.0,803.0
ctranspath,tcga-ut,frozen,2,histology,linear,d4,confidence,0.5827506615236439,0.7011747430249633,0.6004405305083856,1147.0,803.0
ctranspath,tcga-ut,frozen,3,histology,linear,none,mean,0.5772901920046415,0.6940039158100832,0.5956882111381724,,
ctranspath,tcga-ut,frozen,3,histology,linear,d4,mean,0.586623811225052,0.703206069505629,0.6052280330805901,1162.0,786.0
ctranspath,tcga-ut,frozen,3,histology,linear,d4,logit_mean,0.587885332484352,0.7037200195790504,0.6063774048319751,1162.0,786.0
ctranspath,tcga-ut,frozen,3,histology,linear,d4,vote,0.5862443057804446,0.7030102790014684,0.60512102768505,1162.0,786.0
ctranspath,tcga-ut,frozen,3,histology,linear,d4,confidence,0.5822350155974633,0.700734214390602,0.6000164756947447,1162.0,786.0
ctranspath,tcga-ut,frozen,42,histology,linear,none,mean,0.5781821960633079,0.6951541850220264,0.59711614437902,,
ctranspath,tcga-ut,frozen,42,histology,linear,d4,mean,0.5857602882105029,0.7036221243269701,0.6052426948941062,1154.0,808.0
ctranspath,tcga-ut,frozen,42,histology,linear,d4,logit_mean,0.5863697622463317,0.703940283896231,0.6056958856388377,1154.0,808.0
ctranspath,tcga-ut,frozen,42,histology,linear,d4,vote,0.5846542039949617,0.702471855115027,0.6044690098166579,1154.0,808.0
ctranspath,tcga-ut,frozen,42,histology,linear,d4,confidence,0.5816517584775119,0.701052373959863,0.6005802785065494,1154.0,808.0
ctranspath,tcga-ut,frozen,0,histology,mlp_1h,none,mean,0.6194607270771749,0.713925599608419,0.6340715359106852,,
ctranspath,tcga-ut,frozen,0,histology,mlp_1h,d4,mean,0.6286454101988745,0.7249143416544298,0.6433527494285083,1229.0,780.0
ctranspath,tcga-ut,frozen,0,histology,mlp_1h,d4,logit_mean,0.628909843888876,0.724669603524229,0.6437245141452145,1229.0,780.0
ctranspath,tcga-ut,frozen,0,histology,mlp_1h,d4,vote,0.6269945047638587,0.7235927557513461,0.6424294567561614,1229.0,780.0
ctranspath,tcga-ut,frozen,0,histology,mlp_1h,d4,confidence,0.628022883860216,0.7241067058247675,0.6427094528067945,1229.0,780.0
ctranspath,tcga-ut,frozen,1,histology,mlp_1h,none,mean,0.6153501714337336,0.7168379833578071,0.6303474313381078,,
ctranspath,tcga-ut,frozen,1,histology,mlp_1h,d4,mean,0.6252659430516709,0.7276798825256975,0.6413914911562426,1253.0,810.0
ctranspath,tcga-ut,frozen,1,histology,mlp_1h,d4,logit_mean,0.6251916629608582,0.7276798825256975,0.641692021704889,1253.0,810.0
ctranspath,tcga-ut,frozen,1,histology,mlp_1h,d4,vote,0.6218806133281034,0.7254772393538913,0.6390127927824655,1253.0,810.0
ctranspath,tcga-ut,frozen,1,histology,mlp_1h,d4,confidence,0.6233922119611925,0.726089084679393,0.6396186847882755,1253.0,810.0
ctranspath,tcga-ut,frozen,2,histology,mlp_1h,none,mean,0.6202737037578411,0.7146842878120411,0.6353449116154993,,
ctranspath,tcga-ut,frozen,2,histology,mlp_1h,d4,mean,0.6282301230906736,0.7249388154674499,0.6449278076188716,1264.0,845.0
ctranspath,tcga-ut,frozen,2,histology,mlp_1h,d4,logit_mean,0.6279664495825902,0.7247674987763093,0.6447072710254234,1264.0,845.0
ctranspath,tcga-ut,frozen,2,histology,mlp_1h,d4,vote,0.6257620920794288,0.7223445912873225,0.6428923772725628,1264.0,845.0
ctranspath,tcga-ut,frozen,2,histology,mlp_1h,d4,confidence,0.6272585485083653,0.7233969652471856,0.6430293467286565,1264.0,845.0
ctranspath,tcga-ut,frozen,3,histology,mlp_1h,none,mean,0.6246484785335416,0.7177679882525697,0.6391041973718695,,
ctranspath,tcga-ut,frozen,3,histology,mlp_1h,d4,mean,0.6340761304944172,0.727875673029858,0.6495038879506326,1301.0,888.0
ctranspath,tcga-ut,frozen,3,histology,mlp_1h,d4,logit_mean,0.6342413657339697,0.7279490944689183,0.6495707794203701,1301.0,888.0
ctranspath,tcga-ut,frozen,3,histology,mlp_1h,d4,vote,0.6326639552945905,0.7268967205090553,0.6483319132303239,1301.0,888.0
ctranspath,tcga-ut,frozen,3,histology,mlp_1h,d4,confidence,0.6320196425315417,0.7265051395007343,0.6470593222132834,1301.0,888.0
ctranspath,tcga-ut,frozen,42,histology,mlp_1h,none,mean,0.6087663513259678,0.7102055800293686,0.6269121484925897,,
ctranspath,tcga-ut,frozen,42,histology,mlp_1h,d4,mean,0.6193075564842334,0.7216837983357807,0.6398773180986216,1298.0,829.0
ctranspath,tcga-ut,frozen,42,histology,mlp_1h,d4,logit_mean,0.6197422576761624,0.721757219774841,0.640570534059399,1298.0,829.0
ctranspath,tcga-ut,frozen,42,histology,mlp_1h,d4,vote,0.6183069371364192,0.7209985315712188,0.6390572910043529,1298.0,829.0
ctranspath,tcga-ut,frozen,42,histology,mlp_1h,d4,confidence,0.6186463937609962,0.7207782672540382,0.6378913702138477,1298.0,829.0
ctranspath,tcga-ut,frozen,0,histology,mlp_2h,none,mean,0.6229324226616451,0.7098384728340675,0.634700593792437,,
ctranspath,tcga-ut,frozen,0,histology,mlp_2h,d4,mean,0.62926118961393,0.7187958883994127,0.6417210145137267,1223.0,857.0
ctranspath,tcga-ut,frozen,0,histology,mlp_2h,d4,logit_mean,0.6299116749654112,0.7191874694077337,0.6424129208800259,1223.0,857.0
ctranspath,tcga-ut,frozen,0,histology,mlp_2h,d4,vote,0.6290481262371631,0.7182574645129711,0.6424171881873195,1223.0,857.0
ctranspath,tcga-ut,frozen,0,histology,mlp_2h,d4,confidence,0.6287624463720712,0.7178169358786098,0.6397731874935713,1223.0,857.0
ctranspath,tcga-ut,frozen,1,histology,mlp_2h,none,mean,0.6066189163707834,0.7087126774351444,0.6221827361373685,,
ctranspath,tcga-ut,frozen,1,histology,mlp_2h,d4,mean,0.6162381845602216,0.7195056289769947,0.6338430444251096,1252.0,811.0
ctranspath,tcga-ut,frozen,1,histology,mlp_2h,d4,logit_mean,0.6164537257787784,0.7197993147332354,0.633732071085428,1252.0,811.0
ctranspath,tcga-ut,frozen,1,histology,mlp_2h,d4,vote,0.6150022704314052,0.7183064121390113,0.6333492397946184,1252.0,811.0
ctranspath,tcga-ut,frozen,1,histology,mlp_2h,d4,confidence,0.6147851726287225,0.7179148311306902,0.6322237588942544,1252.0,811.0
ctranspath,tcga-ut,frozen,2,histology,mlp_2h,none,mean,0.608810803794781,0.7046989720998531,0.6242429089142861,,
ctranspath,tcga-ut,frozen,2,histology,mlp_2h,d4,mean,0.6174893441515146,0.7156632403328439,0.6336518699319658,1274.0,826.0
ctranspath,tcga-ut,frozen,2,histology,mlp_2h,d4,logit_mean,0.6168732633442846,0.7151248164464024,0.6327949129041828,1274.0,826.0
ctranspath,tcga-ut,frozen,2,histology,mlp_2h,d4,vote,0.6148484226882974,0.7127998042094958,0.6318099168181633,1274.0,826.0
ctranspath,tcga-ut,frozen,2,histology,mlp_2h,d4,confidence,0.6162620898186175,0.7140969162995595,0.6324433006119359,1274.0,826.0
ctranspath,tcga-ut,frozen,3,histology,mlp_2h,none,mean,0.6155481048597237,0.6995594713656388,0.6284083180488398,,
ctranspath,tcga-ut,frozen,3,histology,mlp_2h,d4,mean,0.6261186793098232,0.7122369065100342,0.6402004827573348,1368.0,850.0
ctranspath,tcga-ut,frozen,3,histology,mlp_2h,d4,logit_mean,0.6264849389067525,0.7125550660792952,0.6403369979229538,1368.0,850.0
ctranspath,tcga-ut,frozen,3,histology,mlp_2h,d4,vote,0.6239763468592501,0.711429270680372,0.6393923452446306,1368.0,850.0
ctranspath,tcga-ut,frozen,3,histology,mlp_2h,d4,confidence,0.6240843654987068,0.7106705824767499,0.6384914621260088,1368.0,850.0
ctranspath,tcga-ut,frozen,42,histology,mlp_2h,none,mean,0.6152357410031638,0.7062408223201174,0.6317532813872498,,
ctranspath,tcga-ut,frozen,42,histology,mlp_2h,d4,mean,0.6202803042964123,0.7164953499755262,0.6378444923390532,1254.0,835.0
ctranspath,tcga-ut,frozen,42,histology,mlp_2h,d4,logit_mean,0.621230629023106,0.7167400881057269,0.6387499272075721,1254.0,835.0
ctranspath,tcga-ut,frozen,42,histology,mlp_2h,d4,vote,0.6185126391459396,0.7147577092511013,0.6365907579838634,1254.0,835.0
ctranspath,tcga-ut,frozen,42,histology,mlp_2h,d4,confidence,0.6172665489355764,0.7137787567302986,0.6347420781406945,1254.0,835.0
dinov2_b,tcga-ut,frozen,0,general,knn_10,none,mean,0.30022910107793177,0.43294175232501225,0.3037245725316542,,
dinov2_b,tcga-ut,frozen,0,general,knn_10,d4,mean,0.3058291868480662,0.43749388154674496,0.31117761721171355,2517.0,2331.0
dinov2_b,tcga-ut,frozen,0,general,knn_5,none,mean,0.28505706347067084,0.40357317670093,0.29023074894659145,,
dinov2_b,tcga-ut,frozen,0,general,knn_5,d4,mean,0.2901053634004587,0.41169848262359277,0.2955835086660881,2789.0,2457.0
dinov2_b,tcga-ut,frozen,0,general,linear,none,mean,0.5116206222603548,0.623225648556045,0.5251826973578483,,
dinov2_b,tcga-ut,frozen,0,general,linear,d4,mean,0.5257484323167084,0.6395252080274106,0.5410946421125796,1758.0,1092.0
dinov2_b,tcga-ut,frozen,0,general,linear,d4,logit_mean,0.5249579823683985,0.6393049437102301,0.5407698740333802,1758.0,1092.0
dinov2_b,tcga-ut,frozen,0,general,linear,d4,vote,0.5230467050036778,0.636049926578561,0.5386473155394509,1758.0,1092.0
dinov2_b,tcga-ut,frozen,0,general,linear,d4,confidence,0.5235441685822725,0.6357317670093,0.5351332160897342,1758.0,1092.0
dinov2_b,tcga-ut,frozen,1,general,linear,none,mean,0.5142581654812173,0.6247674987763093,0.5274458551612635,,
dinov2_b,tcga-ut,frozen,1,general,linear,d4,mean,0.5289338997783746,0.6411404796867352,0.5433613444145318,1784.0,1115.0
dinov2_b,tcga-ut,frozen,1,general,linear,d4,logit_mean,0.527844596022591,0.6409936368086148,0.5429108071106722,1784.0,1115.0
dinov2_b,tcga-ut,frozen,1,general,linear,d4,vote,0.5269646281506877,0.6393783651492903,0.5418892938645476,1784.0,1115.0
dinov2_b,tcga-ut,frozen,1,general,linear,d4,confidence,0.5284172815438076,0.6376651982378855,0.5388638994628475,1784.0,1115.0
dinov2_b,tcga-ut,frozen,2,general,linear,none,mean,0.49456277965366285,0.6164953499755262,0.5090459431549487,,
dinov2_b,tcga-ut,frozen,2,general,linear,d4,mean,0.5069462593727837,0.6311796377875672,0.5236833034136436,1716.0,1116.0
dinov2_b,tcga-ut,frozen,2,general,linear,d4,logit_mean,0.50697195580767,0.631424375917768,0.5242787100153921,1716.0,1116.0
dinov2_b,tcga-ut,frozen,2,general,linear,d4,vote,0.5045734541625111,0.6283651492902594,0.521501897474752,1716.0,1116.0
dinov2_b,tcga-ut,frozen,2,general,linear,d4,confidence,0.505882019447404,0.6274106705824768,0.5192231002472717,1716.0,1116.0
dinov2_b,tcga-ut,frozen,3,general,linear,none,mean,0.5209364962727441,0.6243269701419482,0.52934962528991,,
dinov2_b,tcga-ut,frozen,3,general,linear,d4,mean,0.5311626999868043,0.6406265296133138,0.5407402090971928,1801.0,1135.0
dinov2_b,tcga-ut,frozen,3,general,linear,d4,logit_mean,0.5301135389517417,0.6405775819872737,0.5406954738255391,1801.0,1135.0
dinov2_b,tcga-ut,frozen,3,general,linear,d4,vote,0.5301123685847522,0.6390846793930495,0.5402582716820744,1801.0,1135.0
dinov2_b,tcga-ut,frozen,3,general,linear,d4,confidence,0.5303727323535926,0.6366128242780226,0.5364377585587227,1801.0,1135.0
dinov2_b,tcga-ut,frozen,42,general,linear,none,mean,0.49536811050770235,0.6174498286833089,0.5102792867885885,,
dinov2_b,tcga-ut,frozen,42,general,linear,d4,mean,0.5052309219404981,0.6308614782183064,0.5199565676658271,1690.0,1142.0
dinov2_b,tcga-ut,frozen,42,general,linear,d4,logit_mean,0.5054405083626381,0.6308614782183064,0.5212717200302239,1690.0,1142.0
dinov2_b,tcga-ut,frozen,42,general,linear,d4,vote,0.5039845306605938,0.6290993636808615,0.5199656416821038,1690.0,1142.0
dinov2_b,tcga-ut,frozen,42,general,linear,d4,confidence,0.506330936329482,0.6296133137542829,0.5182393549701461,1690.0,1142.0
dinov2_b,tcga-ut,frozen,0,general,mlp_1h,none,mean,0.5224941019160696,0.6406265296133138,0.5411304890231193,,
dinov2_b,tcga-ut,frozen,0,general,mlp_1h,d4,mean,0.5373543668023965,0.6577826725403818,0.5587973520505474,1790.0,1089.0
dinov2_b,tcga-ut,frozen,0,general,mlp_1h,d4,logit_mean,0.5361017835355157,0.6571708272148801,0.5580691002642851,1790.0,1089.0
dinov2_b,tcga-ut,frozen,0,general,mlp_1h,d4,vote,0.5354206953434385,0.6571953010279001,0.5568889970773148,1790.0,1089.0
dinov2_b,tcga-ut,frozen,0,general,mlp_1h,d4,confidence,0.5370450249259376,0.6548947626040137,0.5555317796877425,1790.0,1089.0
dinov2_b,tcga-ut,frozen,1,general,mlp_1h,none,mean,0.5420224729813581,0.6438081253059227,0.5434742374707489,,
dinov2_b,tcga-ut,frozen,1,general,mlp_1h,d4,mean,0.5562475428614166,0.6599608418991679,0.55891261072574,1793.0,1133.0
dinov2_b,tcga-ut,frozen,1,general,mlp_1h,d4,logit_mean,0.5550592405024415,0.6603279490944689,0.5586266973319202,1793.0,1133.0
dinov2_b,tcga-ut,frozen,1,general,mlp_1h,d4,vote,0.5536235786607795,0.6576847772883015,0.5565977039790371,1793.0,1133.0
dinov2_b,tcga-ut,frozen,1,general,mlp_1h,d4,confidence,0.5560998232040576,0.6574889867841409,0.5545784328810046,1793.0,1133.0
dinov2_b,tcga-ut,frozen,2,general,mlp_1h,none,mean,0.5194655143046388,0.6325991189427312,0.5295595709741656,,
dinov2_b,tcga-ut,frozen,2,general,mlp_1h,d4,mean,0.535291167878948,0.6512236906510034,0.5474912042952138,1793.0,1032.0
dinov2_b,tcga-ut,frozen,2,general,mlp_1h,d4,logit_mean,0.5355199218359709,0.6509544787077827,0.5490342291338465,1793.0,1032.0
dinov2_b,tcga-ut,frozen,2,general,mlp_1h,d4,vote,0.5344843189575905,0.6493636808614782,0.546758407262658,1793.0,1032.0
dinov2_b,tcga-ut,frozen,2,general,mlp_1h,d4,confidence,0.5354307390429379,0.6470386686245717,0.544024570574463,1793.0,1032.0
dinov2_b,tcga-ut,frozen,3,general,mlp_1h,none,mean,0.5258789174601628,0.635022026431718,0.5400530164575323,,
dinov2_b,tcga-ut,frozen,3,general,mlp_1h,d4,mean,0.5404760252708998,0.6510279001468429,0.5563000514268458,1764.0,1110.0
dinov2_b,tcga-ut,frozen,3,general,mlp_1h,d4,logit_mean,0.5392418969315166,0.6508076358296623,0.5563895446025253,1764.0,1110.0
dinov2_b,tcga-ut,frozen,3,general,mlp_1h,d4,vote,0.5372898512176232,0.6484092021536956,0.5544262787175287,1764.0,1110.0
dinov2_b,tcga-ut,frozen,3,general,mlp_1h,d4,confidence,0.5392899676268238,0.6483113069016153,0.550990521999337,1764.0,1110.0
dinov2_b,tcga-ut,frozen,42,general,mlp_1h,none,mean,0.5216953585534995,0.6361722956436613,0.5399499824092084,,
dinov2_b,tcga-ut,frozen,42,general,mlp_1h,d4,mean,0.5375137825886254,0.6533284385707293,0.5569143755160946,1799.0,1098.0
dinov2_b,tcga-ut,frozen,42,general,mlp_1h,d4,logit_mean,0.5368154198218967,0.6529368575624083,0.5569836449908547,1799.0,1098.0
dinov2_b,tcga-ut,frozen,42,general,mlp_1h,d4,vote,0.5337807785030064,0.6507342143906021,0.553329751196059,1799.0,1098.0
dinov2_b,tcga-ut,frozen,42,general,mlp_1h,d4,confidence,0.535619081433755,0.6492168379833578,0.5522230721860302,1799.0,1098.0
dinov2_b,tcga-ut,frozen,0,general,mlp_2h,none,mean,0.5254148762562092,0.642511013215859,0.5422470327919378,,
dinov2_b,tcga-ut,frozen,0,general,mlp_2h,d4,mean,0.5396945998934022,0.6573666177190406,0.5576004130955295,1793.0,1186.0
dinov2_b,tcga-ut,frozen,0,general,mlp_2h,d4,logit_mean,0.5378247968703043,0.6568281938325992,0.5567025639588928,1793.0,1186.0
dinov2_b,tcga-ut,frozen,0,general,mlp_2h,d4,vote,0.5355625429293904,0.6553842388644151,0.5540447374127871,1793.0,1186.0
dinov2_b,tcga-ut,frozen,0,general,mlp_2h,d4,confidence,0.5402457926469073,0.6562408223201175,0.5550123686818853,1793.0,1186.0
dinov2_b,tcga-ut,frozen,1,general,mlp_2h,none,mean,0.5323018064581495,0.6357562408223201,0.5470484843133732,,
dinov2_b,tcga-ut,frozen,1,general,mlp_2h,d4,mean,0.5488412244119333,0.6539892315222712,0.5648583080670587,1848.0,1103.0
dinov2_b,tcga-ut,frozen,1,general,mlp_2h,d4,logit_mean,0.5469925837454341,0.6529858051884484,0.5641670708410119,1848.0,1103.0
dinov2_b,tcga-ut,frozen,1,general,mlp_2h,d4,vote,0.5446062803006335,0.650709740577582,0.5600907632428843,1848.0,1103.0
dinov2_b,tcga-ut,frozen,1,general,mlp_2h,d4,confidence,0.5471909126242874,0.6520068526676456,0.560183026729717,1848.0,1103.0
dinov2_b,tcga-ut,frozen,2,general,mlp_2h,none,mean,0.5423114984892257,0.6461820851688693,0.5519539597052049,,
dinov2_b,tcga-ut,frozen,2,general,mlp_2h,d4,mean,0.5565717895488229,0.6638766519823789,0.5672703107803786,1849.0,1126.0
dinov2_b,tcga-ut,frozen,2,general,mlp_2h,d4,logit_mean,0.5568136875289081,0.6646598139990211,0.5688132499172632,1849.0,1126.0
dinov2_b,tcga-ut,frozen,2,general,mlp_2h,d4,vote,0.5568502801940503,0.6635584924131179,0.5689312132103085,1849.0,1126.0
dinov2_b,tcga-ut,frozen,2,general,mlp_2h,d4,confidence,0.5573086825221026,0.6618697993147332,0.5637087494966607,1849.0,1126.0
dinov2_b,tcga-ut,frozen,3,general,mlp_2h,none,mean,0.5407320859375742,0.641091532060695,0.5429311830189567,,
dinov2_b,tcga-ut,frozen,3,general,mlp_2h,d4,mean,0.5584089690200166,0.6609887420460108,0.5634859099495605,1944.0,1131.0
dinov2_b,tcga-ut,frozen,3,general,mlp_2h,d4,logit_mean,0.5573302020172404,0.6612579539892315,0.5638689099741401,1944.0,1131.0
dinov2_b,tcga-ut,frozen,3,general,mlp_2h,d4,vote,0.5554255167051498,0.6593979441997063,0.5610710776051678,1944.0,1131.0
dinov2_b,tcga-ut,frozen,3,general,mlp_2h,d4,confidence,0.5563026139891213,0.6558737151248164,0.5585883411272605,1944.0,1131.0
dinov2_b,tcga-ut,frozen,42,general,mlp_2h,none,mean,0.5292479955510266,0.6404796867351933,0.5374084048660286,,
dinov2_b,tcga-ut,frozen,42,general,mlp_2h,d4,mean,0.5453752632646518,0.6594958394517866,0.5548852025085014,1917.0,1140.0
dinov2_b,tcga-ut,frozen,42,general,mlp_2h,d4,logit_mean,0.5449552301264845,0.6601811062163485,0.5557008589307568,1917.0,1140.0
dinov2_b,tcga-ut,frozen,42,general,mlp_2h,d4,vote,0.5422843367765258,0.6577826725403818,0.5523387677051664,1917.0,1140.0
dinov2_b,tcga-ut,frozen,42,general,mlp_2h,d4,confidence,0.546649300464711,0.6574400391581008,0.5530143531431974,1917.0,1140.0
dinov2_s,tcga-ut,frozen,0,general,knn_10,none,mean,0.29860945425952146,0.42809593734703866,0.30706718639327596,,
dinov2_s,tcga-ut,frozen,0,general,knn_10,d4,mean,0.30540925058626,0.4365638766519824,0.3148890679391205,2753.0,2407.0
dinov2_s,tcga-ut,frozen,0,general,knn_5,none,mean,0.28357589408000927,0.40073421439060203,0.2923998448436683,,
dinov2_s,tcga-ut,frozen,0,general,knn_5,d4,mean,0.2918069520999239,0.4116740088105727,0.30197108450262855,2986.0,2539.0
dinov2_s,tcga-ut,frozen,0,general,linear,none,mean,0.4949027318944592,0.5985070974057758,0.5049467831581148,,
dinov2_s,tcga-ut,frozen,0,general,linear,d4,mean,0.5099322382938373,0.6148311306901615,0.5214574344144925,1918.0,1251.0
dinov2_s,tcga-ut,frozen,0,general,linear,d4,logit_mean,0.509267724303355,0.6150513950073422,0.5224856848760653,1918.0,1251.0
dinov2_s,tcga-ut,frozen,0,general,linear,d4,vote,0.5085815155376819,0.6136074400391581,0.5210625571345254,1918.0,1251.0
dinov2_s,tcga-ut,frozen,0,general,linear,d4,confidence,0.5107682918685021,0.6104503181595693,0.5165005853691041,1918.0,1251.0
dinov2_s,tcga-ut,frozen,1,general,linear,none,mean,0.4994940716516945,0.6009055310817425,0.5093857590287378,,
dinov2_s,tcga-ut,frozen,1,general,linear,d4,mean,0.5195713099899556,0.6204356338717573,0.529755373036894,1974.0,1176.0
dinov2_s,tcga-ut,frozen,1,general,linear,d4,logit_mean,0.5185450091855193,0.6203866862457171,0.5300976196173641,1974.0,1176.0
dinov2_s,tcga-ut,frozen,1,general,linear,d4,vote,0.5156226427191403,0.6172785119921684,0.5258400562124651,1974.0,1176.0
dinov2_s,tcga-ut,frozen,1,general,linear,d4,confidence,0.5185244125916866,0.6151248164464024,0.521847848402804,1974.0,1176.0
dinov2_s,tcga-ut,frozen,2,general,linear,none,mean,0.5027142363418476,0.6007831620166422,0.5119093438767374,,
dinov2_s,tcga-ut,frozen,2,general,linear,d4,mean,0.5215749890463397,0.620019579050416,0.533201416852011,2037.0,1251.0
dinov2_s,tcga-ut,frozen,2,general,linear,d4,logit_mean,0.5202914839994591,0.6196769456681351,0.5336491544714295,2037.0,1251.0
dinov2_s,tcga-ut,frozen,2,general,linear,d4,vote,0.5182889156835301,0.6175721977484092,0.529854974718198,2037.0,1251.0
dinov2_s,tcga-ut,frozen,2,general,linear,d4,confidence,0.520931211918597,0.6148066568771414,0.5261598533599556,2037.0,1251.0
dinov2_s,tcga-ut,frozen,3,general,linear,none,mean,0.4961408751241027,0.5988007831620167,0.5040236058090474,,
dinov2_s,tcga-ut,frozen,3,general,linear,d4,mean,0.5147858406569006,0.616764561918747,0.5242154358431165,1935.0,1201.0
dinov2_s,tcga-ut,frozen,3,general,linear,d4,logit_mean,0.5130108838129194,0.616764561918747,0.5240627481830947,1935.0,1201.0
dinov2_s,tcga-ut,frozen,3,general,linear,d4,vote,0.5108424473032062,0.6140969162995594,0.5210845423652983,1935.0,1201.0
dinov2_s,tcga-ut,frozen,3,general,linear,d4,confidence,0.5118164988278013,0.6103768967205091,0.5157804593740415,1935.0,1201.0
dinov2_s,tcga-ut,frozen,42,general,linear,none,mean,0.4991374956664804,0.6035242290748899,0.5066892053870679,,
dinov2_s,tcga-ut,frozen,42,general,linear,d4,mean,0.5204033289575405,0.622124326970142,0.5285150463732909,1971.0,1211.0
dinov2_s,tcga-ut,frozen,42,general,linear,d4,logit_mean,0.5188258400873588,0.6221732745961821,0.528704629427294,1971.0,1211.0
dinov2_s,tcga-ut,frozen,42,general,linear,d4,vote,0.5151382489221822,0.6197014194811552,0.5245529905224259,1971.0,1211.0
dinov2_s,tcga-ut,frozen,42,general,linear,d4,confidence,0.5199872222049656,0.6172785119921684,0.5219737825635238,1971.0,1211.0
dinov2_s,tcga-ut,frozen,0,general,mlp_1h,none,mean,0.5150973045409908,0.6211209006363191,0.5227747109147894,,
dinov2_s,tcga-ut,frozen,0,general,mlp_1h,d4,mean,0.5360186204548586,0.6445178658835047,0.5469137562360243,2240.0,1284.0
dinov2_s,tcga-ut,frozen,0,general,mlp_1h,d4,logit_mean,0.5349286130216694,0.6448115516397455,0.5477614235666339,2240.0,1284.0
dinov2_s,tcga-ut,frozen,0,general,mlp_1h,d4,vote,0.5329927577156905,0.641801272638277,0.5447691589788758,2240.0,1284.0
dinov2_s,tcga-ut,frozen,0,general,mlp_1h,d4,confidence,0.5379494330800918,0.6420949583945179,0.5432678985126721,2240.0,1284.0
dinov2_s,tcga-ut,frozen,1,general,mlp_1h,none,mean,0.512038573313108,0.6187714145863925,0.5194435941475992,,
dinov2_s,tcga-ut,frozen,1,general,mlp_1h,d4,mean,0.529224623635247,0.6389133627019089,0.537773540864195,2009.0,1186.0
dinov2_s,tcga-ut,frozen,1,general,mlp_1h,d4,logit_mean,0.5287000541906877,0.6394028389623103,0.5388251360782115,2009.0,1186.0
dinov2_s,tcga-ut,frozen,1,general,mlp_1h,d4,vote,0.5265517156248343,0.6370778267254038,0.53598530737807,2009.0,1186.0
dinov2_s,tcga-ut,frozen,1,general,mlp_1h,d4,confidence,0.5308416502325377,0.6353891336270191,0.5343387421604513,2009.0,1186.0
dinov2_s,tcga-ut,frozen,2,general,mlp_1h,none,mean,0.512687406870978,0.6271169848262359,0.5224888011329747,,
dinov2_s,tcga-ut,frozen,2,general,mlp_1h,d4,mean,0.5300704087366915,0.6481889378365149,0.5419014505462916,2052.0,1191.0
dinov2_s,tcga-ut,frozen,2,general,mlp_1h,d4,logit_mean,0.5289503126557638,0.6481399902104747,0.5428339743499991,2052.0,1191.0
dinov2_s,tcga-ut,frozen,2,general,mlp_1h,d4,vote,0.5275865276382008,0.6458883994126284,0.5400913761865082,2052.0,1191.0
dinov2_s,tcga-ut,frozen,2,general,mlp_1h,d4,confidence,0.530604531358352,0.6456436612824278,0.5378649234068567,2052.0,1191.0
dinov2_s,tcga-ut,frozen,3,general,mlp_1h,none,mean,0.49851318337646183,0.6207537934410181,0.5154277052727275,,
dinov2_s,tcga-ut,frozen,3,general,mlp_1h,d4,mean,0.516328840697907,0.6408223201174743,0.5347295736458816,1980.0,1160.0
dinov2_s,tcga-ut,frozen,3,general,mlp_1h,d4,logit_mean,0.515563463808308,0.6410425844346549,0.535400473402458,1980.0,1160.0
dinov2_s,tcga-ut,frozen,3,general,mlp_1h,d4,vote,0.5145489489438532,0.6398923152227117,0.5332753829372001,1980.0,1160.0
dinov2_s,tcga-ut,frozen,3,general,mlp_1h,d4,confidence,0.5149244939440202,0.6380567792462065,0.5290985837720447,1980.0,1160.0
dinov2_s,tcga-ut,frozen,42,general,mlp_1h,none,mean,0.5079550253137978,0.6154674498286833,0.5170236546239376,,
dinov2_s,tcga-ut,frozen,42,general,mlp_1h,d4,mean,0.5281107092638032,0.6387665198237885,0.5379407806298888,2182.0,1230.0
dinov2_s,tcga-ut,frozen,42,general,mlp_1h,d4,logit_mean,0.5255255157865651,0.6380078316201664,0.5373339459804651,2182.0,1230.0
dinov2_s,tcga-ut,frozen,42,general,mlp_1h,d4,vote,0.5225911772519157,0.6343857072931963,0.5326419195587885,2182.0,1230.0
dinov2_s,tcga-ut,frozen,42,general,mlp_1h,d4,confidence,0.5265930548566711,0.6340430739109153,0.5314950232839822,2182.0,1230.0
dinov2_s,tcga-ut,frozen,0,general,mlp_2h,none,mean,0.5165004608396186,0.6242046010768477,0.5251095913104973,,
dinov2_s,tcga-ut,frozen,0,general,mlp_2h,d4,mean,0.5359402007551688,0.6440039158100832,0.5460436782872103,2026.0,1217.0
dinov2_s,tcga-ut,frozen,0,general,mlp_2h,d4,logit_mean,0.5350157528695179,0.6435144395496818,0.5465168569098455,2026.0,1217.0
dinov2_s,tcga-ut,frozen,0,general,mlp_2h,d4,vote,0.5330582148909677,0.6431228585413608,0.5437472570948011,2026.0,1217.0
dinov2_s,tcga-ut,frozen,0,general,mlp_2h,d4,confidence,0.5356771895986905,0.6404552129221732,0.5407527785854971,2026.0,1217.0
dinov2_s,tcga-ut,frozen,1,general,mlp_2h,none,mean,0.509154037633507,0.6173029858051885,0.5164265508546515,,
dinov2_s,tcga-ut,frozen,1,general,mlp_2h,d4,mean,0.527979848758106,0.6390357317670093,0.5355302083082789,2122.0,1234.0
dinov2_s,tcga-ut,frozen,1,general,mlp_2h,d4,logit_mean,0.526508367230992,0.6388644150758688,0.5357560582685663,2122.0,1234.0
dinov2_s,tcga-ut,frozen,1,general,mlp_2h,d4,vote,0.5261505624205507,0.6373715124816446,0.5347744456878358,2122.0,1234.0
dinov2_s,tcga-ut,frozen,1,general,mlp_2h,d4,confidence,0.5277788579481675,0.6357317670093,0.530920500060069,2122.0,1234.0
dinov2_s,tcga-ut,frozen,2,general,mlp_2h,none,mean,0.5178506875659293,0.6222956436612824,0.5292013316061935,,
dinov2_s,tcga-ut,frozen,2,general,mlp_2h,d4,mean,0.5343168290673733,0.641776798825257,0.5467704463342484,2062.0,1266.0
dinov2_s,tcga-ut,frozen,2,general,mlp_2h,d4,logit_mean,0.5327854597128602,0.6424375917767988,0.5463283140347519,2062.0,1266.0
dinov2_s,tcga-ut,frozen,2,general,mlp_2h,d4,vote,0.5293274571945998,0.6376407244248654,0.542264052460611,2062.0,1266.0
dinov2_s,tcga-ut,frozen,2,general,mlp_2h,d4,confidence,0.5335193931399721,0.6370533529123837,0.5411282426828943,2062.0,1266.0
dinov2_s,tcga-ut,frozen,3,general,mlp_2h,none,mean,0.5026658031629646,0.6222466960352423,0.5121466053152909,,
dinov2_s,tcga-ut,frozen,3,general,mlp_2h,d4,mean,0.5257303898396168,0.6473323543808125,0.5357852653927724,2288.0,1263.0
dinov2_s,tcga-ut,frozen,3,general,mlp_2h,d4,logit_mean,0.5236151384978734,0.6471120900636319,0.5358603521236032,2288.0,1263.0
dinov2_s,tcga-ut,frozen,3,general,mlp_2h,d4,vote,0.520237820681954,0.6427312775330396,0.5313621504759339,2288.0,1263.0
dinov2_s,tcga-ut,frozen,3,general,mlp_2h,d4,confidence,0.5223297754334009,0.6421928536465982,0.5284661789559258,2288.0,1263.0
dinov2_s,tcga-ut,frozen,42,general,mlp_2h,none,mean,0.5069839160415348,0.6174498286833089,0.5221211052620948,,
dinov2_s,tcga-ut,frozen,42,general,mlp_2h,d4,mean,0.5291442581026352,0.6398188937836515,0.5457734655175396,2153.0,1239.0
dinov2_s,tcga-ut,frozen,42,general,mlp_2h,d4,logit_mean,0.5266056256379431,0.6394028389623103,0.5447576301120923,2153.0,1239.0
dinov2_s,tcga-ut,frozen,42,general,mlp_2h,d4,vote,0.5249856858032644,0.6367107195301028,0.5424242461101878,2153.0,1239.0
dinov2_s,tcga-ut,frozen,42,general,mlp_2h,d4,confidence,0.5281144854017056,0.6356338717572197,0.5407558117694777,2153.0,1239.0
gigapath,tcga-ut,frozen,0,histology,knn_10,none,mean,0.6444388975492881,0.7308370044052863,0.6533841045535841,,
gigapath,tcga-ut,frozen,0,histology,knn_10,d4,mean,0.6459668956169914,0.7320851688693099,0.6555227778974406,813.0,762.0
gigapath,tcga-ut,frozen,0,histology,knn_5,none,mean,0.6330396324494291,0.712163485070974,0.6404422124433247,,
gigapath,tcga-ut,frozen,0,histology,knn_5,d4,mean,0.6367378115719647,0.714635340186001,0.6433687126488249,905.0,804.0
gigapath,tcga-ut,frozen,0,histology,linear,none,mean,0.7376889545030141,0.8104013705335291,0.7534143651435935,,
gigapath,tcga-ut,frozen,0,histology,linear,d4,mean,0.7403718406307427,0.8131669114047969,0.7561224734781262,638.0,525.0
gigapath,tcga-ut,frozen,0,histology,linear,d4,logit_mean,0.7400789236276756,0.8129221732745961,0.7559248756847293,638.0,525.0
gigapath,tcga-ut,frozen,0,histology,linear,d4,vote,0.739451301730168,0.8131424375917768,0.7554624900062695,638.0,525.0
gigapath,tcga-ut,frozen,0,histology,linear,d4,confidence,0.7403312910543381,0.8130200685266764,0.7565613930720848,638.0,525.0
gigapath,tcga-ut,frozen,1,histology,linear,none,mean,0.7360549301865739,0.8114047968673519,0.7537134712440036,,
gigapath,tcga-ut,frozen,1,histology,linear,d4,mean,0.7394281924425604,0.8151492902594224,0.7569214948775181,634.0,481.0
gigapath,tcga-ut,frozen,1,histology,linear,d4,logit_mean,0.7387820214185356,0.8148311306901616,0.7564867540974028,634.0,481.0
gigapath,tcga-ut,frozen,1,histology,linear,d4,vote,0.7372949708600892,0.8140234948604993,0.7550193512416737,634.0,481.0
gigapath,tcga-ut,frozen,1,histology,linear,d4,confidence,0.7380659523219485,0.8142437591776799,0.7552166016396015,634.0,481.0
gigapath,tcga-ut,frozen,2,histology,linear,none,mean,0.736267110434926,0.80712187958884,0.7480626057875976,,
gigapath,tcga-ut,frozen,2,histology,linear,d4,mean,0.7406895502073239,0.8116495349975527,0.7529753752296464,701.0,516.0
gigapath,tcga-ut,frozen,2,histology,linear,d4,logit_mean,0.7407386951781519,0.8116005873715125,0.7534236263570081,701.0,516.0
gigapath,tcga-ut,frozen,2,histology,linear,d4,vote,0.7384289508838754,0.8105237395986294,0.7513985380816153,701.0,516.0
gigapath,tcga-ut,frozen,2,histology,linear,d4,confidence,0.7411643377096221,0.8116495349975527,0.7529366900488887,701.0,516.0
gigapath,tcga-ut,frozen,3,histology,linear,none,mean,0.7340135272259418,0.809275575134606,0.7502954853148935,,
gigapath,tcga-ut,frozen,3,histology,linear,d4,mean,0.7364872804744722,0.8115516397454724,0.7526443145733391,613.0,520.0
gigapath,tcga-ut,frozen,3,histology,linear,d4,logit_mean,0.736496814867936,0.8115761135584925,0.7527800373416322,613.0,520.0
gigapath,tcga-ut,frozen,3,histology,linear,d4,vote,0.7350889879056365,0.8116740088105727,0.7514077179738828,613.0,520.0
gigapath,tcga-ut,frozen,3,histology,linear,d4,confidence,0.736876959240516,0.8118942731277533,0.7527347349910951,613.0,520.0
gigapath,tcga-ut,frozen,42,histology,linear,none,mean,0.740126005827914,0.812139011257954,0.75374609865311,,
gigapath,tcga-ut,frozen,42,histology,linear,d4,mean,0.7440328471935802,0.8160058737151248,0.75808566054536,652.0,494.0
gigapath,tcga-ut,frozen,42,histology,linear,d4,logit_mean,0.7442194946512889,0.8161282427802251,0.7583953427291492,652.0,494.0
gigapath,tcga-ut,frozen,42,histology,linear,d4,vote,0.7429782166074022,0.8158590308370044,0.7571378826951412,652.0,494.0
gigapath,tcga-ut,frozen,42,histology,linear,d4,confidence,0.7445824113393686,0.8162016642192854,0.7578913408303961,652.0,494.0
gigapath,tcga-ut,frozen,0,histology,mlp_1h,none,mean,0.7408168863348534,0.8113803230543318,0.755758371573465,,
gigapath,tcga-ut,frozen,0,histology,mlp_1h,d4,mean,0.7437416979292921,0.8142682329907,0.7583984409130056,534.0,416.0
gigapath,tcga-ut,frozen,0,histology,mlp_1h,d4,logit_mean,0.7435806238694631,0.8141213901125796,0.7580189183376449,534.0,416.0
gigapath,tcga-ut,frozen,0,histology,mlp_1h,d4,vote,0.7442307422559944,0.8150513950073421,0.7593529933947439,534.0,416.0
gigapath,tcga-ut,frozen,0,histology,mlp_1h,d4,confidence,0.7428518585688129,0.8136563876651982,0.7580247670781689,534.0,416.0
gigapath,tcga-ut,frozen,1,histology,mlp_1h,none,mean,0.742897680745753,0.8172785119921684,0.7559234237341748,,
gigapath,tcga-ut,frozen,1,histology,mlp_1h,d4,mean,0.7464250974472441,0.8197258932941752,0.7597172398755169,524.0,424.0
gigapath,tcga-ut,frozen,1,histology,mlp_1h,d4,logit_mean,0.7463945451214608,0.819652471855115,0.7595403625444965,524.0,424.0
gigapath,tcga-ut,frozen,1,histology,mlp_1h,d4,vote,0.7461212561299786,0.8201908957415566,0.7595120292293011,524.0,424.0
gigapath,tcga-ut,frozen,1,histology,mlp_1h,d4,confidence,0.7453665285249956,0.8199951052373959,0.7596348360189915,524.0,424.0
gigapath,tcga-ut,frozen,2,histology,mlp_1h,none,mean,0.7446508516745245,0.8176456191874694,0.7592430334608424,,
gigapath,tcga-ut,frozen,2,histology,mlp_1h,d4,mean,0.747329255478997,0.8210964268232991,0.7623633452855703,578.0,437.0
gigapath,tcga-ut,frozen,2,histology,mlp_1h,d4,logit_mean,0.7472869131976095,0.8209006363191386,0.7622033498501101,578.0,437.0
gigapath,tcga-ut,frozen,2,histology,mlp_1h,d4,vote,0.7468913795582054,0.821071953010279,0.7623670952072105,578.0,437.0
gigapath,tcga-ut,frozen,2,histology,mlp_1h,d4,confidence,0.7473993479608834,0.8204111600587372,0.7620341582587963,578.0,437.0
gigapath,tcga-ut,frozen,3,histology,mlp_1h,none,mean,0.7430834981292761,0.8108908467939305,0.7513450820742521,,
gigapath,tcga-ut,frozen,3,histology,mlp_1h,d4,mean,0.7445973450749792,0.8131424375917768,0.7521464394875207,534.0,442.0
gigapath,tcga-ut,frozen,3,histology,mlp_1h,d4,logit_mean,0.7445679930235072,0.8131179637787568,0.7522484805793922,534.0,442.0
gigapath,tcga-ut,frozen,3,histology,mlp_1h,d4,vote,0.7446932923657793,0.8129466470876162,0.7526205853200558,534.0,442.0
gigapath,tcga-ut,frozen,3,histology,mlp_1h,d4,confidence,0.744031132502481,0.8130934899657367,0.7526636239921769,534.0,442.0
gigapath,tcga-ut,frozen,42,histology,mlp_1h,none,mean,0.7455452480091984,0.8151737640724425,0.756863249877076,,
gigapath,tcga-ut,frozen,42,histology,mlp_1h,d4,mean,0.7499723288824097,0.8189672050905531,0.7617147438893903,558.0,403.0
gigapath,tcga-ut,frozen,42,histology,mlp_1h,d4,logit_mean,0.7503878562538916,0.8190651003426334,0.7621172103491112,558.0,403.0
gigapath,tcga-ut,frozen,42,histology,mlp_1h,d4,vote,0.7481384018955878,0.8177679882525698,0.7601882301613188,558.0,403.0
gigapath,tcga-ut,frozen,42,histology,mlp_1h,d4,confidence,0.7499441001741453,0.8185266764561919,0.7615316639851473,558.0,403.0
gigapath,tcga-ut,frozen,0,histology,mlp_2h,none,mean,0.7527386067305931,0.8187469407733725,0.766777325651743,,
gigapath,tcga-ut,frozen,0,histology,mlp_2h,d4,mean,0.7574177217378382,0.8224180127263828,0.7719683495105998,587.0,437.0
gigapath,tcga-ut,frozen,0,histology,mlp_2h,d4,logit_mean,0.7570434087346197,0.822148800783162,0.7714345153604745,587.0,437.0
gigapath,tcga-ut,frozen,0,histology,mlp_2h,d4,vote,0.7578313840650724,0.8225403817914831,0.7725947888132557,587.0,437.0
gigapath,tcga-ut,frozen,0,histology,mlp_2h,d4,confidence,0.7560695553259911,0.8224424865394029,0.771322838305139,587.0,437.0
gigapath,tcga-ut,frozen,1,histology,mlp_2h,none,mean,0.7548523848957415,0.8164464023494861,0.7609677793528236,,
gigapath,tcga-ut,frozen,1,histology,mlp_2h,d4,mean,0.7597852976555183,0.8210230053842389,0.7661402946672351,573.0,386.0
gigapath,tcga-ut,frozen,1,histology,mlp_2h,d4,logit_mean,0.7595543327951773,0.8211698482623593,0.7659207741959786,573.0,386.0
gigapath,tcga-ut,frozen,1,histology,mlp_2h,d4,vote,0.7582026564937665,0.8207048458149779,0.7646120327867093,573.0,386.0
gigapath,tcga-ut,frozen,1,histology,mlp_2h,d4,confidence,0.7595051571564525,0.8209495839451787,0.7670475942471333,573.0,386.0
gigapath,tcga-ut,frozen,2,histology,mlp_2h,none,mean,0.7642413451239431,0.8239109153206069,0.7720884012497714,,
gigapath,tcga-ut,frozen,2,histology,mlp_2h,d4,mean,0.7674234197259912,0.8279001468428782,0.7762796387455232,539.0,376.0
gigapath,tcga-ut,frozen,2,histology,mlp_2h,d4,logit_mean,0.7675327126562712,0.8274840920215369,0.7757321807728264,539.0,376.0
gigapath,tcga-ut,frozen,2,histology,mlp_2h,d4,vote,0.7677184240832842,0.827851199216838,0.7760138476182721,539.0,376.0
gigapath,tcga-ut,frozen,2,histology,mlp_2h,d4,confidence,0.7664364544527431,0.8280959373470387,0.7761949484525884,539.0,376.0
gigapath,tcga-ut,frozen,3,histology,mlp_2h,none,mean,0.7557426305401719,0.8212677435144395,0.7671103037074642,,
gigapath,tcga-ut,frozen,3,histology,mlp_2h,d4,mean,0.7589586802116755,0.8247185511502693,0.770889942531348,542.0,401.0
gigapath,tcga-ut,frozen,3,histology,mlp_2h,d4,logit_mean,0.7587129597126032,0.8244738130200685,0.7705993067293716,542.0,401.0
gigapath,tcga-ut,frozen,3,histology,mlp_2h,d4,vote,0.7584333612820796,0.8248409202153696,0.7704757322020447,542.0,401.0
gigapath,tcga-ut,frozen,3,histology,mlp_2h,d4,confidence,0.7582716690770739,0.8247430249632893,0.7710964089181567,542.0,401.0
gigapath,tcga-ut,frozen,42,histology,mlp_2h,none,mean,0.7565753324194592,0.8197014194811552,0.7638220094481863,,
gigapath,tcga-ut,frozen,42,histology,mlp_2h,d4,mean,0.7594504953795443,0.8229809104258443,0.7677851222114234,528.0,394.0
gigapath,tcga-ut,frozen,42,histology,mlp_2h,d4,logit_mean,0.7595459150998896,0.8226872246696035,0.7675953957108291,528.0,394.0
gigapath,tcga-ut,frozen,42,histology,mlp_2h,d4,vote,0.7584896416073784,0.8225403817914831,0.7666109912935714,528.0,394.0
gigapath,tcga-ut,frozen,42,histology,mlp_2h,d4,confidence,0.7586813645939288,0.822858541360744,0.7679445492736021,528.0,394.0
hoptimus,tcga-ut,frozen,0,histology,knn_10,none,mean,0.7164702251156343,0.7908467939304944,0.7368577969931671,,
hoptimus,tcga-ut,frozen,0,histology,knn_10,d4,mean,0.7190766480233381,0.7925354870288791,0.738731341550396,594.0,525.0
hoptimus,tcga-ut,frozen,0,histology,knn_5,none,mean,0.710463128540564,0.7779735682819383,0.7267605588636953,,
hoptimus,tcga-ut,frozen,0,histology,knn_5,d4,mean,0.7104717913288208,0.7784875183553598,0.7264129580289739,640.0,619.0
hoptimus,tcga-ut,frozen,0,histology,linear,none,mean,0.7939911579593139,0.847136563876652,0.8042061122733806,,
hoptimus,tcga-ut,frozen,0,histology,linear,d4,mean,0.7964885292960806,0.8493881546744982,0.8070298428319245,447.0,355.0
hoptimus,tcga-ut,frozen,0,histology,linear,d4,logit_mean,0.7964518894440562,0.8494860499265786,0.8071362402170835,447.0,355.0
hoptimus,tcga-ut,frozen,0,histology,linear,d4,vote,0.7956920598411423,0.8486294664708761,0.8067293555632196,447.0,355.0
hoptimus,tcga-ut,frozen,0,histology,linear,d4,confidence,0.7965761986087682,0.8494371023005384,0.8072712723777037,447.0,355.0
hoptimus,tcga-ut,frozen,1,histology,linear,none,mean,0.7932637205944068,0.8486539402838962,0.8057569562569039,,
hoptimus,tcga-ut,frozen,1,histology,linear,d4,mean,0.7952089670044228,0.8509055310817425,0.8081128924688195,428.0,336.0
hoptimus,tcga-ut,frozen,1,histology,linear,d4,logit_mean,0.7949168743267477,0.8508076358296622,0.8079441196907721,428.0,336.0
hoptimus,tcga-ut,frozen,1,histology,linear,d4,vote,0.7939754259790486,0.8504894762604014,0.8069492280388951,428.0,336.0
hoptimus,tcga-ut,frozen,1,histology,linear,d4,confidence,0.7948576067585396,0.8504894762604014,0.8077728155679801,428.0,336.0
hoptimus,tcga-ut,frozen,2,histology,linear,none,mean,0.790082074444845,0.8501713166911404,0.8027517265806795,,
hoptimus,tcga-ut,frozen,2,histology,linear,d4,mean,0.7923504216098259,0.852153695545766,0.8050080351574523,419.0,338.0
hoptimus,tcga-ut,frozen,2,histology,linear,d4,logit_mean,0.7923526839460131,0.8521781693587861,0.8050623616380344,419.0,338.0
hoptimus,tcga-ut,frozen,2,histology,linear,d4,vote,0.7917258787825361,0.8514684287812041,0.8045581848197073,419.0,338.0
hoptimus,tcga-ut,frozen,2,histology,linear,d4,confidence,0.7926759931821434,0.8517865883504651,0.804679101492942,419.0,338.0
hoptimus,tcga-ut,frozen,3,histology,linear,none,mean,0.7967727691896548,0.8483357807146353,0.8064525427469816,,
hoptimus,tcga-ut,frozen,3,histology,linear,d4,mean,0.8005754465405003,0.8513460597161038,0.8110004350964077,439.0,316.0
hoptimus,tcga-ut,frozen,3,histology,linear,d4,logit_mean,0.8001848571630653,0.8511013215859031,0.8105946384996948,439.0,316.0
hoptimus,tcga-ut,frozen,3,histology,linear,d4,vote,0.799510896101819,0.8506607929515418,0.8099509128845876,439.0,316.0
hoptimus,tcga-ut,frozen,3,histology,linear,d4,confidence,0.8004016472401256,0.8510279001468429,0.8108171264985397,439.0,316.0
hoptimus,tcga-ut,frozen,42,histology,linear,none,mean,0.7965501683508358,0.8504894762604014,0.8089214993769764,,
hoptimus,tcga-ut,frozen,42,histology,linear,d4,mean,0.7984459709180713,0.8526676456191875,0.811574749664088,406.0,317.0
hoptimus,tcga-ut,frozen,42,histology,linear,d4,logit_mean,0.7984488833230082,0.8527410670582477,0.8114793923209279,406.0,317.0
hoptimus,tcga-ut,frozen,42,histology,linear,d4,vote,0.7971418095996915,0.8519089574155654,0.8102206770769536,406.0,317.0
hoptimus,tcga-ut,frozen,42,histology,linear,d4,confidence,0.7985528952330879,0.852863436123348,0.8116223133412854,406.0,317.0
hoptimus,tcga-ut,frozen,0,histology,mlp_1h,none,mean,0.805895144666176,0.8569260890846794,0.8164631828219401,,
hoptimus,tcga-ut,frozen,0,histology,mlp_1h,d4,mean,0.8070618107486297,0.8595203132648067,0.8183267192205824,389.0,283.0
hoptimus,tcga-ut,frozen,0,histology,mlp_1h,d4,logit_mean,0.807368200657005,0.859618208516887,0.8184791426023156,389.0,283.0
hoptimus,tcga-ut,frozen,0,histology,mlp_1h,d4,vote,0.8066764416304194,0.8589818893783652,0.8177767527675679,389.0,283.0
hoptimus,tcga-ut,frozen,0,histology,mlp_1h,d4,confidence,0.8070571054101635,0.8593734703866862,0.8178531332566876,389.0,283.0
hoptimus,tcga-ut,frozen,1,histology,mlp_1h,none,mean,0.802811357594435,0.8529858051884484,0.8102144463802956,,
hoptimus,tcga-ut,frozen,1,histology,mlp_1h,d4,mean,0.8031711183965643,0.8547234459128732,0.8111973527040245,379.0,308.0
hoptimus,tcga-ut,frozen,1,histology,mlp_1h,d4,logit_mean,0.8031027178808103,0.8548213411649535,0.8109411926728747,379.0,308.0
hoptimus,tcga-ut,frozen,1,histology,mlp_1h,d4,vote,0.8026525991563256,0.8543563387175722,0.8109766030423107,379.0,308.0
hoptimus,tcga-ut,frozen,1,histology,mlp_1h,d4,confidence,0.8026162584547015,0.8544542339696525,0.8109059912119172,379.0,308.0
hoptimus,tcga-ut,frozen,2,histology,mlp_1h,none,mean,0.8093175184859007,0.8590308370044053,0.8172461807769843,,
hoptimus,tcga-ut,frozen,2,histology,mlp_1h,d4,mean,0.8104864163994516,0.8607440039158101,0.8189907258446383,353.0,283.0
hoptimus,tcga-ut,frozen,2,histology,mlp_1h,d4,logit_mean,0.8109960209042089,0.8610376896720509,0.8196581151410786,353.0,283.0
hoptimus,tcga-ut,frozen,2,histology,mlp_1h,d4,vote,0.8102745402329583,0.8602545276554087,0.819045535968499,353.0,283.0
hoptimus,tcga-ut,frozen,2,histology,mlp_1h,d4,confidence,0.8096300303277277,0.8604992657856094,0.8188065791644721,353.0,283.0
hoptimus,tcga-ut,frozen,3,histology,mlp_1h,none,mean,0.8086230717743982,0.8569750367107195,0.8189572899117974,,
hoptimus,tcga-ut,frozen,3,histology,mlp_1h,d4,mean,0.81057632135298,0.8589574155653451,0.8215319354395949,371.0,290.0
hoptimus,tcga-ut,frozen,3,histology,mlp_1h,d4,logit_mean,0.8106135798080681,0.8590797846304454,0.8216564093245745,371.0,290.0
hoptimus,tcga-ut,frozen,3,histology,mlp_1h,d4,vote,0.8084188995070449,0.8577581987273617,0.8191561214798488,371.0,290.0
hoptimus,tcga-ut,frozen,3,histology,mlp_1h,d4,confidence,0.8098265799306767,0.8592021536955458,0.8207602219881199,371.0,290.0
hoptimus,tcga-ut,frozen,42,histology,mlp_1h,none,mean,0.8055810828532289,0.8600342633382281,0.8149320967813111,,
hoptimus,tcga-ut,frozen,42,histology,mlp_1h,d4,mean,0.8056458219662137,0.8608418991678903,0.8159138918518147,339.0,306.0
hoptimus,tcga-ut,frozen,42,histology,mlp_1h,d4,logit_mean,0.8057391904256349,0.8607440039158101,0.8158680307125261,339.0,306.0
hoptimus,tcga-ut,frozen,42,histology,mlp_1h,d4,vote,0.8051378536038473,0.8608663729809104,0.815497845135249,339.0,306.0
hoptimus,tcga-ut,frozen,42,histology,mlp_1h,d4,confidence,0.8055322334156036,0.8610866372980911,0.8160398581844925,339.0,306.0
hoptimus,tcga-ut,frozen,0,histology,mlp_2h,none,mean,0.7965410563297721,0.8525452765540871,0.8073410400954774,,
hoptimus,tcga-ut,frozen,0,histology,mlp_2h,d4,mean,0.7976088253164406,0.8541605482134117,0.8091982720396615,352.0,286.0
hoptimus,tcga-ut,frozen,0,histology,mlp_2h,d4,logit_mean,0.7978410879679094,0.8542339696524719,0.8093994697595572,352.0,286.0
hoptimus,tcga-ut,frozen,0,histology,mlp_2h,d4,vote,0.7974027791002896,0.8538668624571708,0.8087644821296316,352.0,286.0
hoptimus,tcga-ut,frozen,0,histology,mlp_2h,d4,confidence,0.7972349415598892,0.8543073910915321,0.8091109322953517,352.0,286.0
hoptimus,tcga-ut,frozen,1,histology,mlp_2h,none,mean,0.8045597042350338,0.8552863436123348,0.8112887641167176,,
hoptimus,tcga-ut,frozen,1,histology,mlp_2h,d4,mean,0.8063361626726998,0.85717082721488,0.8144504112125569,361.0,284.0
hoptimus,tcga-ut,frozen,1,histology,mlp_2h,d4,logit_mean,0.8067678463781965,0.85717082721488,0.8147802309355209,361.0,284.0
hoptimus,tcga-ut,frozen,1,histology,mlp_2h,d4,vote,0.804287016136365,0.8562408223201174,0.812229922345088,361.0,284.0
hoptimus,tcga-ut,frozen,1,histology,mlp_2h,d4,confidence,0.8050524581549141,0.856803720019579,0.8133057962397888,361.0,284.0
hoptimus,tcga-ut,frozen,2,histology,mlp_2h,none,mean,0.8005111515953617,0.8509789525208027,0.8074057595736663,,
hoptimus,tcga-ut,frozen,2,histology,mlp_2h,d4,mean,0.8012747005065536,0.8529613313754283,0.8081914313479645,364.0,283.0
hoptimus,tcga-ut,frozen,2,histology,mlp_2h,d4,logit_mean,0.8011849472212864,0.8527900146842878,0.8080036569986329,364.0,283.0
hoptimus,tcga-ut,frozen,2,histology,mlp_2h,d4,vote,0.8008476761755183,0.8522760646108664,0.8074071115506397,364.0,283.0
hoptimus,tcga-ut,frozen,2,histology,mlp_2h,d4,confidence,0.800586846008488,0.8525697503671072,0.8078770057470331,364.0,283.0
hoptimus,tcga-ut,frozen,3,histology,mlp_2h,none,mean,0.7959294650544655,0.8562408223201174,0.811593331885383,,
hoptimus,tcga-ut,frozen,3,histology,mlp_2h,d4,mean,0.7982326860322851,0.8582476749877631,0.8134388595649564,383.0,301.0
hoptimus,tcga-ut,frozen,3,histology,mlp_2h,d4,logit_mean,0.7978503348676688,0.8580029368575625,0.8130913615986995,383.0,301.0
hoptimus,tcga-ut,frozen,3,histology,mlp_2h,d4,vote,0.7969099806485496,0.857488986784141,0.8122273013482927,383.0,301.0
hoptimus,tcga-ut,frozen,3,histology,mlp_2h,d4,confidence,0.797691098270126,0.8580274106705825,0.8131101626778844,383.0,301.0
hoptimus,tcga-ut,frozen,42,histology,mlp_2h,none,mean,0.8088459579393646,0.8579784630445424,0.815286986044859,,
hoptimus,tcga-ut,frozen,42,histology,mlp_2h,d4,mean,0.8090958304749433,0.858565834557024,0.815284760988318,336.0,312.0
hoptimus,tcga-ut,frozen,42,histology,mlp_2h,d4,logit_mean,0.8092447167435274,0.8585413607440039,0.8153241445155799,336.0,312.0
hoptimus,tcga-ut,frozen,42,histology,mlp_2h,d4,vote,0.8074954120388846,0.8577092511013216,0.8138886848722723,336.0,312.0
hoptimus,tcga-ut,frozen,42,histology,mlp_2h,d4,confidence,0.8092455079853508,0.8588105726872247,0.816130013865246,336.0,312.0
phikon2,tcga-ut,frozen,0,histology,knn_10,none,mean,0.6531231644955936,0.7356583455702398,0.6743305796688799,,
phikon2,tcga-ut,frozen,0,histology,knn_10,d4,mean,0.655785980184662,0.7372980910425845,0.6763376478536121,858.0,791.0
phikon2,tcga-ut,frozen,0,histology,knn_5,none,mean,0.644986421514028,0.7203132648066569,0.6590144199290128,,
phikon2,tcga-ut,frozen,0,histology,knn_5,d4,mean,0.6464871804017625,0.7231522271169848,0.6618722417587677,966.0,850.0
phikon2,tcga-ut,frozen,0,histology,linear,none,mean,0.7662465842124856,0.8261380323054331,0.782877082969673,,
phikon2,tcga-ut,frozen,0,histology,linear,d4,mean,0.7693183780189848,0.8300783162016642,0.7863345603159065,593.0,432.0
phikon2,tcga-ut,frozen,0,histology,linear,d4,logit_mean,0.7692669751235667,0.830004894762604,0.7864230846716621,593.0,432.0
phikon2,tcga-ut,frozen,0,histology,linear,d4,vote,0.7684256833028367,0.8290993636808615,0.7863442408311064,593.0,432.0
phikon2,tcga-ut,frozen,0,histology,linear,d4,confidence,0.7702891126279172,0.8304943710230054,0.7866258322144253,593.0,432.0
phikon2,tcga-ut,frozen,1,histology,linear,none,mean,0.7684696790869361,0.8263582966226138,0.7840256952208805,,
phikon2,tcga-ut,frozen,1,histology,linear,d4,mean,0.7735153916750771,0.8312775330396476,0.7898918248365139,652.0,451.0
phikon2,tcga-ut,frozen,1,histology,linear,d4,logit_mean,0.7735250846955769,0.8312041116005874,0.7898823080678726,652.0,451.0
phikon2,tcga-ut,frozen,1,histology,linear,d4,vote,0.7729069438424632,0.8308370044052863,0.7897037429813661,652.0,451.0
phikon2,tcga-ut,frozen,1,histology,linear,d4,confidence,0.7722735137363631,0.8309593734703867,0.7884050338878285,652.0,451.0
phikon2,tcga-ut,frozen,2,histology,linear,none,mean,0.7683900202867825,0.8269211943220753,0.7831046618065384,,
phikon2,tcga-ut,frozen,2,histology,linear,d4,mean,0.773440536472597,0.8314977973568282,0.7896499910818869,632.0,445.0
phikon2,tcga-ut,frozen,2,histology,linear,d4,logit_mean,0.7731822065266282,0.8313020068526676,0.7893599048123077,632.0,445.0
phikon2,tcga-ut,frozen,2,histology,linear,d4,vote,0.7724401202756135,0.830739109153206,0.788975714564288,632.0,445.0
phikon2,tcga-ut,frozen,2,histology,linear,d4,confidence,0.772740463612995,0.8308370044052863,0.7885053739436804,632.0,445.0
phikon2,tcga-ut,frozen,3,histology,linear,none,mean,0.7677311883697627,0.8270925110132159,0.7837857219921355,,
phikon2,tcga-ut,frozen,3,histology,linear,d4,mean,0.7713823325994864,0.8305433186490455,0.7878598997777319,585.0,444.0
phikon2,tcga-ut,frozen,3,histology,linear,d4,logit_mean,0.7714596803651628,0.8305677924620656,0.7878911773004182,585.0,444.0
phikon2,tcga-ut,frozen,3,histology,linear,d4,vote,0.7707510320897684,0.8298580518844836,0.7878047180922282,585.0,444.0
phikon2,tcga-ut,frozen,3,histology,linear,d4,confidence,0.7729217385945554,0.8311306901615272,0.7893557926264771,585.0,444.0
phikon2,tcga-ut,frozen,42,histology,linear,none,mean,0.7690231472492927,0.8264561918746941,0.7843541775014412,,
phikon2,tcga-ut,frozen,42,histology,linear,d4,mean,0.7742255456029354,0.8313754282917278,0.7902023050316677,625.0,424.0
phikon2,tcga-ut,frozen,42,histology,linear,d4,logit_mean,0.7735762320442331,0.8311062163485071,0.7895328076513856,625.0,424.0
phikon2,tcga-ut,frozen,42,histology,linear,d4,vote,0.7733955616728859,0.8303720019579051,0.7898936426118611,625.0,424.0
phikon2,tcga-ut,frozen,42,histology,linear,d4,confidence,0.7737375228598281,0.830714635340186,0.7898344223870275,625.0,424.0
phikon2,tcga-ut,frozen,0,histology,mlp_1h,none,mean,0.7723551605194623,0.8196769456681351,0.7803261297659612,,
phikon2,tcga-ut,frozen,0,histology,mlp_1h,d4,mean,0.7763510050514663,0.8226627508565835,0.7846962352895054,570.0,448.0
phikon2,tcga-ut,frozen,0,histology,mlp_1h,d4,logit_mean,0.7764193992919514,0.8225403817914831,0.7845409448852704,570.0,448.0
phikon2,tcga-ut,frozen,0,histology,mlp_1h,d4,vote,0.7747672451093024,0.8227116984826236,0.7840285291476286,570.0,448.0
phikon2,tcga-ut,frozen,0,histology,mlp_1h,d4,confidence,0.7728818336296379,0.8220264317180617,0.7827134271876787,570.0,448.0
phikon2,tcga-ut,frozen,1,histology,mlp_1h,none,mean,0.7650745153875008,0.8187958883994126,0.7771471649288743,,
phikon2,tcga-ut,frozen,1,histology,mlp_1h,d4,mean,0.7692544401112327,0.8232501223690651,0.7820801550245767,601.0,419.0
phikon2,tcga-ut,frozen,1,histology,mlp_1h,d4,logit_mean,0.7690725807718244,0.8230788056779246,0.7818025822666408,601.0,419.0
phikon2,tcga-ut,frozen,1,histology,mlp_1h,d4,vote,0.7686496624491631,0.822858541360744,0.782000677098797,601.0,419.0
phikon2,tcga-ut,frozen,1,histology,mlp_1h,d4,confidence,0.768175543530004,0.8226627508565835,0.7814772115943118,601.0,419.0
phikon2,tcga-ut,frozen,2,histology,mlp_1h,none,mean,0.7628951498726869,0.8210230053842389,0.7766492241286753,,
phikon2,tcga-ut,frozen,2,histology,mlp_1h,d4,mean,0.7661718445627111,0.8248653940283897,0.7806846698835513,612.0,455.0
phikon2,tcga-ut,frozen,2,histology,mlp_1h,d4,logit_mean,0.766343830180479,0.8248653940283897,0.7808818063352512,612.0,455.0
phikon2,tcga-ut,frozen,2,histology,mlp_1h,d4,vote,0.7650930234796715,0.8241556534508077,0.7799885024720271,612.0,455.0
phikon2,tcga-ut,frozen,2,histology,mlp_1h,d4,confidence,0.7663656527417043,0.8243514439549682,0.7804602813950258,612.0,455.0
phikon2,tcga-ut,frozen,3,histology,mlp_1h,none,mean,0.7661710435039699,0.8194322075379344,0.7767736286065456,,
phikon2,tcga-ut,frozen,3,histology,mlp_1h,d4,mean,0.7697095187786887,0.8229074889867841,0.7796474049925444,559.0,417.0
phikon2,tcga-ut,frozen,3,histology,mlp_1h,d4,logit_mean,0.7695968303582382,0.8231277533039647,0.7794661278474722,559.0,417.0
phikon2,tcga-ut,frozen,3,histology,mlp_1h,d4,vote,0.7689443201068726,0.8225893294175233,0.7795706905241079,559.0,417.0
phikon2,tcga-ut,frozen,3,histology,mlp_1h,d4,confidence,0.7695093440260344,0.8226872246696035,0.7794541553064808,559.0,417.0
phikon2,tcga-ut,frozen,42,histology,mlp_1h,none,mean,0.7653199994768474,0.8183064121390112,0.778201023303431,,
phikon2,tcga-ut,frozen,42,histology,mlp_1h,d4,mean,0.7689580232772384,0.8221977484092021,0.7818859231822034,598.0,439.0
phikon2,tcga-ut,frozen,42,histology,mlp_1h,d4,logit_mean,0.7695288901140726,0.8226138032305433,0.7822160411069814,598.0,439.0
phikon2,tcga-ut,frozen,42,histology,mlp_1h,d4,vote,0.7670167508793042,0.82143906020558,0.7808089639021228,598.0,439.0
phikon2,tcga-ut,frozen,42,histology,mlp_1h,d4,confidence,0.7697734096656824,0.8223690651003427,0.7829769858080341,598.0,439.0
phikon2,tcga-ut,frozen,0,histology,mlp_2h,none,mean,0.7484990982181898,0.8113803230543318,0.7632953173604492,,
phikon2,tcga-ut,frozen,0,histology,mlp_2h,d4,mean,0.7517289134539255,0.8145619187469407,0.7662690372559002,599.0,469.0
phikon2,tcga-ut,frozen,0,histology,mlp_2h,d4,logit_mean,0.7525097503301421,0.8151492902594224,0.766820127157989,599.0,469.0
phikon2,tcga-ut,frozen,0,histology,mlp_2h,d4,vote,0.7523270030127044,0.8147332354380813,0.7668802385855521,599.0,469.0
phikon2,tcga-ut,frozen,0,histology,mlp_2h,d4,confidence,0.75255715499912,0.815369554576603,0.7676457610359718,599.0,469.0
phikon2,tcga-ut,frozen,1,histology,mlp_2h,none,mean,0.7585836263987669,0.8134850709740578,0.7662926783264632,,
phikon2,tcga-ut,frozen,1,histology,mlp_2h,d4,mean,0.7606803396829112,0.8172295643661283,0.7688817097357012,576.0,423.0
phikon2,tcga-ut,frozen,1,histology,mlp_2h,d4,logit_mean,0.761147872903376,0.8174498286833088,0.7690292637527679,576.0,423.0
phikon2,tcga-ut,frozen,1,histology,mlp_2h,d4,vote,0.761226132061992,0.8170337738619677,0.7693035631487276,576.0,423.0
phikon2,tcga-ut,frozen,1,histology,mlp_2h,d4,confidence,0.7611884519645644,0.8176456191874694,0.7697910929798008,576.0,423.0
phikon2,tcga-ut,frozen,2,histology,mlp_2h,none,mean,0.7663903964207681,0.8180616740088106,0.7759629821506251,,
phikon2,tcga-ut,frozen,2,histology,mlp_2h,d4,mean,0.7696749899330823,0.8222222222222222,0.7800819633793503,591.0,421.0
phikon2,tcga-ut,frozen,2,histology,mlp_2h,d4,logit_mean,0.7692186052857112,0.8219285364659814,0.7794580737027607,591.0,421.0
phikon2,tcga-ut,frozen,2,histology,mlp_2h,d4,vote,0.7680486377350038,0.8217082721488008,0.7794334914756265,591.0,421.0
phikon2,tcga-ut,frozen,2,histology,mlp_2h,d4,confidence,0.7671159946569077,0.8215614292706803,0.7773640996664694,591.0,421.0
phikon2,tcga-ut,frozen,3,histology,mlp_2h,none,mean,0.7593542488298641,0.8189672050905531,0.772971595770696,,
phikon2,tcga-ut,frozen,3,histology,mlp_2h,d4,mean,0.7616195404978074,0.8218306412139011,0.7756099081642551,546.0,429.0
phikon2,tcga-ut,frozen,3,histology,mlp_2h,d4,logit_mean,0.7616404188167313,0.8218795888399413,0.7755790679390914,546.0,429.0
phikon2,tcga-ut,frozen,3,histology,mlp_2h,d4,vote,0.7600937320923905,0.8211209006363192,0.7748069893579073,546.0,429.0
phikon2,tcga-ut,frozen,3,histology,mlp_2h,d4,confidence,0.7619035231270841,0.8221243269701419,0.7761973883644342,546.0,429.0
phikon2,tcga-ut,frozen,42,histology,mlp_2h,none,mean,0.76773932474583,0.8095692608908468,0.7685597409862808,,
phikon2,tcga-ut,frozen,42,histology,mlp_2h,d4,mean,0.7726705768513876,0.8138277043563387,0.7738444767321793,597.0,423.0
phikon2,tcga-ut,frozen,42,histology,mlp_2h,d4,logit_mean,0.7728283559227331,0.8135340186000979,0.7737045015595173,597.0,423.0
phikon2,tcga-ut,frozen,42,histology,mlp_2h,d4,vote,0.7706823931604638,0.8127019089574156,0.772691020050159,597.0,423.0
phikon2,tcga-ut,frozen,42,histology,mlp_2h,d4,confidence,0.7705465053634677,0.8133382280959374,0.772367391758875,597.0,423.0
phikon,tcga-ut,frozen,0,histology,knn_10,none,mean,0.5872712407621588,0.6912873225648556,0.6030881053594781,,
phikon,tcga-ut,frozen,0,histology,knn_10,d4,mean,0.5854472171737379,0.6906265296133137,0.6014285808350651,778.0,805.0
phikon,tcga-ut,frozen,0,histology,knn_5,none,mean,0.5773289855751679,0.6752569750367107,0.5909744511920675,,
phikon,tcga-ut,frozen,0,histology,knn_5,d4,mean,0.5766887739720872,0.6758932941752325,0.5896102040407394,818.0,792.0
phikon,tcga-ut,frozen,0,histology,linear,none,mean,0.7384086483030721,0.8150758688203622,0.7526029504425616,,
phikon,tcga-ut,frozen,0,histology,linear,d4,mean,0.7460143647311196,0.8221243269701419,0.7615683426992029,765.0,477.0
phikon,tcga-ut,frozen,0,histology,linear,d4,logit_mean,0.7456592694364284,0.821781693587861,0.761004547510525,765.0,477.0
phikon,tcga-ut,frozen,0,histology,linear,d4,vote,0.7441332379694997,0.8209495839451787,0.759920743811709,765.0,477.0
phikon,tcga-ut,frozen,0,histology,linear,d4,confidence,0.7462512484828456,0.8215124816446402,0.7616917171883211,765.0,477.0
phikon,tcga-ut,frozen,1,histology,linear,none,mean,0.7389260725686032,0.8127753303964758,0.7501942888919537,,
phikon,tcga-ut,frozen,1,histology,linear,d4,mean,0.7472352857572166,0.8204845814977973,0.759637851901808,783.0,468.0
phikon,tcga-ut,frozen,1,histology,linear,d4,logit_mean,0.7478157543944859,0.820729319627998,0.7604790108009643,783.0,468.0
phikon,tcga-ut,frozen,1,histology,linear,d4,vote,0.7459750690212447,0.8198972099853157,0.7586675296100694,783.0,468.0
phikon,tcga-ut,frozen,1,histology,linear,d4,confidence,0.7466221391053203,0.8194077337249144,0.7586324944895194,783.0,468.0
phikon,tcga-ut,frozen,2,histology,linear,none,mean,0.7430029579906233,0.8162750856583456,0.7579428452285225,,
phikon,tcga-ut,frozen,2,histology,linear,d4,mean,0.7476000832645197,0.8225893294175233,0.7635150015059503,767.0,509.0
phikon,tcga-ut,frozen,2,histology,linear,d4,logit_mean,0.7473634750130628,0.8225648556045032,0.7633949061750186,767.0,509.0
phikon,tcga-ut,frozen,2,histology,linear,d4,vote,0.7460858372013142,0.8212187958883994,0.7614942481723721,767.0,509.0
phikon,tcga-ut,frozen,2,histology,linear,d4,confidence,0.7471707912838791,0.8216837983357808,0.7629793957161333,767.0,509.0
phikon,tcga-ut,frozen,3,histology,linear,none,mean,0.7364151784768803,0.8164708761625061,0.756037718550825,,
phikon,tcga-ut,frozen,3,histology,linear,d4,mean,0.7420094281466695,0.8229809104258443,0.7625132934717243,759.0,493.0
phikon,tcga-ut,frozen,3,histology,linear,d4,logit_mean,0.7423519498200789,0.8230543318649045,0.7630138543970694,759.0,493.0
phikon,tcga-ut,frozen,3,histology,linear,d4,vote,0.7404945299911522,0.8219285364659814,0.760986632821752,759.0,493.0
phikon,tcga-ut,frozen,3,histology,linear,d4,confidence,0.7416560636824762,0.8225403817914831,0.7615406788078832,759.0,493.0
phikon,tcga-ut,frozen,42,histology,linear,none,mean,0.745019013747696,0.8184287812041116,0.760758032369505,,
phikon,tcga-ut,frozen,42,histology,linear,d4,mean,0.7514019312902174,0.8244493392070484,0.7675825389709544,718.0,472.0
phikon,tcga-ut,frozen,42,histology,linear,d4,logit_mean,0.7510808583410655,0.8245472344591287,0.767318959337053,718.0,472.0
phikon,tcga-ut,frozen,42,histology,linear,d4,vote,0.7503985659094566,0.8234703866862457,0.76666450974735,718.0,472.0
phikon,tcga-ut,frozen,42,histology,linear,d4,confidence,0.7503657953354448,0.8244003915810083,0.7670052953417896,718.0,472.0
phikon,tcga-ut,frozen,0,histology,mlp_1h,none,mean,0.7451697247694038,0.818232990699951,0.7572632077041174,,
phikon,tcga-ut,frozen,0,histology,mlp_1h,d4,mean,0.7463855582158686,0.8216593245227607,0.7594745469007229,585.0,445.0
phikon,tcga-ut,frozen,0,histology,mlp_1h,d4,logit_mean,0.7460770103081873,0.8216103768967206,0.7589558793057636,585.0,445.0
phikon,tcga-ut,frozen,0,histology,mlp_1h,d4,vote,0.7451296372634069,0.8205335291238375,0.7584026913523044,585.0,445.0
phikon,tcga-ut,frozen,0,histology,mlp_1h,d4,confidence,0.7456126716314373,0.821757219774841,0.7591757942811401,585.0,445.0
phikon,tcga-ut,frozen,1,histology,mlp_1h,none,mean,0.7401255767531137,0.8141213901125796,0.7531502273994942,,
phikon,tcga-ut,frozen,1,histology,mlp_1h,d4,mean,0.742707884161215,0.8170827214880079,0.7574752092099835,536.0,415.0
phikon,tcga-ut,frozen,1,histology,mlp_1h,d4,logit_mean,0.7436965086246269,0.8174743024963289,0.7583379346583522,536.0,415.0
phikon,tcga-ut,frozen,1,histology,mlp_1h,d4,vote,0.7414633500520429,0.816079295154185,0.7565542853671824,536.0,415.0
phikon,tcga-ut,frozen,1,histology,mlp_1h,d4,confidence,0.7423735216588709,0.8169114047968673,0.7576892631645433,536.0,415.0
phikon,tcga-ut,frozen,2,histology,mlp_1h,none,mean,0.7423745601480857,0.818942731277533,0.7561111166376582,,
phikon,tcga-ut,frozen,2,histology,mlp_1h,d4,mean,0.7462367857370957,0.8231522271169849,0.7612911683873256,567.0,395.0
phikon,tcga-ut,frozen,2,histology,mlp_1h,d4,logit_mean,0.7465636807685777,0.8232256485560451,0.7615019056005067,567.0,395.0
phikon,tcga-ut,frozen,2,histology,mlp_1h,d4,vote,0.7454857612019614,0.8222956436612824,0.7604479090411056,567.0,395.0
phikon,tcga-ut,frozen,2,histology,mlp_1h,d4,confidence,0.7451612981257368,0.8222466960352423,0.7601993425777429,567.0,395.0
phikon,tcga-ut,frozen,3,histology,mlp_1h,none,mean,0.7459093106596326,0.8211698482623593,0.7607676087644668,,
phikon,tcga-ut,frozen,3,histology,mlp_1h,d4,mean,0.7472063939790378,0.8232256485560451,0.7629981729020899,526.0,442.0
phikon,tcga-ut,frozen,3,histology,mlp_1h,d4,logit_mean,0.7474188505111948,0.8234214390602056,0.7634166494550254,526.0,442.0
phikon,tcga-ut,frozen,3,histology,mlp_1h,d4,vote,0.7468126512598124,0.8232501223690651,0.7627015166117846,526.0,442.0
phikon,tcga-ut,frozen,3,histology,mlp_1h,d4,confidence,0.7482826949892358,0.8236417033773862,0.7640367171831082,526.0,442.0
phikon,tcga-ut,frozen,42,histology,mlp_1h,none,mean,0.7453763552437311,0.8206803720019579,0.7586190093387877,,
phikon,tcga-ut,frozen,42,histology,mlp_1h,d4,mean,0.7467766763934006,0.8244248653940284,0.7608920826627878,575.0,422.0
phikon,tcga-ut,frozen,42,histology,mlp_1h,d4,logit_mean,0.7472573006719831,0.8245961820851688,0.7614758423688235,575.0,422.0
phikon,tcga-ut,frozen,42,histology,mlp_1h,d4,vote,0.746027143007994,0.8235438081253059,0.7605890327201906,575.0,422.0
phikon,tcga-ut,frozen,42,histology,mlp_1h,d4,confidence,0.7464588449055513,0.8241801272638277,0.7611910004810922,575.0,422.0
phikon,tcga-ut,frozen,0,histology,mlp_2h,none,mean,0.7378322688521363,0.8159324522760646,0.7534100227640449,,
phikon,tcga-ut,frozen,0,histology,mlp_2h,d4,mean,0.7391666878854407,0.8188448360254528,0.7557677555235875,531.0,412.0
phikon,tcga-ut,frozen,0,histology,mlp_2h,d4,logit_mean,0.7393031283385388,0.818942731277533,0.7558050894637968,531.0,412.0
phikon,tcga-ut,frozen,0,histology,mlp_2h,d4,vote,0.7387268238353119,0.8181350954478708,0.7557203843639111,531.0,412.0
phikon,tcga-ut,frozen,0,histology,mlp_2h,d4,confidence,0.7386445396845052,0.8184777288301517,0.7559756563974479,531.0,412.0
phikon,tcga-ut,frozen,1,histology,mlp_2h,none,mean,0.7440484918211449,0.8177435144395497,0.7544728823510124,,
phikon,tcga-ut,frozen,1,histology,mlp_2h,d4,mean,0.7445211600053913,0.8205335291238375,0.7564900965579003,537.0,423.0
phikon,tcga-ut,frozen,1,histology,mlp_2h,d4,logit_mean,0.7448954437277432,0.8205824767498776,0.7565603976296473,537.0,423.0
phikon,tcga-ut,frozen,1,histology,mlp_2h,d4,vote,0.7436474839182781,0.8204111600587372,0.7562383149969768,537.0,423.0
phikon,tcga-ut,frozen,1,histology,mlp_2h,d4,confidence,0.7443954065715764,0.8200440528634361,0.7570688338850688,537.0,423.0
phikon,tcga-ut,frozen,2,histology,mlp_2h,none,mean,0.7469940542243252,0.8176945668135095,0.7569784204795488,,
phikon,tcga-ut,frozen,2,histology,mlp_2h,d4,mean,0.7497526275922275,0.8200440528634361,0.7604710304002833,519.0,423.0
phikon,tcga-ut,frozen,2,histology,mlp_2h,d4,logit_mean,0.7496663001249281,0.8197503671071953,0.7601636176363906,519.0,423.0
phikon,tcga-ut,frozen,2,histology,mlp_2h,d4,vote,0.7478353095087126,0.8197993147332354,0.7591048223397256,519.0,423.0
phikon,tcga-ut,frozen,2,histology,mlp_2h,d4,confidence,0.7478895158551689,0.8198237885462555,0.7593304494113655,519.0,423.0
phikon,tcga-ut,frozen,3,histology,mlp_2h,none,mean,0.7471943948130186,0.8195056289769946,0.7612739420846907,,
phikon,tcga-ut,frozen,3,histology,mlp_2h,d4,mean,0.753110661956241,0.8236417033773862,0.767822285898176,546.0,377.0
phikon,tcga-ut,frozen,3,histology,mlp_2h,d4,logit_mean,0.7525392119102411,0.8233724914341655,0.7668439782844747,546.0,377.0
phikon,tcga-ut,frozen,3,histology,mlp_2h,d4,vote,0.7502823042038055,0.8223690651003427,0.7655548514693974,546.0,377.0
phikon,tcga-ut,frozen,3,histology,mlp_2h,d4,confidence,0.7533821625988177,0.8238130200685266,0.7687681119014419,546.0,377.0
phikon,tcga-ut,frozen,42,histology,mlp_2h,none,mean,0.7516133928113533,0.8175966715614292,0.7594309006242449,,
phikon,tcga-ut,frozen,42,histology,mlp_2h,d4,mean,0.75361374734517,0.8199706314243759,0.7622405527944947,539.0,442.0
phikon,tcga-ut,frozen,42,histology,mlp_2h,d4,logit_mean,0.7538899727008307,0.820362212432697,0.762501489620649,539.0,442.0
phikon,tcga-ut,frozen,42,histology,mlp_2h,d4,vote,0.7535420247718745,0.8196035242290749,0.7620309106586405,539.0,442.0
phikon,tcga-ut,frozen,42,histology,mlp_2h,d4,confidence,0.7517715730848088,0.819627998042095,0.7606750614210475,539.0,442.0
resnet18,tcga-ut,frozen,0,general,knn_10,none,mean,0.24420048952427834,0.3564610866372981,0.2407376058603151,,
resnet18,tcga-ut,frozen,0,general,knn_10,d4,mean,0.2597423717374174,0.3720753793441018,0.2569504409433684,3378.0,2740.0
resnet18,tcga-ut,frozen,0,general,knn_5,none,mean,0.22873578447530557,0.3304209495839452,0.2274350015390194,,
resnet18,tcga-ut,frozen,0,general,knn_5,d4,mean,0.24065625875647123,0.34373470386686245,0.23854036812733356,3500.0,2956.0
resnet18,tcga-ut,frozen,0,general,linear,none,mean,0.37775374643654985,0.49065100342633383,0.3779057736439632,,
resnet18,tcga-ut,frozen,0,general,linear,d4,mean,0.4099160001887455,0.5299559471365639,0.4122568081129111,3250.0,1644.0
resnet18,tcga-ut,frozen,0,general,linear,d4,logit_mean,0.4074534354249977,0.5312530592266275,0.41303606102957613,3250.0,1644.0
resnet18,tcga-ut,frozen,0,general,linear,d4,vote,0.40477632518646867,0.5253793441018111,0.4077868457396966,3250.0,1644.0
resnet18,tcga-ut,frozen,0,general,linear,d4,confidence,0.40300613977003047,0.515736661771904,0.39458868894646776,3250.0,1644.0
resnet18,tcga-ut,frozen,1,general,linear,none,mean,0.36816188534371547,0.4889867841409692,0.37320873214190625,,
resnet18,tcga-ut,frozen,1,general,linear,d4,mean,0.40110298664295807,0.5279490944689182,0.40854047187779446,3235.0,1643.0
resnet18,tcga-ut,frozen,1,general,linear,d4,logit_mean,0.4004338957286587,0.5294419970631424,0.41109914256590324,3235.0,1643.0
resnet18,tcga-ut,frozen,1,general,linear,d4,vote,0.395338106490179,0.523225648556045,0.4033954452460424,3235.0,1643.0
resnet18,tcga-ut,frozen,1,general,linear,d4,confidence,0.39496143317994736,0.5149290259422418,0.39268084958381155,3235.0,1643.0
resnet18,tcga-ut,frozen,2,general,linear,none,mean,0.37228811946138807,0.4898433675966716,0.37837501072713026,,
resnet18,tcga-ut,frozen,2,general,linear,d4,mean,0.401808269896007,0.5272393538913362,0.41012108371903055,3143.0,1615.0
resnet18,tcga-ut,frozen,2,general,linear,d4,logit_mean,0.4004938692993361,0.5271904062652961,0.4120858631355477,3143.0,1615.0
resnet18,tcga-ut,frozen,2,general,linear,d4,vote,0.3972232464985396,0.5216837983357807,0.40624013377546364,3143.0,1615.0
resnet18,tcga-ut,frozen,2,general,linear,d4,confidence,0.39688612664306666,0.5140479686735193,0.3960271621561819,3143.0,1615.0
resnet18,tcga-ut,frozen,3,general,linear,none,mean,0.37729680889243056,0.49018600097895254,0.3783165908408346,,
resnet18,tcga-ut,frozen,3,general,linear,d4,mean,0.4116479126001099,0.5312775330396475,0.41456080534492695,3323.0,1644.0
resnet18,tcga-ut,frozen,3,general,linear,d4,logit_mean,0.4113947044289694,0.5334067547723935,0.4177783977286275,3323.0,1644.0
resnet18,tcga-ut,frozen,3,general,linear,d4,vote,0.4054852877887903,0.525330396475771,0.4094709820975737,3323.0,1644.0
resnet18,tcga-ut,frozen,3,general,linear,d4,confidence,0.40484371994932095,0.5172295643661282,0.3971499204957095,3323.0,1644.0
resnet18,tcga-ut,frozen,42,general,linear,none,mean,0.378877120155851,0.49065100342633383,0.3809010049880644,,
resnet18,tcga-ut,frozen,42,general,linear,d4,mean,0.41115446959394597,0.5321096426823299,0.41536057400371457,3329.0,1635.0
resnet18,tcga-ut,frozen,42,general,linear,d4,logit_mean,0.410763684492926,0.5337249143416545,0.4184140372276827,3329.0,1635.0
resnet18,tcga-ut,frozen,42,general,linear,d4,vote,0.40569708299427615,0.526040137053353,0.4106515726036257,3329.0,1635.0
resnet18,tcga-ut,frozen,42,general,linear,d4,confidence,0.4049093513943917,0.5183798335780715,0.39959669722048446,3329.0,1635.0
resnet18,tcga-ut,frozen,0,general,mlp_1h,none,mean,0.39659920915463354,0.5149045521292217,0.4051608249403414,,
resnet18,tcga-ut,frozen,0,general,mlp_1h,d4,mean,0.4353578374894373,0.5626774351443955,0.4458930465670005,3670.0,1718.0
resnet18,tcga-ut,frozen,0,general,mlp_1h,d4,logit_mean,0.43078387106522037,0.5619676945668135,0.44568682822456435,3670.0,1718.0
resnet18,tcga-ut,frozen,0,general,mlp_1h,d4,vote,0.42835950829419545,0.5568526676456191,0.4400887372296098,3670.0,1718.0
resnet18,tcga-ut,frozen,0,general,mlp_1h,d4,confidence,0.43137748997295927,0.5512726382770435,0.4316949181012782,3670.0,1718.0
resnet18,tcga-ut,frozen,1,general,mlp_1h,none,mean,0.40109455536956046,0.5139500734214391,0.4017955774019988,,
resnet18,tcga-ut,frozen,1,general,mlp_1h,d4,mean,0.4376506603611055,0.5590553108174253,0.440712273258516,3407.0,1564.0
resnet18,tcga-ut,frozen,1,general,mlp_1h,d4,logit_mean,0.43737478439150873,0.5610132158590309,0.4444213037771005,3407.0,1564.0
resnet18,tcga-ut,frozen,1,general,mlp_1h,d4,vote,0.43136364779317066,0.5517376407244249,0.4359992334398348,3407.0,1564.0
resnet18,tcga-ut,frozen,1,general,mlp_1h,d4,confidence,0.42829464886089963,0.5424375917767988,0.4215288043703185,3407.0,1564.0
resnet18,tcga-ut,frozen,2,general,mlp_1h,none,mean,0.40333956600820176,0.5163240332843857,0.4029762658568116,,
resnet18,tcga-ut,frozen,2,general,mlp_1h,d4,mean,0.44481182216035925,0.5637542829172785,0.4473870998895863,3515.0,1577.0
resnet18,tcga-ut,frozen,2,general,mlp_1h,d4,logit_mean,0.44275451198771043,0.5645863925599608,0.45043335613532715,3515.0,1577.0
resnet18,tcga-ut,frozen,2,general,mlp_1h,d4,vote,0.4374704509494648,0.5579295154185022,0.4419184909242973,3515.0,1577.0
resnet18,tcga-ut,frozen,2,general,mlp_1h,d4,confidence,0.4405408283623981,0.5527900146842878,0.43183275081374456,3515.0,1577.0
resnet18,tcga-ut,frozen,3,general,mlp_1h,none,mean,0.3959161994681682,0.5091287322564856,0.39855610010029163,,
resnet18,tcga-ut,frozen,3,general,mlp_1h,d4,mean,0.4354928484394194,0.5554576603034753,0.44157117031103404,3570.0,1677.0
resnet18,tcga-ut,frozen,3,general,mlp_1h,d4,logit_mean,0.4327554291599654,0.5568281938325991,0.4428439109149821,3570.0,1677.0
resnet18,tcga-ut,frozen,3,general,mlp_1h,d4,vote,0.4296810178386714,0.5498042094958394,0.43710172860164337,3570.0,1677.0
resnet18,tcga-ut,frozen,3,general,mlp_1h,d4,confidence,0.429498551756864,0.5431473323543808,0.42440053381105475,3570.0,1677.0
resnet18,tcga-ut,frozen,42,general,mlp_1h,none,mean,0.39246847501945903,0.5126284875183553,0.40059163451540886,,
resnet18,tcga-ut,frozen,42,general,mlp_1h,d4,mean,0.4299717859702253,0.5602055800293686,0.4400065841855099,3596.0,1652.0
resnet18,tcga-ut,frozen,42,general,mlp_1h,d4,logit_mean,0.4265257424215825,0.5603034752814489,0.440195556464135,3596.0,1652.0
resnet18,tcga-ut,frozen,42,general,mlp_1h,d4,vote,0.42497731877892714,0.5544052863436123,0.43741338439136535,3596.0,1652.0
resnet18,tcga-ut,frozen,42,general,mlp_1h,d4,confidence,0.426413173800762,0.5482868330885952,0.4275182184677521,3596.0,1652.0
resnet18,tcga-ut,frozen,0,general,mlp_2h,none,mean,0.4110150903634364,0.5173029858051884,0.41021956101890145,,
resnet18,tcga-ut,frozen,0,general,mlp_2h,d4,mean,0.4508378693052387,0.5643661282427802,0.4512296876065587,3603.0,1680.0
resnet18,tcga-ut,frozen,0,general,mlp_2h,d4,logit_mean,0.4470629262194523,0.5645374449339207,0.4512503439093546,3603.0,1680.0
resnet18,tcga-ut,frozen,0,general,mlp_2h,d4,vote,0.4439408880040215,0.5586147821830642,0.445999040084605,3603.0,1680.0
resnet18,tcga-ut,frozen,0,general,mlp_2h,d4,confidence,0.4459354414010121,0.5527165932452276,0.4375829204140283,3603.0,1680.0
resnet18,tcga-ut,frozen,1,general,mlp_2h,none,mean,0.4021694996406328,0.520362212432697,0.41254551714283444,,
resnet18,tcga-ut,frozen,1,general,mlp_2h,d4,mean,0.43448911246926614,0.5604992657856094,0.4484270014148329,3309.0,1669.0
resnet18,tcga-ut,frozen,1,general,mlp_2h,d4,logit_mean,0.4300033230945443,0.5589084679393049,0.44738475657343396,3309.0,1669.0
resnet18,tcga-ut,frozen,1,general,mlp_2h,d4,vote,0.427446935679335,0.5538668624571709,0.4420181377005649,3309.0,1669.0
resnet18,tcga-ut,frozen,1,general,mlp_2h,d4,confidence,0.4336572801543626,0.5523494860499266,0.43842445637942473,3309.0,1669.0
resnet18,tcga-ut,frozen,2,general,mlp_2h,none,mean,0.4117168765647399,0.5228830151737641,0.4159257367508799,,
resnet18,tcga-ut,frozen,2,general,mlp_2h,d4,mean,0.44995246127584354,0.5682574645129711,0.456226698906384,3592.0,1738.0
resnet18,tcga-ut,frozen,2,general,mlp_2h,d4,logit_mean,0.4466351084875936,0.5697748409202154,0.457282604864823,3592.0,1738.0
resnet18,tcga-ut,frozen,2,general,mlp_2h,d4,vote,0.4430114245989169,0.5632648066568772,0.45121442347480667,3592.0,1738.0
resnet18,tcga-ut,frozen,2,general,mlp_2h,d4,confidence,0.44300975463450104,0.5558737151248164,0.4394734608982548,3592.0,1738.0
resnet18,tcga-ut,frozen,3,general,mlp_2h,none,mean,0.39510573020298767,0.5140234948604993,0.40436142245947376,,
resnet18,tcga-ut,frozen,3,general,mlp_2h,d4,mean,0.43637928537260134,0.5627263827704356,0.449509914710838,3589.0,1599.0
resnet18,tcga-ut,frozen,3,general,mlp_2h,d4,logit_mean,0.434002531505693,0.5641703377386197,0.4504264012516113,3589.0,1599.0
resnet18,tcga-ut,frozen,3,general,mlp_2h,d4,vote,0.42868012934471755,0.5559471365638766,0.4421442163081577,3589.0,1599.0
resnet18,tcga-ut,frozen,3,general,mlp_2h,d4,confidence,0.4313923499723021,0.5513460597161037,0.43587872454911125,3589.0,1599.0
resnet18,tcga-ut,frozen,42,general,mlp_2h,none,mean,0.3978670067395929,0.5171071953010279,0.4125948696980759,,
resnet18,tcga-ut,frozen,42,general,mlp_2h,d4,mean,0.43572686248382825,0.5613803230543318,0.4524409708609787,3483.0,1674.0
resnet18,tcga-ut,frozen,42,general,mlp_2h,d4,logit_mean,0.43251792391379423,0.5613313754282917,0.45306423656930744,3483.0,1674.0
resnet18,tcga-ut,frozen,42,general,mlp_2h,d4,vote,0.4291658806394275,0.5551150269211943,0.4473898203386478,3483.0,1674.0
resnet18,tcga-ut,frozen,42,general,mlp_2h,d4,confidence,0.435081239197491,0.5521047479197259,0.4434625287974219,3483.0,1674.0
resnet50,tcga-ut,frozen,0,general,knn_10,none,mean,0.2520739923787528,0.3722956436612824,0.25516622346915635,,
resnet50,tcga-ut,frozen,0,general,knn_10,d4,mean,0.2600614228563745,0.381057268722467,0.2626717194681511,2819.0,2461.0
resnet50,tcga-ut,frozen,0,general,knn_5,none,mean,0.2362946692297878,0.34730788056779244,0.23973904949592414,,
resnet50,tcga-ut,frozen,0,general,knn_5,d4,mean,0.24160688007034292,0.3545031815956926,0.24490415985203567,3050.0,2756.0
resnet50,tcga-ut,frozen,0,general,linear,none,mean,0.42699905733179616,0.5423641703377386,0.43736841963938927,,
resnet50,tcga-ut,frozen,0,general,linear,d4,mean,0.45056002852279364,0.5723445912873225,0.46394783328586825,2688.0,1463.0
resnet50,tcga-ut,frozen,0,general,linear,d4,logit_mean,0.45136503043327436,0.5728095937347039,0.46602443497884644,2688.0,1463.0
resnet50,tcga-ut,frozen,0,general,linear,d4,vote,0.4467455578885618,0.568942731277533,0.4605236975014251,2688.0,1463.0
resnet50,tcga-ut,frozen,0,general,linear,d4,confidence,0.44803544348426166,0.5653206069505629,0.456716654090653,2688.0,1463.0
resnet50,tcga-ut,frozen,1,general,linear,none,mean,0.4207472385263915,0.539647577092511,0.4337599692692393,,
resnet50,tcga-ut,frozen,1,general,linear,d4,mean,0.4436997525189208,0.5698482623592755,0.45923745006946926,2664.0,1430.0
resnet50,tcga-ut,frozen,1,general,linear,d4,logit_mean,0.4426306500880508,0.5694077337249144,0.4597516921049749,2664.0,1430.0
resnet50,tcga-ut,frozen,1,general,linear,d4,vote,0.44018321228735324,0.5664953499755262,0.45594051452490575,2664.0,1430.0
resnet50,tcga-ut,frozen,1,general,linear,d4,confidence,0.4397234546448326,0.5620655898188938,0.4507620222593015,2664.0,1430.0
resnet50,tcga-ut,frozen,2,general,linear,none,mean,0.4256017359155691,0.5411160058737151,0.4363722707345336,,
resnet50,tcga-ut,frozen,2,general,linear,d4,mean,0.4489739655308106,0.5705335291238375,0.4633604488057928,2660.0,1458.0
resnet50,tcga-ut,frozen,2,general,linear,d4,logit_mean,0.4498941070815614,0.572491434165443,0.46575377522721345,2660.0,1458.0
resnet50,tcga-ut,frozen,2,general,linear,d4,vote,0.44791206893495744,0.5684043073910915,0.46327147467264423,2660.0,1458.0
resnet50,tcga-ut,frozen,2,general,linear,d4,confidence,0.44481071552998286,0.5624571708272149,0.45438293177127426,2660.0,1458.0
resnet50,tcga-ut,frozen,3,general,linear,none,mean,0.42315007326034804,0.5405531081742535,0.43345690918033575,,
resnet50,tcga-ut,frozen,3,general,linear,d4,mean,0.44668066482648733,0.5705580029368575,0.46088124327264207,2624.0,1398.0
resnet50,tcga-ut,frozen,3,general,linear,d4,logit_mean,0.4473092619310369,0.5709495839451787,0.46270303919555694,2624.0,1398.0
resnet50,tcga-ut,frozen,3,general,linear,d4,vote,0.44361629954930526,0.5672295643661283,0.4573162532962397,2624.0,1398.0
resnet50,tcga-ut,frozen,3,general,linear,d4,confidence,0.44465993721053876,0.5641948115516398,0.4542128098176918,2624.0,1398.0
resnet50,tcga-ut,frozen,42,general,linear,none,mean,0.42629282087509146,0.5426578560939794,0.4358828479214078,,
resnet50,tcga-ut,frozen,42,general,linear,d4,mean,0.4498014145073783,0.5731277533039647,0.46251094072426513,2648.0,1403.0
resnet50,tcga-ut,frozen,42,general,linear,d4,logit_mean,0.4501880602928884,0.5737151248164464,0.4646582814948456,2648.0,1403.0
resnet50,tcga-ut,frozen,42,general,linear,d4,vote,0.4462709268485009,0.5700440528634361,0.45963503104126746,2648.0,1403.0
resnet50,tcga-ut,frozen,42,general,linear,d4,confidence,0.44694085069886935,0.5657611355849241,0.45547146284672296,2648.0,1403.0
resnet50,tcga-ut,frozen,0,general,mlp_1h,none,mean,0.465929284754249,0.5659079784630445,0.4715018153318289,,
resnet50,tcga-ut,frozen,0,general,mlp_1h,d4,mean,0.4986961193708704,0.6048213411649535,0.5077616259489146,3073.0,1483.0
resnet50,tcga-ut,frozen,0,general,mlp_1h,d4,logit_mean,0.4972010457510835,0.6050416054821341,0.5087512790192463,3073.0,1483.0
resnet50,tcga-ut,frozen,0,general,mlp_1h,d4,vote,0.4933723571315624,0.6009055310817425,0.5023945472545492,3073.0,1483.0
resnet50,tcga-ut,frozen,0,general,mlp_1h,d4,confidence,0.49318951620748647,0.5969897209985315,0.49645483971810955,3073.0,1483.0
resnet50,tcga-ut,frozen,1,general,mlp_1h,none,mean,0.4508611162966621,0.5595692608908468,0.45935053701196576,,
resnet50,tcga-ut,frozen,1,general,mlp_1h,d4,mean,0.4815469924310856,0.5960107684777288,0.4930288511216089,2913.0,1424.0
resnet50,tcga-ut,frozen,1,general,mlp_1h,d4,logit_mean,0.4800704756759805,0.5963534018600097,0.49358305292441346,2913.0,1424.0
resnet50,tcga-ut,frozen,1,general,mlp_1h,d4,vote,0.4781589001108174,0.5923641703377386,0.4902736853212446,2913.0,1424.0
resnet50,tcga-ut,frozen,1,general,mlp_1h,d4,confidence,0.47409025951219474,0.5850709740577582,0.48000105754247396,2913.0,1424.0
resnet50,tcga-ut,frozen,2,general,mlp_1h,none,mean,0.4490769451079884,0.5616250611845326,0.4627474034028931,,
resnet50,tcga-ut,frozen,2,general,mlp_1h,d4,mean,0.48139321551213615,0.5997552618697993,0.4979697845440189,3046.0,1488.0
resnet50,tcga-ut,frozen,2,general,mlp_1h,d4,logit_mean,0.48036824872161576,0.5995105237395987,0.49834172291194817,3046.0,1488.0
resnet50,tcga-ut,frozen,2,general,mlp_1h,d4,vote,0.47565555430081363,0.5947626040137053,0.49195896374107084,3046.0,1488.0
resnet50,tcga-ut,frozen,2,general,mlp_1h,d4,confidence,0.47787750494060377,0.5937347038668624,0.4895400612220887,3046.0,1488.0
resnet50,tcga-ut,frozen,3,general,mlp_1h,none,mean,0.4413327754219095,0.5533773861967695,0.4533781544563051,,
resnet50,tcga-ut,frozen,3,general,mlp_1h,d4,mean,0.4738553535505766,0.5940528634361234,0.48767623363501605,3146.0,1484.0
resnet50,tcga-ut,frozen,3,general,mlp_1h,d4,logit_mean,0.4733278495633237,0.5949583945178659,0.4886543666436424,3146.0,1484.0
resnet50,tcga-ut,frozen,3,general,mlp_1h,d4,vote,0.4680983577202536,0.5879344101811063,0.48251861176118493,3146.0,1484.0
resnet50,tcga-ut,frozen,3,general,mlp_1h,d4,confidence,0.4725499135783278,0.5881791483113069,0.4831219510130356,3146.0,1484.0
resnet50,tcga-ut,frozen,42,general,mlp_1h,none,mean,0.4534646137457151,0.5579050416054822,0.4573079355161308,,
resnet50,tcga-ut,frozen,42,general,mlp_1h,d4,mean,0.4883878307895778,0.5990455212922173,0.49487138863085556,3166.0,1485.0
resnet50,tcga-ut,frozen,42,general,mlp_1h,d4,logit_mean,0.48747321850434455,0.5993636808614782,0.49590280981521667,3166.0,1485.0
resnet50,tcga-ut,frozen,42,general,mlp_1h,d4,vote,0.48240000361290014,0.594297601566324,0.49007999802553787,3166.0,1485.0
resnet50,tcga-ut,frozen,42,general,mlp_1h,d4,confidence,0.4832532842835838,0.5898188937836515,0.4842496257273985,3166.0,1485.0
resnet50,tcga-ut,frozen,0,general,mlp_2h,none,mean,0.44942707740394755,0.5582721488007831,0.45914988111396055,,
resnet50,tcga-ut,frozen,0,general,mlp_2h,d4,mean,0.4782738517952078,0.5927802251590798,0.48938013795960633,2852.0,1442.0
resnet50,tcga-ut,frozen,0,general,mlp_2h,d4,logit_mean,0.47803387745050047,0.594273127753304,0.491518634679956,2852.0,1442.0
resnet50,tcga-ut,frozen,0,general,mlp_2h,d4,vote,0.4726389031669378,0.5886196769456681,0.4844419863167009,2852.0,1442.0
resnet50,tcga-ut,frozen,0,general,mlp_2h,d4,confidence,0.47657073990567694,0.5878854625550661,0.4832792702560285,2852.0,1442.0
resnet50,tcga-ut,frozen,1,general,mlp_2h,none,mean,0.43202503832304523,0.5466960352422907,0.44316594809586685,,
resnet50,tcga-ut,frozen,1,general,mlp_2h,d4,mean,0.4636430073983228,0.5833333333333334,0.4766708800264293,2920.0,1423.0
resnet50,tcga-ut,frozen,1,general,mlp_2h,d4,logit_mean,0.4632617791274976,0.5845325501713167,0.4782608173914601,2920.0,1423.0
resnet50,tcga-ut,frozen,1,general,mlp_2h,d4,vote,0.46022682965208805,0.5813999021047479,0.47465266109906634,2920.0,1423.0
resnet50,tcga-ut,frozen,1,general,mlp_2h,d4,confidence,0.4626965136050819,0.5784385707293196,0.4715054305505433,2920.0,1423.0
resnet50,tcga-ut,frozen,2,general,mlp_2h,none,mean,0.4332082252614981,0.5418746940773372,0.4490513693843938,,
resnet50,tcga-ut,frozen,2,general,mlp_2h,d4,mean,0.4638347066070892,0.5779735682819384,0.48143884637647766,2972.0,1497.0
resnet50,tcga-ut,frozen,2,general,mlp_2h,d4,logit_mean,0.46077747774825295,0.576064610866373,0.48013859606611337,2972.0,1497.0
resnet50,tcga-ut,frozen,2,general,mlp_2h,d4,vote,0.4586305878584707,0.5739353891336271,0.47692255313551535,2972.0,1497.0
resnet50,tcga-ut,frozen,2,general,mlp_2h,d4,confidence,0.4589491585647052,0.5695056289769946,0.4718698424099677,2972.0,1497.0
resnet50,tcga-ut,frozen,3,general,mlp_2h,none,mean,0.43644122569792265,0.5550660792951542,0.4494114191988168,,
resnet50,tcga-ut,frozen,3,general,mlp_2h,d4,mean,0.4647298485813892,0.5886441507586883,0.4809507211375351,2787.0,1415.0
resnet50,tcga-ut,frozen,3,general,mlp_2h,d4,logit_mean,0.4633221014232216,0.5892315222711698,0.48107412786321574,2787.0,1415.0
resnet50,tcga-ut,frozen,3,general,mlp_2h,d4,vote,0.45968860589961896,0.5847528144884974,0.4768794047181732,2787.0,1415.0
resnet50,tcga-ut,frozen,3,general,mlp_2h,d4,confidence,0.4630304564851236,0.5822809593734704,0.4753853344871175,2787.0,1415.0
resnet50,tcga-ut,frozen,42,general,mlp_2h,none,mean,0.45056282085183785,0.5491189427312775,0.45783381540937446,,
resnet50,tcga-ut,frozen,42,general,mlp_2h,d4,mean,0.4796297015217429,0.5840186000978953,0.4889229101222398,2875.0,1449.0
resnet50,tcga-ut,frozen,42,general,mlp_2h,d4,logit_mean,0.4786074650032065,0.5848017621145375,0.48989441329232036,2875.0,1449.0
resnet50,tcga-ut,frozen,42,general,mlp_2h,d4,vote,0.47577606237708325,0.5809838472834068,0.48654920172818594,2875.0,1449.0
resnet50,tcga-ut,frozen,42,general,mlp_2h,d4,confidence,0.4794609146893779,0.5783896231032795,0.48313281953060055,2875.0,1449.0
uni2,tcga-ut,frozen,0,histology,knn_10,none,mean,0.7099364474424096,0.7780714635340186,0.7206724710628111,,
uni2,tcga-ut,frozen,0,histology,knn_10,d4,mean,0.7107812355280945,0.7801517376407244,0.7215658629935197,974.0,889.0
uni2,tcga-ut,frozen,0,histology,knn_5,none,mean,0.7037230745702353,0.7641458639255996,0.7127748357875705,,
uni2,tcga-ut,frozen,0,histology,knn_5,d4,mean,0.7070659982617165,0.76786588350465,0.7181066437599182,1155.0,1003.0
uni2,tcga-ut,frozen,0,histology,linear,none,mean,0.7833275998931308,0.8413362701908957,0.7951752410932085,,
uni2,tcga-ut,frozen,0,histology,linear,d4,mean,0.7889343483600416,0.8470876162506118,0.8012452350137764,696.0,461.0
uni2,tcga-ut,frozen,0,histology,linear,d4,logit_mean,0.7889258307494244,0.8469652471855115,0.8013018908706243,696.0,461.0
uni2,tcga-ut,frozen,0,histology,linear,d4,vote,0.7876679980046467,0.8463778756730299,0.8001617778662115,696.0,461.0
uni2,tcga-ut,frozen,0,histology,linear,d4,confidence,0.789776300694568,0.8467449828683309,0.8019654336052897,696.0,461.0
uni2,tcga-ut,frozen,1,histology,linear,none,mean,0.7853486067620391,0.8421928536465981,0.797087203848444,,
uni2,tcga-ut,frozen,1,histology,linear,d4,mean,0.7912017754678399,0.8474057758198728,0.803383049606672,687.0,474.0
uni2,tcga-ut,frozen,1,histology,linear,d4,logit_mean,0.7914399257014976,0.8475281448849731,0.8036420676808248,687.0,474.0
uni2,tcga-ut,frozen,1,histology,linear,d4,vote,0.791180197208423,0.8476260401370533,0.8033464869313448,687.0,474.0
uni2,tcga-ut,frozen,1,histology,linear,d4,confidence,0.7901002481529267,0.8467205090553108,0.8020011520806918,687.0,474.0
uni2,tcga-ut,frozen,2,histology,linear,none,mean,0.7849422640749517,0.8420949583945179,0.7960771880336016,,
uni2,tcga-ut,frozen,2,histology,linear,d4,mean,0.7906805322542154,0.846769456681351,0.8020353140165484,665.0,474.0
uni2,tcga-ut,frozen,2,histology,linear,d4,logit_mean,0.7902628201250081,0.8465736661771904,0.8015252325055232,665.0,474.0
uni2,tcga-ut,frozen,2,histology,linear,d4,vote,0.7897320737434103,0.8459862946647088,0.8016459379130735,665.0,474.0
uni2,tcga-ut,frozen,2,histology,linear,d4,confidence,0.7893418753144759,0.8459862946647088,0.8006235943231588,665.0,474.0
uni2,tcga-ut,frozen,3,histology,linear,none,mean,0.7860026707785907,0.8421683798335781,0.7974140747272926,,
uni2,tcga-ut,frozen,3,histology,linear,d4,mean,0.7917419317691022,0.8482378854625551,0.803787767450402,682.0,434.0
uni2,tcga-ut,frozen,3,histology,linear,d4,logit_mean,0.7912958914494254,0.8479931473323544,0.8034324221661088,682.0,434.0
uni2,tcga-ut,frozen,3,histology,linear,d4,vote,0.7899833142747126,0.8472099853157122,0.8018459194501509,682.0,434.0
uni2,tcga-ut,frozen,3,histology,linear,d4,confidence,0.7903443021789415,0.8473568281938326,0.8023018677695998,682.0,434.0
uni2,tcga-ut,frozen,42,histology,linear,none,mean,0.784394923182167,0.8423152227116985,0.7977108071084844,,
uni2,tcga-ut,frozen,42,histology,linear,d4,mean,0.79231631692619,0.8485070974057758,0.8063945437119813,713.0,460.0
uni2,tcga-ut,frozen,42,histology,linear,d4,logit_mean,0.7920980905120735,0.8482623592755751,0.8062443673481522,713.0,460.0
uni2,tcga-ut,frozen,42,histology,linear,d4,vote,0.7921049039166687,0.8483113069016153,0.8064318869499673,713.0,460.0
uni2,tcga-ut,frozen,42,histology,linear,d4,confidence,0.792058975890325,0.8476994615761135,0.8056076849579077,713.0,460.0
uni2,tcga-ut,frozen,0,histology,mlp_1h,none,mean,0.7906738456678407,0.8466960352422908,0.8023846611961024,,
uni2,tcga-ut,frozen,0,histology,mlp_1h,d4,mean,0.7959421991416107,0.852153695545766,0.8080971718120776,653.0,430.0
uni2,tcga-ut,frozen,0,histology,mlp_1h,d4,logit_mean,0.7960615611593141,0.8522515907978463,0.8081134737485558,653.0,430.0
uni2,tcga-ut,frozen,0,histology,mlp_1h,d4,vote,0.795363044671768,0.8514929025942242,0.8073734936763811,653.0,430.0
uni2,tcga-ut,frozen,0,histology,mlp_1h,d4,confidence,0.7965192620640044,0.8516886930983847,0.8089101391914264,653.0,430.0
uni2,tcga-ut,frozen,1,histology,mlp_1h,none,mean,0.7876867188682322,0.845692608908468,0.7994069925876761,,
uni2,tcga-ut,frozen,1,histology,mlp_1h,d4,mean,0.7932194760140258,0.8503671071953011,0.8042698458250157,618.0,427.0
uni2,tcga-ut,frozen,1,histology,mlp_1h,d4,logit_mean,0.7932639280698008,0.8503181595692609,0.8042014945846154,618.0,427.0
uni2,tcga-ut,frozen,1,histology,mlp_1h,d4,vote,0.7914073604021005,0.8494860499265786,0.8030788572689012,618.0,427.0
uni2,tcga-ut,frozen,1,histology,mlp_1h,d4,confidence,0.7931465156417333,0.8501713166911404,0.8048365890178206,618.0,427.0
uni2,tcga-ut,frozen,2,histology,mlp_1h,none,mean,0.7916977238655704,0.8457660303475282,0.8015253640330772,,
uni2,tcga-ut,frozen,2,histology,mlp_1h,d4,mean,0.7973706183375464,0.8524473813020068,0.8076855489489526,672.0,399.0
uni2,tcga-ut,frozen,2,histology,mlp_1h,d4,logit_mean,0.797910876347021,0.8525452765540871,0.8078995127448867,672.0,399.0
uni2,tcga-ut,frozen,2,histology,mlp_1h,d4,vote,0.7959671854555558,0.8512236906510035,0.8070212667412792,672.0,399.0
uni2,tcga-ut,frozen,2,histology,mlp_1h,d4,confidence,0.7979705720904133,0.8524963289280469,0.8081759127623155,672.0,399.0
uni2,tcga-ut,frozen,3,histology,mlp_1h,none,mean,0.793398101913084,0.8462555066079295,0.8032231236418066,,
uni2,tcga-ut,frozen,3,histology,mlp_1h,d4,mean,0.7990790229237249,0.8514929025942242,0.8107325782344629,665.0,451.0
uni2,tcga-ut,frozen,3,histology,mlp_1h,d4,logit_mean,0.7998256885623619,0.8518355359765052,0.8111859090993815,665.0,451.0
uni2,tcga-ut,frozen,3,histology,mlp_1h,d4,vote,0.7984311360870078,0.8509544787077826,0.8101077252604366,665.0,451.0
uni2,tcga-ut,frozen,3,histology,mlp_1h,d4,confidence,0.7985657178482906,0.8511747430249633,0.8100259309558439,665.0,451.0
uni2,tcga-ut,frozen,42,histology,mlp_1h,none,mean,0.7947931339085073,0.8471855115026922,0.8031466341874873,,
uni2,tcga-ut,frozen,42,histology,mlp_1h,d4,mean,0.7976023720816784,0.8511747430249633,0.8071024430027964,598.0,435.0
uni2,tcga-ut,frozen,42,histology,mlp_1h,d4,logit_mean,0.7977668692921646,0.8513705335291238,0.8072291745486312,598.0,435.0
uni2,tcga-ut,frozen,42,histology,mlp_1h,d4,vote,0.7976529394406154,0.8513950073421439,0.8076595945861285,598.0,435.0
uni2,tcga-ut,frozen,42,histology,mlp_1h,d4,confidence,0.79646779659285,0.8507586882036221,0.8065983462557554,598.0,435.0
uni2,tcga-ut,frozen,0,histology,mlp_2h,none,mean,0.7919443643438314,0.8453255017131669,0.8038701975131856,,
uni2,tcga-ut,frozen,0,histology,mlp_2h,d4,mean,0.7959571876269466,0.8497063142437592,0.808137040731584,635.0,456.0
uni2,tcga-ut,frozen,0,histology,mlp_2h,d4,logit_mean,0.7961628175177604,0.8498286833088595,0.8079741984571895,635.0,456.0
uni2,tcga-ut,frozen,0,histology,mlp_2h,d4,vote,0.7953709206821292,0.8494126284875183,0.8081363109852439,635.0,456.0
uni2,tcga-ut,frozen,0,histology,mlp_2h,d4,confidence,0.7952025541113635,0.8498286833088595,0.8078073193312597,635.0,456.0
uni2,tcga-ut,frozen,1,histology,mlp_2h,none,mean,0.7912374954192949,0.8428291727851199,0.8010438325826419,,
uni2,tcga-ut,frozen,1,histology,mlp_2h,d4,mean,0.794213752743733,0.8476994615761135,0.804844545513358,657.0,458.0
uni2,tcga-ut,frozen,1,histology,mlp_2h,d4,logit_mean,0.7939350550157832,0.8474057758198728,0.8044149950915176,657.0,458.0
uni2,tcga-ut,frozen,1,histology,mlp_2h,d4,vote,0.793945469955611,0.8472834067547724,0.8045417079167075,657.0,458.0
uni2,tcga-ut,frozen,1,histology,mlp_2h,d4,confidence,0.7942918192248885,0.8476749877630935,0.8055760675443379,657.0,458.0
uni2,tcga-ut,frozen,2,histology,mlp_2h,none,mean,0.8010726144109698,0.8483357807146353,0.8066718530265623,,
uni2,tcga-ut,frozen,2,histology,mlp_2h,d4,mean,0.8053147076418858,0.8527165932452276,0.8116096814346409,635.0,456.0
uni2,tcga-ut,frozen,2,histology,mlp_2h,d4,logit_mean,0.8054461816125867,0.8525942241801273,0.8116775355233713,635.0,456.0
uni2,tcga-ut,frozen,2,histology,mlp_2h,d4,vote,0.8044994488273003,0.852153695545766,0.8111414916851342,635.0,456.0
uni2,tcga-ut,frozen,2,histology,mlp_2h,d4,confidence,0.8043854543823816,0.8522515907978463,0.8111456989766956,635.0,456.0
uni2,tcga-ut,frozen,3,histology,mlp_2h,none,mean,0.7952340954781448,0.8441752325012237,0.8037478903996345,,
uni2,tcga-ut,frozen,3,histology,mlp_2h,d4,mean,0.7996833918811903,0.849314733235438,0.8089862477336425,656.0,446.0
uni2,tcga-ut,frozen,3,histology,mlp_2h,d4,logit_mean,0.8001040243851563,0.8495594713656388,0.8091500456212832,656.0,446.0
uni2,tcga-ut,frozen,3,histology,mlp_2h,d4,vote,0.798276598865798,0.8490944689182575,0.8074555467137816,656.0,446.0
uni2,tcga-ut,frozen,3,histology,mlp_2h,d4,confidence,0.7992034526451592,0.8488742046010769,0.8088200617926858,656.0,446.0
uni2,tcga-ut,frozen,42,histology,mlp_2h,none,mean,0.7938602848212131,0.8472344591287323,0.8047510458708395,,
uni2,tcga-ut,frozen,42,histology,mlp_2h,d4,mean,0.7973060562497274,0.8516642192853646,0.8085200067737052,619.0,438.0
uni2,tcga-ut,frozen,42,histology,mlp_2h,d4,logit_mean,0.7974428973952085,0.8517131669114048,0.8088446394700178,619.0,438.0
uni2,tcga-ut,frozen,42,histology,mlp_2h,d4,vote,0.7967025730344888,0.8510279001468429,0.8082100225907286,619.0,438.0
uni2,tcga-ut,frozen,42,histology,mlp_2h,d4,confidence,0.797202046111184,0.8516152716593245,0.8089312906184215,619.0,438.0
uni,tcga-ut,frozen,0,histology,knn_10,none,mean,0.6564645938908483,0.745717082721488,0.668895190054817,,
uni,tcga-ut,frozen,0,histology,knn_10,d4,mean,0.6625557690446349,0.7472589329417523,0.6747872282503947,1071.0,1008.0
uni,tcga-ut,frozen,0,histology,knn_5,none,mean,0.6448951606179816,0.7284385707293196,0.6546563890573986,,
uni,tcga-ut,frozen,0,histology,knn_5,d4,mean,0.6513242986686615,0.7299804209495839,0.6597495341885734,1206.0,1143.0
uni,tcga-ut,frozen,0,histology,linear,none,mean,0.7278817693300899,0.801076847772883,0.7462269054187789,,
uni,tcga-ut,frozen,0,histology,linear,d4,mean,0.7329549273300526,0.8072197748409202,0.7522273937883927,799.0,548.0
uni,tcga-ut,frozen,0,histology,linear,d4,logit_mean,0.7327486598019722,0.8072687224669604,0.7522294793031737,799.0,548.0
uni,tcga-ut,frozen,0,histology,linear,d4,vote,0.7311166664030408,0.8059960841899168,0.7503249809146165,799.0,548.0
uni,tcga-ut,frozen,0,histology,linear,d4,confidence,0.7346210655731793,0.8068526676456191,0.7524836036315122,799.0,548.0
uni,tcga-ut,frozen,1,histology,linear,none,mean,0.7327991002881604,0.8016886930983848,0.7477811679837159,,
uni,tcga-ut,frozen,1,histology,linear,d4,mean,0.7387600483992665,0.8067058247674987,0.7547574606272488,761.0,556.0
uni,tcga-ut,frozen,1,histology,linear,d4,logit_mean,0.7383326780142387,0.8067302985805188,0.7545079611837702,761.0,556.0
uni,tcga-ut,frozen,1,histology,linear,d4,vote,0.7367655250300362,0.8051150269211943,0.7527608331404898,761.0,556.0
uni,tcga-ut,frozen,1,histology,linear,d4,confidence,0.7386398879422561,0.8067547723935389,0.7535311013419892,761.0,556.0
uni,tcga-ut,frozen,2,histology,linear,none,mean,0.727730745192298,0.7965491923641703,0.7415817597031269,,
uni,tcga-ut,frozen,2,histology,linear,d4,mean,0.7343817569179135,0.8040137053352913,0.7486992297450302,889.0,584.0
uni,tcga-ut,frozen,2,histology,linear,d4,logit_mean,0.7338725202693858,0.80357317670093,0.748969021612595,889.0,584.0
uni,tcga-ut,frozen,2,histology,linear,d4,vote,0.7332536124359037,0.802863436123348,0.7483190542428956,889.0,584.0
uni,tcga-ut,frozen,2,histology,linear,d4,confidence,0.7351204787705242,0.8032305433186491,0.7485692912827424,889.0,584.0
uni,tcga-ut,frozen,3,histology,linear,none,mean,0.7267265399654455,0.8006607929515418,0.7438613366768609,,
uni,tcga-ut,frozen,3,histology,linear,d4,mean,0.7323273173716544,0.8067792462065589,0.7506472546984396,816.0,566.0
uni,tcga-ut,frozen,3,histology,linear,d4,logit_mean,0.731328749807274,0.8064610866372981,0.7501166233992528,816.0,566.0
uni,tcga-ut,frozen,3,histology,linear,d4,vote,0.730149731242473,0.8052129221732746,0.7483801304664426,816.0,566.0
uni,tcga-ut,frozen,3,histology,linear,d4,confidence,0.7315403865066743,0.8055555555555556,0.748961900647248,816.0,566.0
uni,tcga-ut,frozen,42,histology,linear,none,mean,0.7315171480191917,0.8018110621634851,0.747486102820572,,
uni,tcga-ut,frozen,42,histology,linear,d4,mean,0.7356593664871667,0.8074645129711209,0.7528529458223292,796.0,565.0
uni,tcga-ut,frozen,42,histology,linear,d4,logit_mean,0.7357555309952534,0.8075868820362212,0.753338299704601,796.0,565.0
uni,tcga-ut,frozen,42,histology,linear,d4,vote,0.7332872225916341,0.8062652961331376,0.7511793827677119,796.0,565.0
uni,tcga-ut,frozen,42,histology,linear,d4,confidence,0.7357959318323499,0.8068771414586392,0.7516504829822703,796.0,565.0
uni,tcga-ut,frozen,0,histology,mlp_1h,none,mean,0.732294770777297,0.808565834557024,0.7477466172327785,,
uni,tcga-ut,frozen,0,histology,mlp_1h,d4,mean,0.7341383875762864,0.8128976994615761,0.7508157859409804,678.0,501.0
uni,tcga-ut,frozen,0,histology,mlp_1h,d4,logit_mean,0.7342014403390124,0.8129466470876162,0.7510320362828393,678.0,501.0
uni,tcga-ut,frozen,0,histology,mlp_1h,d4,vote,0.7334448807152887,0.812139011257954,0.7504192775804551,678.0,501.0
uni,tcga-ut,frozen,0,histology,mlp_1h,d4,confidence,0.7347460328268047,0.8132403328438571,0.7516100158102317,678.0,501.0
uni,tcga-ut,frozen,1,histology,mlp_1h,none,mean,0.7422985916594035,0.8104503181595692,0.7547436993411736,,
uni,tcga-ut,frozen,1,histology,mlp_1h,d4,mean,0.7454959843974627,0.8141213901125796,0.7581266423020354,666.0,516.0
uni,tcga-ut,frozen,1,histology,mlp_1h,d4,logit_mean,0.7457478297741839,0.8143906020558003,0.7583403508364244,666.0,516.0
uni,tcga-ut,frozen,1,histology,mlp_1h,d4,vote,0.7457151684533675,0.8146108663729809,0.7591891380357478,666.0,516.0
uni,tcga-ut,frozen,1,histology,mlp_1h,d4,confidence,0.7457034149647562,0.8141703377386197,0.7585192162998236,666.0,516.0
uni,tcga-ut,frozen,2,histology,mlp_1h,none,mean,0.7364953397840696,0.8079050416054822,0.7473606358212794,,
uni,tcga-ut,frozen,2,histology,mlp_1h,d4,mean,0.7414207460502377,0.8129466470876162,0.7537690350920258,712.0,506.0
uni,tcga-ut,frozen,2,histology,mlp_1h,d4,logit_mean,0.7408206668187295,0.812506118453255,0.7529419975604161,712.0,506.0
uni,tcga-ut,frozen,2,histology,mlp_1h,d4,vote,0.7405238361954041,0.8125795398923152,0.7529775854099798,712.0,506.0
uni,tcga-ut,frozen,2,histology,mlp_1h,d4,confidence,0.7410837114485893,0.811771904062653,0.7533869653787282,712.0,506.0
uni,tcga-ut,frozen,3,histology,mlp_1h,none,mean,0.7277085267870711,0.804307391091532,0.7444892226043985,,
uni,tcga-ut,frozen,3,histology,mlp_1h,d4,mean,0.7326167190746119,0.8089084679393049,0.7507710336278932,688.0,500.0
uni,tcga-ut,frozen,3,histology,mlp_1h,d4,logit_mean,0.7330612968668568,0.8090797846304454,0.7512585757056657,688.0,500.0
uni,tcga-ut,frozen,3,histology,mlp_1h,d4,vote,0.7304535932193098,0.8075379344101811,0.7484074809237218,688.0,500.0
uni,tcga-ut,frozen,3,histology,mlp_1h,d4,confidence,0.731458789157509,0.8081497797356828,0.7499917789974534,688.0,500.0
uni,tcga-ut,frozen,42,histology,mlp_1h,none,mean,0.736146096583601,0.8108908467939305,0.7490133426377544,,
uni,tcga-ut,frozen,42,histology,mlp_1h,d4,mean,0.7414635484688075,0.8160058737151248,0.7546294191519972,666.0,457.0
uni,tcga-ut,frozen,42,histology,mlp_1h,d4,logit_mean,0.7410777837570707,0.8161771904062654,0.7545944749102581,666.0,457.0
uni,tcga-ut,frozen,42,histology,mlp_1h,d4,vote,0.7414321679591757,0.8162261380323055,0.7553909556260224,666.0,457.0
uni,tcga-ut,frozen,42,histology,mlp_1h,d4,confidence,0.740090848122961,0.815712187958884,0.7533946916153814,666.0,457.0
uni,tcga-ut,frozen,0,histology,mlp_2h,none,mean,0.7456167948302405,0.8157611355849241,0.7570500169061157,,
uni,tcga-ut,frozen,0,histology,mlp_2h,d4,mean,0.7514017892710898,0.8202153695545766,0.7636629659319799,636.0,454.0
uni,tcga-ut,frozen,0,histology,mlp_2h,d4,logit_mean,0.7513223453828268,0.8204601076847773,0.7634388615041029,636.0,454.0
uni,tcga-ut,frozen,0,histology,mlp_2h,d4,vote,0.7494242374330813,0.819627998042095,0.7622809379512079,636.0,454.0
uni,tcga-ut,frozen,0,histology,mlp_2h,d4,confidence,0.7504289015275728,0.8197503671071953,0.7627076846963893,636.0,454.0
uni,tcga-ut,frozen,1,histology,mlp_2h,none,mean,0.742692821832327,0.8129221732745961,0.7540714504399411,,
uni,tcga-ut,frozen,1,histology,mlp_2h,d4,mean,0.7495812366318295,0.8180372001957905,0.7623672213096578,683.0,474.0
uni,tcga-ut,frozen,1,histology,mlp_2h,d4,logit_mean,0.7504046515812671,0.8184043073910915,0.7628937102282254,683.0,474.0
uni,tcga-ut,frozen,1,histology,mlp_2h,d4,vote,0.7477703320417802,0.8171561429270681,0.7605055241321339,683.0,474.0
uni,tcga-ut,frozen,1,histology,mlp_2h,d4,confidence,0.7495631534394229,0.8179148311306902,0.7627960568681477,683.0,474.0
uni,tcga-ut,frozen,2,histology,mlp_2h,none,mean,0.7453760277096874,0.81429270680372,0.7548722952768883,,
uni,tcga-ut,frozen,2,histology,mlp_2h,d4,mean,0.7485812685071905,0.8179393049437103,0.7590733488667224,627.0,478.0
uni,tcga-ut,frozen,2,histology,mlp_2h,d4,logit_mean,0.7497101678827974,0.8184043073910915,0.7595688733078613,627.0,478.0
uni,tcga-ut,frozen,2,histology,mlp_2h,d4,vote,0.7474629430887804,0.8174253548702888,0.7580724470668713,627.0,478.0
uni,tcga-ut,frozen,2,histology,mlp_2h,d4,confidence,0.747528065597116,0.817523250122369,0.759153494672793,627.0,478.0
uni,tcga-ut,frozen,3,histology,mlp_2h,none,mean,0.7457051473674557,0.8161527165932452,0.7581053369730092,,
uni,tcga-ut,frozen,3,histology,mlp_2h,d4,mean,0.7516504193883732,0.8210964268232991,0.7648931562027859,654.0,452.0
uni,tcga-ut,frozen,3,histology,mlp_2h,d4,logit_mean,0.7517077064154938,0.8210230053842389,0.7648298027741469,654.0,452.0
uni,tcga-ut,frozen,3,histology,mlp_2h,d4,vote,0.7503416957093126,0.8206558981889378,0.7638469993348866,654.0,452.0
uni,tcga-ut,frozen,3,histology,mlp_2h,d4,confidence,0.7509577560273839,0.8202887909936368,0.7646970586638574,654.0,452.0
uni,tcga-ut,frozen,42,histology,mlp_2h,none,mean,0.7446121867421647,0.8114047968673519,0.758113576886207,,
uni,tcga-ut,frozen,42,histology,mlp_2h,d4,mean,0.7516660457002821,0.8171071953010279,0.7667498873178145,704.0,471.0
uni,tcga-ut,frozen,42,histology,mlp_2h,d4,logit_mean,0.7508041482299369,0.8170827214880079,0.7660610958878424,704.0,471.0
uni,tcga-ut,frozen,42,histology,mlp_2h,d4,vote,0.7492845601621715,0.8165687714145864,0.7647421951153677,704.0,471.0
uni,tcga-ut,frozen,42,histology,mlp_2h,d4,confidence,0.7501242919175819,0.8164708761625061,0.7651753438524884,704.0,471.0
virchow2,tcga-ut,frozen,0,histology,knn_10,none,mean,0.6822270546304607,0.7543073910915321,0.6918383426545087,,
virchow2,tcga-ut,frozen,0,histology,knn_10,d4,mean,0.6850196386660934,0.7554576603034753,0.6948701587212506,580.0,533.0
virchow2,tcga-ut,frozen,0,histology,knn_5,none,mean,0.6780904089492371,0.7430004894762604,0.6854252003883079,,
virchow2,tcga-ut,frozen,0,histology,knn_5,d4,mean,0.6787450530793161,0.7436123348017621,0.6854921449230521,584.0,559.0
virchow2,tcga-ut,frozen,0,histology,linear,none,mean,0.7772191144347637,0.8340675477239354,0.7951002748004151,,
virchow2,tcga-ut,frozen,0,histology,linear,d4,mean,0.7810311749148561,0.8369554576603034,0.798858306911068,401.0,283.0
virchow2,tcga-ut,frozen,0,histology,linear,d4,logit_mean,0.7803028855681605,0.8367596671561429,0.798333314473927,401.0,283.0
virchow2,tcga-ut,frozen,0,histology,linear,d4,vote,0.7796202811745057,0.8360254527655409,0.7978638680940472,401.0,283.0
virchow2,tcga-ut,frozen,0,histology,linear,d4,confidence,0.7800425202601233,0.8363436123348018,0.7976517832288161,401.0,283.0
virchow2,tcga-ut,frozen,1,histology,linear,none,mean,0.7787534761454779,0.8315712187958884,0.7929884922665885,,
virchow2,tcga-ut,frozen,1,histology,linear,d4,mean,0.7819404923924017,0.8343612334801762,0.795850833443554,412.0,298.0
virchow2,tcga-ut,frozen,1,histology,linear,d4,logit_mean,0.7816930112101685,0.8341899167890358,0.795771641769409,412.0,298.0
virchow2,tcga-ut,frozen,1,histology,linear,d4,vote,0.7814604223086266,0.8338962310327949,0.7956153095913565,412.0,298.0
virchow2,tcga-ut,frozen,1,histology,linear,d4,confidence,0.7808132951493266,0.8336514929025942,0.7941565789257927,412.0,298.0
virchow2,tcga-ut,frozen,2,histology,linear,none,mean,0.7800409236405139,0.8337738619676945,0.7959981881620244,,
virchow2,tcga-ut,frozen,2,histology,linear,d4,mean,0.7819899649842682,0.8357807146353402,0.798400393203942,385.0,303.0
virchow2,tcga-ut,frozen,2,histology,linear,d4,logit_mean,0.7820128958566464,0.8357807146353402,0.798492614331903,385.0,303.0
virchow2,tcga-ut,frozen,2,histology,linear,d4,vote,0.7814716046620818,0.8357317670093001,0.7976042207315966,385.0,303.0
virchow2,tcga-ut,frozen,2,histology,linear,d4,confidence,0.781885342868501,0.8354136074400391,0.7978273952255724,385.0,303.0
virchow2,tcga-ut,frozen,3,histology,linear,none,mean,0.7827162147750988,0.8366617719040627,0.7972885103732855,,
virchow2,tcga-ut,frozen,3,histology,linear,d4,mean,0.7856072348688531,0.838913362701909,0.8009597088632754,405.0,313.0
virchow2,tcga-ut,frozen,3,histology,linear,d4,logit_mean,0.7858659974460341,0.8390112579539892,0.8010654848393757,405.0,313.0
virchow2,tcga-ut,frozen,3,histology,linear,d4,vote,0.7857624421618171,0.8391336270190896,0.8006965984805373,405.0,313.0
virchow2,tcga-ut,frozen,3,histology,linear,d4,confidence,0.7853031486224652,0.8383015173764072,0.7995350594023646,405.0,313.0
virchow2,tcga-ut,frozen,42,histology,linear,none,mean,0.7759193645192649,0.8305433186490455,0.7905576503571055,,
virchow2,tcga-ut,frozen,42,histology,linear,d4,mean,0.7782722756768807,0.8324278022515907,0.7929030873732544,408.0,331.0
virchow2,tcga-ut,frozen,42,histology,linear,d4,logit_mean,0.7780126056242487,0.8323299069995105,0.7926105925749848,408.0,331.0
virchow2,tcga-ut,frozen,42,histology,linear,d4,vote,0.77671360110905,0.8313020068526676,0.7911934675873565,408.0,331.0
virchow2,tcga-ut,frozen,42,histology,linear,d4,confidence,0.7784082438104923,0.8324033284385707,0.7922365847844637,408.0,331.0
virchow2,tcga-ut,frozen,0,histology,mlp_1h,none,mean,0.7789143671461104,0.8360499265785609,0.7947531802483147,,
virchow2,tcga-ut,frozen,0,histology,mlp_1h,d4,mean,0.7805930300446661,0.8373715124816447,0.7955117784940143,338.0,284.0
virchow2,tcga-ut,frozen,0,histology,mlp_1h,d4,logit_mean,0.7808597901889706,0.8373959862946647,0.7958236874668067,338.0,284.0
virchow2,tcga-ut,frozen,0,histology,mlp_1h,d4,vote,0.7807895773209135,0.8372246696035243,0.7958907780046762,338.0,284.0
virchow2,tcga-ut,frozen,0,histology,mlp_1h,d4,confidence,0.7809446016661753,0.8378854625550661,0.7956521558807834,338.0,284.0
virchow2,tcga-ut,frozen,1,histology,mlp_1h,none,mean,0.759360552472302,0.8228095937347039,0.7706074446813795,,
virchow2,tcga-ut,frozen,1,histology,mlp_1h,d4,mean,0.7600688144932906,0.8236661771904062,0.7711677369625203,328.0,293.0
virchow2,tcga-ut,frozen,1,histology,mlp_1h,d4,logit_mean,0.7602175747817923,0.8237640724424865,0.771316135980054,328.0,293.0
virchow2,tcga-ut,frozen,1,histology,mlp_1h,d4,vote,0.7600909989725232,0.8235193343122859,0.7712703452402824,328.0,293.0
virchow2,tcga-ut,frozen,1,histology,mlp_1h,d4,confidence,0.7601883629569919,0.8241556534508077,0.7717629855217794,328.0,293.0
virchow2,tcga-ut,frozen,2,histology,mlp_1h,none,mean,0.7752676488888804,0.830347528144885,0.7868591211302673,,
virchow2,tcga-ut,frozen,2,histology,mlp_1h,d4,mean,0.7792648311472364,0.8335046500244738,0.7913815303589693,385.0,256.0
virchow2,tcga-ut,frozen,2,histology,mlp_1h,d4,logit_mean,0.7790858277365433,0.8334067547723936,0.7911069933151693,385.0,256.0
virchow2,tcga-ut,frozen,2,histology,mlp_1h,d4,vote,0.7781464458228774,0.8330885952031326,0.790310867583755,385.0,256.0
virchow2,tcga-ut,frozen,2,histology,mlp_1h,d4,confidence,0.7797886408008378,0.8336270190895742,0.7913546833453411,385.0,256.0
virchow2,tcga-ut,frozen,3,histology,mlp_1h,none,mean,0.7760887631176013,0.8329662261380323,0.790458756678864,,
virchow2,tcga-ut,frozen,3,histology,mlp_1h,d4,mean,0.7805657923411284,0.8355359765051396,0.7941367383458273,403.0,298.0
virchow2,tcga-ut,frozen,3,histology,mlp_1h,d4,logit_mean,0.7808144861506007,0.8356583455702399,0.7941982009185773,403.0,298.0
virchow2,tcga-ut,frozen,3,histology,mlp_1h,d4,vote,0.7807328449314246,0.835389133627019,0.7944030161949208,403.0,298.0
virchow2,tcga-ut,frozen,3,histology,mlp_1h,d4,confidence,0.7803760235397589,0.8349486049926579,0.7937046719489897,403.0,298.0
virchow2,tcga-ut,frozen,42,histology,mlp_1h,none,mean,0.7654416545806815,0.8279980420949584,0.7781598803442779,,
virchow2,tcga-ut,frozen,42,histology,mlp_1h,d4,mean,0.7661678380051995,0.8290993636808615,0.7778634468727894,328.0,283.0
virchow2,tcga-ut,frozen,42,histology,mlp_1h,d4,logit_mean,0.7660047505926251,0.8290014684287812,0.7775810079013606,328.0,283.0
virchow2,tcga-ut,frozen,42,histology,mlp_1h,d4,vote,0.766235895500993,0.829319627998042,0.7785688826109395,328.0,283.0
virchow2,tcga-ut,frozen,42,histology,mlp_1h,d4,confidence,0.7663130038714171,0.828928046989721,0.7778745087404825,328.0,283.0
virchow2,tcga-ut,frozen,0,histology,mlp_2h,none,mean,0.7708029512659839,0.8303964757709251,0.7787189443414805,,
virchow2,tcga-ut,frozen,0,histology,mlp_2h,d4,mean,0.7739639117298757,0.8327459618208517,0.7817298254863583,365.0,269.0
virchow2,tcga-ut,frozen,0,histology,mlp_2h,d4,logit_mean,0.7741926761894967,0.8327214880078316,0.7814312926457149,365.0,269.0
virchow2,tcga-ut,frozen,0,histology,mlp_2h,d4,vote,0.772187217949584,0.8316446402349486,0.7793902696106542,365.0,269.0
virchow2,tcga-ut,frozen,0,histology,mlp_2h,d4,confidence,0.7725691154136877,0.83215859030837,0.780472064239185,365.0,269.0
virchow2,tcga-ut,frozen,1,histology,mlp_2h,none,mean,0.7707749208711283,0.8295154185022027,0.7807759455738925,,
virchow2,tcga-ut,frozen,1,histology,mlp_2h,d4,mean,0.7745869758573415,0.8319138521781694,0.7842142027352902,360.0,262.0
virchow2,tcga-ut,frozen,1,histology,mlp_2h,d4,logit_mean,0.7749202299884933,0.8319138521781694,0.7843227858462188,360.0,262.0
virchow2,tcga-ut,frozen,1,histology,mlp_2h,d4,vote,0.774343202370684,0.8315956926089084,0.7844501579486632,360.0,262.0
virchow2,tcga-ut,frozen,1,histology,mlp_2h,d4,confidence,0.7746015243036011,0.8324033284385707,0.7852795083874518,360.0,262.0
virchow2,tcga-ut,frozen,2,histology,mlp_2h,none,mean,0.7760644735954103,0.8283651492902594,0.7851384736640248,,
virchow2,tcga-ut,frozen,2,histology,mlp_2h,d4,mean,0.7783141074628124,0.8302496328928047,0.7871145868096034,367.0,290.0
virchow2,tcga-ut,frozen,2,histology,mlp_2h,d4,logit_mean,0.7781773144692427,0.830029368575624,0.7866833785485766,367.0,290.0
virchow2,tcga-ut,frozen,2,histology,mlp_2h,d4,vote,0.7776075753238335,0.8294664708761625,0.7864277687489659,367.0,290.0
virchow2,tcga-ut,frozen,2,histology,mlp_2h,d4,confidence,0.7784577338473427,0.8303230543318649,0.7875021032026838,367.0,290.0
virchow2,tcga-ut,frozen,3,histology,mlp_2h,none,mean,0.7748664249474078,0.8291727851199217,0.784110813924343,,
virchow2,tcga-ut,frozen,3,histology,mlp_2h,d4,mean,0.7771135961360731,0.8304454233969653,0.7856163602451326,336.0,284.0
virchow2,tcga-ut,frozen,3,histology,mlp_2h,d4,logit_mean,0.7769535528950843,0.8304454233969653,0.7854527023827811,336.0,284.0
virchow2,tcga-ut,frozen,3,histology,mlp_2h,d4,vote,0.776211727604579,0.830029368575624,0.7850927176137353,336.0,284.0
virchow2,tcga-ut,frozen,3,histology,mlp_2h,d4,confidence,0.776059002829674,0.8300538423886441,0.7849347961271934,336.0,284.0
virchow2,tcga-ut,frozen,42,histology,mlp_2h,none,mean,0.7783748698199188,0.8334801762114538,0.7885989435224197,,
virchow2,tcga-ut,frozen,42,histology,mlp_2h,d4,mean,0.7804848974506868,0.8346059716103769,0.7907502812015146,354.0,308.0
virchow2,tcga-ut,frozen,42,histology,mlp_2h,d4,logit_mean,0.7802011579665817,0.8344591287322565,0.7904242042886971,354.0,308.0
virchow2,tcga-ut,frozen,42,histology,mlp_2h,d4,vote,0.7800439089741255,0.8344836025452765,0.7902699163949315,354.0,308.0
virchow2,tcga-ut,frozen,42,histology,mlp_2h,d4,confidence,0.7791193147515998,0.8345080763582966,0.7893964829899992,354.0,308.0
virchow,tcga-ut,frozen,0,histology,knn_10,none,mean,0.5744970004565847,0.6874694077337249,0.587707336202024,,
virchow,tcga-ut,frozen,0,histology,knn_10,d4,mean,0.5828518558340376,0.693906020558003,0.5953423997654848,1603.0,1340.0
virchow,tcga-ut,frozen,0,histology,knn_5,none,mean,0.5743472638200934,0.6777777777777778,0.5873058962559092,,
virchow,tcga-ut,frozen,0,histology,knn_5,d4,mean,0.5811163069491946,0.6836270190895741,0.591037043997148,1834.0,1595.0
virchow,tcga-ut,frozen,0,histology,linear,none,mean,0.7327291667892526,0.8042094958394518,0.749431250265183,,
virchow,tcga-ut,frozen,0,histology,linear,d4,mean,0.7369339744370861,0.8090797846304454,0.7537793080310338,716.0,517.0
virchow,tcga-ut,frozen,0,histology,linear,d4,logit_mean,0.7367795748673608,0.8090063631913852,0.7539503650256968,716.0,517.0
virchow,tcga-ut,frozen,0,histology,linear,d4,vote,0.7348047832788495,0.8077826725403818,0.7520963217396592,716.0,517.0
virchow,tcga-ut,frozen,0,histology,linear,d4,confidence,0.7377273394638919,0.8092021536955457,0.7534161239547827,716.0,517.0
virchow,tcga-ut,frozen,1,histology,linear,none,mean,0.7317420224735116,0.8024718551150269,0.748775017644017,,
virchow,tcga-ut,frozen,1,histology,linear,d4,mean,0.7374328110424293,0.8083455702398433,0.7547718364884681,740.0,500.0
virchow,tcga-ut,frozen,1,histology,linear,d4,logit_mean,0.7380247771032816,0.8087126774351444,0.7557566643864156,740.0,500.0
virchow,tcga-ut,frozen,1,histology,linear,d4,vote,0.7358161422822515,0.8068281938325991,0.7534697981131865,740.0,500.0
virchow,tcga-ut,frozen,1,histology,linear,d4,confidence,0.7401634803189092,0.8086147821830642,0.7557868596088355,740.0,500.0
virchow,tcga-ut,frozen,2,histology,linear,none,mean,0.7331369792972176,0.8005139500734214,0.7448569276855319,,
virchow,tcga-ut,frozen,2,histology,linear,d4,mean,0.7383287896718249,0.806436612824278,0.7499008240346252,750.0,508.0
virchow,tcga-ut,frozen,2,histology,linear,d4,logit_mean,0.737467191144966,0.8064855604503182,0.7494104016360231,750.0,508.0
virchow,tcga-ut,frozen,2,histology,linear,d4,vote,0.7369873038851409,0.8051150269211943,0.7494050959682075,750.0,508.0
virchow,tcga-ut,frozen,2,histology,linear,d4,confidence,0.7399602915332858,0.806093979441997,0.7502920881105787,750.0,508.0
virchow,tcga-ut,frozen,3,histology,linear,none,mean,0.7348617768158886,0.8034752814488497,0.7457711137455376,,
virchow,tcga-ut,frozen,3,histology,linear,d4,mean,0.7393674405826853,0.8086147821830642,0.7495932591750645,709.0,499.0
virchow,tcga-ut,frozen,3,histology,linear,d4,logit_mean,0.7388457968750791,0.8084434654919237,0.7493977101366622,709.0,499.0
virchow,tcga-ut,frozen,3,histology,linear,d4,vote,0.7388692049783068,0.8076847772883016,0.7496164367292799,709.0,499.0
virchow,tcga-ut,frozen,3,histology,linear,d4,confidence,0.7411978640644745,0.8084924131179638,0.7502415455177273,709.0,499.0
virchow,tcga-ut,frozen,42,histology,linear,none,mean,0.7337900797645205,0.8023250122369066,0.7447042809636113,,
virchow,tcga-ut,frozen,42,histology,linear,d4,mean,0.7390968215415361,0.8074889867841409,0.7508161006308472,709.0,498.0
virchow,tcga-ut,frozen,42,histology,linear,d4,logit_mean,0.7384359838740335,0.8071953010279002,0.7504807351652673,709.0,498.0
virchow,tcga-ut,frozen,42,histology,linear,d4,vote,0.7370152789839698,0.805702398433676,0.7486456681233898,709.0,498.0
virchow,tcga-ut,frozen,42,histology,linear,d4,confidence,0.7399910934354792,0.8079050416054822,0.7503815286531399,709.0,498.0
virchow,tcga-ut,frozen,0,histology,mlp_1h,none,mean,0.7307533275820579,0.7991923641703378,0.7438122795518809,,
virchow,tcga-ut,frozen,0,histology,mlp_1h,d4,mean,0.7360593071352269,0.8041116005873715,0.7501621692350406,699.0,498.0
virchow,tcga-ut,frozen,0,histology,mlp_1h,d4,logit_mean,0.7369354899629786,0.8049437102300538,0.7512924894085141,699.0,498.0
virchow,tcga-ut,frozen,0,histology,mlp_1h,d4,vote,0.7355652652482417,0.8041850220264317,0.7491023144747856,699.0,498.0
virchow,tcga-ut,frozen,0,histology,mlp_1h,d4,confidence,0.7362111939846722,0.8047479197258933,0.7498966682432643,699.0,498.0
virchow,tcga-ut,frozen,1,histology,mlp_1h,none,mean,0.7280839057460831,0.8028144884973079,0.7393396066996382,,
virchow,tcga-ut,frozen,1,histology,mlp_1h,d4,mean,0.7337894391639384,0.8077826725403818,0.7458957211830645,676.0,473.0
virchow,tcga-ut,frozen,1,histology,mlp_1h,d4,logit_mean,0.7336996548688688,0.807831620166422,0.7461112912139835,676.0,473.0
virchow,tcga-ut,frozen,1,histology,mlp_1h,d4,vote,0.734054847468299,0.8079539892315223,0.746418662251931,676.0,473.0
virchow,tcga-ut,frozen,1,histology,mlp_1h,d4,confidence,0.7346282935802398,0.8076603034752814,0.7461999294607996,676.0,473.0
virchow,tcga-ut,frozen,2,histology,mlp_1h,none,mean,0.7316335660841545,0.8007586882036222,0.7441921112323182,,
virchow,tcga-ut,frozen,2,histology,mlp_1h,d4,mean,0.7361258308264407,0.806069505628977,0.7489118001275773,711.0,494.0
virchow,tcga-ut,frozen,2,histology,mlp_1h,d4,logit_mean,0.7353688256425966,0.8058981889378365,0.7481879118997143,711.0,494.0
virchow,tcga-ut,frozen,2,histology,mlp_1h,d4,vote,0.7338466498962691,0.8047479197258933,0.7464381246879177,711.0,494.0
virchow,tcga-ut,frozen,2,histology,mlp_1h,d4,confidence,0.7369515588596116,0.8059960841899168,0.748894401218133,711.0,494.0
virchow,tcga-ut,frozen,3,histology,mlp_1h,none,mean,0.7354560860973752,0.8064610866372981,0.7470017044991742,,
virchow,tcga-ut,frozen,3,histology,mlp_1h,d4,mean,0.7396475982189376,0.8111111111111111,0.7520469588012391,684.0,494.0
virchow,tcga-ut,frozen,3,histology,mlp_1h,d4,logit_mean,0.740231917124458,0.811453744493392,0.7526488688151255,684.0,494.0
virchow,tcga-ut,frozen,3,histology,mlp_1h,d4,vote,0.738811159299242,0.8105971610376896,0.7510651756344993,684.0,494.0
virchow,tcga-ut,frozen,3,histology,mlp_1h,d4,confidence,0.7401897190108551,0.8111845325501713,0.7519861545660048,684.0,494.0
virchow,tcga-ut,frozen,42,histology,mlp_1h,none,mean,0.7310383099912093,0.8030837004405287,0.7451447755156851,,
virchow,tcga-ut,frozen,42,histology,mlp_1h,d4,mean,0.7359896946593759,0.8087126774351444,0.7507758127468043,695.0,465.0
virchow,tcga-ut,frozen,42,histology,mlp_1h,d4,logit_mean,0.7362618018483106,0.8089084679393049,0.7510278224756682,695.0,465.0
virchow,tcga-ut,frozen,42,histology,mlp_1h,d4,vote,0.7358204095882188,0.8080763582966226,0.7506150549064041,695.0,465.0
virchow,tcga-ut,frozen,42,histology,mlp_1h,d4,confidence,0.7354154277736364,0.8084679393049438,0.7494079877928568,695.0,465.0
virchow,tcga-ut,frozen,0,histology,mlp_2h,none,mean,0.7219641069113348,0.787518355359765,0.7241045022234311,,
virchow,tcga-ut,frozen,0,histology,mlp_2h,d4,mean,0.7243034771313711,0.7924620655898189,0.7275797843747445,646.0,444.0
virchow,tcga-ut,frozen,0,histology,mlp_2h,d4,logit_mean,0.7247386788714537,0.7924131179637788,0.7282954910881367,646.0,444.0
virchow,tcga-ut,frozen,0,histology,mlp_2h,d4,vote,0.7234549076526744,0.7907733724914342,0.7270723934791514,646.0,444.0
virchow,tcga-ut,frozen,0,histology,mlp_2h,d4,confidence,0.7246738774004071,0.7922173274596183,0.7270991559058042,646.0,444.0
virchow,tcga-ut,frozen,1,histology,mlp_2h,none,mean,0.70485383211875,0.7865149290259422,0.7165529743473618,,
virchow,tcga-ut,frozen,1,histology,mlp_2h,d4,mean,0.7102042515085393,0.7922907488986785,0.7232679427173931,701.0,465.0
virchow,tcga-ut,frozen,1,histology,mlp_2h,d4,logit_mean,0.7106054519812554,0.7923886441507587,0.7233683210104935,701.0,465.0
virchow,tcga-ut,frozen,1,histology,mlp_2h,d4,vote,0.7076962679325546,0.7904062652961331,0.7204305958234856,701.0,465.0
virchow,tcga-ut,frozen,1,histology,mlp_2h,d4,confidence,0.7111941804772208,0.7923641703377386,0.724167211769557,701.0,465.0
virchow,tcga-ut,frozen,2,histology,mlp_2h,none,mean,0.7318559906109647,0.8012481644640235,0.7420029860890697,,
virchow,tcga-ut,frozen,2,histology,mlp_2h,d4,mean,0.7356869923092012,0.8054331864904553,0.7460369857518733,677.0,506.0
virchow,tcga-ut,frozen,2,histology,mlp_2h,d4,logit_mean,0.7353855355321208,0.8053597650513951,0.7459243483710157,677.0,506.0
virchow,tcga-ut,frozen,2,histology,mlp_2h,d4,vote,0.7340880848139189,0.8044542339696524,0.7446560968551306,677.0,506.0
virchow,tcga-ut,frozen,2,histology,mlp_2h,d4,confidence,0.7342588104648804,0.8046989720998532,0.7450890171811148,677.0,506.0
virchow,tcga-ut,frozen,3,histology,mlp_2h,none,mean,0.720057329649903,0.7963778756730299,0.7363661907727774,,
virchow,tcga-ut,frozen,3,histology,mlp_2h,d4,mean,0.7266426573891294,0.8019823788546255,0.7433531161080802,671.0,442.0
virchow,tcga-ut,frozen,3,histology,mlp_2h,d4,logit_mean,0.7274890640429789,0.8022760646108664,0.7444054401854029,671.0,442.0
virchow,tcga-ut,frozen,3,histology,mlp_2h,d4,vote,0.7247529908295884,0.8009300048947626,0.7416905654802634,671.0,442.0
virchow,tcga-ut,frozen,3,histology,mlp_2h,d4,confidence,0.7270679941256177,0.8020068526676456,0.7434503526794765,671.0,442.0
virchow,tcga-ut,frozen,42,histology,mlp_2h,none,mean,0.7065071204329293,0.7882036221243269,0.7150487669009704,,
virchow,tcga-ut,frozen,42,histology,mlp_2h,d4,mean,0.7118143185580943,0.7935389133627019,0.7200673317320264,672.0,454.0
virchow,tcga-ut,frozen,42,histology,mlp_2h,d4,logit_mean,0.711780023038915,0.7937102300538423,0.7200230804872597,672.0,454.0
virchow,tcga-ut,frozen,42,histology,mlp_2h,d4,vote,0.7100130758968756,0.7919725893294175,0.7191072969207362,672.0,454.0
virchow,tcga-ut,frozen,42,histology,mlp_2h,d4,confidence,0.7129456147921814,0.7936368086147821,0.7204102258711437,672.0,454.0
convnextv2_base,mhist,finetuned,0,general,linear,none,mean,0.8636412749864938,0.8628454452405322,,,
convnextv2_base,mhist,finetuned,0,general,linear,flips,mean,0.8794998199171619,0.8792221084953941,,34.0,18.0
convnextv2_base,mhist,finetuned,0,general,linear,flips,vote,0.8717472537367189,0.8781985670419652,,32.0,17.0
convnextv2_base,mhist,finetuned,0,general,linear,flips,confidence,0.8794998199171619,0.8792221084953941,,34.0,18.0
convnextv2_base,mhist,finetuned,0,general,linear,d4,mean,0.8833198271204754,0.8833162743091095,,39.0,19.0
convnextv2_base,mhist,finetuned,0,general,linear,d4,vote,0.8800805870700523,0.8843398157625384,,36.0,15.0
convnextv2_base,mhist,finetuned,0,general,linear,d4,confidence,0.8841301998919503,0.8843398157625384,,40.0,19.0
convnextv2_base,mhist,finetuned,0,general,linear,d4_color,mean,0.8833198271204754,0.8833162743091095,,39.0,19.0
convnextv2_base,mhist,finetuned,0,general,linear,d4_color,vote,0.8800805870700523,0.8843398157625384,,36.0,15.0
convnextv2_base,mhist,finetuned,0,general,linear,d4_color,confidence,0.8841301998919503,0.8843398157625384,,40.0,19.0
convnextv2_base,mhist,finetuned,1,general,linear,none,mean,0.8506798127138484,0.8567041965199591,,,
convnextv2_base,mhist,finetuned,1,general,linear,flips,mean,0.8652642715649199,0.8700102354145343,,34.0,21.0
convnextv2_base,mhist,finetuned,1,general,linear,flips,vote,0.8590176481181344,0.8730808597748209,,34.0,18.0
convnextv2_base,mhist,finetuned,1,general,linear,flips,confidence,0.8644538987934449,0.8689866939611054,,33.0,21.0
convnextv2_base,mhist,finetuned,1,general,linear,d4,mean,0.8659598415271025,0.8730808597748209,,36.0,20.0
convnextv2_base,mhist,finetuned,1,general,linear,d4,vote,0.8659620925625788,0.8781985670419652,,40.0,19.0
convnextv2_base,mhist,finetuned,1,general,linear,d4,confidence,0.8651494687556276,0.872057318321392,,37.0,22.0
convnextv2_base,mhist,finetuned,1,general,linear,d4_color,mean,0.8659598415271025,0.8730808597748209,,36.0,20.0
convnextv2_base,mhist,finetuned,1,general,linear,d4_color,vote,0.8659620925625788,0.8781985670419652,,40.0,19.0
convnextv2_base,mhist,finetuned,1,general,linear,d4_color,confidence,0.8651494687556276,0.872057318321392,,37.0,22.0
convnextv2_base,mhist,finetuned,2,general,linear,none,mean,0.8595916621645957,0.8628454452405322,,,
convnextv2_base,mhist,finetuned,2,general,linear,flips,mean,0.8678101926886368,0.8710337768679631,,23.0,15.0
convnextv2_base,mhist,finetuned,2,general,linear,flips,vote,0.860172429317486,0.8679631525076765,,22.0,17.0
convnextv2_base,mhist,finetuned,2,general,linear,flips,confidence,0.8713983432378895,0.8741044012282497,,26.0,15.0
convnextv2_base,mhist,finetuned,2,general,linear,d4,mean,0.8665361066090402,0.8679631525076765,,29.0,24.0
convnextv2_base,mhist,finetuned,2,general,linear,d4,vote,0.8672316765712227,0.8710337768679631,,30.0,22.0
convnextv2_base,mhist,finetuned,2,general,linear,d4,confidence,0.8635264721772015,0.8648925281473899,,29.0,27.0
convnextv2_base,mhist,finetuned,2,general,linear,d4_color,mean,0.8665361066090402,0.8679631525076765,,29.0,24.0
convnextv2_base,mhist,finetuned,2,general,linear,d4_color,vote,0.8672316765712227,0.8710337768679631,,30.0,22.0
convnextv2_base,mhist,finetuned,2,general,linear,d4_color,confidence,0.8635264721772015,0.8648925281473899,,29.0,27.0
convnextv2_base,mhist,finetuned,3,general,linear,none,mean,0.8259206735098146,0.8597748208802457,,,
convnextv2_base,mhist,finetuned,3,general,linear,flips,mean,0.841894021249775,0.8741044012282497,,26.0,12.0
convnextv2_base,mhist,finetuned,3,general,linear,flips,vote,0.8226814334593913,0.8607983623336745,,14.0,13.0
convnextv2_base,mhist,finetuned,3,general,linear,flips,confidence,0.8466392040338555,0.8771750255885363,,28.0,11.0
convnextv2_base,mhist,finetuned,3,general,linear,d4,mean,0.8494169818116334,0.8792221084953941,,36.0,17.0
convnextv2_base,mhist,finetuned,3,general,linear,d4,vote,0.8379592112371691,0.872057318321392,,33.0,21.0
convnextv2_base,mhist,finetuned,3,general,linear,d4,confidence,0.8499954979290474,0.8792221084953941,,37.0,18.0
convnextv2_base,mhist,finetuned,3,general,linear,d4_color,mean,0.8494169818116334,0.8792221084953941,,36.0,17.0
convnextv2_base,mhist,finetuned,3,general,linear,d4_color,vote,0.8379592112371691,0.872057318321392,,33.0,21.0
convnextv2_base,mhist,finetuned,3,general,linear,d4_color,confidence,0.8499954979290474,0.8792221084953941,,37.0,18.0
convnextv2_base,mhist,finetuned,42,general,linear,none,mean,0.8675783360345759,0.8700102354145343,,,
convnextv2_base,mhist,finetuned,42,general,linear,flips,mean,0.8804249954979291,0.8781985670419652,,28.0,20.0
convnextv2_base,mhist,finetuned,42,general,linear,flips,vote,0.8782279848730417,0.8812691914022518,,28.0,17.0
convnextv2_base,mhist,finetuned,42,general,linear,flips,confidence,0.8820457410408789,0.8802456499488229,,30.0,20.0
convnextv2_base,mhist,finetuned,42,general,linear,d4,mean,0.8810035116153431,0.8781985670419652,,32.0,24.0
convnextv2_base,mhist,finetuned,42,general,linear,d4,vote,0.8766072393300919,0.8792221084953941,,32.0,23.0
convnextv2_base,mhist,finetuned,42,general,linear,d4,confidence,0.882392400504232,0.8792221084953941,,32.0,23.0
convnextv2_base,mhist,finetuned,42,general,linear,d4_color,mean,0.8810035116153431,0.8781985670419652,,32.0,24.0
convnextv2_base,mhist,finetuned,42,general,linear,d4_color,vote,0.8766072393300919,0.8792221084953941,,32.0,23.0
convnextv2_base,mhist,finetuned,42,general,linear,d4_color,confidence,0.882392400504232,0.8792221084953941,,32.0,23.0
convnextv2_tiny,mhist,finetuned,0,general,linear,none,mean,0.8135309742481541,0.8382804503582395,,,
convnextv2_tiny,mhist,finetuned,0,general,linear,flips,mean,0.8182761570322348,0.8413510747185261,,24.0,21.0
convnextv2_tiny,mhist,finetuned,0,general,linear,flips,vote,0.8113339636232667,0.8413510747185261,,25.0,22.0
convnextv2_tiny,mhist,finetuned,0,general,linear,flips,confidence,0.8168872681433459,0.8403275332650972,,25.0,23.0
convnextv2_tiny,mhist,finetuned,0,general,linear,d4,mean,0.8163087520259319,0.8403275332650972,,26.0,24.0
convnextv2_tiny,mhist,finetuned,0,general,linear,d4,vote,0.8144584008643976,0.842374616171955,,29.0,25.0
convnextv2_tiny,mhist,finetuned,0,general,linear,d4,confidence,0.8127206014766792,0.8372569089048106,,25.0,26.0
convnextv2_tiny,mhist,finetuned,0,general,linear,d4_color,mean,0.8163087520259319,0.8403275332650972,,26.0,24.0
convnextv2_tiny,mhist,finetuned,0,general,linear,d4_color,vote,0.8144584008643976,0.842374616171955,,29.0,25.0
convnextv2_tiny,mhist,finetuned,0,general,linear,d4_color,confidence,0.8127206014766792,0.8372569089048106,,25.0,26.0
convnextv2_tiny,mhist,finetuned,1,general,linear,none,mean,0.8142197911039077,0.8259979529170931,,,
convnextv2_tiny,mhist,finetuned,1,general,linear,flips,mean,0.8457027732757068,0.8526100307062436,,53.0,27.0
convnextv2_tiny,mhist,finetuned,1,general,linear,flips,vote,0.8231361426256079,0.842374616171955,,42.0,26.0
convnextv2_tiny,mhist,finetuned,1,general,linear,flips,confidence,0.8457027732757068,0.8526100307062436,,53.0,27.0
convnextv2_tiny,mhist,finetuned,1,general,linear,d4,mean,0.8527642715649199,0.8607983623336745,,60.0,26.0
convnextv2_tiny,mhist,finetuned,1,general,linear,d4,vote,0.8347109670448407,0.8526100307062436,,57.0,31.0
convnextv2_tiny,mhist,finetuned,1,general,linear,d4,confidence,0.851953898793445,0.8597748208802457,,61.0,28.0
convnextv2_tiny,mhist,finetuned,1,general,linear,d4_color,mean,0.8527642715649199,0.8607983623336745,,60.0,26.0
convnextv2_tiny,mhist,finetuned,1,general,linear,d4_color,vote,0.8347109670448407,0.8526100307062436,,57.0,31.0
convnextv2_tiny,mhist,finetuned,1,general,linear,d4_color,confidence,0.851953898793445,0.8597748208802457,,61.0,28.0
convnextv2_tiny,mhist,finetuned,2,general,linear,none,mean,0.855544300378174,0.8679631525076765,,,
convnextv2_tiny,mhist,finetuned,2,general,linear,flips,mean,0.8738317125877904,0.8822927328556807,,36.0,22.0
convnextv2_tiny,mhist,finetuned,2,general,linear,flips,vote,0.8541576625247613,0.872057318321392,,24.0,20.0
convnextv2_tiny,mhist,finetuned,2,general,linear,flips,confidence,0.8724428236989015,0.8812691914022518,,35.0,22.0
convnextv2_tiny,mhist,finetuned,2,general,linear,d4,mean,0.8710539348100126,0.8802456499488229,,34.0,22.0
convnextv2_tiny,mhist,finetuned,2,general,linear,d4,vote,0.8665406086799927,0.8781985670419652,,29.0,19.0
convnextv2_tiny,mhist,finetuned,2,general,linear,d4,confidence,0.8722109670448406,0.8802456499488229,,36.0,24.0
convnextv2_tiny,mhist,finetuned,2,general,linear,d4_color,mean,0.8710539348100126,0.8802456499488229,,34.0,22.0
convnextv2_tiny,mhist,finetuned,2,general,linear,d4_color,vote,0.8665406086799927,0.8781985670419652,,29.0,19.0
convnextv2_tiny,mhist,finetuned,2,general,linear,d4_color,confidence,0.8722109670448406,0.8802456499488229,,36.0,24.0
convnextv2_tiny,mhist,finetuned,3,general,linear,none,mean,0.828117684134702,0.8567041965199591,,,
convnextv2_tiny,mhist,finetuned,3,general,linear,flips,mean,0.8358725013506212,0.8628454452405322,,27.0,21.0
convnextv2_tiny,mhist,finetuned,3,general,linear,flips,vote,0.8295088240590671,0.8628454452405322,,27.0,21.0
convnextv2_tiny,mhist,finetuned,3,general,linear,flips,confidence,0.8358725013506212,0.8628454452405322,,26.0,20.0
convnextv2_tiny,mhist,finetuned,3,general,linear,d4,mean,0.8424702863317126,0.8689866939611054,,32.0,20.0
convnextv2_tiny,mhist,finetuned,3,general,linear,d4,vote,0.8378421573924004,0.8689866939611054,,27.0,15.0
convnextv2_tiny,mhist,finetuned,3,general,linear,d4,confidence,0.8438591752206015,0.8700102354145343,,34.0,21.0
convnextv2_tiny,mhist,finetuned,3,general,linear,d4_color,mean,0.8424702863317126,0.8689866939611054,,32.0,20.0
convnextv2_tiny,mhist,finetuned,3,general,linear,d4_color,vote,0.8378421573924004,0.8689866939611054,,27.0,15.0
convnextv2_tiny,mhist,finetuned,3,general,linear,d4_color,confidence,0.8438591752206015,0.8700102354145343,,34.0,21.0
convnextv2_tiny,mhist,finetuned,42,general,linear,none,mean,0.8617886727894832,0.8597748208802457,,,
convnextv2_tiny,mhist,finetuned,42,general,linear,flips,mean,0.8708175760849991,0.8689866939611054,,31.0,22.0
convnextv2_tiny,mhist,finetuned,42,general,linear,flips,vote,0.8688524221141725,0.8730808597748209,,29.0,16.0
convnextv2_tiny,mhist,finetuned,42,general,linear,flips,confidence,0.8730168377453629,0.8710337768679631,,31.0,20.0
convnextv2_tiny,mhist,finetuned,42,general,linear,d4,mean,0.8789190527642716,0.8741044012282497,,37.0,23.0
convnextv2_tiny,mhist,finetuned,42,general,linear,d4,vote,0.8778790743742122,0.8771750255885363,,37.0,20.0
convnextv2_tiny,mhist,finetuned,42,general,linear,d4,confidence,0.8775301638753827,0.8730808597748209,,36.0,23.0
convnextv2_tiny,mhist,finetuned,42,general,linear,d4_color,mean,0.8789190527642716,0.8741044012282497,,37.0,23.0
convnextv2_tiny,mhist,finetuned,42,general,linear,d4_color,vote,0.8778790743742122,0.8771750255885363,,37.0,20.0
convnextv2_tiny,mhist,finetuned,42,general,linear,d4_color,confidence,0.8775301638753827,0.8730808597748209,,36.0,23.0
d4wrn,mhist,finetuned,0,equivariant,linear,none,mean,0.7537974968485504,0.7686796315250768,,,
d4wrn,mhist,finetuned,0,equivariant,linear,flips,mean,0.7526404646137224,0.7686796315250768,,12.0,12.0
d4wrn,mhist,finetuned,0,equivariant,linear,flips,vote,0.7554204934269764,0.7758444216990789,,19.0,12.0
d4wrn,mhist,finetuned,0,equivariant,linear,flips,confidence,0.7526404646137224,0.7686796315250768,,12.0,12.0
d4wrn,mhist,finetuned,0,equivariant,linear,d4,mean,0.7534508373851971,0.7697031729785057,,13.0,12.0
d4wrn,mhist,finetuned,0,equivariant,linear,d4,vote,0.7554204934269764,0.7758444216990789,,19.0,12.0
d4wrn,mhist,finetuned,0,equivariant,linear,d4,confidence,0.7526404646137224,0.7686796315250768,,12.0,12.0
d4wrn,mhist,finetuned,0,equivariant,linear,d4_color,mean,0.7534508373851971,0.7697031729785057,,13.0,12.0
d4wrn,mhist,finetuned,0,equivariant,linear,d4_color,vote,0.7554204934269764,0.7758444216990789,,19.0,12.0
d4wrn,mhist,finetuned,0,equivariant,linear,d4_color,confidence,0.7526404646137224,0.7686796315250768,,12.0,12.0
d4wrn,mhist,finetuned,3,equivariant,linear,none,mean,0.7240433099225644,0.7267144319344934,,,
d4wrn,mhist,finetuned,3,equivariant,linear,flips,mean,0.7359647938051503,0.7359263050153532,,17.0,8.0
d4wrn,mhist,finetuned,3,equivariant,linear,flips,vote,0.7294840626688277,0.7328556806550666,,14.0,8.0
d4wrn,mhist,finetuned,3,equivariant,linear,flips,confidence,0.7359647938051503,0.7359263050153532,,17.0,8.0
d4wrn,mhist,finetuned,3,equivariant,linear,d4,mean,0.7359647938051503,0.7359263050153532,,17.0,8.0
d4wrn,mhist,finetuned,3,equivariant,linear,d4,vote,0.7294840626688277,0.7328556806550666,,14.0,8.0
d4wrn,mhist,finetuned,3,equivariant,linear,d4,confidence,0.7359647938051503,0.7359263050153532,,17.0,8.0
d4wrn,mhist,finetuned,3,equivariant,linear,d4_color,mean,0.7359647938051503,0.7359263050153532,,17.0,8.0
d4wrn,mhist,finetuned,3,equivariant,linear,d4_color,vote,0.7294840626688277,0.7328556806550666,,14.0,8.0
d4wrn,mhist,finetuned,3,equivariant,linear,d4_color,confidence,0.7359647938051503,0.7359263050153532,,17.0,8.0
d4wrn,mhist,finetuned,42,equivariant,linear,none,mean,0.6916396542409509,0.7113613101330604,,,
d4wrn,mhist,finetuned,42,equivariant,linear,flips,mean,0.6907144786601837,0.7123848515864892,,17.0,16.0
d4wrn,mhist,finetuned,42,equivariant,linear,flips,vote,0.6822663425175581,0.7082906857727738,,15.0,18.0
d4wrn,mhist,finetuned,42,equivariant,linear,flips,confidence,0.6907144786601837,0.7123848515864892,,17.0,16.0
d4wrn,mhist,finetuned,42,equivariant,linear,d4,mean,0.6907144786601837,0.7123848515864892,,17.0,16.0
d4wrn,mhist,finetuned,42,equivariant,linear,d4,vote,0.6822663425175581,0.7082906857727738,,15.0,18.0
d4wrn,mhist,finetuned,42,equivariant,linear,d4,confidence,0.6907144786601837,0.7123848515864892,,17.0,16.0
d4wrn,mhist,finetuned,42,equivariant,linear,d4_color,mean,0.6907144786601837,0.7123848515864892,,17.0,16.0
d4wrn,mhist,finetuned,42,equivariant,linear,d4_color,vote,0.6822663425175581,0.7082906857727738,,15.0,18.0
d4wrn,mhist,finetuned,42,equivariant,linear,d4_color,confidence,0.6907144786601837,0.7123848515864892,,17.0,16.0
dinov2_b,mhist,finetuned,0,general,linear,none,mean,0.8771812533765533,0.8689866939611054,,,
dinov2_b,mhist,finetuned,0,general,linear,flips,mean,0.8796123716909778,0.872057318321392,,23.0,20.0
dinov2_b,mhist,finetuned,0,general,linear,flips,vote,0.8738272105168378,0.872057318321392,,24.0,21.0
dinov2_b,mhist,finetuned,0,general,linear,flips,confidence,0.8796123716909778,0.872057318321392,,23.0,20.0
dinov2_b,mhist,finetuned,0,general,linear,d4,mean,0.887020529443544,0.8792221084953941,,26.0,16.0
dinov2_b,mhist,finetuned,0,general,linear,d4,vote,0.8865590671708986,0.8822927328556807,,31.0,18.0
dinov2_b,mhist,finetuned,0,general,linear,d4,confidence,0.8878309022150188,0.8802456499488229,,26.0,15.0
dinov2_b,mhist,finetuned,0,general,linear,d4_color,mean,0.887020529443544,0.8792221084953941,,26.0,16.0
dinov2_b,mhist,finetuned,0,general,linear,d4_color,vote,0.8865590671708986,0.8822927328556807,,31.0,18.0
dinov2_b,mhist,finetuned,0,general,linear,d4_color,confidence,0.8878309022150188,0.8802456499488229,,26.0,15.0
dinov2_b,mhist,finetuned,1,general,linear,none,mean,0.8223325229605618,0.8567041965199591,,,
dinov2_b,mhist,finetuned,1,general,linear,flips,mean,0.8321717990275527,0.8669396110542477,,21.0,11.0
dinov2_b,mhist,finetuned,1,general,linear,flips,vote,0.824302179002341,0.8628454452405322,,17.0,11.0
dinov2_b,mhist,finetuned,1,general,linear,flips,confidence,0.8321717990275527,0.8669396110542477,,21.0,11.0
dinov2_b,mhist,finetuned,1,general,linear,d4,mean,0.8307829101386638,0.8659160696008188,,23.0,14.0
dinov2_b,mhist,finetuned,1,general,linear,d4,vote,0.824302179002341,0.8628454452405322,,20.0,14.0
dinov2_b,mhist,finetuned,1,general,linear,d4,confidence,0.8307829101386638,0.8659160696008188,,22.0,13.0
dinov2_b,mhist,finetuned,1,general,linear,d4_color,mean,0.8307829101386638,0.8659160696008188,,23.0,14.0
dinov2_b,mhist,finetuned,1,general,linear,d4_color,vote,0.824302179002341,0.8628454452405322,,20.0,14.0
dinov2_b,mhist,finetuned,1,general,linear,d4_color,confidence,0.8307829101386638,0.8659160696008188,,22.0,13.0
dinov2_b,mhist,finetuned,2,general,linear,none,mean,0.8806591031874662,0.8843398157625384,,,
dinov2_b,mhist,finetuned,2,general,linear,flips,mean,0.8857509454349,0.8863868986693961,,18.0,16.0
dinov2_b,mhist,finetuned,2,general,linear,flips,vote,0.8751035476319107,0.8802456499488229,,13.0,17.0
dinov2_b,mhist,finetuned,2,general,linear,flips,confidence,0.886561318206375,0.887410440122825,,19.0,16.0
dinov2_b,mhist,finetuned,2,general,linear,d4,mean,0.8856361426256079,0.8884339815762539,,20.0,16.0
dinov2_b,mhist,finetuned,2,general,linear,d4,vote,0.8797339276066991,0.8853633572159673,,15.0,14.0
dinov2_b,mhist,finetuned,2,general,linear,d4,confidence,0.8856361426256079,0.8884339815762539,,20.0,16.0
dinov2_b,mhist,finetuned,2,general,linear,d4_color,mean,0.8856361426256079,0.8884339815762539,,20.0,16.0
dinov2_b,mhist,finetuned,2,general,linear,d4_color,vote,0.8797339276066991,0.8853633572159673,,15.0,14.0
dinov2_b,mhist,finetuned,2,general,linear,d4_color,confidence,0.8856361426256079,0.8884339815762539,,20.0,16.0
dinov2_b,mhist,finetuned,3,general,linear,none,mean,0.8653813254096885,0.8730808597748209,,,
dinov2_b,mhist,finetuned,3,general,linear,flips,mean,0.8771880064829822,0.8843398157625384,,25.0,14.0
dinov2_b,mhist,finetuned,3,general,linear,flips,vote,0.8697820997658923,0.8822927328556807,,23.0,14.0
dinov2_b,mhist,finetuned,3,general,linear,flips,confidence,0.8771880064829822,0.8843398157625384,,25.0,14.0
dinov2_b,mhist,finetuned,3,general,linear,d4,mean,0.8705902215018908,0.8781985670419652,,31.0,26.0
dinov2_b,mhist,finetuned,3,general,linear,d4,vote,0.8742954258959121,0.8843398157625384,,30.0,19.0
dinov2_b,mhist,finetuned,3,general,linear,d4,confidence,0.8689694759589411,0.8761514841351075,,29.0,26.0
dinov2_b,mhist,finetuned,3,general,linear,d4_color,mean,0.8705902215018908,0.8781985670419652,,31.0,26.0
dinov2_b,mhist,finetuned,3,general,linear,d4_color,vote,0.8742954258959121,0.8843398157625384,,30.0,19.0
dinov2_b,mhist,finetuned,3,general,linear,d4_color,confidence,0.8689694759589411,0.8761514841351075,,29.0,26.0
dinov2_b,mhist,finetuned,42,general,linear,none,mean,0.8312398703403565,0.8526100307062436,,,
dinov2_b,mhist,finetuned,42,general,linear,flips,mean,0.8491806230866199,0.8679631525076765,,32.0,17.0
dinov2_b,mhist,finetuned,42,general,linear,flips,vote,0.8342517558076715,0.8607983623336745,,26.0,18.0
dinov2_b,mhist,finetuned,42,general,linear,flips,confidence,0.847791734197731,0.8669396110542477,,32.0,18.0
dinov2_b,mhist,finetuned,42,general,linear,d4,mean,0.8502228525121556,0.8700102354145343,,39.0,22.0
dinov2_b,mhist,finetuned,42,general,linear,d4,vote,0.8431636052584188,0.8669396110542477,,36.0,22.0
dinov2_b,mhist,finetuned,42,general,linear,d4,confidence,0.8488339636232667,0.8689866939611054,,39.0,23.0
dinov2_b,mhist,finetuned,42,general,linear,d4_color,mean,0.8502228525121556,0.8700102354145343,,39.0,22.0
dinov2_b,mhist,finetuned,42,general,linear,d4_color,vote,0.8431636052584188,0.8669396110542477,,36.0,22.0
dinov2_b,mhist,finetuned,42,general,linear,d4_color,confidence,0.8488339636232667,0.8689866939611054,,39.0,23.0
dinov2_s,mhist,finetuned,0,general,linear,none,mean,0.8525279128399064,0.849539406345957,,,
dinov2_s,mhist,finetuned,0,general,linear,flips,mean,0.8647960561858455,0.857727737973388,,28.0,20.0
dinov2_s,mhist,finetuned,0,general,linear,flips,vote,0.8578538627768774,0.857727737973388,,26.0,18.0
dinov2_s,mhist,finetuned,0,general,linear,flips,confidence,0.8647960561858455,0.857727737973388,,27.0,19.0
dinov2_s,mhist,finetuned,0,general,linear,d4,mean,0.8666486583828561,0.8607983623336745,,33.0,22.0
dinov2_s,mhist,finetuned,0,general,linear,d4,vote,0.8642197911039078,0.8628454452405322,,33.0,20.0
dinov2_s,mhist,finetuned,0,general,linear,d4,confidence,0.8650279128399063,0.8587512794268168,,31.0,22.0
dinov2_s,mhist,finetuned,0,general,linear,d4_color,mean,0.8666486583828561,0.8607983623336745,,33.0,22.0
dinov2_s,mhist,finetuned,0,general,linear,d4_color,vote,0.8642197911039078,0.8628454452405322,,33.0,20.0
dinov2_s,mhist,finetuned,0,general,linear,d4_color,confidence,0.8650279128399063,0.8587512794268168,,31.0,22.0
dinov2_s,mhist,finetuned,1,general,linear,none,mean,0.8641049882946156,0.8648925281473899,,,
dinov2_s,mhist,finetuned,1,general,linear,flips,mean,0.8733657482441923,0.8751279426816786,,26.0,16.0
dinov2_s,mhist,finetuned,1,general,linear,flips,vote,0.8707050243111831,0.8761514841351075,,27.0,16.0
dinov2_s,mhist,finetuned,1,general,linear,flips,confidence,0.8727872321267783,0.8751279426816786,,26.0,16.0
dinov2_s,mhist,finetuned,1,general,linear,d4,mean,0.8759116693679092,0.8761514841351075,,30.0,19.0
dinov2_s,mhist,finetuned,1,general,linear,d4,vote,0.8747546371330812,0.8761514841351075,,30.0,19.0
dinov2_s,mhist,finetuned,1,general,linear,d4,confidence,0.8739442643616063,0.8751279426816786,,29.0,19.0
dinov2_s,mhist,finetuned,1,general,linear,d4_color,mean,0.8759116693679092,0.8761514841351075,,30.0,19.0
dinov2_s,mhist,finetuned,1,general,linear,d4_color,vote,0.8747546371330812,0.8761514841351075,,30.0,19.0
dinov2_s,mhist,finetuned,1,general,linear,d4_color,confidence,0.8739442643616063,0.8751279426816786,,29.0,19.0
dinov2_s,mhist,finetuned,2,general,linear,none,mean,0.8453561138123538,0.8536335721596725,,,
dinov2_s,mhist,finetuned,2,general,linear,flips,mean,0.8528790743742122,0.8587512794268168,,23.0,18.0
dinov2_s,mhist,finetuned,2,general,linear,flips,vote,0.8413065009904556,0.8536335721596725,,15.0,15.0
dinov2_s,mhist,finetuned,2,general,linear,flips,confidence,0.8528790743742122,0.8587512794268168,,23.0,18.0
dinov2_s,mhist,finetuned,2,general,linear,d4,mean,0.8686205654601116,0.872057318321392,,36.0,18.0
dinov2_s,mhist,finetuned,2,general,linear,d4,vote,0.8645709526382136,0.872057318321392,,35.0,17.0
dinov2_s,mhist,finetuned,2,general,linear,d4,confidence,0.8686205654601116,0.872057318321392,,36.0,18.0
dinov2_s,mhist,finetuned,2,general,linear,d4_color,mean,0.8686205654601116,0.872057318321392,,36.0,18.0
dinov2_s,mhist,finetuned,2,general,linear,d4_color,vote,0.8645709526382136,0.872057318321392,,35.0,17.0
dinov2_s,mhist,finetuned,2,general,linear,d4_color,confidence,0.8686205654601116,0.872057318321392,,36.0,18.0
dinov2_s,mhist,finetuned,3,general,linear,none,mean,0.8525279128399064,0.849539406345957,,,
dinov2_s,mhist,finetuned,3,general,linear,flips,mean,0.8661871961102108,0.8638689866939611,,30.0,16.0
dinov2_s,mhist,finetuned,3,general,linear,flips,vote,0.8672316765712227,0.8710337768679631,,33.0,12.0
dinov2_s,mhist,finetuned,3,general,linear,flips,confidence,0.8661871961102108,0.8638689866939611,,31.0,17.0
dinov2_s,mhist,finetuned,3,general,linear,d4,mean,0.8656086799927967,0.8638689866939611,,32.0,18.0
dinov2_s,mhist,finetuned,3,general,linear,d4,vote,0.8680397983072213,0.8669396110542477,,35.0,18.0
dinov2_s,mhist,finetuned,3,general,linear,d4,confidence,0.8669975688816856,0.8648925281473899,,33.0,18.0
dinov2_s,mhist,finetuned,3,general,linear,d4_color,mean,0.8656086799927967,0.8638689866939611,,32.0,18.0
dinov2_s,mhist,finetuned,3,general,linear,d4_color,vote,0.8680397983072213,0.8669396110542477,,35.0,18.0
dinov2_s,mhist,finetuned,3,general,linear,d4_color,confidence,0.8669975688816856,0.8648925281473899,,33.0,18.0
dinov2_s,mhist,finetuned,42,general,linear,none,mean,0.848581847649919,0.8219037871033776,,,
dinov2_s,mhist,finetuned,42,general,linear,flips,mean,0.8455722132180803,0.8188331627430911,,20.0,23.0
dinov2_s,mhist,finetuned,42,general,linear,flips,vote,0.853329281469476,0.8300921187308086,,23.0,15.0
dinov2_s,mhist,finetuned,42,general,linear,flips,confidence,0.8455722132180803,0.8188331627430911,,20.0,23.0
dinov2_s,mhist,finetuned,42,general,linear,d4,mean,0.8382788582748064,0.8096212896622313,,19.0,31.0
dinov2_s,mhist,finetuned,42,general,linear,d4,vote,0.8488137043039798,0.8229273285568065,,23.0,22.0
dinov2_s,mhist,finetuned,42,general,linear,d4,confidence,0.8390892310462812,0.8106448311156602,,20.0,31.0
dinov2_s,mhist,finetuned,42,general,linear,d4_color,mean,0.8382788582748064,0.8096212896622313,,19.0,31.0
dinov2_s,mhist,finetuned,42,general,linear,d4_color,vote,0.8488137043039798,0.8229273285568065,,23.0,22.0
dinov2_s,mhist,finetuned,42,general,linear,d4_color,confidence,0.8390892310462812,0.8106448311156602,,20.0,31.0
resnet18,mhist,finetuned,0,general,linear,none,mean,0.835856744102287,0.827021494370522,,,
resnet18,mhist,finetuned,0,general,linear,flips,mean,0.851947145687016,0.8444216990788127,,40.0,23.0
resnet18,mhist,finetuned,0,general,linear,flips,vote,0.8509094183324329,0.8526100307062436,,45.0,20.0
resnet18,mhist,finetuned,0,general,linear,flips,confidence,0.8547249234647938,0.8464687819856704,,40.0,21.0
resnet18,mhist,finetuned,0,general,linear,d4,mean,0.856228615162975,0.8454452405322416,,42.0,24.0
resnet18,mhist,finetuned,0,general,linear,d4,vote,0.8580834683954619,0.8536335721596725,,48.0,22.0
resnet18,mhist,finetuned,0,general,linear,d4,confidence,0.856228615162975,0.8454452405322416,,42.0,24.0
resnet18,mhist,finetuned,0,general,linear,d4_color,mean,0.856228615162975,0.8454452405322416,,42.0,24.0
resnet18,mhist,finetuned,0,general,linear,d4_color,vote,0.8580834683954619,0.8536335721596725,,48.0,22.0
resnet18,mhist,finetuned,0,general,linear,d4_color,confidence,0.856228615162975,0.8454452405322416,,42.0,24.0
resnet18,mhist,finetuned,1,general,linear,none,mean,0.8586642355483523,0.8587512794268168,,,
resnet18,mhist,finetuned,1,general,linear,flips,mean,0.8679249954979291,0.8689866939611054,,33.0,23.0
resnet18,mhist,finetuned,1,general,linear,flips,vote,0.8584368809652441,0.8679631525076765,,37.0,28.0
resnet18,mhist,finetuned,1,general,linear,flips,confidence,0.870470916621646,0.8700102354145343,,33.0,22.0
resnet18,mhist,finetuned,1,general,linear,d4,mean,0.86144201332613,0.8607983623336745,,31.0,29.0
resnet18,mhist,finetuned,1,general,linear,d4,vote,0.8691990815775257,0.872057318321392,,36.0,23.0
resnet18,mhist,finetuned,1,general,linear,d4,confidence,0.8661871961102108,0.8638689866939611,,33.0,28.0
resnet18,mhist,finetuned,1,general,linear,d4_color,mean,0.86144201332613,0.8607983623336745,,31.0,29.0
resnet18,mhist,finetuned,1,general,linear,d4_color,vote,0.8691990815775257,0.872057318321392,,36.0,23.0
resnet18,mhist,finetuned,1,general,linear,d4_color,confidence,0.8661871961102108,0.8638689866939611,,33.0,28.0
resnet18,mhist,finetuned,2,general,linear,none,mean,0.8406064289573203,0.8403275332650972,,,
resnet18,mhist,finetuned,2,general,linear,flips,mean,0.8475508734017647,0.8454452405322416,,28.0,23.0
resnet18,mhist,finetuned,2,general,linear,flips,vote,0.8373671889068972,0.8413510747185261,,25.0,24.0
resnet18,mhist,finetuned,2,general,linear,flips,confidence,0.8475508734017647,0.8454452405322416,,30.0,25.0
resnet18,mhist,finetuned,2,general,linear,d4,mean,0.8426886367729155,0.8393039918116684,,31.0,32.0
resnet18,mhist,finetuned,2,general,linear,d4,vote,0.8465108950117054,0.8485158648925282,,33.0,25.0
resnet18,mhist,finetuned,2,general,linear,d4,confidence,0.8426886367729155,0.8393039918116684,,29.0,30.0
resnet18,mhist,finetuned,2,general,linear,d4_color,mean,0.8426886367729155,0.8393039918116684,,31.0,32.0
resnet18,mhist,finetuned,2,general,linear,d4_color,vote,0.8465108950117054,0.8485158648925282,,33.0,25.0
resnet18,mhist,finetuned,2,general,linear,d4_color,confidence,0.8426886367729155,0.8393039918116684,,29.0,30.0
resnet18,mhist,finetuned,3,general,linear,none,mean,0.7981316405546552,0.8137154554759468,,,
resnet18,mhist,finetuned,3,general,linear,flips,mean,0.8224383216279489,0.834186284544524,,53.0,33.0
resnet18,mhist,finetuned,3,general,linear,flips,vote,0.8009139204033856,0.8259979529170931,,45.0,33.0
resnet18,mhist,finetuned,3,general,linear,flips,confidence,0.822206464973888,0.8331627430910952,,51.0,32.0
resnet18,mhist,finetuned,3,general,linear,d4,mean,0.8285746443363948,0.8433981576253838,,64.0,35.0
resnet18,mhist,finetuned,3,general,linear,d4,vote,0.808436880965244,0.8311156601842374,,61.0,44.0
resnet18,mhist,finetuned,3,general,linear,d4,confidence,0.8297316765712228,0.8433981576253838,,65.0,36.0
resnet18,mhist,finetuned,3,general,linear,d4_color,mean,0.8285746443363948,0.8433981576253838,,64.0,35.0
resnet18,mhist,finetuned,3,general,linear,d4_color,vote,0.808436880965244,0.8311156601842374,,61.0,44.0
resnet18,mhist,finetuned,3,general,linear,d4_color,confidence,0.8297316765712228,0.8433981576253838,,65.0,36.0
resnet18,mhist,finetuned,42,general,linear,none,mean,0.8233544930668107,0.812691914022518,,,
resnet18,mhist,finetuned,42,general,linear,flips,mean,0.8423352242031334,0.8249744114636642,,45.0,33.0
resnet18,mhist,finetuned,42,general,linear,flips,vote,0.8357419412929947,0.8290685772773797,,44.0,28.0
resnet18,mhist,finetuned,42,general,linear,flips,confidence,0.8429137403205474,0.8249744114636642,,46.0,34.0
resnet18,mhist,finetuned,42,general,linear,d4,mean,0.8499752386097605,0.8331627430910952,,51.0,31.0
resnet18,mhist,finetuned,42,general,linear,d4,vote,0.8554182423915001,0.8444216990788127,,60.0,29.0
resnet18,mhist,finetuned,42,general,linear,d4,confidence,0.8507856113812353,0.834186284544524,,51.0,30.0
resnet18,mhist,finetuned,42,general,linear,d4_color,mean,0.8499752386097605,0.8331627430910952,,51.0,31.0
resnet18,mhist,finetuned,42,general,linear,d4_color,vote,0.8554182423915001,0.8444216990788127,,60.0,29.0
resnet18,mhist,finetuned,42,general,linear,d4_color,confidence,0.8507856113812353,0.834186284544524,,51.0,30.0
resnet50,mhist,finetuned,0,general,linear,none,mean,0.8241648658382856,0.8137154554759468,,,
resnet50,mhist,finetuned,0,general,linear,flips,mean,0.8424545290833784,0.8331627430910952,,39.0,20.0
resnet50,mhist,finetuned,0,general,linear,flips,vote,0.8381753106428957,0.8372569089048106,,39.0,16.0
resnet50,mhist,finetuned,0,general,linear,flips,confidence,0.8446537907437421,0.8352098259979529,,41.0,20.0
resnet50,mhist,finetuned,0,general,linear,d4,mean,0.8407189807311364,0.8331627430910952,,48.0,29.0
resnet50,mhist,finetuned,0,general,linear,d4,vote,0.8418782640014406,0.8382804503582395,,49.0,25.0
resnet50,mhist,finetuned,0,general,linear,d4,confidence,0.8415293535026112,0.834186284544524,,48.0,28.0
resnet50,mhist,finetuned,0,general,linear,d4_color,mean,0.8407189807311364,0.8331627430910952,,48.0,29.0
resnet50,mhist,finetuned,0,general,linear,d4_color,vote,0.8418782640014406,0.8382804503582395,,49.0,25.0
resnet50,mhist,finetuned,0,general,linear,d4_color,confidence,0.8415293535026112,0.834186284544524,,48.0,28.0
resnet50,mhist,finetuned,1,general,linear,none,mean,0.8694286871961102,0.8679631525076765,,,
resnet50,mhist,finetuned,1,general,linear,flips,mean,0.8734805510534847,0.8730808597748209,,25.0,20.0
resnet50,mhist,finetuned,1,general,linear,flips,vote,0.8727894831622547,0.8802456499488229,,27.0,15.0
resnet50,mhist,finetuned,1,general,linear,flips,confidence,0.8724383216279489,0.8710337768679631,,24.0,21.0
resnet50,mhist,finetuned,1,general,linear,d4,mean,0.8742909238249594,0.8741044012282497,,28.0,22.0
resnet50,mhist,finetuned,1,general,linear,d4,vote,0.871515397082658,0.8771750255885363,,34.0,25.0
resnet50,mhist,finetuned,1,general,linear,d4,confidence,0.8770687016027372,0.8761514841351075,,30.0,22.0
resnet50,mhist,finetuned,1,general,linear,d4_color,mean,0.8742909238249594,0.8741044012282497,,28.0,22.0
resnet50,mhist,finetuned,1,general,linear,d4_color,vote,0.871515397082658,0.8771750255885363,,34.0,25.0
resnet50,mhist,finetuned,1,general,linear,d4_color,confidence,0.8770687016027372,0.8761514841351075,,30.0,22.0
resnet50,mhist,finetuned,2,general,linear,none,mean,0.836329461552314,0.849539406345957,,,
resnet50,mhist,finetuned,2,general,linear,flips,mean,0.8373694399423735,0.8464687819856704,,28.0,31.0
resnet50,mhist,finetuned,2,general,linear,flips,vote,0.8286916981811634,0.8464687819856704,,23.0,26.0
resnet50,mhist,finetuned,2,general,linear,flips,confidence,0.8373694399423735,0.8464687819856704,,28.0,31.0
resnet50,mhist,finetuned,2,general,linear,d4,mean,0.850218350441203,0.8597748208802457,,36.0,26.0
resnet50,mhist,finetuned,2,general,linear,d4,vote,0.8411916981811633,0.8556806550665302,,31.0,25.0
resnet50,mhist,finetuned,2,general,linear,d4,confidence,0.8521857554475059,0.8607983623336745,,38.0,27.0
resnet50,mhist,finetuned,2,general,linear,d4_color,mean,0.850218350441203,0.8597748208802457,,36.0,26.0
resnet50,mhist,finetuned,2,general,linear,d4_color,vote,0.8411916981811633,0.8556806550665302,,31.0,25.0
resnet50,mhist,finetuned,2,general,linear,d4_color,confidence,0.8521857554475059,0.8607983623336745,,38.0,27.0
resnet50,mhist,finetuned,3,general,linear,none,mean,0.8201152530163875,0.8137154554759468,,,
resnet50,mhist,finetuned,3,general,linear,flips,mean,0.8597042139384117,0.8556806550665302,,53.0,12.0
resnet50,mhist,finetuned,3,general,linear,flips,vote,0.8529938771835044,0.8567041965199591,,55.0,13.0
resnet50,mhist,finetuned,3,general,linear,flips,confidence,0.8597042139384117,0.8556806550665302,,54.0,13.0
resnet50,mhist,finetuned,3,general,linear,d4,mean,0.856694579506573,0.8526100307062436,,58.0,20.0
resnet50,mhist,finetuned,3,general,linear,d4,vote,0.8569286871961102,0.8587512794268168,,59.0,15.0
resnet50,mhist,finetuned,3,general,linear,d4,confidence,0.8580834683954619,0.8536335721596725,,59.0,20.0
resnet50,mhist,finetuned,3,general,linear,d4_color,mean,0.856694579506573,0.8526100307062436,,58.0,20.0
resnet50,mhist,finetuned,3,general,linear,d4_color,vote,0.8569286871961102,0.8587512794268168,,59.0,15.0
resnet50,mhist,finetuned,3,general,linear,d4_color,confidence,0.8580834683954619,0.8536335721596725,,59.0,20.0
resnet50,mhist,finetuned,42,general,linear,none,mean,0.8245250315144967,0.8433981576253838,,,
resnet50,mhist,finetuned,42,general,linear,flips,mean,0.8355213398163155,0.8536335721596725,,35.0,25.0
resnet50,mhist,finetuned,42,general,linear,flips,vote,0.823370250315145,0.8485158648925282,,34.0,29.0
resnet50,mhist,finetuned,42,general,linear,flips,confidence,0.8369102287052044,0.8546571136131014,,36.0,25.0
resnet50,mhist,finetuned,42,general,linear,d4,mean,0.8526517197911039,0.8679631525076765,,48.0,24.0
resnet50,mhist,finetuned,42,general,linear,d4,vote,0.8432784080677111,0.8648925281473899,,46.0,25.0
resnet50,mhist,finetuned,42,general,linear,d4,confidence,0.853230235908518,0.8679631525076765,,48.0,24.0
resnet50,mhist,finetuned,42,general,linear,d4_color,mean,0.8526517197911039,0.8679631525076765,,48.0,24.0
resnet50,mhist,finetuned,42,general,linear,d4_color,vote,0.8432784080677111,0.8648925281473899,,46.0,25.0
resnet50,mhist,finetuned,42,general,linear,d4_color,confidence,0.853230235908518,0.8679631525076765,,48.0,24.0
convnextv2_base,nct-crc-100k,finetuned,0,general,linear,none,mean,0.96328411406105,0.9710306406685236,,,
convnextv2_base,nct-crc-100k,finetuned,0,general,linear,flips,mean,0.964269497973884,0.9720055710306407,,33.0,26.0
convnextv2_base,nct-crc-100k,finetuned,0,general,linear,flips,vote,0.9636992706639101,0.9711699164345404,,30.0,29.0
convnextv2_base,nct-crc-100k,finetuned,0,general,linear,flips,confidence,0.9641793835285384,0.971866295264624,,32.0,26.0
convnextv2_base,nct-crc-100k,finetuned,0,general,linear,d4,mean,0.9644876618986162,0.9720055710306407,,39.0,32.0
convnextv2_base,nct-crc-100k,finetuned,0,general,linear,d4,vote,0.9643982576423641,0.9724233983286908,,42.0,32.0
convnextv2_base,nct-crc-100k,finetuned,0,general,linear,d4,confidence,0.9645950156291584,0.9721448467966574,,40.0,32.0
convnextv2_base,nct-crc-100k,finetuned,0,general,linear,d4_color,mean,0.9653977536203452,0.9729805013927577,,30.0,16.0
convnextv2_base,nct-crc-100k,finetuned,0,general,linear,d4_color,vote,0.9656778774445818,0.9735376044568245,,29.0,11.0
convnextv2_base,nct-crc-100k,finetuned,0,general,linear,d4_color,confidence,0.9653174196631995,0.9729805013927577,,31.0,17.0
convnextv2_base,nct-crc-100k,finetuned,1,general,linear,none,mean,0.9554334355419805,0.9639275766016713,,,
convnextv2_base,nct-crc-100k,finetuned,1,general,linear,flips,mean,0.9561975536981997,0.9655988857938719,,40.0,28.0
convnextv2_base,nct-crc-100k,finetuned,1,general,linear,flips,vote,0.9557428760824287,0.9658774373259053,,40.0,26.0
convnextv2_base,nct-crc-100k,finetuned,1,general,linear,flips,confidence,0.9560409855496181,0.9655988857938719,,41.0,29.0
convnextv2_base,nct-crc-100k,finetuned,1,general,linear,d4,mean,0.9586748659625033,0.9667130919220056,,51.0,31.0
convnextv2_base,nct-crc-100k,finetuned,1,general,linear,d4,vote,0.9595597269482903,0.9676880222841225,,53.0,26.0
convnextv2_base,nct-crc-100k,finetuned,1,general,linear,d4,confidence,0.9586748659625033,0.9667130919220056,,51.0,31.0
convnextv2_base,nct-crc-100k,finetuned,1,general,linear,d4_color,mean,0.9587840148464439,0.9674094707520892,,46.0,21.0
convnextv2_base,nct-crc-100k,finetuned,1,general,linear,d4_color,vote,0.9582840487892105,0.9665738161559888,,37.0,18.0
convnextv2_base,nct-crc-100k,finetuned,1,general,linear,d4_color,confidence,0.9590574539448651,0.9678272980501392,,48.0,20.0
convnextv2_base,nct-crc-100k,finetuned,2,general,linear,none,mean,0.9455134746889057,0.9561281337047354,,,
convnextv2_base,nct-crc-100k,finetuned,2,general,linear,flips,mean,0.9497196670064044,0.9600278551532033,,62.0,34.0
convnextv2_base,nct-crc-100k,finetuned,2,general,linear,flips,vote,0.9495027570865814,0.9596100278551533,,62.0,37.0
convnextv2_base,nct-crc-100k,finetuned,2,general,linear,flips,confidence,0.9500811621278703,0.96016713091922,,65.0,36.0
convnextv2_base,nct-crc-100k,finetuned,2,general,linear,d4,mean,0.9492944659129561,0.9600278551532033,,75.0,47.0
convnextv2_base,nct-crc-100k,finetuned,2,general,linear,d4,vote,0.9484893438858316,0.9590529247910864,,69.0,48.0
convnextv2_base,nct-crc-100k,finetuned,2,general,linear,d4,confidence,0.9489994244947262,0.95974930362117,,74.0,48.0
convnextv2_base,nct-crc-100k,finetuned,2,general,linear,d4_color,mean,0.9507195194746468,0.9608635097493036,,56.0,22.0
convnextv2_base,nct-crc-100k,finetuned,2,general,linear,d4_color,vote,0.950115036875249,0.96016713091922,,48.0,19.0
convnextv2_base,nct-crc-100k,finetuned,2,general,linear,d4_color,confidence,0.9509902498462741,0.9611420612813371,,57.0,21.0
convnextv2_base,nct-crc-100k,finetuned,3,general,linear,none,mean,0.9622672395067143,0.9714484679665738,,,
convnextv2_base,nct-crc-100k,finetuned,3,general,linear,flips,mean,0.962977489578515,0.9721448467966574,,33.0,28.0
convnextv2_base,nct-crc-100k,finetuned,3,general,linear,flips,vote,0.9631239834246651,0.9725626740947075,,31.0,23.0
convnextv2_base,nct-crc-100k,finetuned,3,general,linear,flips,confidence,0.9626332337422456,0.9720055710306407,,33.0,29.0
convnextv2_base,nct-crc-100k,finetuned,3,general,linear,d4,mean,0.9633607919609722,0.9732590529247911,,44.0,31.0
convnextv2_base,nct-crc-100k,finetuned,3,general,linear,d4,vote,0.9624239526421228,0.9724233983286908,,41.0,34.0
convnextv2_base,nct-crc-100k,finetuned,3,general,linear,d4,confidence,0.9627455424841731,0.9729805013927577,,44.0,33.0
convnextv2_base,nct-crc-100k,finetuned,3,general,linear,d4_color,mean,0.9633607919609722,0.9732590529247911,,44.0,31.0
convnextv2_base,nct-crc-100k,finetuned,3,general,linear,d4_color,vote,0.9624239526421228,0.9724233983286908,,41.0,34.0
convnextv2_base,nct-crc-100k,finetuned,3,general,linear,d4_color,confidence,0.9627455424841731,0.9729805013927577,,44.0,33.0
convnextv2_tiny,nct-crc-100k,finetuned,0,general,linear,none,mean,0.9468173942146362,0.9611420612813371,,,
convnextv2_tiny,nct-crc-100k,finetuned,0,general,linear,flips,mean,0.9471251127101503,0.9619777158774373,,27.0,21.0
convnextv2_tiny,nct-crc-100k,finetuned,0,general,linear,flips,logit_mean,0.9470586590069144,0.962116991643454,,29.0,22.0
convnextv2_tiny,nct-crc-100k,finetuned,0,general,linear,d4,mean,0.9503956039683834,0.9642061281337048,,43.0,21.0
convnextv2_tiny,nct-crc-100k,finetuned,0,general,linear,d4,logit_mean,0.9500270370855114,0.9640668523676881,,42.0,21.0
convnextv2_tiny,nct-crc-100k,finetuned,1,general,linear,none,mean,0.9466672233898232,0.9604456824512535,,,
convnextv2_tiny,nct-crc-100k,finetuned,1,general,linear,flips,mean,0.9487083775790823,0.9628133704735377,,39.0,22.0
convnextv2_tiny,nct-crc-100k,finetuned,1,general,linear,flips,logit_mean,0.9484444556999585,0.9626740947075209,,39.0,23.0
convnextv2_tiny,nct-crc-100k,finetuned,1,general,linear,d4,mean,0.9483548390174216,0.9629526462395543,,49.0,31.0
convnextv2_tiny,nct-crc-100k,finetuned,1,general,linear,d4,logit_mean,0.9484310732088578,0.9629526462395543,,47.0,29.0
convnextv2_tiny,nct-crc-100k,finetuned,2,general,linear,none,mean,0.9518184393640904,0.9654596100278552,,,
convnextv2_tiny,nct-crc-100k,finetuned,2,general,linear,flips,mean,0.9534392767558515,0.966991643454039,,32.0,21.0
convnextv2_tiny,nct-crc-100k,finetuned,2,general,linear,flips,logit_mean,0.953724800954784,0.966991643454039,,32.0,21.0
convnextv2_tiny,nct-crc-100k,finetuned,2,general,linear,d4,mean,0.9569904281808785,0.9694986072423398,,46.0,17.0
convnextv2_tiny,nct-crc-100k,finetuned,2,general,linear,d4,logit_mean,0.9564557759301278,0.9690807799442896,,45.0,19.0
convnextv2_tiny,nct-crc-100k,finetuned,3,general,linear,none,mean,0.9503131177240858,0.9625348189415042,,,
convnextv2_tiny,nct-crc-100k,finetuned,3,general,linear,flips,mean,0.9524586967475569,0.9644846796657381,,41.0,27.0
convnextv2_tiny,nct-crc-100k,finetuned,3,general,linear,flips,vote,0.9529958121614581,0.9644846796657381,,40.0,26.0
convnextv2_tiny,nct-crc-100k,finetuned,3,general,linear,flips,confidence,0.9522751088255785,0.9643454038997215,,41.0,28.0
convnextv2_tiny,nct-crc-100k,finetuned,3,general,linear,d4,mean,0.9562002660634966,0.9668523676880223,,59.0,28.0
convnextv2_tiny,nct-crc-100k,finetuned,3,general,linear,d4,vote,0.9559178553322075,0.9661559888579387,,61.0,35.0
convnextv2_tiny,nct-crc-100k,finetuned,3,general,linear,d4,confidence,0.9568919375940224,0.9674094707520892,,61.0,26.0
convnextv2_tiny,nct-crc-100k,finetuned,3,general,linear,d4_color,mean,0.9554861813022549,0.9665738161559888,,46.0,17.0
convnextv2_tiny,nct-crc-100k,finetuned,3,general,linear,d4_color,vote,0.954602016368061,0.9658774373259053,,39.0,15.0
convnextv2_tiny,nct-crc-100k,finetuned,3,general,linear,d4_color,confidence,0.955583754544597,0.9665738161559888,,47.0,18.0
convnextv2_tiny,nct-crc-100k,finetuned,42,general,linear,none,mean,0.9520065613846794,0.9642061281337048,,,
convnextv2_tiny,nct-crc-100k,finetuned,42,general,linear,flips,mean,0.9529692810317544,0.9657381615598886,,31.0,20.0
convnextv2_tiny,nct-crc-100k,finetuned,42,general,linear,flips,vote,0.9553061177511203,0.967966573816156,,38.0,11.0
convnextv2_tiny,nct-crc-100k,finetuned,42,general,linear,flips,confidence,0.9530739260355026,0.9657381615598886,,32.0,21.0
convnextv2_tiny,nct-crc-100k,finetuned,42,general,linear,d4,mean,0.9548699891558334,0.9672701949860725,,40.0,18.0
convnextv2_tiny,nct-crc-100k,finetuned,42,general,linear,d4,vote,0.9561907065606311,0.9686629526462396,,45.0,13.0
convnextv2_tiny,nct-crc-100k,finetuned,42,general,linear,d4,confidence,0.9552906670458293,0.9676880222841225,,43.0,18.0
convnextv2_tiny,nct-crc-100k,finetuned,42,general,linear,d4_color,mean,0.9551250898672526,0.9674094707520892,,34.0,11.0
convnextv2_tiny,nct-crc-100k,finetuned,42,general,linear,d4_color,vote,0.9549361401374648,0.9672701949860725,,34.0,12.0
convnextv2_tiny,nct-crc-100k,finetuned,42,general,linear,d4_color,confidence,0.9558167613977783,0.967966573816156,,38.0,11.0
d4wrn,nct-crc-100k,finetuned,0,equivariant,linear,none,mean,0.9394159196546867,0.9519498607242339,,,
d4wrn,nct-crc-100k,finetuned,0,equivariant,linear,flips,mean,0.9401800731938271,0.9523676880222841,,7.0,4.0
d4wrn,nct-crc-100k,finetuned,0,equivariant,linear,flips,vote,0.9402560441163607,0.9525069637883008,,6.0,2.0
d4wrn,nct-crc-100k,finetuned,0,equivariant,linear,flips,confidence,0.9401800731938271,0.9523676880222841,,7.0,4.0
d4wrn,nct-crc-100k,finetuned,0,equivariant,linear,d4,mean,0.9401800731938271,0.9523676880222841,,7.0,4.0
d4wrn,nct-crc-100k,finetuned,0,equivariant,linear,d4,vote,0.9402560441163607,0.9525069637883008,,6.0,2.0
d4wrn,nct-crc-100k,finetuned,0,equivariant,linear,d4,confidence,0.9401800731938271,0.9523676880222841,,7.0,4.0
d4wrn,nct-crc-100k,finetuned,0,equivariant,linear,d4_color,mean,0.940390096371738,0.9530640668523677,,10.0,2.0
d4wrn,nct-crc-100k,finetuned,0,equivariant,linear,d4_color,vote,0.939694372092213,0.9519498607242339,,3.0,3.0
d4wrn,nct-crc-100k,finetuned,0,equivariant,linear,d4_color,confidence,0.9405561817396172,0.9533426183844012,,12.0,2.0
d4wrn,nct-crc-100k,finetuned,1,equivariant,linear,none,mean,0.9384716676718323,0.9504178272980501,,,
d4wrn,nct-crc-100k,finetuned,1,equivariant,linear,flips,mean,0.937938331301594,0.9497214484679666,,8.0,13.0
d4wrn,nct-crc-100k,finetuned,1,equivariant,linear,flips,vote,0.9378814058804557,0.95,,11.0,14.0
d4wrn,nct-crc-100k,finetuned,1,equivariant,linear,flips,confidence,0.9380882788199626,0.9498607242339833,,9.0,13.0
d4wrn,nct-crc-100k,finetuned,1,equivariant,linear,d4,mean,0.937938331301594,0.9497214484679666,,8.0,13.0
d4wrn,nct-crc-100k,finetuned,1,equivariant,linear,d4,vote,0.9378814058804557,0.95,,11.0,14.0
d4wrn,nct-crc-100k,finetuned,1,equivariant,linear,d4,confidence,0.937938331301594,0.9497214484679666,,8.0,13.0
d4wrn,nct-crc-100k,finetuned,1,equivariant,linear,d4_color,mean,0.937938331301594,0.9497214484679666,,8.0,13.0
d4wrn,nct-crc-100k,finetuned,1,equivariant,linear,d4_color,vote,0.9378814058804557,0.95,,11.0,14.0
d4wrn,nct-crc-100k,finetuned,1,equivariant,linear,d4_color,confidence,0.937938331301594,0.9497214484679666,,8.0,13.0
d4wrn,nct-crc-100k,finetuned,2,equivariant,linear,none,mean,0.9474067226574623,0.9561281337047354,,,
d4wrn,nct-crc-100k,finetuned,2,equivariant,linear,flips,mean,0.948158227261011,0.9566852367688022,,10.0,6.0
d4wrn,nct-crc-100k,finetuned,2,equivariant,linear,flips,vote,0.9475932335028516,0.9568245125348189,,10.0,5.0
d4wrn,nct-crc-100k,finetuned,2,equivariant,linear,flips,confidence,0.948158227261011,0.9566852367688022,,10.0,6.0
d4wrn,nct-crc-100k,finetuned,2,equivariant,linear,d4,mean,0.948158227261011,0.9566852367688022,,10.0,6.0
d4wrn,nct-crc-100k,finetuned,2,equivariant,linear,d4,vote,0.9475932335028516,0.9568245125348189,,10.0,5.0
d4wrn,nct-crc-100k,finetuned,2,equivariant,linear,d4,confidence,0.948158227261011,0.9566852367688022,,10.0,6.0
d4wrn,nct-crc-100k,finetuned,2,equivariant,linear,d4_color,mean,0.948158227261011,0.9566852367688022,,10.0,6.0
d4wrn,nct-crc-100k,finetuned,2,equivariant,linear,d4_color,vote,0.9475932335028516,0.9568245125348189,,10.0,5.0
d4wrn,nct-crc-100k,finetuned,2,equivariant,linear,d4_color,confidence,0.948158227261011,0.9566852367688022,,10.0,6.0
d4wrn,nct-crc-100k,finetuned,3,equivariant,linear,none,mean,0.9423321010449881,0.9543175487465181,,,
d4wrn,nct-crc-100k,finetuned,3,equivariant,linear,flips,mean,0.9409945116297505,0.9534818941504178,,5.0,11.0
d4wrn,nct-crc-100k,finetuned,3,equivariant,linear,flips,vote,0.9415427808655082,0.9541782729805014,,5.0,6.0
d4wrn,nct-crc-100k,finetuned,3,equivariant,linear,flips,confidence,0.9409945116297505,0.9534818941504178,,5.0,11.0
d4wrn,nct-crc-100k,finetuned,3,equivariant,linear,d4,mean,0.9409945116297505,0.9534818941504178,,5.0,11.0
d4wrn,nct-crc-100k,finetuned,3,equivariant,linear,d4,vote,0.9415427808655082,0.9541782729805014,,5.0,6.0
d4wrn,nct-crc-100k,finetuned,3,equivariant,linear,d4,confidence,0.9409945116297505,0.9534818941504178,,5.0,11.0
d4wrn,nct-crc-100k,finetuned,3,equivariant,linear,d4_color,mean,0.9409945116297505,0.9534818941504178,,5.0,11.0
d4wrn,nct-crc-100k,finetuned,3,equivariant,linear,d4_color,vote,0.9415427808655082,0.9541782729805014,,5.0,6.0
d4wrn,nct-crc-100k,finetuned,3,equivariant,linear,d4_color,confidence,0.9409945116297505,0.9534818941504178,,5.0,11.0
dinov2_b,nct-crc-100k,finetuned,0,general,linear,none,mean,0.9578195757347822,0.9686629526462396,,,
dinov2_b,nct-crc-100k,finetuned,0,general,linear,flips,mean,0.9590604851559016,0.9697771587743732,,44.0,36.0
dinov2_b,nct-crc-100k,finetuned,0,general,linear,flips,logit_mean,0.9588727974682139,0.9696378830083565,,44.0,37.0
dinov2_b,nct-crc-100k,finetuned,0,general,linear,d4,mean,0.9575339187549995,0.9686629526462396,,42.0,42.0
dinov2_b,nct-crc-100k,finetuned,0,general,linear,d4,logit_mean,0.9573462310673118,0.9685236768802229,,41.0,42.0
dinov2_b,nct-crc-100k,finetuned,1,general,linear,none,mean,0.952273628682582,0.9629526462395543,,,
dinov2_b,nct-crc-100k,finetuned,1,general,linear,flips,mean,0.9538077027106966,0.9646239554317548,,43.0,31.0
dinov2_b,nct-crc-100k,finetuned,1,general,linear,flips,logit_mean,0.9540794411898619,0.9647632311977716,,45.0,32.0
dinov2_b,nct-crc-100k,finetuned,1,general,linear,d4,mean,0.9536113440352249,0.965041782729805,,52.0,37.0
dinov2_b,nct-crc-100k,finetuned,1,general,linear,d4,logit_mean,0.9534452586673459,0.9647632311977716,,49.0,36.0
dinov2_b,nct-crc-100k,finetuned,2,general,linear,none,mean,0.9510293583160934,0.9615598885793872,,,
dinov2_b,nct-crc-100k,finetuned,2,general,linear,flips,mean,0.9550677572821077,0.965041782729805,,57.0,32.0
dinov2_b,nct-crc-100k,finetuned,2,general,linear,flips,logit_mean,0.9549043806410226,0.9649025069637883,,57.0,33.0
dinov2_b,nct-crc-100k,finetuned,2,general,linear,d4,mean,0.9560141876288406,0.9661559888579387,,62.0,29.0
dinov2_b,nct-crc-100k,finetuned,2,general,linear,d4,logit_mean,0.956465797195652,0.9664345403899721,,64.0,29.0
dinov2_b,nct-crc-100k,finetuned,3,general,linear,none,mean,0.9463062562541578,0.9598885793871866,,,
dinov2_b,nct-crc-100k,finetuned,3,general,linear,flips,mean,0.9489081456330177,0.9614206128133704,,49.0,38.0
dinov2_b,nct-crc-100k,finetuned,3,general,linear,flips,logit_mean,0.9490958333207055,0.9615598885793872,,50.0,38.0
dinov2_b,nct-crc-100k,finetuned,3,general,linear,d4,mean,0.9522436098965574,0.9642061281337048,,65.0,34.0
dinov2_b,nct-crc-100k,finetuned,3,general,linear,d4,logit_mean,0.9528066729596206,0.9646239554317548,,68.0,34.0
dinov2_b,nct-crc-100k,finetuned,42,general,linear,none,mean,0.9602074111335122,0.9707520891364902,,,
dinov2_b,nct-crc-100k,finetuned,42,general,linear,flips,mean,0.9631101144621204,0.9735376044568245,,37.0,17.0
dinov2_b,nct-crc-100k,finetuned,42,general,linear,flips,logit_mean,0.96289811572783,0.9733983286908078,,39.0,20.0
dinov2_b,nct-crc-100k,finetuned,42,general,linear,d4,mean,0.9628871231556315,0.9732590529247911,,39.0,21.0
dinov2_b,nct-crc-100k,finetuned,42,general,linear,d4,logit_mean,0.962533086831162,0.9729805013927577,,38.0,22.0
dinov2_s,nct-crc-100k,finetuned,0,general,linear,none,mean,0.9578383541719988,0.9664345403899721,,,
dinov2_s,nct-crc-100k,finetuned,0,general,linear,flips,mean,0.9589901481372473,0.9686629526462396,,49.0,33.0
dinov2_s,nct-crc-100k,finetuned,0,general,linear,flips,logit_mean,0.9593446355929096,0.9690807799442896,,53.0,34.0
dinov2_s,nct-crc-100k,finetuned,0,general,linear,d4,mean,0.9601800323581912,0.9690807799442896,,53.0,34.0
dinov2_s,nct-crc-100k,finetuned,0,general,linear,d4,logit_mean,0.9606007102481868,0.9694986072423398,,56.0,34.0
dinov2_s,nct-crc-100k,finetuned,1,general,linear,none,mean,0.9555450004542256,0.9639275766016713,,,
dinov2_s,nct-crc-100k,finetuned,1,general,linear,flips,mean,0.9590924295537211,0.9672701949860725,,44.0,20.0
dinov2_s,nct-crc-100k,finetuned,1,general,linear,flips,logit_mean,0.9594554925135927,0.9676880222841225,,48.0,21.0
dinov2_s,nct-crc-100k,finetuned,1,general,linear,d4,mean,0.960089733901584,0.9681058495821727,,50.0,20.0
dinov2_s,nct-crc-100k,finetuned,1,general,linear,d4,logit_mean,0.9602747128624777,0.9681058495821727,,50.0,20.0
dinov2_s,nct-crc-100k,finetuned,2,general,linear,none,mean,0.958151666534389,0.9642061281337048,,,
dinov2_s,nct-crc-100k,finetuned,2,general,linear,flips,mean,0.9618004731703008,0.9681058495821727,,53.0,25.0
dinov2_s,nct-crc-100k,finetuned,2,general,linear,flips,logit_mean,0.9614535086072374,0.9678272980501392,,51.0,25.0
dinov2_s,nct-crc-100k,finetuned,2,general,linear,d4,mean,0.9621132160677204,0.9683844011142061,,60.0,30.0
dinov2_s,nct-crc-100k,finetuned,2,general,linear,d4,logit_mean,0.962106407575217,0.9682451253481894,,61.0,32.0
dinov2_s,nct-crc-100k,finetuned,3,general,linear,none,mean,0.9527174146289146,0.963091922005571,,,
dinov2_s,nct-crc-100k,finetuned,3,general,linear,flips,mean,0.9531963225460743,0.9637883008356546,,38.0,33.0
dinov2_s,nct-crc-100k,finetuned,3,general,linear,flips,logit_mean,0.9543064714291043,0.9646239554317548,,42.0,31.0
dinov2_s,nct-crc-100k,finetuned,3,general,linear,d4,mean,0.9556900486625831,0.9657381615598886,,56.0,37.0
dinov2_s,nct-crc-100k,finetuned,3,general,linear,d4,logit_mean,0.9554780499282928,0.9655988857938719,,57.0,39.0
dinov2_s,nct-crc-100k,finetuned,42,general,linear,none,mean,0.9551858756045581,0.9610027855153204,,,
dinov2_s,nct-crc-100k,finetuned,42,general,linear,flips,mean,0.9534228219969066,0.9608635097493036,,36.0,37.0
dinov2_s,nct-crc-100k,finetuned,42,general,linear,flips,logit_mean,0.9541596924937478,0.9612813370473537,,38.0,36.0
dinov2_s,nct-crc-100k,finetuned,42,general,linear,d4,mean,0.9535178438991719,0.9607242339832869,,41.0,43.0
dinov2_s,nct-crc-100k,finetuned,42,general,linear,d4,logit_mean,0.9540292865390063,0.9610027855153204,,43.0,43.0
resnet18,nct-crc-100k,finetuned,0,general,linear,none,mean,0.9303225402258877,0.9417827298050139,,,
resnet18,nct-crc-100k,finetuned,0,general,linear,flips,mean,0.9343147902256579,0.9465181058495822,,75.0,41.0
resnet18,nct-crc-100k,finetuned,0,general,linear,flips,vote,0.9315220800723402,0.9449860724233984,,63.0,40.0
resnet18,nct-crc-100k,finetuned,0,general,linear,flips,confidence,0.9335191324457015,0.9456824512534819,,71.0,43.0
resnet18,nct-crc-100k,finetuned,0,general,linear,d4,mean,0.9373110837514707,0.9487465181058495,,91.0,41.0
resnet18,nct-crc-100k,finetuned,0,general,linear,d4,vote,0.9355302934165027,0.948050139275766,,84.0,39.0
resnet18,nct-crc-100k,finetuned,0,general,linear,d4,confidence,0.9369605755145272,0.9484679665738162,,90.0,42.0
resnet18,nct-crc-100k,finetuned,0,general,linear,d4_color,mean,0.9373110837514707,0.9487465181058495,,91.0,41.0
resnet18,nct-crc-100k,finetuned,0,general,linear,d4_color,vote,0.9355302934165027,0.948050139275766,,84.0,39.0
resnet18,nct-crc-100k,finetuned,0,general,linear,d4_color,confidence,0.9369605755145272,0.9484679665738162,,90.0,42.0
resnet18,nct-crc-100k,finetuned,1,general,linear,none,mean,0.9393193316402917,0.9498607242339833,,,
resnet18,nct-crc-100k,finetuned,1,general,linear,flips,mean,0.9412767700513925,0.9527855153203343,,47.0,26.0
resnet18,nct-crc-100k,finetuned,1,general,linear,flips,vote,0.9411538303058473,0.9527855153203343,,43.0,22.0
resnet18,nct-crc-100k,finetuned,1,general,linear,flips,confidence,0.9417215711257005,0.952924791086351,,47.0,25.0
resnet18,nct-crc-100k,finetuned,1,general,linear,d4,mean,0.9436371026311089,0.9544568245125348,,63.0,30.0
resnet18,nct-crc-100k,finetuned,1,general,linear,d4,vote,0.9422959303683837,0.953899721448468,,59.0,30.0
resnet18,nct-crc-100k,finetuned,1,general,linear,d4,confidence,0.9435922907003838,0.9544568245125348,,62.0,29.0
resnet18,nct-crc-100k,finetuned,1,general,linear,d4_color,mean,0.9436371026311089,0.9544568245125348,,63.0,30.0
resnet18,nct-crc-100k,finetuned,1,general,linear,d4_color,vote,0.9422959303683837,0.953899721448468,,59.0,30.0
resnet18,nct-crc-100k,finetuned,1,general,linear,d4_color,confidence,0.9435922907003838,0.9544568245125348,,62.0,29.0
resnet18,nct-crc-100k,finetuned,2,general,linear,none,mean,0.9292027715469887,0.9395543175487465,,,
resnet18,nct-crc-100k,finetuned,2,general,linear,flips,mean,0.9393639528963891,0.9469359331476324,,87.0,34.0
resnet18,nct-crc-100k,finetuned,2,general,linear,flips,vote,0.9432075134228515,0.9504178272980501,,113.0,35.0
resnet18,nct-crc-100k,finetuned,2,general,linear,flips,confidence,0.9405338026359296,0.9477715877437326,,90.0,31.0
resnet18,nct-crc-100k,finetuned,2,general,linear,d4,mean,0.942597584537765,0.95,,106.0,31.0
resnet18,nct-crc-100k,finetuned,2,general,linear,d4,vote,0.9439718312074447,0.9513927576601672,,118.0,33.0
resnet18,nct-crc-100k,finetuned,2,general,linear,d4,confidence,0.9424929395340167,0.95,,107.0,32.0
resnet18,nct-crc-100k,finetuned,2,general,linear,d4_color,mean,0.942597584537765,0.95,,106.0,31.0
resnet18,nct-crc-100k,finetuned,2,general,linear,d4_color,vote,0.9439718312074447,0.9513927576601672,,118.0,33.0
resnet18,nct-crc-100k,finetuned,2,general,linear,d4_color,confidence,0.9424929395340167,0.95,,107.0,32.0
resnet50,nct-crc-100k,finetuned,0,general,linear,none,mean,0.9364021071081241,0.9452646239554318,,,
resnet50,nct-crc-100k,finetuned,0,general,linear,flips,mean,0.9431328707133356,0.9513927576601672,,85.0,41.0
resnet50,nct-crc-100k,finetuned,0,general,linear,flips,vote,0.9425697557329968,0.9513927576601672,,85.0,41.0
resnet50,nct-crc-100k,finetuned,0,general,linear,flips,confidence,0.9437478569212322,0.9518105849582172,,87.0,40.0
resnet50,nct-crc-100k,finetuned,0,general,linear,d4,mean,0.9432120532766931,0.9515320334261839,,90.0,45.0
resnet50,nct-crc-100k,finetuned,0,general,linear,d4,vote,0.9434292674462809,0.9522284122562674,,96.0,46.0
resnet50,nct-crc-100k,finetuned,0,general,linear,d4,confidence,0.9437018935967192,0.9519498607242339,,92.0,44.0
resnet50,nct-crc-100k,finetuned,0,general,linear,d4_color,mean,0.9432120532766931,0.9515320334261839,,90.0,45.0
resnet50,nct-crc-100k,finetuned,0,general,linear,d4_color,vote,0.9434292674462809,0.9522284122562674,,96.0,46.0
resnet50,nct-crc-100k,finetuned,0,general,linear,d4_color,confidence,0.9437018935967192,0.9519498607242339,,92.0,44.0
resnet50,nct-crc-100k,finetuned,1,general,linear,none,mean,0.9388179979168488,0.9399721448467967,,,
resnet50,nct-crc-100k,finetuned,1,general,linear,flips,mean,0.9422223413023768,0.9440111420612813,,80.0,51.0
resnet50,nct-crc-100k,finetuned,1,general,linear,flips,vote,0.9449123395822746,0.9465181058495822,,88.0,41.0
resnet50,nct-crc-100k,finetuned,1,general,linear,flips,confidence,0.9427488203560357,0.9445682451253482,,85.0,52.0
resnet50,nct-crc-100k,finetuned,1,general,linear,d4,mean,0.9449101429774801,0.9462395543175487,,94.0,49.0
resnet50,nct-crc-100k,finetuned,1,general,linear,d4,vote,0.9454905865193809,0.9463788300835655,,96.0,50.0
resnet50,nct-crc-100k,finetuned,1,general,linear,d4,confidence,0.9448341720549465,0.946100278551532,,95.0,51.0
resnet50,nct-crc-100k,finetuned,1,general,linear,d4_color,mean,0.9449101429774801,0.9462395543175487,,94.0,49.0
resnet50,nct-crc-100k,finetuned,1,general,linear,d4_color,vote,0.9454905865193809,0.9463788300835655,,96.0,50.0
resnet50,nct-crc-100k,finetuned,1,general,linear,d4_color,confidence,0.9448341720549465,0.946100278551532,,95.0,51.0
resnet50,nct-crc-100k,finetuned,2,general,linear,none,mean,0.9272123332943986,0.9316155988857938,,,
resnet50,nct-crc-100k,finetuned,2,general,linear,flips,mean,0.933468941166135,0.9377437325905292,,109.0,65.0
resnet50,nct-crc-100k,finetuned,2,general,linear,flips,vote,0.934293829122911,0.9399721448467967,,116.0,56.0
resnet50,nct-crc-100k,finetuned,2,general,linear,flips,confidence,0.933488446496757,0.9377437325905292,,113.0,69.0
resnet50,nct-crc-100k,finetuned,2,general,linear,d4,mean,0.9307348084071035,0.9353760445682451,,117.0,90.0
resnet50,nct-crc-100k,finetuned,2,general,linear,d4,vote,0.9304090559480697,0.935933147632312,,118.0,87.0
resnet50,nct-crc-100k,finetuned,2,general,linear,d4,confidence,0.9308940852824791,0.9355153203342619,,117.0,89.0
resnet50,nct-crc-100k,finetuned,2,general,linear,d4_color,mean,0.9307348084071035,0.9353760445682451,,117.0,90.0
resnet50,nct-crc-100k,finetuned,2,general,linear,d4_color,vote,0.9304090559480697,0.935933147632312,,118.0,87.0
resnet50,nct-crc-100k,finetuned,2,general,linear,d4_color,confidence,0.9308940852824791,0.9355153203342619,,117.0,89.0
resnet50,nct-crc-100k,finetuned,3,general,linear,none,mean,0.9335768304215808,0.9353760445682451,,,
resnet50,nct-crc-100k,finetuned,3,general,linear,flips,mean,0.9369664105251323,0.9392757660167131,,86.0,58.0
resnet50,nct-crc-100k,finetuned,3,general,linear,flips,vote,0.9386219014048085,0.9427576601671309,,101.0,48.0
resnet50,nct-crc-100k,finetuned,3,general,linear,flips,confidence,0.9380331941621307,0.9402506963788301,,88.0,53.0
resnet50,nct-crc-100k,finetuned,3,general,linear,d4,mean,0.9377489458644939,0.9409470752089136,,100.0,60.0
resnet50,nct-crc-100k,finetuned,3,general,linear,d4,vote,0.9390571631651043,0.943732590529248,,115.0,55.0
resnet50,nct-crc-100k,finetuned,3,general,linear,d4,confidence,0.9375369471302037,0.9408077994428969,,99.0,60.0
resnet50,nct-crc-100k,finetuned,3,general,linear,d4_color,mean,0.9377489458644939,0.9409470752089136,,100.0,60.0
resnet50,nct-crc-100k,finetuned,3,general,linear,d4_color,vote,0.9390571631651043,0.943732590529248,,115.0,55.0
resnet50,nct-crc-100k,finetuned,3,general,linear,d4_color,confidence,0.9375369471302037,0.9408077994428969,,99.0,60.0
resnet50,nct-crc-100k,finetuned,42,general,linear,none,mean,0.9334411474168726,0.9313370473537604,,,
resnet50,nct-crc-100k,finetuned,42,general,linear,flips,mean,0.9378550545761379,0.9366295264623955,,93.0,55.0
resnet50,nct-crc-100k,finetuned,42,general,linear,flips,vote,0.940845661202502,0.9413649025069638,,107.0,35.0
resnet50,nct-crc-100k,finetuned,42,general,linear,flips,confidence,0.9374726074393567,0.9363509749303621,,90.0,54.0
resnet50,nct-crc-100k,finetuned,42,general,linear,d4,mean,0.9371569645300915,0.9363509749303621,,103.0,67.0
resnet50,nct-crc-100k,finetuned,42,general,linear,d4,vote,0.9390490922336868,0.9395543175487465,,113.0,54.0
resnet50,nct-crc-100k,finetuned,42,general,linear,d4,confidence,0.9383707520796638,0.9376044568245125,,108.0,63.0
resnet50,nct-crc-100k,finetuned,42,general,linear,d4_color,mean,0.9371569645300915,0.9363509749303621,,103.0,67.0
resnet50,nct-crc-100k,finetuned,42,general,linear,d4_color,vote,0.9390490922336868,0.9395543175487465,,113.0,54.0
resnet50,nct-crc-100k,finetuned,42,general,linear,d4_color,confidence,0.9383707520796638,0.9376044568245125,,108.0,63.0
convnextv2_base,nct-crc-nonorm,finetuned,0,general,linear,none,mean,0.7825671751385502,0.7940111420612813,,,
convnextv2_base,nct-crc-nonorm,finetuned,0,general,linear,flips,mean,0.7857154286864836,0.7976323119777159,,131.0,105.0
convnextv2_base,nct-crc-nonorm,finetuned,0,general,linear,flips,vote,0.7923208880307915,0.8047353760445682,,158.0,81.0
convnextv2_base,nct-crc-nonorm,finetuned,0,general,linear,flips,confidence,0.7861003075521231,0.7980501392757661,,136.0,107.0
convnextv2_base,nct-crc-nonorm,finetuned,0,general,linear,d4,mean,0.7867479608946507,0.7967966573816156,,158.0,138.0
convnextv2_base,nct-crc-nonorm,finetuned,0,general,linear,d4,vote,0.78809555822976,0.7987465181058496,,156.0,122.0
convnextv2_base,nct-crc-nonorm,finetuned,0,general,linear,d4,confidence,0.7858924511013113,0.796100278551532,,154.0,139.0
convnextv2_base,nct-crc-nonorm,finetuned,0,general,linear,d4_color,mean,0.7864385183485274,0.7974930362116992,,118.0,93.0
convnextv2_base,nct-crc-nonorm,finetuned,0,general,linear,d4_color,vote,0.7865297185494835,0.7981894150417828,,119.0,89.0
convnextv2_base,nct-crc-nonorm,finetuned,0,general,linear,d4_color,confidence,0.7867731199273271,0.7976323119777159,,119.0,93.0
convnextv2_base,nct-crc-nonorm,finetuned,1,general,linear,none,mean,0.7932963149728833,0.8054317548746518,,,
convnextv2_base,nct-crc-nonorm,finetuned,1,general,linear,flips,mean,0.7923974484002613,0.8054317548746518,,55.0,55.0
convnextv2_base,nct-crc-nonorm,finetuned,1,general,linear,flips,vote,0.7944232474700341,0.8071030640668524,,60.0,48.0
convnextv2_base,nct-crc-nonorm,finetuned,1,general,linear,flips,confidence,0.792409843081113,0.8054317548746518,,56.0,56.0
convnextv2_base,nct-crc-nonorm,finetuned,1,general,linear,d4,mean,0.7959371930647469,0.8072423398328691,,69.0,56.0
convnextv2_base,nct-crc-nonorm,finetuned,1,general,linear,d4,vote,0.7980832989035309,0.8090529247910864,,77.0,51.0
convnextv2_base,nct-crc-nonorm,finetuned,1,general,linear,d4,confidence,0.7953346404260662,0.8068245125348189,,68.0,58.0
convnextv2_base,nct-crc-nonorm,finetuned,1,general,linear,d4_color,mean,0.796709274551475,0.807799442896936,,55.0,38.0
convnextv2_base,nct-crc-nonorm,finetuned,1,general,linear,d4_color,vote,0.7955090707512862,0.8071030640668524,,48.0,36.0
convnextv2_base,nct-crc-nonorm,finetuned,1,general,linear,d4_color,confidence,0.7959595627203344,0.8072423398328691,,54.0,41.0
convnextv2_base,nct-crc-nonorm,finetuned,2,general,linear,none,mean,0.7917545988417156,0.8185236768802229,,,
convnextv2_base,nct-crc-nonorm,finetuned,2,general,linear,flips,mean,0.7996116873152717,0.8281337047353761,,171.0,102.0
convnextv2_base,nct-crc-nonorm,finetuned,2,general,linear,flips,vote,0.8075247583405587,0.8360724233983287,,211.0,85.0
convnextv2_base,nct-crc-nonorm,finetuned,2,general,linear,flips,confidence,0.7999942824531738,0.8285515320334261,,175.0,103.0
convnextv2_base,nct-crc-nonorm,finetuned,2,general,linear,d4,mean,0.7979846219656681,0.8256267409470752,,185.0,134.0
convnextv2_base,nct-crc-nonorm,finetuned,2,general,linear,d4,vote,0.8028878005005836,0.8296657381615599,,206.0,126.0
convnextv2_base,nct-crc-nonorm,finetuned,2,general,linear,d4,confidence,0.7982254604646057,0.8257660167130919,,189.0,137.0
convnextv2_base,nct-crc-nonorm,finetuned,2,general,linear,d4_color,mean,0.7987967039763167,0.827158774373259,,147.0,85.0
convnextv2_base,nct-crc-nonorm,finetuned,2,general,linear,d4_color,vote,0.7982200203339422,0.8256267409470752,,130.0,79.0
convnextv2_base,nct-crc-nonorm,finetuned,2,general,linear,d4_color,confidence,0.7998758903704589,0.8279944289693594,,154.0,86.0
convnextv2_tiny,nct-crc-nonorm,finetuned,0,general,linear,none,mean,0.7557872593947443,0.7803621169916435,,,
convnextv2_tiny,nct-crc-nonorm,finetuned,0,general,linear,flips,mean,0.7599289218792273,0.7827298050139275,,91.0,74.0
convnextv2_tiny,nct-crc-nonorm,finetuned,0,general,linear,flips,logit_mean,0.7602001523712807,0.783008356545961,,93.0,74.0
convnextv2_tiny,nct-crc-nonorm,finetuned,0,general,linear,d4,mean,0.7636170825795546,0.7863509749303621,,114.0,71.0
convnextv2_tiny,nct-crc-nonorm,finetuned,0,general,linear,d4,logit_mean,0.7630119249645753,0.7862116991643454,,114.0,72.0
convnextv2_tiny,nct-crc-nonorm,finetuned,1,general,linear,none,mean,0.8338242600195828,0.8515320334261839,,,
convnextv2_tiny,nct-crc-nonorm,finetuned,1,general,linear,flips,mean,0.8366490094288137,0.8554317548746518,,91.0,63.0
convnextv2_tiny,nct-crc-nonorm,finetuned,1,general,linear,flips,logit_mean,0.8373365748585635,0.8561281337047354,,94.0,61.0
convnextv2_tiny,nct-crc-nonorm,finetuned,1,general,linear,d4,mean,0.8378372671752016,0.8562674094707521,,109.0,75.0
convnextv2_tiny,nct-crc-nonorm,finetuned,1,general,linear,d4,logit_mean,0.8382899957918227,0.8569637883008356,,110.0,71.0
convnextv2_tiny,nct-crc-nonorm,finetuned,2,general,linear,none,mean,0.785776963600762,0.7930362116991644,,,
convnextv2_tiny,nct-crc-nonorm,finetuned,2,general,linear,flips,mean,0.7912511133337411,0.7976323119777159,,79.0,46.0
convnextv2_tiny,nct-crc-nonorm,finetuned,2,general,linear,flips,logit_mean,0.7912656438921437,0.7974930362116992,,81.0,49.0
convnextv2_tiny,nct-crc-nonorm,finetuned,2,general,linear,d4,mean,0.7905713493457361,0.7979108635097493,,97.0,62.0
convnextv2_tiny,nct-crc-nonorm,finetuned,2,general,linear,d4,logit_mean,0.7898305429962857,0.7973537604456824,,95.0,64.0
convnextv2_tiny,nct-crc-nonorm,finetuned,3,general,linear,none,mean,0.7659730138750868,0.7845403899721448,,,
convnextv2_tiny,nct-crc-nonorm,finetuned,3,general,linear,flips,mean,0.7693184976182783,0.7880222841225627,,66.0,41.0
convnextv2_tiny,nct-crc-nonorm,finetuned,3,general,linear,flips,logit_mean,0.7681513566055316,0.7873259052924791,,63.0,43.0
convnextv2_tiny,nct-crc-nonorm,finetuned,3,general,linear,d4,mean,0.7729257350454607,0.7903899721448467,,81.0,39.0
convnextv2_tiny,nct-crc-nonorm,finetuned,3,general,linear,d4,logit_mean,0.7728335236109284,0.7903899721448467,,83.0,41.0
convnextv2_tiny,nct-crc-nonorm,finetuned,42,general,linear,none,mean,0.7866112407667936,0.8018105849582172,,,
convnextv2_tiny,nct-crc-nonorm,finetuned,42,general,linear,flips,mean,0.7907088238950265,0.8034818941504178,,93.0,81.0
convnextv2_tiny,nct-crc-nonorm,finetuned,42,general,linear,flips,logit_mean,0.7912211370636256,0.803899721448468,,96.0,81.0
convnextv2_tiny,nct-crc-nonorm,finetuned,42,general,linear,d4,mean,0.7905409420266917,0.8059888579387187,,112.0,82.0
convnextv2_tiny,nct-crc-nonorm,finetuned,42,general,linear,d4,logit_mean,0.7908220852234573,0.8064066852367688,,112.0,79.0
d4wrn,nct-crc-nonorm,finetuned,0,equivariant,linear,none,mean,0.7259987549977408,0.768941504178273,,,
d4wrn,nct-crc-nonorm,finetuned,0,equivariant,linear,flips,mean,0.7240675265538581,0.7671309192200557,,14.0,27.0
d4wrn,nct-crc-nonorm,finetuned,0,equivariant,linear,flips,vote,0.7242649903563286,0.7678272980501393,,15.0,23.0
d4wrn,nct-crc-nonorm,finetuned,0,equivariant,linear,flips,confidence,0.7240675265538581,0.7671309192200557,,14.0,27.0
d4wrn,nct-crc-nonorm,finetuned,0,equivariant,linear,d4,mean,0.724198708503222,0.7672701949860724,,15.0,27.0
d4wrn,nct-crc-nonorm,finetuned,0,equivariant,linear,d4,vote,0.7242649903563286,0.7678272980501393,,15.0,23.0
d4wrn,nct-crc-nonorm,finetuned,0,equivariant,linear,d4,confidence,0.7239363446044944,0.766991643454039,,13.0,27.0
d4wrn,nct-crc-nonorm,finetuned,0,equivariant,linear,d4_color,mean,0.7246064138152115,0.7676880222841226,,16.0,25.0
d4wrn,nct-crc-nonorm,finetuned,0,equivariant,linear,d4_color,vote,0.7245784794956138,0.7678272980501393,,13.0,21.0
d4wrn,nct-crc-nonorm,finetuned,0,equivariant,linear,d4_color,confidence,0.7247795709444964,0.767966573816156,,18.0,25.0
d4wrn,nct-crc-nonorm,finetuned,1,equivariant,linear,none,mean,0.7048040065088376,0.7391364902506964,,,
d4wrn,nct-crc-nonorm,finetuned,1,equivariant,linear,flips,mean,0.7055202945432926,0.7401114206128133,,28.0,21.0
d4wrn,nct-crc-nonorm,finetuned,1,equivariant,linear,flips,vote,0.7057704974973229,0.740807799442897,,29.0,17.0
d4wrn,nct-crc-nonorm,finetuned,1,equivariant,linear,flips,confidence,0.7055202945432926,0.7401114206128133,,28.0,21.0
d4wrn,nct-crc-nonorm,finetuned,1,equivariant,linear,d4,mean,0.7055202945432926,0.7401114206128133,,28.0,21.0
d4wrn,nct-crc-nonorm,finetuned,1,equivariant,linear,d4,vote,0.7057704974973229,0.740807799442897,,29.0,17.0
d4wrn,nct-crc-nonorm,finetuned,1,equivariant,linear,d4,confidence,0.7055202945432926,0.7401114206128133,,28.0,21.0
d4wrn,nct-crc-nonorm,finetuned,1,equivariant,linear,d4_color,mean,0.7055202945432926,0.7401114206128133,,28.0,21.0
d4wrn,nct-crc-nonorm,finetuned,1,equivariant,linear,d4_color,vote,0.7057704974973229,0.740807799442897,,29.0,17.0
d4wrn,nct-crc-nonorm,finetuned,1,equivariant,linear,d4_color,confidence,0.7055202945432926,0.7401114206128133,,28.0,21.0
d4wrn,nct-crc-nonorm,finetuned,2,equivariant,linear,none,mean,0.7327611709755384,0.7665738161559889,,,
d4wrn,nct-crc-nonorm,finetuned,2,equivariant,linear,flips,mean,0.73387532456232,0.7672701949860724,,23.0,18.0
d4wrn,nct-crc-nonorm,finetuned,2,equivariant,linear,flips,vote,0.7341869626694604,0.7675487465181059,,23.0,16.0
d4wrn,nct-crc-nonorm,finetuned,2,equivariant,linear,flips,confidence,0.73387532456232,0.7672701949860724,,23.0,18.0
d4wrn,nct-crc-nonorm,finetuned,2,equivariant,linear,d4,mean,0.73387532456232,0.7672701949860724,,23.0,18.0
d4wrn,nct-crc-nonorm,finetuned,2,equivariant,linear,d4,vote,0.7341869626694604,0.7675487465181059,,23.0,16.0
d4wrn,nct-crc-nonorm,finetuned,2,equivariant,linear,d4,confidence,0.73387532456232,0.7672701949860724,,23.0,18.0
d4wrn,nct-crc-nonorm,finetuned,2,equivariant,linear,d4_color,mean,0.73387532456232,0.7672701949860724,,23.0,18.0
d4wrn,nct-crc-nonorm,finetuned,2,equivariant,linear,d4_color,vote,0.7341869626694604,0.7675487465181059,,23.0,16.0
d4wrn,nct-crc-nonorm,finetuned,2,equivariant,linear,d4_color,confidence,0.73387532456232,0.7672701949860724,,23.0,18.0
d4wrn,nct-crc-nonorm,finetuned,3,equivariant,linear,none,mean,0.757222937519703,0.7685236768802228,,,
d4wrn,nct-crc-nonorm,finetuned,3,equivariant,linear,flips,mean,0.7579832121687323,0.768941504178273,,17.0,14.0
d4wrn,nct-crc-nonorm,finetuned,3,equivariant,linear,flips,vote,0.7572653173493387,0.7690807799442897,,15.0,11.0
d4wrn,nct-crc-nonorm,finetuned,3,equivariant,linear,flips,confidence,0.7580662548526718,0.7690807799442897,,18.0,14.0
d4wrn,nct-crc-nonorm,finetuned,3,equivariant,linear,d4,mean,0.7579832121687323,0.768941504178273,,17.0,14.0
d4wrn,nct-crc-nonorm,finetuned,3,equivariant,linear,d4,vote,0.7572653173493387,0.7690807799442897,,15.0,11.0
d4wrn,nct-crc-nonorm,finetuned,3,equivariant,linear,d4,confidence,0.7580662548526718,0.7690807799442897,,18.0,14.0
d4wrn,nct-crc-nonorm,finetuned,3,equivariant,linear,d4_color,mean,0.7579832121687323,0.768941504178273,,17.0,14.0
d4wrn,nct-crc-nonorm,finetuned,3,equivariant,linear,d4_color,vote,0.7572653173493387,0.7690807799442897,,15.0,11.0
d4wrn,nct-crc-nonorm,finetuned,3,equivariant,linear,d4_color,confidence,0.7580662548526718,0.7690807799442897,,18.0,14.0
dinov2_b,nct-crc-nonorm,finetuned,0,general,linear,none,mean,0.7667799801845916,0.7856545961002785,,,
dinov2_b,nct-crc-nonorm,finetuned,0,general,linear,flips,mean,0.7713274813278919,0.7889972144846796,,68.0,44.0
dinov2_b,nct-crc-nonorm,finetuned,0,general,linear,flips,logit_mean,0.770536496162888,0.7884401114206128,,66.0,46.0
dinov2_b,nct-crc-nonorm,finetuned,0,general,linear,d4,mean,0.7779952792755666,0.7927576601671309,,98.0,47.0
dinov2_b,nct-crc-nonorm,finetuned,0,general,linear,d4,logit_mean,0.7780874907100989,0.7927576601671309,,99.0,48.0
dinov2_b,nct-crc-nonorm,finetuned,1,general,linear,none,mean,0.8617886528974006,0.8693593314763232,,,
dinov2_b,nct-crc-nonorm,finetuned,1,general,linear,flips,mean,0.8611376432714614,0.8693593314763232,,75.0,75.0
dinov2_b,nct-crc-nonorm,finetuned,1,general,linear,flips,logit_mean,0.8607803265420143,0.868941504178273,,74.0,77.0
dinov2_b,nct-crc-nonorm,finetuned,1,general,linear,d4,mean,0.8620249072187119,0.8713091922005571,,83.0,69.0
dinov2_b,nct-crc-nonorm,finetuned,1,general,linear,d4,logit_mean,0.8616283178171664,0.870891364902507,,84.0,73.0
dinov2_b,nct-crc-nonorm,finetuned,2,general,linear,none,mean,0.8526167304519984,0.8682451253481894,,,
dinov2_b,nct-crc-nonorm,finetuned,2,general,linear,flips,mean,0.8564734794980564,0.8710306406685236,,83.0,63.0
dinov2_b,nct-crc-nonorm,finetuned,2,general,linear,flips,logit_mean,0.8567717686518708,0.8714484679665738,,85.0,62.0
dinov2_b,nct-crc-nonorm,finetuned,2,general,linear,d4,mean,0.8549068759700947,0.86991643454039,,88.0,76.0
dinov2_b,nct-crc-nonorm,finetuned,2,general,linear,d4,logit_mean,0.855537973693175,0.8703342618384401,,91.0,76.0
dinov2_b,nct-crc-nonorm,finetuned,3,general,linear,none,mean,0.7778555131159685,0.7813370473537604,,,
dinov2_b,nct-crc-nonorm,finetuned,3,general,linear,flips,mean,0.7827200166553985,0.7855153203342619,,89.0,59.0
dinov2_b,nct-crc-nonorm,finetuned,3,general,linear,flips,logit_mean,0.7833810081084894,0.7859331476323119,,90.0,57.0
dinov2_b,nct-crc-nonorm,finetuned,3,general,linear,d4,mean,0.7834490405216146,0.7859331476323119,,90.0,57.0
dinov2_b,nct-crc-nonorm,finetuned,3,general,linear,d4,logit_mean,0.7832075959688093,0.7857938718662952,,90.0,58.0
dinov2_b,nct-crc-nonorm,finetuned,42,general,linear,none,mean,0.7819123328761749,0.787883008356546,,,
dinov2_b,nct-crc-nonorm,finetuned,42,general,linear,flips,mean,0.7895346697089098,0.7956824512534819,,126.0,70.0
dinov2_b,nct-crc-nonorm,finetuned,42,general,linear,flips,logit_mean,0.788902946519189,0.7948467966573816,,121.0,71.0
dinov2_b,nct-crc-nonorm,finetuned,42,general,linear,d4,mean,0.8020531749576899,0.806267409470752,,188.0,56.0
dinov2_b,nct-crc-nonorm,finetuned,42,general,linear,d4,logit_mean,0.8024852791938794,0.8065459610027855,,190.0,56.0
dinov2_s,nct-crc-nonorm,finetuned,0,general,linear,none,mean,0.7816306376874387,0.8065459610027855,,,
dinov2_s,nct-crc-nonorm,finetuned,0,general,linear,flips,mean,0.7816024655652969,0.8073816155988858,,92.0,86.0
dinov2_s,nct-crc-nonorm,finetuned,0,general,linear,flips,logit_mean,0.7830098509534976,0.8084958217270195,,97.0,83.0
dinov2_s,nct-crc-nonorm,finetuned,0,general,linear,d4,mean,0.7846560179690374,0.8096100278551532,,116.0,94.0
dinov2_s,nct-crc-nonorm,finetuned,0,general,linear,d4,logit_mean,0.7847899086451952,0.8098885793871866,,117.0,93.0
dinov2_s,nct-crc-nonorm,finetuned,1,general,linear,none,mean,0.8380867590826024,0.840807799442897,,,
dinov2_s,nct-crc-nonorm,finetuned,1,general,linear,flips,mean,0.8395266762900108,0.8437325905292479,,118.0,97.0
dinov2_s,nct-crc-nonorm,finetuned,1,general,linear,flips,logit_mean,0.8395196045286046,0.8437325905292479,,122.0,101.0
dinov2_s,nct-crc-nonorm,finetuned,1,general,linear,d4,mean,0.8381672550701172,0.8423398328690808,,134.0,123.0
dinov2_s,nct-crc-nonorm,finetuned,1,general,linear,d4,logit_mean,0.8383669251958278,0.8423398328690808,,135.0,124.0
dinov2_s,nct-crc-nonorm,finetuned,2,general,linear,none,mean,0.8494604761967592,0.8777158774373259,,,
dinov2_s,nct-crc-nonorm,finetuned,2,general,linear,flips,mean,0.8499260106231162,0.8784122562674095,,98.0,93.0
dinov2_s,nct-crc-nonorm,finetuned,2,general,linear,flips,logit_mean,0.8509988587984987,0.8792479108635097,,100.0,89.0
dinov2_s,nct-crc-nonorm,finetuned,2,general,linear,d4,mean,0.8540649799259801,0.8811977715877437,,117.0,92.0
dinov2_s,nct-crc-nonorm,finetuned,2,general,linear,d4,logit_mean,0.8534040953387537,0.8809192200557103,,115.0,92.0
dinov2_s,nct-crc-nonorm,finetuned,3,general,linear,none,mean,0.8666889843395883,0.8743732590529248,,,
dinov2_s,nct-crc-nonorm,finetuned,3,general,linear,flips,mean,0.8662164421432182,0.8756267409470752,,95.0,86.0
dinov2_s,nct-crc-nonorm,finetuned,3,general,linear,flips,logit_mean,0.8665681807256742,0.8760445682451253,,98.0,86.0
dinov2_s,nct-crc-nonorm,finetuned,3,general,linear,d4,mean,0.8728243009425847,0.881058495821727,,128.0,80.0
dinov2_s,nct-crc-nonorm,finetuned,3,general,linear,d4,logit_mean,0.8723405762831664,0.8806406685236768,,127.0,82.0
dinov2_s,nct-crc-nonorm,finetuned,42,general,linear,none,mean,0.8237319441066163,0.835933147632312,,,
dinov2_s,nct-crc-nonorm,finetuned,42,general,linear,flips,mean,0.826519908285785,0.8383008356545961,,76.0,59.0
dinov2_s,nct-crc-nonorm,finetuned,42,general,linear,flips,logit_mean,0.8264639604966114,0.8381615598885794,,75.0,59.0
dinov2_s,nct-crc-nonorm,finetuned,42,general,linear,d4,mean,0.830824366630634,0.8422005571030641,,106.0,61.0
dinov2_s,nct-crc-nonorm,finetuned,42,general,linear,d4,logit_mean,0.8310894719255487,0.8426183844011143,,111.0,63.0
resnet18,nct-crc-nonorm,finetuned,0,general,linear,none,mean,0.7224482114855459,0.724233983286908,,,
resnet18,nct-crc-nonorm,finetuned,0,general,linear,flips,mean,0.7241539069839309,0.7247910863509749,,106.0,102.0
resnet18,nct-crc-nonorm,finetuned,0,general,linear,flips,vote,0.7242437578988822,0.7268802228412257,,110.0,91.0
resnet18,nct-crc-nonorm,finetuned,0,general,linear,flips,confidence,0.7248600157447113,0.7252089136490251,,108.0,101.0
resnet18,nct-crc-nonorm,finetuned,0,general,linear,d4,mean,0.7268676008853208,0.7274373259052925,,127.0,104.0
resnet18,nct-crc-nonorm,finetuned,0,general,linear,d4,vote,0.7262361245789496,0.7278551532033426,,127.0,101.0
resnet18,nct-crc-nonorm,finetuned,0,general,linear,d4,confidence,0.7257346563680129,0.7267409470752089,,125.0,107.0
resnet18,nct-crc-nonorm,finetuned,0,general,linear,d4_color,mean,0.7268676008853208,0.7274373259052925,,127.0,104.0
resnet18,nct-crc-nonorm,finetuned,0,general,linear,d4_color,vote,0.7262361245789496,0.7278551532033426,,127.0,101.0
resnet18,nct-crc-nonorm,finetuned,0,general,linear,d4_color,confidence,0.7257346563680129,0.7267409470752089,,125.0,107.0
resnet18,nct-crc-nonorm,finetuned,1,general,linear,none,mean,0.6897052954665068,0.6894150417827298,,,
resnet18,nct-crc-nonorm,finetuned,1,general,linear,flips,mean,0.6897174532894232,0.6885793871866295,,107.0,113.0
resnet18,nct-crc-nonorm,finetuned,1,general,linear,flips,vote,0.6901158664253715,0.6912256267409471,,109.0,96.0
resnet18,nct-crc-nonorm,finetuned,1,general,linear,flips,confidence,0.6889704570553745,0.6877437325905292,,109.0,121.0
resnet18,nct-crc-nonorm,finetuned,1,general,linear,d4,mean,0.6909570442259266,0.6899721448467967,,125.0,121.0
resnet18,nct-crc-nonorm,finetuned,1,general,linear,d4,vote,0.6907802752725307,0.6912256267409471,,130.0,117.0
resnet18,nct-crc-nonorm,finetuned,1,general,linear,d4,confidence,0.6913189904785855,0.6902506963788301,,127.0,121.0
resnet18,nct-crc-nonorm,finetuned,1,general,linear,d4_color,mean,0.6909570442259266,0.6899721448467967,,125.0,121.0
resnet18,nct-crc-nonorm,finetuned,1,general,linear,d4_color,vote,0.6907802752725307,0.6912256267409471,,130.0,117.0
resnet18,nct-crc-nonorm,finetuned,1,general,linear,d4_color,confidence,0.6913189904785855,0.6902506963788301,,127.0,121.0
resnet18,nct-crc-nonorm,finetuned,2,general,linear,none,mean,0.7183045295650937,0.7318941504178273,,,
resnet18,nct-crc-nonorm,finetuned,2,general,linear,flips,mean,0.7180353431248752,0.7316155988857939,,126.0,128.0
resnet18,nct-crc-nonorm,finetuned,2,general,linear,flips,vote,0.7203030137489673,0.7355153203342618,,133.0,107.0
resnet18,nct-crc-nonorm,finetuned,2,general,linear,flips,confidence,0.7180361624856069,0.7314763231197772,,126.0,129.0
resnet18,nct-crc-nonorm,finetuned,2,general,linear,d4,mean,0.7166785772564249,0.7324512534818941,,146.0,142.0
resnet18,nct-crc-nonorm,finetuned,2,general,linear,d4,vote,0.718407880492011,0.7341225626740947,,153.0,137.0
resnet18,nct-crc-nonorm,finetuned,2,general,linear,d4,confidence,0.7158955136520988,0.7317548746518105,,145.0,146.0
resnet18,nct-crc-nonorm,finetuned,2,general,linear,d4_color,mean,0.7166785772564249,0.7324512534818941,,146.0,142.0
resnet18,nct-crc-nonorm,finetuned,2,general,linear,d4_color,vote,0.718407880492011,0.7341225626740947,,153.0,137.0
resnet18,nct-crc-nonorm,finetuned,2,general,linear,d4_color,confidence,0.7158955136520988,0.7317548746518105,,145.0,146.0
resnet50,nct-crc-nonorm,finetuned,0,general,linear,none,mean,0.7608263839604823,0.7883008356545961,,,
resnet50,nct-crc-nonorm,finetuned,0,general,linear,flips,mean,0.768378543544548,0.7965181058495822,,155.0,96.0
resnet50,nct-crc-nonorm,finetuned,0,general,linear,flips,vote,0.7750333581004297,0.8034818941504178,,180.0,71.0
resnet50,nct-crc-nonorm,finetuned,0,general,linear,flips,confidence,0.7677922083544926,0.796100278551532,,155.0,99.0
resnet50,nct-crc-nonorm,finetuned,0,general,linear,d4,mean,0.7684755763969232,0.796100278551532,,181.0,125.0
resnet50,nct-crc-nonorm,finetuned,0,general,linear,d4,vote,0.7702116652036773,0.7993036211699165,,187.0,108.0
resnet50,nct-crc-nonorm,finetuned,0,general,linear,d4,confidence,0.7677189447775766,0.7956824512534819,,181.0,128.0
resnet50,nct-crc-nonorm,finetuned,0,general,linear,d4_color,mean,0.7684755763969232,0.796100278551532,,181.0,125.0
resnet50,nct-crc-nonorm,finetuned,0,general,linear,d4_color,vote,0.7702116652036773,0.7993036211699165,,187.0,108.0
resnet50,nct-crc-nonorm,finetuned,0,general,linear,d4_color,confidence,0.7677189447775766,0.7956824512534819,,181.0,128.0
resnet50,nct-crc-nonorm,finetuned,1,general,linear,none,mean,0.7590776296209483,0.7809192200557104,,,
resnet50,nct-crc-nonorm,finetuned,1,general,linear,flips,mean,0.7697857221681637,0.78983286908078,,156.0,92.0
resnet50,nct-crc-nonorm,finetuned,1,general,linear,flips,vote,0.7720305467164551,0.7926183844011142,,160.0,76.0
resnet50,nct-crc-nonorm,finetuned,1,general,linear,flips,confidence,0.769573986702776,0.7895543175487465,,154.0,92.0
resnet50,nct-crc-nonorm,finetuned,1,general,linear,d4,mean,0.7702529796440389,0.7916434540389972,,178.0,101.0
resnet50,nct-crc-nonorm,finetuned,1,general,linear,d4,vote,0.7724307567064811,0.7945682451253482,,180.0,82.0
resnet50,nct-crc-nonorm,finetuned,1,general,linear,d4,confidence,0.7699700727052201,0.7908077994428969,,177.0,106.0
resnet50,nct-crc-nonorm,finetuned,1,general,linear,d4_color,mean,0.7702529796440389,0.7916434540389972,,178.0,101.0
resnet50,nct-crc-nonorm,finetuned,1,general,linear,d4_color,vote,0.7724307567064811,0.7945682451253482,,180.0,82.0
resnet50,nct-crc-nonorm,finetuned,1,general,linear,d4_color,confidence,0.7699700727052201,0.7908077994428969,,177.0,106.0
resnet50,nct-crc-nonorm,finetuned,2,general,linear,none,mean,0.8676115879661189,0.8772980501392758,,,
resnet50,nct-crc-nonorm,finetuned,2,general,linear,flips,mean,0.8679277612819075,0.8793871866295264,,112.0,97.0
resnet50,nct-crc-nonorm,finetuned,2,general,linear,flips,vote,0.8689157255735861,0.881058495821727,,107.0,80.0
resnet50,nct-crc-nonorm,finetuned,2,general,linear,flips,confidence,0.8679894649149411,0.8795264623955432,,114.0,98.0
resnet50,nct-crc-nonorm,finetuned,2,general,linear,d4,mean,0.8689978613135261,0.8795264623955432,,111.0,95.0
resnet50,nct-crc-nonorm,finetuned,2,general,linear,d4,vote,0.8701869807412225,0.8814763231197772,,121.0,91.0
resnet50,nct-crc-nonorm,finetuned,2,general,linear,d4,confidence,0.8682663526244947,0.879108635097493,,113.0,100.0
resnet50,nct-crc-nonorm,finetuned,2,general,linear,d4_color,mean,0.8689978613135261,0.8795264623955432,,111.0,95.0
resnet50,nct-crc-nonorm,finetuned,2,general,linear,d4_color,vote,0.8701869807412225,0.8814763231197772,,121.0,91.0
resnet50,nct-crc-nonorm,finetuned,2,general,linear,d4_color,confidence,0.8682663526244947,0.879108635097493,,113.0,100.0
resnet50,nct-crc-nonorm,finetuned,3,general,linear,none,mean,0.7885608893547241,0.8023676880222841,,,
resnet50,nct-crc-nonorm,finetuned,3,general,linear,flips,mean,0.7969956529649322,0.8096100278551532,,177.0,125.0
resnet50,nct-crc-nonorm,finetuned,3,general,linear,flips,vote,0.8011186228319609,0.8158774373259053,,201.0,104.0
resnet50,nct-crc-nonorm,finetuned,3,general,linear,flips,confidence,0.7968277759848306,0.8094707520891364,,180.0,129.0
resnet50,nct-crc-nonorm,finetuned,3,general,linear,d4,mean,0.7946247134835785,0.8087743732590529,,208.0,162.0
resnet50,nct-crc-nonorm,finetuned,3,general,linear,d4,vote,0.7987588864773024,0.8144846796657381,,220.0,133.0
resnet50,nct-crc-nonorm,finetuned,3,general,linear,d4,confidence,0.7936634226231314,0.8079387186629526,,205.0,165.0
resnet50,nct-crc-nonorm,finetuned,3,general,linear,d4_color,mean,0.7946247134835785,0.8087743732590529,,208.0,162.0
resnet50,nct-crc-nonorm,finetuned,3,general,linear,d4_color,vote,0.7987588864773024,0.8144846796657381,,220.0,133.0
resnet50,nct-crc-nonorm,finetuned,3,general,linear,d4_color,confidence,0.7936634226231314,0.8079387186629526,,205.0,165.0
convnextv2_base,tcga-ut,finetuned,0,general,linear,none,mean,0.6286676116918204,0.7268232990699951,,,
convnextv2_base,tcga-ut,finetuned,0,general,linear,flips,mean,0.6313701363889861,0.7289769946157612,,615.0,527.0
convnextv2_base,tcga-ut,finetuned,0,general,linear,flips,vote,0.6294801207118668,0.7275819872736172,,606.0,575.0
convnextv2_base,tcga-ut,finetuned,0,general,linear,flips,confidence,0.6312807554677307,0.7287077826725403,,628.0,551.0
convnextv2_base,tcga-ut,finetuned,0,general,linear,d4,mean,0.6321341518577325,0.7294175232501223,,723.0,617.0
convnextv2_base,tcga-ut,finetuned,0,general,linear,d4,vote,0.6303968347773423,0.7283651492902594,,709.0,646.0
convnextv2_base,tcga-ut,finetuned,0,general,linear,d4,confidence,0.633193560018363,0.7295398923152228,,739.0,628.0
convnextv2_base,tcga-ut,finetuned,0,general,linear,d4_color,mean,0.6337734396762155,0.7319138521781694,,591.0,383.0
convnextv2_base,tcga-ut,finetuned,0,general,linear,d4_color,vote,0.631747414482643,0.7309593734703866,,529.0,360.0
convnextv2_base,tcga-ut,finetuned,0,general,linear,d4_color,confidence,0.6343681785039544,0.7320606950562898,,626.0,412.0
convnextv2_base,tcga-ut,finetuned,1,general,linear,none,mean,0.6084738635937884,0.7084434654919236,,,
convnextv2_base,tcga-ut,finetuned,1,general,linear,flips,mean,0.6140620148776853,0.7138277043563387,,826.0,606.0
convnextv2_base,tcga-ut,finetuned,1,general,linear,flips,vote,0.6091057209708509,0.71071953010279,,736.0,643.0
convnextv2_base,tcga-ut,finetuned,1,general,linear,flips,confidence,0.6141588473848906,0.7130445423396965,,817.0,629.0
convnextv2_base,tcga-ut,finetuned,1,general,linear,d4,mean,0.6155946286918641,0.7146842878120411,,956.0,701.0
convnextv2_base,tcga-ut,finetuned,1,general,linear,d4,vote,0.6120631296050397,0.7137542829172785,,907.0,690.0
convnextv2_base,tcga-ut,finetuned,1,general,linear,d4,confidence,0.6167249720980094,0.714659813999021,,967.0,713.0
convnextv2_base,tcga-ut,finetuned,1,general,linear,d4_color,mean,0.6153867137801874,0.7151003426333823,,758.0,486.0
convnextv2_base,tcga-ut,finetuned,1,general,linear,d4_color,vote,0.6135068136595894,0.7147087616250611,,667.0,411.0
convnextv2_base,tcga-ut,finetuned,1,general,linear,d4_color,confidence,0.6162687876164793,0.714977973568282,,785.0,518.0
convnextv2_base,tcga-ut,finetuned,2,general,linear,none,mean,0.6104819927916503,0.7020802741067058,,,
convnextv2_base,tcga-ut,finetuned,2,general,linear,flips,mean,0.6157880298268686,0.7072442486539403,,887.0,676.0
convnextv2_base,tcga-ut,finetuned,2,general,linear,flips,vote,0.6136601792799972,0.7056045031815957,,819.0,675.0
convnextv2_base,tcga-ut,finetuned,2,general,linear,flips,confidence,0.6157514255764959,0.7069016152716593,,894.0,697.0
convnextv2_base,tcga-ut,finetuned,2,general,linear,d4,mean,0.6176468975551868,0.7091532060695056,,1053.0,764.0
convnextv2_base,tcga-ut,finetuned,2,general,linear,d4,vote,0.6163323155157332,0.7091776798825257,,1026.0,736.0
convnextv2_base,tcga-ut,finetuned,2,general,linear,d4,confidence,0.6184130429072016,0.7093734703866863,,1071.0,773.0
convnextv2_base,tcga-ut,finetuned,2,general,linear,d4_color,mean,0.6195747095222287,0.7111111111111111,,860.0,491.0
convnextv2_base,tcga-ut,finetuned,2,general,linear,d4_color,vote,0.6174917665000689,0.7102055800293686,,754.0,422.0
convnextv2_base,tcga-ut,finetuned,2,general,linear,d4_color,confidence,0.620369290483484,0.7111845325501713,,897.0,525.0
convnextv2_base,tcga-ut,finetuned,3,general,linear,none,mean,0.6033223040652361,0.710009789525208,,,
convnextv2_base,tcga-ut,finetuned,3,general,linear,flips,mean,0.6093668904130287,0.7150513950073422,,793.0,587.0
convnextv2_base,tcga-ut,finetuned,3,general,linear,flips,vote,0.6057773175476985,0.7130934899657366,,746.0,620.0
convnextv2_base,tcga-ut,finetuned,3,general,linear,flips,confidence,0.6094654385527961,0.7147087616250611,,814.0,622.0
convnextv2_base,tcga-ut,finetuned,3,general,linear,d4,mean,0.6099483805646101,0.7162995594713656,,933.0,676.0
convnextv2_base,tcga-ut,finetuned,3,general,linear,d4,vote,0.6085599454124985,0.7167645619187469,,915.0,639.0
convnextv2_base,tcga-ut,finetuned,3,general,linear,d4,confidence,0.6106408382352595,0.7161282427802251,,950.0,700.0
convnextv2_base,tcga-ut,finetuned,3,general,linear,d4_color,mean,0.6100590279557581,0.7159813999021047,,691.0,447.0
convnextv2_base,tcga-ut,finetuned,3,general,linear,d4_color,vote,0.6079466529002232,0.7157366617719041,,610.0,376.0
convnextv2_base,tcga-ut,finetuned,3,general,linear,d4_color,confidence,0.6106947997782833,0.7160058737151248,,730.0,485.0
convnextv2_tiny,tcga-ut,finetuned,0,general,linear,none,mean,0.615559617254168,0.6769701419481156,,,
convnextv2_tiny,tcga-ut,finetuned,0,general,linear,flips,mean,0.6214720774692833,0.6830396475770925,,922.0,674.0
convnextv2_tiny,tcga-ut,finetuned,0,general,linear,flips,logit_mean,0.6215007908774655,0.6831375428291728,,932.0,680.0
convnextv2_tiny,tcga-ut,finetuned,0,general,linear,d4,mean,0.6230989253385558,0.6841899167890357,,1085.0,790.0
convnextv2_tiny,tcga-ut,finetuned,0,general,linear,d4,logit_mean,0.6228821199617651,0.6842143906020558,,1090.0,794.0
convnextv2_tiny,tcga-ut,finetuned,1,general,linear,none,mean,0.6223812488405746,0.7091776798825257,,,
convnextv2_tiny,tcga-ut,finetuned,1,general,linear,flips,mean,0.6265835495274907,0.7126774351443955,,711.0,568.0
convnextv2_tiny,tcga-ut,finetuned,1,general,linear,flips,logit_mean,0.6268910456268001,0.7124326970141948,,706.0,573.0
convnextv2_tiny,tcga-ut,finetuned,1,general,linear,d4,mean,0.6279240960806619,0.7134850709740578,,829.0,653.0
convnextv2_tiny,tcga-ut,finetuned,1,general,linear,d4,logit_mean,0.6283374978792258,0.7133627019089575,,838.0,667.0
convnextv2_tiny,tcga-ut,finetuned,2,general,linear,none,mean,0.6157984327546878,0.693906020558003,,,
convnextv2_tiny,tcga-ut,finetuned,2,general,linear,flips,mean,0.6206312170986912,0.6983357807146353,,821.0,640.0
convnextv2_tiny,tcga-ut,finetuned,2,general,linear,flips,logit_mean,0.6200783288517056,0.6977973568281939,,803.0,644.0
convnextv2_tiny,tcga-ut,finetuned,2,general,linear,d4,mean,0.622131168390161,0.6995105237395987,,969.0,740.0
convnextv2_tiny,tcga-ut,finetuned,2,general,linear,d4,logit_mean,0.6213591162891641,0.6989720998531571,,953.0,746.0
convnextv2_tiny,tcga-ut,finetuned,3,general,linear,none,mean,0.6219466353065994,0.7136319138521782,,,
convnextv2_tiny,tcga-ut,finetuned,3,general,linear,flips,mean,0.6257276274263183,0.7170582476749877,,674.0,534.0
convnextv2_tiny,tcga-ut,finetuned,3,general,linear,flips,logit_mean,0.6251841666551042,0.7165442976015663,,663.0,544.0
convnextv2_tiny,tcga-ut,finetuned,3,general,linear,d4,mean,0.6254363678502701,0.7169848262359275,,754.0,617.0
convnextv2_tiny,tcga-ut,finetuned,3,general,linear,d4,logit_mean,0.625627760702131,0.7162995594713656,,734.0,625.0
convnextv2_tiny,tcga-ut,finetuned,42,general,linear,none,mean,0.6291550107494027,0.7195301027900147,,,
convnextv2_tiny,tcga-ut,finetuned,42,general,linear,flips,mean,0.6326249288407176,0.7229809104258443,,688.0,547.0
convnextv2_tiny,tcga-ut,finetuned,42,general,linear,flips,logit_mean,0.6321908602464009,0.7225403817914832,,679.0,556.0
convnextv2_tiny,tcga-ut,finetuned,42,general,linear,d4,mean,0.6321369441612721,0.723568281938326,,806.0,641.0
convnextv2_tiny,tcga-ut,finetuned,42,general,linear,d4,logit_mean,0.6324354136827918,0.7233480176211454,,812.0,656.0
d4wrn,tcga-ut,finetuned,0,equivariant,linear,none,mean,0.7063874292963084,0.7618942731277533,,,
d4wrn,tcga-ut,finetuned,0,equivariant,linear,flips,mean,0.7069542843827935,0.7629221732745962,,300.0,258.0
d4wrn,tcga-ut,finetuned,0,equivariant,linear,flips,vote,0.7050455704412275,0.7616740088105727,,249.0,258.0
d4wrn,tcga-ut,finetuned,0,equivariant,linear,flips,confidence,0.7067961639119069,0.7628732256485561,,302.0,262.0
d4wrn,tcga-ut,finetuned,0,equivariant,linear,d4,mean,0.7069542843827935,0.7629221732745962,,300.0,258.0
d4wrn,tcga-ut,finetuned,0,equivariant,linear,d4,vote,0.7050751896645624,0.7616984826235927,,250.0,258.0
d4wrn,tcga-ut,finetuned,0,equivariant,linear,d4,confidence,0.7068092238570551,0.7628976994615762,,303.0,262.0
d4wrn,tcga-ut,finetuned,0,equivariant,linear,d4_color,mean,0.7073801055550651,0.7630445423396965,,239.0,192.0
d4wrn,tcga-ut,finetuned,0,equivariant,linear,d4_color,vote,0.7064035517928661,0.7622858541360744,,192.0,176.0
d4wrn,tcga-ut,finetuned,0,equivariant,linear,d4_color,confidence,0.7072571024146626,0.7628732256485561,,240.0,200.0
d4wrn,tcga-ut,finetuned,1,equivariant,linear,none,mean,0.6764698316497285,0.7444199706314244,,,
d4wrn,tcga-ut,finetuned,1,equivariant,linear,flips,mean,0.677165541474514,0.7451541850220265,,302.0,272.0
d4wrn,tcga-ut,finetuned,1,equivariant,linear,flips,vote,0.6763763903826042,0.744273127753304,,264.0,270.0
d4wrn,tcga-ut,finetuned,1,equivariant,linear,flips,confidence,0.6770805954121316,0.7451786588350465,,304.0,273.0
d4wrn,tcga-ut,finetuned,1,equivariant,linear,d4,mean,0.677091915267312,0.7451541850220265,,303.0,273.0
d4wrn,tcga-ut,finetuned,1,equivariant,linear,d4,vote,0.6763464395750642,0.744273127753304,,264.0,270.0
d4wrn,tcga-ut,finetuned,1,equivariant,linear,d4,confidence,0.6770585268739749,0.7451297112090064,,303.0,274.0
d4wrn,tcga-ut,finetuned,1,equivariant,linear,d4_color,mean,0.6773658753412862,0.7456436612824278,,252.0,202.0
d4wrn,tcga-ut,finetuned,1,equivariant,linear,d4_color,vote,0.676946161548662,0.7450073421439061,,217.0,193.0
d4wrn,tcga-ut,finetuned,1,equivariant,linear,d4_color,confidence,0.6775477621253415,0.7456436612824278,,256.0,206.0
d4wrn,tcga-ut,finetuned,3,equivariant,linear,none,mean,0.6977406969693347,0.7638032305433187,,,
d4wrn,tcga-ut,finetuned,3,equivariant,linear,flips,mean,0.6992825357061678,0.7649045521292217,,301.0,256.0
d4wrn,tcga-ut,finetuned,3,equivariant,linear,flips,vote,0.6986483288858857,0.7641703377386196,,283.0,268.0
d4wrn,tcga-ut,finetuned,3,equivariant,linear,flips,confidence,0.6991808444253259,0.7649779735682819,,300.0,252.0
d4wrn,tcga-ut,finetuned,3,equivariant,linear,d4,mean,0.6993040410825119,0.7649290259422418,,302.0,256.0
d4wrn,tcga-ut,finetuned,3,equivariant,linear,d4,vote,0.6987034364127674,0.7642192853646598,,284.0,267.0
d4wrn,tcga-ut,finetuned,3,equivariant,linear,d4,confidence,0.6992535888659164,0.765026921194322,,302.0,252.0
d4wrn,tcga-ut,finetuned,3,equivariant,linear,d4_color,mean,0.6993040410825119,0.7649290259422418,,302.0,256.0
d4wrn,tcga-ut,finetuned,3,equivariant,linear,d4_color,vote,0.6987034364127674,0.7642192853646598,,284.0,267.0
d4wrn,tcga-ut,finetuned,3,equivariant,linear,d4_color,confidence,0.6992535888659164,0.765026921194322,,302.0,252.0
d4wrn,tcga-ut,finetuned,42,equivariant,linear,none,mean,0.6974410470864227,0.7631179637787567,,,
d4wrn,tcga-ut,finetuned,42,equivariant,linear,flips,mean,0.7004259802598192,0.7649779735682819,,310.0,234.0
d4wrn,tcga-ut,finetuned,42,equivariant,linear,flips,vote,0.6978569862279349,0.763558492413118,,270.0,252.0
d4wrn,tcga-ut,finetuned,42,equivariant,linear,flips,confidence,0.7003838533637835,0.7649045521292217,,307.0,234.0
d4wrn,tcga-ut,finetuned,42,equivariant,linear,d4,mean,0.7004576058132663,0.765002447381302,,310.0,233.0
d4wrn,tcga-ut,finetuned,42,equivariant,linear,d4,vote,0.6978728769001102,0.7635829662261381,,270.0,251.0
d4wrn,tcga-ut,finetuned,42,equivariant,linear,d4,confidence,0.7003318242274672,0.7648800783162016,,307.0,235.0
d4wrn,tcga-ut,finetuned,42,equivariant,linear,d4_color,mean,0.6997605194494659,0.7645374449339207,,246.0,188.0
d4wrn,tcga-ut,finetuned,42,equivariant,linear,d4_color,vote,0.6998768178390942,0.7646108663729809,,209.0,148.0
d4wrn,tcga-ut,finetuned,42,equivariant,linear,d4_color,confidence,0.7000809858626476,0.7648066568771414,,256.0,187.0
dinov2_b,tcga-ut,finetuned,0,general,linear,none,mean,0.6387510439864916,0.7326480665687715,,,
dinov2_b,tcga-ut,finetuned,0,general,linear,flips,mean,0.6440313027315709,0.7379344101811062,,801.0,585.0
dinov2_b,tcga-ut,finetuned,0,general,linear,flips,logit_mean,0.644476140922944,0.7379344101811062,,802.0,586.0
dinov2_b,tcga-ut,finetuned,0,general,linear,d4,mean,0.6473390175108115,0.7402838962310327,,950.0,638.0
dinov2_b,tcga-ut,finetuned,0,general,linear,d4,logit_mean,0.6466190293263745,0.7398923152227117,,943.0,647.0
dinov2_b,tcga-ut,finetuned,1,general,linear,none,mean,0.657009782796084,0.7290504160548213,,,
dinov2_b,tcga-ut,finetuned,1,general,linear,flips,mean,0.6647592170439792,0.7363191385217817,,909.0,612.0
dinov2_b,tcga-ut,finetuned,1,general,linear,flips,logit_mean,0.6640459992827152,0.7359520313264807,,908.0,626.0
dinov2_b,tcga-ut,finetuned,1,general,linear,d4,mean,0.6655846615574149,0.737860988742046,,1040.0,680.0
dinov2_b,tcga-ut,finetuned,1,general,linear,d4,logit_mean,0.6646810637033783,0.7368330885952031,,1028.0,710.0
dinov2_b,tcga-ut,finetuned,2,general,linear,none,mean,0.6433495257628354,0.7382770435633872,,,
dinov2_b,tcga-ut,finetuned,2,general,linear,flips,mean,0.6492194086282552,0.7441507586882036,,761.0,521.0
dinov2_b,tcga-ut,finetuned,2,general,linear,flips,logit_mean,0.6489079429058289,0.743930494371023,,762.0,531.0
dinov2_b,tcga-ut,finetuned,2,general,linear,d4,mean,0.6491396524015968,0.7445178658835047,,868.0,613.0
dinov2_b,tcga-ut,finetuned,2,general,linear,d4,logit_mean,0.6491069234160229,0.7441997063142438,,854.0,612.0
dinov2_b,tcga-ut,finetuned,3,general,linear,none,mean,0.6477483571795407,0.7412383749388155,,,
dinov2_b,tcga-ut,finetuned,3,general,linear,flips,mean,0.6550082390464169,0.7479441997063142,,864.0,590.0
dinov2_b,tcga-ut,finetuned,3,general,linear,flips,logit_mean,0.6547069411717642,0.7477728830151738,,872.0,605.0
dinov2_b,tcga-ut,finetuned,3,general,linear,d4,mean,0.6568463001525237,0.7491189427312775,,971.0,649.0
dinov2_b,tcga-ut,finetuned,3,general,linear,d4,logit_mean,0.6564294421666144,0.7486049926578561,,961.0,660.0
dinov2_b,tcga-ut,finetuned,42,general,linear,none,mean,0.6433568032274953,0.731448849730788,,,
dinov2_b,tcga-ut,finetuned,42,general,linear,flips,mean,0.6484250220569419,0.7363925599608419,,799.0,597.0
dinov2_b,tcga-ut,finetuned,42,general,linear,flips,logit_mean,0.6487276927953886,0.7365638766519824,,811.0,602.0
dinov2_b,tcga-ut,finetuned,42,general,linear,d4,mean,0.6501548069339792,0.737151248164464,,905.0,672.0
dinov2_b,tcga-ut,finetuned,42,general,linear,d4,logit_mean,0.6500475087775786,0.7368086147821831,,898.0,679.0
dinov2_s,tcga-ut,finetuned,0,general,linear,none,mean,0.6256953309485125,0.7108174253548702,,,
dinov2_s,tcga-ut,finetuned,0,general,linear,flips,mean,0.6332628854654391,0.7167400881057269,,870.0,628.0
dinov2_s,tcga-ut,finetuned,0,general,linear,flips,logit_mean,0.6328603670309763,0.7168135095447871,,867.0,622.0
dinov2_s,tcga-ut,finetuned,0,general,linear,d4,mean,0.6338198245588897,0.7182574645129711,,980.0,676.0
dinov2_s,tcga-ut,finetuned,0,general,linear,d4,logit_mean,0.6332478303863763,0.7178414096916299,,975.0,688.0
dinov2_s,tcga-ut,finetuned,1,general,linear,none,mean,0.6274456513123332,0.718918257464513,,,
dinov2_s,tcga-ut,finetuned,1,general,linear,flips,mean,0.634939103870961,0.725379344101811,,880.0,616.0
dinov2_s,tcga-ut,finetuned,1,general,linear,flips,logit_mean,0.6338784334794627,0.72498776309349,,873.0,625.0
dinov2_s,tcga-ut,finetuned,1,general,linear,d4,mean,0.6347827468582105,0.7258688203622125,,967.0,683.0
dinov2_s,tcga-ut,finetuned,1,general,linear,d4,logit_mean,0.634515272348527,0.7254772393538913,,966.0,698.0
dinov2_s,tcga-ut,finetuned,2,general,linear,none,mean,0.6136770359169278,0.7030102790014684,,,
dinov2_s,tcga-ut,finetuned,2,general,linear,flips,mean,0.6176547993485736,0.706779246206559,,821.0,667.0
dinov2_s,tcga-ut,finetuned,2,general,linear,flips,logit_mean,0.6167435049545636,0.7061184532550171,,810.0,683.0
dinov2_s,tcga-ut,finetuned,2,general,linear,d4,mean,0.6189193007042724,0.7085413607440039,,956.0,730.0
dinov2_s,tcga-ut,finetuned,2,general,linear,d4,logit_mean,0.6185861366502418,0.7084434654919236,,955.0,733.0
dinov2_s,tcga-ut,finetuned,3,general,linear,none,mean,0.630889702133718,0.719995105237396,,,
dinov2_s,tcga-ut,finetuned,3,general,linear,flips,mean,0.6392700422496257,0.7258688203622125,,804.0,564.0
dinov2_s,tcga-ut,finetuned,3,general,linear,flips,logit_mean,0.639139166470198,0.7258443465491924,,803.0,564.0
dinov2_s,tcga-ut,finetuned,3,general,linear,d4,mean,0.6411155827779398,0.7275330396475771,,940.0,632.0
dinov2_s,tcga-ut,finetuned,3,general,linear,d4,logit_mean,0.6409284584988436,0.7276309348996574,,940.0,628.0
dinov2_s,tcga-ut,finetuned,42,general,linear,none,mean,0.6360637084357182,0.7124571708272148,,,
dinov2_s,tcga-ut,finetuned,42,general,linear,flips,mean,0.642980677597791,0.7194077337249143,,875.0,591.0
dinov2_s,tcga-ut,finetuned,42,general,linear,flips,logit_mean,0.6427987945256377,0.7195056289769947,,873.0,585.0
dinov2_s,tcga-ut,finetuned,42,general,linear,d4,mean,0.642523362360359,0.7190406265296133,,967.0,698.0
dinov2_s,tcga-ut,finetuned,42,general,linear,d4,logit_mean,0.6429935796179167,0.7190895741556534,,971.0,700.0
resnet18,tcga-ut,finetuned,0,general,linear,none,mean,0.5966895178995738,0.6669114047968674,,,
resnet18,tcga-ut,finetuned,0,general,linear,flips,mean,0.6076352610147273,0.6773861967694567,,1247.0,819.0
resnet18,tcga-ut,finetuned,0,general,linear,flips,logit_mean,0.6077374866113396,0.6775575134605971,,1253.0,818.0
resnet18,tcga-ut,finetuned,0,general,linear,d4,mean,0.6098674737451227,0.6801762114537445,,1444.0,902.0
resnet18,tcga-ut,finetuned,0,general,linear,d4,logit_mean,0.6096700287138894,0.6797601566324033,,1433.0,908.0
resnet18,tcga-ut,finetuned,1,general,linear,none,mean,0.5894659261361602,0.6835291238374939,,,
resnet18,tcga-ut,finetuned,1,general,linear,flips,mean,0.595527550980049,0.6929515418502202,,1136.0,751.0
resnet18,tcga-ut,finetuned,1,general,linear,flips,vote,0.5937335659951217,0.6891091532060695,,1016.0,788.0
resnet18,tcga-ut,finetuned,1,general,linear,flips,confidence,0.5955236558872657,0.6930983847283406,,1159.0,768.0
resnet18,tcga-ut,finetuned,1,general,linear,d4,mean,0.5970259939773109,0.6940773372491434,,1256.0,825.0
resnet18,tcga-ut,finetuned,1,general,linear,d4,vote,0.5940901465780607,0.692143906020558,,1181.0,829.0
resnet18,tcga-ut,finetuned,1,general,linear,d4,confidence,0.5964104147563499,0.6939794419970632,,1259.0,832.0
resnet18,tcga-ut,finetuned,1,general,linear,d4_color,mean,0.5970259939773109,0.6940773372491434,,1256.0,825.0
resnet18,tcga-ut,finetuned,1,general,linear,d4_color,vote,0.5940901465780607,0.692143906020558,,1181.0,829.0
resnet18,tcga-ut,finetuned,1,general,linear,d4_color,confidence,0.5964104147563499,0.6939794419970632,,1259.0,832.0
resnet18,tcga-ut,finetuned,2,general,linear,none,mean,0.6004492970294495,0.68928046989721,,,
resnet18,tcga-ut,finetuned,2,general,linear,flips,mean,0.6092899010778893,0.6976015663240333,,1111.0,771.0
resnet18,tcga-ut,finetuned,2,general,linear,flips,vote,0.6053654697598236,0.694273127753304,,1000.0,796.0
resnet18,tcga-ut,finetuned,2,general,linear,flips,confidence,0.6088999356949232,0.6977239353891336,,1137.0,792.0
resnet18,tcga-ut,finetuned,2,general,linear,d4,mean,0.610119128943287,0.6990210474791972,,1215.0,817.0
resnet18,tcga-ut,finetuned,2,general,linear,d4,vote,0.608376573159718,0.6975281448849731,,1167.0,830.0
resnet18,tcga-ut,finetuned,2,general,linear,d4,confidence,0.6097543230115721,0.6990455212922173,,1237.0,838.0
resnet18,tcga-ut,finetuned,2,general,linear,d4_color,mean,0.610119128943287,0.6990210474791972,,1215.0,817.0
resnet18,tcga-ut,finetuned,2,general,linear,d4_color,vote,0.608376573159718,0.6975281448849731,,1167.0,830.0
resnet18,tcga-ut,finetuned,2,general,linear,d4_color,confidence,0.6097543230115721,0.6990455212922173,,1237.0,838.0
resnet50,tcga-ut,finetuned,0,general,linear,none,mean,0.6065474230829994,0.6944444444444444,,,
resnet50,tcga-ut,finetuned,0,general,linear,flips,mean,0.618059799398205,0.7048213411649535,,1171.0,747.0
resnet50,tcga-ut,finetuned,0,general,linear,flips,logit_mean,0.6181933552831052,0.7049437102300539,,1185.0,756.0
resnet50,tcga-ut,finetuned,0,general,linear,d4,mean,0.6195771406216987,0.7065589818893784,,1324.0,829.0
resnet50,tcga-ut,finetuned,0,general,linear,d4,logit_mean,0.6192475433668807,0.7062897699461577,,1318.0,834.0
resnet50,tcga-ut,finetuned,1,general,linear,none,mean,0.6203174640982232,0.701762114537445,,,
resnet50,tcga-ut,finetuned,1,general,linear,flips,mean,0.6307907780284908,0.7109153206069506,,1194.0,820.0
resnet50,tcga-ut,finetuned,1,general,linear,flips,vote,0.6272736069101705,0.7093979441997064,,1097.0,785.0
resnet50,tcga-ut,finetuned,1,general,linear,flips,confidence,0.6299967266883171,0.71071953010279,,1207.0,841.0
resnet50,tcga-ut,finetuned,1,general,linear,d4,mean,0.6318718258108235,0.7132892804698973,,1322.0,851.0
resnet50,tcga-ut,finetuned,1,general,linear,d4,vote,0.631436157871851,0.7131669114047968,,1301.0,835.0
resnet50,tcga-ut,finetuned,1,general,linear,d4,confidence,0.6313916973416569,0.7127508565834557,,1324.0,875.0
resnet50,tcga-ut,finetuned,1,general,linear,d4_color,mean,0.6318718258108235,0.7132892804698973,,1322.0,851.0
resnet50,tcga-ut,finetuned,1,general,linear,d4_color,vote,0.631436157871851,0.7131669114047968,,1301.0,835.0
resnet50,tcga-ut,finetuned,1,general,linear,d4_color,confidence,0.6313916973416569,0.7127508565834557,,1324.0,875.0
resnet50,tcga-ut,finetuned,2,general,linear,none,mean,0.6036127409907879,0.6990699951052374,,,
resnet50,tcga-ut,finetuned,2,general,linear,flips,mean,0.6116905884509106,0.708932941752325,,1117.0,714.0
resnet50,tcga-ut,finetuned,2,general,linear,flips,vote,0.6097265941747667,0.707831620166422,,1056.0,698.0
resnet50,tcga-ut,finetuned,2,general,linear,flips,confidence,0.6115194193742008,0.7088105726872247,,1136.0,738.0
resnet50,tcga-ut,finetuned,2,general,linear,d4,mean,0.6123242469707578,0.7106461086637298,,1246.0,773.0
resnet50,tcga-ut,finetuned,2,general,linear,d4,vote,0.6118425306137618,0.7105726872246696,,1218.0,748.0
resnet50,tcga-ut,finetuned,2,general,linear,d4,confidence,0.6127772819857707,0.7103768967205091,,1252.0,790.0
resnet50,tcga-ut,finetuned,2,general,linear,d4_color,mean,0.6123242469707578,0.7106461086637298,,1246.0,773.0
resnet50,tcga-ut,finetuned,2,general,linear,d4_color,vote,0.6118425306137618,0.7105726872246696,,1218.0,748.0
resnet50,tcga-ut,finetuned,2,general,linear,d4_color,confidence,0.6127772819857707,0.7103768967205091,,1252.0,790.0
resnet50,tcga-ut,finetuned,3,general,linear,none,mean,0.6169084344838711,0.6995839451786589,,,
resnet50,tcga-ut,finetuned,3,general,linear,flips,mean,0.6249905894597201,0.707831620166422,,1088.0,751.0
resnet50,tcga-ut,finetuned,3,general,linear,flips,vote,0.621717045920238,0.70712187958884,,1045.0,737.0
resnet50,tcga-ut,finetuned,3,general,linear,flips,confidence,0.6250805944825167,0.7077337249143416,,1103.0,770.0
resnet50,tcga-ut,finetuned,3,general,linear,d4,mean,0.6266046032261949,0.7092755751346059,,1209.0,813.0
resnet50,tcga-ut,finetuned,3,general,linear,d4,vote,0.6238405672963088,0.7086392559960842,,1159.0,789.0
resnet50,tcga-ut,finetuned,3,general,linear,d4,confidence,0.6279431163343261,0.709300048947626,,1217.0,820.0
resnet50,tcga-ut,finetuned,3,general,linear,d4_color,mean,0.6266046032261949,0.7092755751346059,,1209.0,813.0
resnet50,tcga-ut,finetuned,3,general,linear,d4_color,vote,0.6238405672963088,0.7086392559960842,,1159.0,789.0
resnet50,tcga-ut,finetuned,3,general,linear,d4_color,confidence,0.6279431163343261,0.709300048947626,,1217.0,820.0
resnet50,tcga-ut,finetuned,42,general,linear,none,mean,0.6076847935386531,0.7080274106705825,,,
resnet50,tcga-ut,finetuned,42,general,linear,flips,mean,0.6159832428061807,0.7162995594713656,,1062.0,724.0
resnet50,tcga-ut,finetuned,42,general,linear,flips,vote,0.6108347030250896,0.7136808614782183,,961.0,730.0
resnet50,tcga-ut,finetuned,42,general,linear,flips,confidence,0.6159987130054986,0.7162750856583455,,1088.0,751.0
resnet50,tcga-ut,finetuned,42,general,linear,d4,mean,0.6175215812132652,0.7187714145863926,,1191.0,752.0
resnet50,tcga-ut,finetuned,42,general,linear,d4,vote,0.6165004059528466,0.7180127263827705,,1159.0,751.0
resnet50,tcga-ut,finetuned,42,general,linear,d4,confidence,0.6182987403124534,0.7192608908467939,,1218.0,759.0
resnet50,tcga-ut,finetuned,42,general,linear,d4_color,mean,0.6175215812132652,0.7187714145863926,,1191.0,752.0
resnet50,tcga-ut,finetuned,42,general,linear,d4_color,vote,0.6165004059528466,0.7180127263827705,,1159.0,751.0
resnet50,tcga-ut,finetuned,42,general,linear,d4_color,confidence,0.6182987403124534,0.7192608908467939,,1218.0,759.0
