model,dataset,head_type,seed,threshold,coverage_pct,baseline_balanced_acc,d4_balanced_acc,selective_balanced_acc,delta_vs_baseline,pct_of_full_benefit
convnextv2_base,mhist,linear,0,0.0,100.0,0.781469,0.795707,0.795707,0.014238,100.0
convnextv2_base,mhist,linear,0,0.05,95.7,0.781469,0.795707,0.795707,0.014238,100.0
convnextv2_base,mhist,linear,0,0.1,90.17,0.781469,0.795707,0.795707,0.014238,100.0
convnextv2_base,mhist,linear,0,0.15,84.24,0.781469,0.795707,0.795707,0.014238,100.0
convnextv2_base,mhist,linear,0,0.2,79.94,0.781469,0.795707,0.795707,0.014238,100.0
convnextv2_base,mhist,linear,0,0.25,74.92,0.781469,0.795707,0.795707,0.014238,100.0
convnextv2_base,mhist,linear,0,0.3,72.06,0.781469,0.795707,0.795707,0.014238,100.0
convnextv2_base,mhist,linear,0,0.35,68.17,0.781469,0.795707,0.795707,0.014238,100.0
convnextv2_base,mhist,linear,0,0.4,64.79,0.781469,0.795707,0.795707,0.014238,100.0
convnextv2_base,mhist,linear,0,0.45,62.03,0.781469,0.795707,0.795707,0.014238,100.0
convnextv2_base,mhist,linear,0,0.5,59.26,0.781469,0.795707,0.795707,0.014238,100.0
convnextv2_base,mhist,linear,0,0.55,55.89,0.781469,0.795707,0.795707,0.014238,100.0
convnextv2_base,mhist,linear,0,0.6,51.48,0.781469,0.795707,0.795707,0.014238,100.0
convnextv2_base,mhist,linear,0,0.65,47.39,0.781469,0.795707,0.795707,0.014238,100.0
convnextv2_base,mhist,linear,0,0.7,44.52,0.781469,0.795707,0.794318,0.012849,90.25
convnextv2_base,mhist,linear,0,0.75,40.12,0.781469,0.795707,0.794318,0.012849,90.25
convnextv2_base,mhist,linear,0,0.8,35.11,0.781469,0.795707,0.793508,0.012039,84.55
convnextv2_base,mhist,linear,0,0.85,29.99,0.781469,0.795707,0.794897,0.013427,94.31
convnextv2_base,mhist,linear,0,0.9,23.85,0.781469,0.795707,0.792466,0.010996,77.23
convnextv2_base,mhist,linear,0,0.95,16.89,0.781469,0.795707,0.785289,0.00382,26.83
convnextv2_base,mhist,linear,0,1.0,0.0,0.781469,0.795707,0.781469,0.0,0.0
convnextv2_base,mhist,linear,1,0.0,100.0,0.799757,0.801841,0.801841,0.002084,100.0
convnextv2_base,mhist,linear,1,0.05,97.34,0.799757,0.801841,0.801841,0.002084,100.0
convnextv2_base,mhist,linear,1,0.1,92.43,0.799757,0.801841,0.801841,0.002084,100.0
convnextv2_base,mhist,linear,1,0.15,88.13,0.799757,0.801841,0.801841,0.002084,100.0
convnextv2_base,mhist,linear,1,0.2,82.7,0.799757,0.801841,0.801841,0.002084,100.0
convnextv2_base,mhist,linear,1,0.25,78.1,0.799757,0.801841,0.801841,0.002084,100.0
convnextv2_base,mhist,linear,1,0.3,74.51,0.799757,0.801841,0.801841,0.002084,100.0
convnextv2_base,mhist,linear,1,0.35,71.03,0.799757,0.801841,0.801841,0.002084,100.0
convnextv2_base,mhist,linear,1,0.4,68.17,0.799757,0.801841,0.801841,0.002084,100.0
convnextv2_base,mhist,linear,1,0.45,64.48,0.799757,0.801841,0.801841,0.002084,100.0
convnextv2_base,mhist,linear,1,0.5,60.9,0.799757,0.801841,0.801841,0.002084,100.0
convnextv2_base,mhist,linear,1,0.55,56.81,0.799757,0.801841,0.801841,0.002084,100.0
convnextv2_base,mhist,linear,1,0.6,53.74,0.799757,0.801841,0.801841,0.002084,100.0
convnextv2_base,mhist,linear,1,0.65,51.07,0.799757,0.801841,0.801841,0.002084,100.0
convnextv2_base,mhist,linear,1,0.7,46.26,0.799757,0.801841,0.801841,0.002084,100.0
convnextv2_base,mhist,linear,1,0.75,41.04,0.799757,0.801841,0.801841,0.002084,100.0
convnextv2_base,mhist,linear,1,0.8,36.44,0.799757,0.801841,0.800452,0.000696,33.37
convnextv2_base,mhist,linear,1,0.85,30.71,0.799757,0.801841,0.801031,0.001274,61.12
convnextv2_base,mhist,linear,1,0.9,26.92,0.799757,0.801841,0.800221,0.000464,22.25
convnextv2_base,mhist,linear,1,0.95,18.53,0.799757,0.801841,0.7986,-0.001157,-55.51
convnextv2_base,mhist,linear,1,1.0,0.0,0.799757,0.801841,0.799757,0.0,0.0
convnextv2_base,mhist,linear,2,0.0,100.0,0.760753,0.7802,0.7802,0.019447,100.0
convnextv2_base,mhist,linear,2,0.05,95.8,0.760753,0.7802,0.7802,0.019447,100.0
convnextv2_base,mhist,linear,2,0.1,90.17,0.760753,0.7802,0.7802,0.019447,100.0
convnextv2_base,mhist,linear,2,0.15,84.65,0.760753,0.7802,0.7802,0.019447,100.0
convnextv2_base,mhist,linear,2,0.2,80.25,0.760753,0.7802,0.7802,0.019447,100.0
convnextv2_base,mhist,linear,2,0.25,76.05,0.760753,0.7802,0.7802,0.019447,100.0
convnextv2_base,mhist,linear,2,0.3,72.06,0.760753,0.7802,0.7802,0.019447,100.0
convnextv2_base,mhist,linear,2,0.35,68.27,0.760753,0.7802,0.7802,0.019447,100.0
convnextv2_base,mhist,linear,2,0.4,65.4,0.760753,0.7802,0.7802,0.019447,100.0
convnextv2_base,mhist,linear,2,0.45,62.23,0.760753,0.7802,0.7802,0.019447,100.0
convnextv2_base,mhist,linear,2,0.5,57.52,0.760753,0.7802,0.7802,0.019447,100.0
convnextv2_base,mhist,linear,2,0.55,55.17,0.760753,0.7802,0.7802,0.019447,100.0
convnextv2_base,mhist,linear,2,0.6,50.67,0.760753,0.7802,0.7802,0.019447,100.0
convnextv2_base,mhist,linear,2,0.65,47.39,0.760753,0.7802,0.7802,0.019447,100.0
convnextv2_base,mhist,linear,2,0.7,44.11,0.760753,0.7802,0.7802,0.019447,100.0
convnextv2_base,mhist,linear,2,0.75,40.43,0.760753,0.7802,0.7802,0.019447,100.0
convnextv2_base,mhist,linear,2,0.8,36.34,0.760753,0.7802,0.7802,0.019447,100.0
convnextv2_base,mhist,linear,2,0.85,31.01,0.760753,0.7802,0.783788,0.023035,118.45
convnextv2_base,mhist,linear,2,0.9,24.36,0.760753,0.7802,0.781935,0.021182,108.92
convnextv2_base,mhist,linear,2,0.95,17.2,0.760753,0.7802,0.776727,0.015973,82.14
convnextv2_base,mhist,linear,2,1.0,0.1,0.760753,0.7802,0.760753,0.0,0.0
convnextv2_base,mhist,linear,3,0.0,100.0,0.770129,0.779621,0.779621,0.009493,100.0
convnextv2_base,mhist,linear,3,0.05,96.72,0.770129,0.779621,0.779621,0.009493,100.0
convnextv2_base,mhist,linear,3,0.1,91.81,0.770129,0.779621,0.779621,0.009493,100.0
convnextv2_base,mhist,linear,3,0.15,86.28,0.770129,0.779621,0.779621,0.009493,100.0
convnextv2_base,mhist,linear,3,0.2,81.88,0.770129,0.779621,0.779621,0.009493,100.0
convnextv2_base,mhist,linear,3,0.25,77.89,0.770129,0.779621,0.779621,0.009493,100.0
convnextv2_base,mhist,linear,3,0.3,74.0,0.770129,0.779621,0.779621,0.009493,100.0
convnextv2_base,mhist,linear,3,0.35,70.52,0.770129,0.779621,0.779621,0.009493,100.0
convnextv2_base,mhist,linear,3,0.4,67.86,0.770129,0.779621,0.779621,0.009493,100.0
convnextv2_base,mhist,linear,3,0.45,63.77,0.770129,0.779621,0.779621,0.009493,100.0
convnextv2_base,mhist,linear,3,0.5,60.29,0.770129,0.779621,0.779621,0.009493,100.0
convnextv2_base,mhist,linear,3,0.55,56.5,0.770129,0.779621,0.779621,0.009493,100.0
convnextv2_base,mhist,linear,3,0.6,52.81,0.770129,0.779621,0.779621,0.009493,100.0
convnextv2_base,mhist,linear,3,0.65,49.64,0.770129,0.779621,0.779621,0.009493,100.0
convnextv2_base,mhist,linear,3,0.7,45.85,0.770129,0.779621,0.779621,0.009493,100.0
convnextv2_base,mhist,linear,3,0.75,41.15,0.770129,0.779621,0.779621,0.009493,100.0
convnextv2_base,mhist,linear,3,0.8,36.44,0.770129,0.779621,0.779621,0.009493,100.0
convnextv2_base,mhist,linear,3,0.85,31.63,0.770129,0.779621,0.777422,0.007293,76.83
convnextv2_base,mhist,linear,3,0.9,25.59,0.770129,0.779621,0.782978,0.012849,135.36
convnextv2_base,mhist,linear,3,0.95,19.34,0.770129,0.779621,0.77939,0.009261,97.56
convnextv2_base,mhist,linear,3,1.0,0.0,0.770129,0.779621,0.770129,0.0,0.0
convnextv2_base,mhist,linear,42,0.0,100.0,0.780081,0.781587,0.781587,0.001506,100.0
convnextv2_base,mhist,linear,42,0.05,97.03,0.780081,0.781587,0.781587,0.001506,100.0
convnextv2_base,mhist,linear,42,0.1,92.02,0.780081,0.781587,0.781587,0.001506,100.0
convnextv2_base,mhist,linear,42,0.15,87.51,0.780081,0.781587,0.781587,0.001506,100.0
convnextv2_base,mhist,linear,42,0.2,82.8,0.780081,0.781587,0.781587,0.001506,100.0
convnextv2_base,mhist,linear,42,0.25,78.71,0.780081,0.781587,0.781587,0.001506,100.0
convnextv2_base,mhist,linear,42,0.3,75.54,0.780081,0.781587,0.781587,0.001506,100.0
convnextv2_base,mhist,linear,42,0.35,70.93,0.780081,0.781587,0.781587,0.001506,100.0
convnextv2_base,mhist,linear,42,0.4,67.66,0.780081,0.781587,0.781587,0.001506,100.0
convnextv2_base,mhist,linear,42,0.45,64.18,0.780081,0.781587,0.781587,0.001506,100.0
convnextv2_base,mhist,linear,42,0.5,60.39,0.780081,0.781587,0.781587,0.001506,100.0
convnextv2_base,mhist,linear,42,0.55,57.52,0.780081,0.781587,0.781587,0.001506,100.0
convnextv2_base,mhist,linear,42,0.6,53.53,0.780081,0.781587,0.781587,0.001506,100.0
convnextv2_base,mhist,linear,42,0.65,48.93,0.780081,0.781587,0.781587,0.001506,100.0
convnextv2_base,mhist,linear,42,0.7,45.65,0.780081,0.781587,0.781587,0.001506,100.0
convnextv2_base,mhist,linear,42,0.75,42.27,0.780081,0.781587,0.780198,0.000117,7.77
convnextv2_base,mhist,linear,42,0.8,37.15,0.780081,0.781587,0.780198,0.000117,7.77
convnextv2_base,mhist,linear,42,0.85,32.45,0.780081,0.781587,0.780198,0.000117,7.77
convnextv2_base,mhist,linear,42,0.9,25.9,0.780081,0.781587,0.778809,-0.001272,-84.45
convnextv2_base,mhist,linear,42,0.95,16.89,0.780081,0.781587,0.778809,-0.001272,-84.45
convnextv2_base,mhist,linear,42,1.0,0.0,0.780081,0.781587,0.780081,0.0,0.0
convnextv2_tiny,mhist,linear,0,0.0,100.0,0.763529,0.790613,0.790613,0.027084,100.0
convnextv2_tiny,mhist,linear,0,0.05,98.36,0.763529,0.790613,0.790613,0.027084,100.0
convnextv2_tiny,mhist,linear,0,0.1,94.17,0.763529,0.790613,0.790613,0.027084,100.0
convnextv2_tiny,mhist,linear,0,0.15,89.87,0.763529,0.790613,0.790613,0.027084,100.0
convnextv2_tiny,mhist,linear,0,0.2,84.85,0.763529,0.790613,0.790613,0.027084,100.0
convnextv2_tiny,mhist,linear,0,0.25,81.58,0.763529,0.790613,0.790613,0.027084,100.0
convnextv2_tiny,mhist,linear,0,0.3,77.89,0.763529,0.790613,0.790613,0.027084,100.0
convnextv2_tiny,mhist,linear,0,0.35,73.9,0.763529,0.790613,0.790613,0.027084,100.0
convnextv2_tiny,mhist,linear,0,0.4,70.11,0.763529,0.790613,0.790613,0.027084,100.0
convnextv2_tiny,mhist,linear,0,0.45,67.04,0.763529,0.790613,0.790613,0.027084,100.0
convnextv2_tiny,mhist,linear,0,0.5,63.36,0.763529,0.790613,0.790613,0.027084,100.0
convnextv2_tiny,mhist,linear,0,0.55,58.34,0.763529,0.790613,0.790613,0.027084,100.0
convnextv2_tiny,mhist,linear,0,0.6,53.74,0.763529,0.790613,0.790613,0.027084,100.0
convnextv2_tiny,mhist,linear,0,0.65,48.82,0.763529,0.790613,0.792002,0.028473,105.13
convnextv2_tiny,mhist,linear,0,0.7,44.83,0.763529,0.790613,0.791192,0.027663,102.14
convnextv2_tiny,mhist,linear,0,0.75,41.76,0.763529,0.790613,0.791192,0.027663,102.14
convnextv2_tiny,mhist,linear,0,0.8,37.46,0.763529,0.790613,0.789803,0.026274,97.01
convnextv2_tiny,mhist,linear,0,0.85,31.93,0.763529,0.790613,0.784247,0.020719,76.5
convnextv2_tiny,mhist,linear,0,0.9,25.28,0.763529,0.790613,0.782858,0.01933,71.37
convnextv2_tiny,mhist,linear,0,0.95,18.73,0.763529,0.790613,0.779849,0.01632,60.26
convnextv2_tiny,mhist,linear,0,1.0,0.1,0.763529,0.790613,0.76214,-0.001389,-5.13
convnextv2_tiny,mhist,linear,1,0.0,100.0,0.763414,0.782282,0.782282,0.018868,100.0
convnextv2_tiny,mhist,linear,1,0.05,97.95,0.763414,0.782282,0.782282,0.018868,100.0
convnextv2_tiny,mhist,linear,1,0.1,94.06,0.763414,0.782282,0.782282,0.018868,100.0
convnextv2_tiny,mhist,linear,1,0.15,89.97,0.763414,0.782282,0.782282,0.018868,100.0
convnextv2_tiny,mhist,linear,1,0.2,84.65,0.763414,0.782282,0.782282,0.018868,100.0
convnextv2_tiny,mhist,linear,1,0.25,79.63,0.763414,0.782282,0.782282,0.018868,100.0
convnextv2_tiny,mhist,linear,1,0.3,75.64,0.763414,0.782282,0.782282,0.018868,100.0
convnextv2_tiny,mhist,linear,1,0.35,72.36,0.763414,0.782282,0.782282,0.018868,100.0
convnextv2_tiny,mhist,linear,1,0.4,68.68,0.763414,0.782282,0.782282,0.018868,100.0
convnextv2_tiny,mhist,linear,1,0.45,65.1,0.763414,0.782282,0.782282,0.018868,100.0
convnextv2_tiny,mhist,linear,1,0.5,60.59,0.763414,0.782282,0.782282,0.018868,100.0
convnextv2_tiny,mhist,linear,1,0.55,56.81,0.763414,0.782282,0.782282,0.018868,100.0
convnextv2_tiny,mhist,linear,1,0.6,51.79,0.763414,0.782282,0.782282,0.018868,100.0
convnextv2_tiny,mhist,linear,1,0.65,48.62,0.763414,0.782282,0.782282,0.018868,100.0
convnextv2_tiny,mhist,linear,1,0.7,44.01,0.763414,0.782282,0.783092,0.019679,104.29
convnextv2_tiny,mhist,linear,1,0.75,39.2,0.763414,0.782282,0.784481,0.021067,111.66
convnextv2_tiny,mhist,linear,1,0.8,35.41,0.763414,0.782282,0.783092,0.019679,104.29
convnextv2_tiny,mhist,linear,1,0.85,29.89,0.763414,0.782282,0.781704,0.01829,96.93
convnextv2_tiny,mhist,linear,1,0.9,23.34,0.763414,0.782282,0.780083,0.016669,88.34
convnextv2_tiny,mhist,linear,1,0.95,17.91,0.763414,0.782282,0.778694,0.01528,80.98
convnextv2_tiny,mhist,linear,1,1.0,0.0,0.763414,0.782282,0.763414,0.0,0.0
convnextv2_tiny,mhist,linear,2,0.0,100.0,0.753228,0.783901,0.783901,0.030673,100.0
convnextv2_tiny,mhist,linear,2,0.05,97.65,0.753228,0.783901,0.783901,0.030673,100.0
convnextv2_tiny,mhist,linear,2,0.1,92.73,0.753228,0.783901,0.783901,0.030673,100.0
convnextv2_tiny,mhist,linear,2,0.15,88.54,0.753228,0.783901,0.783901,0.030673,100.0
convnextv2_tiny,mhist,linear,2,0.2,83.21,0.753228,0.783901,0.783901,0.030673,100.0
convnextv2_tiny,mhist,linear,2,0.25,79.22,0.753228,0.783901,0.783901,0.030673,100.0
convnextv2_tiny,mhist,linear,2,0.3,75.33,0.753228,0.783901,0.783901,0.030673,100.0
convnextv2_tiny,mhist,linear,2,0.35,70.11,0.753228,0.783901,0.783901,0.030673,100.0
convnextv2_tiny,mhist,linear,2,0.4,66.63,0.753228,0.783901,0.783901,0.030673,100.0
convnextv2_tiny,mhist,linear,2,0.45,63.15,0.753228,0.783901,0.783901,0.030673,100.0
convnextv2_tiny,mhist,linear,2,0.5,60.59,0.753228,0.783901,0.783901,0.030673,100.0
convnextv2_tiny,mhist,linear,2,0.55,56.19,0.753228,0.783901,0.783901,0.030673,100.0
convnextv2_tiny,mhist,linear,2,0.6,52.41,0.753228,0.783901,0.783901,0.030673,100.0
convnextv2_tiny,mhist,linear,2,0.65,47.9,0.753228,0.783901,0.783901,0.030673,100.0
convnextv2_tiny,mhist,linear,2,0.7,43.91,0.753228,0.783901,0.783901,0.030673,100.0
convnextv2_tiny,mhist,linear,2,0.75,38.79,0.753228,0.783901,0.783901,0.030673,100.0
convnextv2_tiny,mhist,linear,2,0.8,34.19,0.753228,0.783901,0.783901,0.030673,100.0
convnextv2_tiny,mhist,linear,2,0.85,28.76,0.753228,0.783901,0.781701,0.028473,92.83
convnextv2_tiny,mhist,linear,2,0.9,25.08,0.753228,0.783901,0.7861,0.032872,107.17
convnextv2_tiny,mhist,linear,2,0.95,19.34,0.753228,0.783901,0.783901,0.030673,100.0
convnextv2_tiny,mhist,linear,2,1.0,0.0,0.753228,0.783901,0.753228,0.0,0.0
convnextv2_tiny,mhist,linear,3,0.0,100.0,0.764456,0.780893,0.780893,0.016437,100.0
convnextv2_tiny,mhist,linear,3,0.05,96.83,0.764456,0.780893,0.780893,0.016437,100.0
convnextv2_tiny,mhist,linear,3,0.1,92.02,0.764456,0.780893,0.780893,0.016437,100.0
convnextv2_tiny,mhist,linear,3,0.15,86.59,0.764456,0.780893,0.780893,0.016437,100.0
convnextv2_tiny,mhist,linear,3,0.2,81.58,0.764456,0.780893,0.780893,0.016437,100.0
convnextv2_tiny,mhist,linear,3,0.25,77.28,0.764456,0.780893,0.780893,0.016437,100.0
convnextv2_tiny,mhist,linear,3,0.3,73.39,0.764456,0.780893,0.780893,0.016437,100.0
convnextv2_tiny,mhist,linear,3,0.35,70.21,0.764456,0.780893,0.780893,0.016437,100.0
convnextv2_tiny,mhist,linear,3,0.4,67.14,0.764456,0.780893,0.780893,0.016437,100.0
convnextv2_tiny,mhist,linear,3,0.45,63.46,0.764456,0.780893,0.780893,0.016437,100.0
convnextv2_tiny,mhist,linear,3,0.5,60.08,0.764456,0.780893,0.780893,0.016437,100.0
convnextv2_tiny,mhist,linear,3,0.55,54.66,0.764456,0.780893,0.780893,0.016437,100.0
convnextv2_tiny,mhist,linear,3,0.6,49.64,0.764456,0.780893,0.780893,0.016437,100.0
convnextv2_tiny,mhist,linear,3,0.65,46.26,0.764456,0.780893,0.780893,0.016437,100.0
convnextv2_tiny,mhist,linear,3,0.7,42.78,0.764456,0.780893,0.782282,0.017826,108.45
convnextv2_tiny,mhist,linear,3,0.75,37.97,0.764456,0.780893,0.781472,0.017016,103.52
convnextv2_tiny,mhist,linear,3,0.8,34.6,0.764456,0.780893,0.783092,0.018636,113.38
convnextv2_tiny,mhist,linear,3,0.85,29.79,0.764456,0.780893,0.782282,0.017826,108.45
convnextv2_tiny,mhist,linear,3,0.9,24.56,0.764456,0.780893,0.776727,0.01227,74.65
convnextv2_tiny,mhist,linear,3,0.95,17.3,0.764456,0.780893,0.772328,0.007872,47.89
convnextv2_tiny,mhist,linear,3,1.0,0.0,0.764456,0.780893,0.764456,0.0,0.0
convnextv2_tiny,mhist,linear,42,0.0,100.0,0.766192,0.797096,0.797096,0.030904,100.0
convnextv2_tiny,mhist,linear,42,0.05,98.06,0.766192,0.797096,0.797096,0.030904,100.0
convnextv2_tiny,mhist,linear,42,0.1,95.09,0.766192,0.797096,0.797096,0.030904,100.0
convnextv2_tiny,mhist,linear,42,0.15,89.87,0.766192,0.797096,0.797096,0.030904,100.0
convnextv2_tiny,mhist,linear,42,0.2,86.18,0.766192,0.797096,0.797096,0.030904,100.0
convnextv2_tiny,mhist,linear,42,0.25,81.58,0.766192,0.797096,0.797096,0.030904,100.0
convnextv2_tiny,mhist,linear,42,0.3,77.89,0.766192,0.797096,0.797096,0.030904,100.0
convnextv2_tiny,mhist,linear,42,0.35,74.1,0.766192,0.797096,0.797096,0.030904,100.0
convnextv2_tiny,mhist,linear,42,0.4,70.32,0.766192,0.797096,0.797096,0.030904,100.0
convnextv2_tiny,mhist,linear,42,0.45,66.22,0.766192,0.797096,0.797096,0.030904,100.0
convnextv2_tiny,mhist,linear,42,0.5,62.23,0.766192,0.797096,0.797096,0.030904,100.0
convnextv2_tiny,mhist,linear,42,0.55,58.75,0.766192,0.797096,0.797096,0.030904,100.0
convnextv2_tiny,mhist,linear,42,0.6,54.96,0.766192,0.797096,0.797096,0.030904,100.0
convnextv2_tiny,mhist,linear,42,0.65,51.07,0.766192,0.797096,0.797096,0.030904,100.0
convnextv2_tiny,mhist,linear,42,0.7,47.49,0.766192,0.797096,0.798485,0.032293,104.49
convnextv2_tiny,mhist,linear,42,0.75,42.17,0.766192,0.797096,0.797096,0.030904,100.0
convnextv2_tiny,mhist,linear,42,0.8,37.97,0.766192,0.797096,0.797096,0.030904,100.0
convnextv2_tiny,mhist,linear,42,0.85,32.04,0.766192,0.797096,0.795129,0.028937,93.63
convnextv2_tiny,mhist,linear,42,0.9,26.51,0.766192,0.797096,0.795939,0.029747,96.26
convnextv2_tiny,mhist,linear,42,0.95,19.75,0.766192,0.797096,0.791541,0.025349,82.02
convnextv2_tiny,mhist,linear,42,1.0,0.0,0.766192,0.797096,0.766192,0.0,0.0
ctranspath,mhist,linear,0,0.0,100.0,0.582055,0.569438,0.569438,-0.012617,100.0
ctranspath,mhist,linear,0,0.05,100.0,0.582055,0.569438,0.569438,-0.012617,100.0
ctranspath,mhist,linear,0,0.1,99.59,0.582055,0.569438,0.569438,-0.012617,100.0
ctranspath,mhist,linear,0,0.15,98.77,0.582055,0.569438,0.569438,-0.012617,100.0
ctranspath,mhist,linear,0,0.2,97.95,0.582055,0.569438,0.569438,-0.012617,100.0
ctranspath,mhist,linear,0,0.25,97.24,0.582055,0.569438,0.569438,-0.012617,100.0
ctranspath,mhist,linear,0,0.3,96.21,0.582055,0.569438,0.569438,-0.012617,100.0
ctranspath,mhist,linear,0,0.35,94.47,0.582055,0.569438,0.569438,-0.012617,100.0
ctranspath,mhist,linear,0,0.4,92.94,0.582055,0.569438,0.569438,-0.012617,100.0
ctranspath,mhist,linear,0,0.45,90.89,0.582055,0.569438,0.569438,-0.012617,100.0
ctranspath,mhist,linear,0,0.5,89.46,0.582055,0.569438,0.569438,-0.012617,100.0
ctranspath,mhist,linear,0,0.55,86.9,0.582055,0.569438,0.569438,-0.012617,100.0
ctranspath,mhist,linear,0,0.6,84.34,0.582055,0.569438,0.569438,-0.012617,100.0
ctranspath,mhist,linear,0,0.65,81.17,0.582055,0.569438,0.569438,-0.012617,100.0
ctranspath,mhist,linear,0,0.7,77.69,0.582055,0.569438,0.569438,-0.012617,100.0
ctranspath,mhist,linear,0,0.75,72.77,0.582055,0.569438,0.569438,-0.012617,100.0
ctranspath,mhist,linear,0,0.8,68.78,0.582055,0.569438,0.569438,-0.012617,100.0
ctranspath,mhist,linear,0,0.85,62.85,0.582055,0.569438,0.569438,-0.012617,100.0
ctranspath,mhist,linear,0,0.9,54.86,0.582055,0.569438,0.569438,-0.012617,100.0
ctranspath,mhist,linear,0,0.95,41.04,0.582055,0.569438,0.569438,-0.012617,100.0
ctranspath,mhist,linear,0,1.0,0.0,0.582055,0.569438,0.582055,0.0,-0.0
ctranspath,mhist,linear,1,0.0,100.0,0.586683,0.57615,0.57615,-0.010533,100.0
ctranspath,mhist,linear,1,0.05,100.0,0.586683,0.57615,0.57615,-0.010533,100.0
ctranspath,mhist,linear,1,0.1,99.69,0.586683,0.57615,0.57615,-0.010533,100.0
ctranspath,mhist,linear,1,0.15,98.87,0.586683,0.57615,0.57615,-0.010533,100.0
ctranspath,mhist,linear,1,0.2,97.95,0.586683,0.57615,0.57615,-0.010533,100.0
ctranspath,mhist,linear,1,0.25,97.34,0.586683,0.57615,0.57615,-0.010533,100.0
ctranspath,mhist,linear,1,0.3,95.8,0.586683,0.57615,0.57615,-0.010533,100.0
ctranspath,mhist,linear,1,0.35,94.37,0.586683,0.57615,0.57615,-0.010533,100.0
ctranspath,mhist,linear,1,0.4,92.32,0.586683,0.57615,0.57615,-0.010533,100.0
ctranspath,mhist,linear,1,0.45,90.79,0.586683,0.57615,0.57615,-0.010533,100.0
ctranspath,mhist,linear,1,0.5,88.74,0.586683,0.57615,0.57615,-0.010533,100.0
ctranspath,mhist,linear,1,0.55,86.28,0.586683,0.57615,0.57615,-0.010533,100.0
ctranspath,mhist,linear,1,0.6,83.83,0.586683,0.57615,0.57615,-0.010533,100.0
ctranspath,mhist,linear,1,0.65,80.04,0.586683,0.57615,0.57615,-0.010533,100.0
ctranspath,mhist,linear,1,0.7,76.77,0.586683,0.57615,0.57615,-0.010533,100.0
ctranspath,mhist,linear,1,0.75,72.16,0.586683,0.57615,0.57615,-0.010533,100.0
ctranspath,mhist,linear,1,0.8,67.55,0.586683,0.57615,0.57615,-0.010533,100.0
ctranspath,mhist,linear,1,0.85,62.64,0.586683,0.57615,0.57615,-0.010533,100.0
ctranspath,mhist,linear,1,0.9,54.66,0.586683,0.57615,0.57615,-0.010533,100.0
ctranspath,mhist,linear,1,0.95,40.94,0.586683,0.57615,0.57615,-0.010533,100.0
ctranspath,mhist,linear,1,1.0,0.0,0.586683,0.57615,0.586683,0.0,-0.0
ctranspath,mhist,linear,2,0.0,100.0,0.584137,0.582516,0.582516,-0.001621,100.0
ctranspath,mhist,linear,2,0.05,100.0,0.584137,0.582516,0.582516,-0.001621,100.0
ctranspath,mhist,linear,2,0.1,99.49,0.584137,0.582516,0.582516,-0.001621,100.0
ctranspath,mhist,linear,2,0.15,98.67,0.584137,0.582516,0.582516,-0.001621,100.0
ctranspath,mhist,linear,2,0.2,97.65,0.584137,0.582516,0.582516,-0.001621,100.0
ctranspath,mhist,linear,2,0.25,96.93,0.584137,0.582516,0.582516,-0.001621,100.0
ctranspath,mhist,linear,2,0.3,95.5,0.584137,0.582516,0.582516,-0.001621,100.0
ctranspath,mhist,linear,2,0.35,94.06,0.584137,0.582516,0.582516,-0.001621,100.0
ctranspath,mhist,linear,2,0.4,91.71,0.584137,0.582516,0.582516,-0.001621,100.0
ctranspath,mhist,linear,2,0.45,90.28,0.584137,0.582516,0.582516,-0.001621,100.0
ctranspath,mhist,linear,2,0.5,87.82,0.584137,0.582516,0.582516,-0.001621,100.0
ctranspath,mhist,linear,2,0.55,86.08,0.584137,0.582516,0.582516,-0.001621,100.0
ctranspath,mhist,linear,2,0.6,82.5,0.584137,0.582516,0.582516,-0.001621,100.0
ctranspath,mhist,linear,2,0.65,79.32,0.584137,0.582516,0.582516,-0.001621,100.0
ctranspath,mhist,linear,2,0.7,76.15,0.584137,0.582516,0.582516,-0.001621,100.0
ctranspath,mhist,linear,2,0.75,71.85,0.584137,0.582516,0.582516,-0.001621,100.0
ctranspath,mhist,linear,2,0.8,66.73,0.584137,0.582516,0.582516,-0.001621,100.0
ctranspath,mhist,linear,2,0.85,61.62,0.584137,0.582516,0.582516,-0.001621,100.0
ctranspath,mhist,linear,2,0.9,52.51,0.584137,0.582516,0.582516,-0.001621,100.0
ctranspath,mhist,linear,2,0.95,40.94,0.584137,0.582516,0.582516,-0.001621,100.0
ctranspath,mhist,linear,2,1.0,0.0,0.584137,0.582516,0.584137,0.0,-0.0
ctranspath,mhist,linear,3,0.0,100.0,0.594091,0.590271,0.590271,-0.00382,100.0
ctranspath,mhist,linear,3,0.05,100.0,0.594091,0.590271,0.590271,-0.00382,100.0
ctranspath,mhist,linear,3,0.1,99.59,0.594091,0.590271,0.590271,-0.00382,100.0
ctranspath,mhist,linear,3,0.15,98.77,0.594091,0.590271,0.590271,-0.00382,100.0
ctranspath,mhist,linear,3,0.2,97.95,0.594091,0.590271,0.590271,-0.00382,100.0
ctranspath,mhist,linear,3,0.25,97.13,0.594091,0.590271,0.590271,-0.00382,100.0
ctranspath,mhist,linear,3,0.3,95.91,0.594091,0.590271,0.590271,-0.00382,100.0
ctranspath,mhist,linear,3,0.35,94.27,0.594091,0.590271,0.590271,-0.00382,100.0
ctranspath,mhist,linear,3,0.4,92.63,0.594091,0.590271,0.590271,-0.00382,100.0
ctranspath,mhist,linear,3,0.45,90.58,0.594091,0.590271,0.590271,-0.00382,100.0
ctranspath,mhist,linear,3,0.5,88.64,0.594091,0.590271,0.590271,-0.00382,100.0
ctranspath,mhist,linear,3,0.55,86.9,0.594091,0.590271,0.590271,-0.00382,100.0
ctranspath,mhist,linear,3,0.6,83.62,0.594091,0.590271,0.590271,-0.00382,100.0
ctranspath,mhist,linear,3,0.65,80.25,0.594091,0.590271,0.590271,-0.00382,100.0
ctranspath,mhist,linear,3,0.7,77.07,0.594091,0.590271,0.590271,-0.00382,100.0
ctranspath,mhist,linear,3,0.75,72.88,0.594091,0.590271,0.590271,-0.00382,100.0
ctranspath,mhist,linear,3,0.8,67.66,0.594091,0.590271,0.590271,-0.00382,100.0
ctranspath,mhist,linear,3,0.85,62.33,0.594091,0.590271,0.590271,-0.00382,100.0
ctranspath,mhist,linear,3,0.9,54.96,0.594091,0.590271,0.590271,-0.00382,100.0
ctranspath,mhist,linear,3,0.95,40.94,0.594091,0.590271,0.590271,-0.00382,100.0
ctranspath,mhist,linear,3,1.0,0.0,0.594091,0.590271,0.594091,0.0,-0.0
ctranspath,mhist,linear,42,0.0,100.0,0.603928,0.603696,0.603696,-0.000232,100.0
ctranspath,mhist,linear,42,0.05,100.0,0.603928,0.603696,0.603696,-0.000232,100.0
ctranspath,mhist,linear,42,0.1,99.49,0.603928,0.603696,0.603696,-0.000232,100.0
ctranspath,mhist,linear,42,0.15,98.67,0.603928,0.603696,0.603696,-0.000232,100.0
ctranspath,mhist,linear,42,0.2,97.54,0.603928,0.603696,0.603696,-0.000232,100.0
ctranspath,mhist,linear,42,0.25,96.83,0.603928,0.603696,0.603696,-0.000232,100.0
ctranspath,mhist,linear,42,0.3,95.29,0.603928,0.603696,0.603696,-0.000232,100.0
ctranspath,mhist,linear,42,0.35,93.86,0.603928,0.603696,0.603696,-0.000232,100.0
ctranspath,mhist,linear,42,0.4,91.81,0.603928,0.603696,0.603696,-0.000232,100.0
ctranspath,mhist,linear,42,0.45,90.07,0.603928,0.603696,0.603696,-0.000232,100.0
ctranspath,mhist,linear,42,0.5,87.82,0.603928,0.603696,0.603696,-0.000232,100.0
ctranspath,mhist,linear,42,0.55,85.77,0.603928,0.603696,0.603696,-0.000232,100.0
ctranspath,mhist,linear,42,0.6,83.01,0.603928,0.603696,0.603696,-0.000232,100.0
ctranspath,mhist,linear,42,0.65,79.43,0.603928,0.603696,0.603696,-0.000232,100.0
ctranspath,mhist,linear,42,0.7,75.74,0.603928,0.603696,0.603696,-0.000232,100.0
ctranspath,mhist,linear,42,0.75,71.44,0.603928,0.603696,0.603696,-0.000232,100.0
ctranspath,mhist,linear,42,0.8,66.63,0.603928,0.603696,0.603696,-0.000232,100.0
ctranspath,mhist,linear,42,0.85,61.62,0.603928,0.603696,0.603696,-0.000232,100.0
ctranspath,mhist,linear,42,0.9,53.43,0.603928,0.603696,0.603696,-0.000232,100.0
ctranspath,mhist,linear,42,0.95,40.43,0.603928,0.603696,0.603696,-0.000232,100.0
ctranspath,mhist,linear,42,1.0,0.1,0.603928,0.603696,0.603928,0.0,-0.0
dinov2_b,mhist,linear,0,0.0,100.0,0.801492,0.804155,0.804155,0.002663,100.0
dinov2_b,mhist,linear,0,0.05,93.96,0.801492,0.804155,0.804155,0.002663,100.0
dinov2_b,mhist,linear,0,0.1,88.43,0.801492,0.804155,0.804155,0.002663,100.0
dinov2_b,mhist,linear,0,0.15,84.14,0.801492,0.804155,0.804155,0.002663,100.0
dinov2_b,mhist,linear,0,0.2,78.2,0.801492,0.804155,0.804155,0.002663,100.0
dinov2_b,mhist,linear,0,0.25,73.39,0.801492,0.804155,0.804155,0.002663,100.0
dinov2_b,mhist,linear,0,0.3,69.5,0.801492,0.804155,0.804155,0.002663,100.0
dinov2_b,mhist,linear,0,0.35,66.94,0.801492,0.804155,0.804155,0.002663,100.0
dinov2_b,mhist,linear,0,0.4,61.92,0.801492,0.804155,0.804155,0.002663,100.0
dinov2_b,mhist,linear,0,0.45,58.24,0.801492,0.804155,0.804155,0.002663,100.0
dinov2_b,mhist,linear,0,0.5,54.66,0.801492,0.804155,0.804155,0.002663,100.0
dinov2_b,mhist,linear,0,0.55,50.67,0.801492,0.804155,0.804155,0.002663,100.0
dinov2_b,mhist,linear,0,0.6,46.88,0.801492,0.804155,0.804155,0.002663,100.0
dinov2_b,mhist,linear,0,0.65,41.97,0.801492,0.804155,0.804155,0.002663,100.0
dinov2_b,mhist,linear,0,0.7,38.18,0.801492,0.804155,0.805544,0.004052,152.16
dinov2_b,mhist,linear,0,0.75,33.98,0.801492,0.804155,0.805544,0.004052,152.16
dinov2_b,mhist,linear,0,0.8,29.99,0.801492,0.804155,0.805544,0.004052,152.16
dinov2_b,mhist,linear,0,0.85,25.69,0.801492,0.804155,0.807165,0.005673,213.02
dinov2_b,mhist,linear,0,0.9,21.08,0.801492,0.804155,0.809132,0.00764,286.9
dinov2_b,mhist,linear,0,0.95,14.43,0.801492,0.804155,0.806123,0.00463,173.88
dinov2_b,mhist,linear,0,1.0,0.0,0.801492,0.804155,0.801492,0.0,0.0
dinov2_b,mhist,linear,1,0.0,100.0,0.801031,0.802073,0.802073,0.001042,100.0
dinov2_b,mhist,linear,1,0.05,94.27,0.801031,0.802073,0.802073,0.001042,100.0
dinov2_b,mhist,linear,1,0.1,88.95,0.801031,0.802073,0.802073,0.001042,100.0
dinov2_b,mhist,linear,1,0.15,83.83,0.801031,0.802073,0.802073,0.001042,100.0
dinov2_b,mhist,linear,1,0.2,78.81,0.801031,0.802073,0.802073,0.001042,100.0
dinov2_b,mhist,linear,1,0.25,74.31,0.801031,0.802073,0.802073,0.001042,100.0
dinov2_b,mhist,linear,1,0.3,69.91,0.801031,0.802073,0.802073,0.001042,100.0
dinov2_b,mhist,linear,1,0.35,65.81,0.801031,0.802073,0.802073,0.001042,100.0
dinov2_b,mhist,linear,1,0.4,60.59,0.801031,0.802073,0.802073,0.001042,100.0
dinov2_b,mhist,linear,1,0.45,56.5,0.801031,0.802073,0.802073,0.001042,100.0
dinov2_b,mhist,linear,1,0.5,52.71,0.801031,0.802073,0.802073,0.001042,100.0
dinov2_b,mhist,linear,1,0.55,46.78,0.801031,0.802073,0.802073,0.001042,100.0
dinov2_b,mhist,linear,1,0.6,43.09,0.801031,0.802073,0.802073,0.001042,100.0
dinov2_b,mhist,linear,1,0.65,39.92,0.801031,0.802073,0.802073,0.001042,100.0
dinov2_b,mhist,linear,1,0.7,36.03,0.801031,0.802073,0.802073,0.001042,100.0
dinov2_b,mhist,linear,1,0.75,32.24,0.801031,0.802073,0.804272,0.003241,311.02
dinov2_b,mhist,linear,1,0.8,27.84,0.801031,0.802073,0.804272,0.003241,311.02
dinov2_b,mhist,linear,1,0.85,23.54,0.801031,0.802073,0.802884,0.001853,177.75
dinov2_b,mhist,linear,1,0.9,19.04,0.801031,0.802073,0.801495,0.000464,44.49
dinov2_b,mhist,linear,1,0.95,14.53,0.801031,0.802073,0.802073,0.001042,100.0
dinov2_b,mhist,linear,1,1.0,0.0,0.801031,0.802073,0.801031,0.0,0.0
dinov2_b,mhist,linear,2,0.0,100.0,0.811447,0.809015,0.809015,-0.002431,100.0
dinov2_b,mhist,linear,2,0.05,94.68,0.811447,0.809015,0.809015,-0.002431,100.0
dinov2_b,mhist,linear,2,0.1,90.07,0.811447,0.809015,0.809015,-0.002431,100.0
dinov2_b,mhist,linear,2,0.15,85.47,0.811447,0.809015,0.809015,-0.002431,100.0
dinov2_b,mhist,linear,2,0.2,80.45,0.811447,0.809015,0.809015,-0.002431,100.0
dinov2_b,mhist,linear,2,0.25,76.25,0.811447,0.809015,0.809015,-0.002431,100.0
dinov2_b,mhist,linear,2,0.3,72.47,0.811447,0.809015,0.809015,-0.002431,100.0
dinov2_b,mhist,linear,2,0.35,67.55,0.811447,0.809015,0.809015,-0.002431,100.0
dinov2_b,mhist,linear,2,0.4,62.13,0.811447,0.809015,0.809015,-0.002431,100.0
dinov2_b,mhist,linear,2,0.45,58.85,0.811447,0.809015,0.809015,-0.002431,100.0
dinov2_b,mhist,linear,2,0.5,55.68,0.811447,0.809015,0.809015,-0.002431,100.0
dinov2_b,mhist,linear,2,0.55,51.18,0.811447,0.809015,0.809015,-0.002431,100.0
dinov2_b,mhist,linear,2,0.6,47.49,0.811447,0.809015,0.809015,-0.002431,100.0
dinov2_b,mhist,linear,2,0.65,43.81,0.811447,0.809015,0.809015,-0.002431,100.0
dinov2_b,mhist,linear,2,0.7,39.51,0.811447,0.809015,0.809015,-0.002431,100.0
dinov2_b,mhist,linear,2,0.75,34.7,0.811447,0.809015,0.810404,-0.001042,42.87
dinov2_b,mhist,linear,2,0.8,31.12,0.811447,0.809015,0.810404,-0.001042,42.87
dinov2_b,mhist,linear,2,0.85,27.23,0.811447,0.809015,0.811215,-0.000232,9.54
dinov2_b,mhist,linear,2,0.9,22.52,0.811447,0.809015,0.812025,0.000579,-23.8
dinov2_b,mhist,linear,2,0.95,15.25,0.811447,0.809015,0.813067,0.001621,-66.67
dinov2_b,mhist,linear,2,1.0,0.0,0.811447,0.809015,0.811447,0.0,-0.0
dinov2_b,mhist,linear,3,0.0,100.0,0.808556,0.804158,0.804158,-0.004399,100.0
dinov2_b,mhist,linear,3,0.05,94.58,0.808556,0.804158,0.804158,-0.004399,100.0
dinov2_b,mhist,linear,3,0.1,90.17,0.808556,0.804158,0.804158,-0.004399,100.0
dinov2_b,mhist,linear,3,0.15,85.26,0.808556,0.804158,0.804158,-0.004399,100.0
dinov2_b,mhist,linear,3,0.2,80.66,0.808556,0.804158,0.804158,-0.004399,100.0
dinov2_b,mhist,linear,3,0.25,76.36,0.808556,0.804158,0.804158,-0.004399,100.0
dinov2_b,mhist,linear,3,0.3,71.95,0.808556,0.804158,0.804158,-0.004399,100.0
dinov2_b,mhist,linear,3,0.35,68.47,0.808556,0.804158,0.804158,-0.004399,100.0
dinov2_b,mhist,linear,3,0.4,63.77,0.808556,0.804158,0.804158,-0.004399,100.0
dinov2_b,mhist,linear,3,0.45,60.18,0.808556,0.804158,0.804158,-0.004399,100.0
dinov2_b,mhist,linear,3,0.5,56.81,0.808556,0.804158,0.804158,-0.004399,100.0
dinov2_b,mhist,linear,3,0.55,53.12,0.808556,0.804158,0.804158,-0.004399,100.0
dinov2_b,mhist,linear,3,0.6,48.72,0.808556,0.804158,0.804158,-0.004399,100.0
dinov2_b,mhist,linear,3,0.65,44.01,0.808556,0.804158,0.804158,-0.004399,100.0
dinov2_b,mhist,linear,3,0.7,39.41,0.808556,0.804158,0.804158,-0.004399,100.0
dinov2_b,mhist,linear,3,0.75,35.01,0.808556,0.804158,0.805547,-0.00301,68.42
dinov2_b,mhist,linear,3,0.8,29.99,0.808556,0.804158,0.805547,-0.00301,68.42
dinov2_b,mhist,linear,3,0.85,25.59,0.808556,0.804158,0.805547,-0.00301,68.42
dinov2_b,mhist,linear,3,0.9,21.29,0.808556,0.804158,0.804158,-0.004399,100.0
dinov2_b,mhist,linear,3,0.95,13.61,0.808556,0.804158,0.804158,-0.004399,100.0
dinov2_b,mhist,linear,3,1.0,0.0,0.808556,0.804158,0.808556,0.0,-0.0
dinov2_b,mhist,linear,42,0.0,100.0,0.797558,0.806701,0.806701,0.009144,100.0
dinov2_b,mhist,linear,42,0.05,94.78,0.797558,0.806701,0.806701,0.009144,100.0
dinov2_b,mhist,linear,42,0.1,91.1,0.797558,0.806701,0.806701,0.009144,100.0
dinov2_b,mhist,linear,42,0.15,86.9,0.797558,0.806701,0.806701,0.009144,100.0
dinov2_b,mhist,linear,42,0.2,82.19,0.797558,0.806701,0.806701,0.009144,100.0
dinov2_b,mhist,linear,42,0.25,77.38,0.797558,0.806701,0.806701,0.009144,100.0
dinov2_b,mhist,linear,42,0.3,73.49,0.797558,0.806701,0.806701,0.009144,100.0
dinov2_b,mhist,linear,42,0.35,68.68,0.797558,0.806701,0.806701,0.009144,100.0
dinov2_b,mhist,linear,42,0.4,64.69,0.797558,0.806701,0.806701,0.009144,100.0
dinov2_b,mhist,linear,42,0.45,61.0,0.797558,0.806701,0.806701,0.009144,100.0
dinov2_b,mhist,linear,42,0.5,55.27,0.797558,0.806701,0.806701,0.009144,100.0
dinov2_b,mhist,linear,42,0.55,52.3,0.797558,0.806701,0.806701,0.009144,100.0
dinov2_b,mhist,linear,42,0.6,48.0,0.797558,0.806701,0.806701,0.009144,100.0
dinov2_b,mhist,linear,42,0.65,43.71,0.797558,0.806701,0.806701,0.009144,100.0
dinov2_b,mhist,linear,42,0.7,39.92,0.797558,0.806701,0.806701,0.009144,100.0
dinov2_b,mhist,linear,42,0.75,35.21,0.797558,0.806701,0.806701,0.009144,100.0
dinov2_b,mhist,linear,42,0.8,30.91,0.797558,0.806701,0.806701,0.009144,100.0
dinov2_b,mhist,linear,42,0.85,27.02,0.797558,0.806701,0.807512,0.009954,108.86
dinov2_b,mhist,linear,42,0.9,21.49,0.797558,0.806701,0.806933,0.009376,102.54
dinov2_b,mhist,linear,42,0.95,15.15,0.797558,0.806701,0.801492,0.003935,43.03
dinov2_b,mhist,linear,42,1.0,0.0,0.797558,0.806701,0.797558,0.0,0.0
dinov2_s,mhist,linear,0,0.0,100.0,0.763184,0.788997,0.788997,0.025813,100.0
dinov2_s,mhist,linear,0,0.05,96.93,0.763184,0.788997,0.788997,0.025813,100.0
dinov2_s,mhist,linear,0,0.1,90.89,0.763184,0.788997,0.788997,0.025813,100.0
dinov2_s,mhist,linear,0,0.15,86.59,0.763184,0.788997,0.788997,0.025813,100.0
dinov2_s,mhist,linear,0,0.2,83.62,0.763184,0.788997,0.788997,0.025813,100.0
dinov2_s,mhist,linear,0,0.25,79.84,0.763184,0.788997,0.788997,0.025813,100.0
dinov2_s,mhist,linear,0,0.3,76.25,0.763184,0.788997,0.788997,0.025813,100.0
dinov2_s,mhist,linear,0,0.35,72.77,0.763184,0.788997,0.788997,0.025813,100.0
dinov2_s,mhist,linear,0,0.4,66.73,0.763184,0.788997,0.788997,0.025813,100.0
dinov2_s,mhist,linear,0,0.45,62.95,0.763184,0.788997,0.788997,0.025813,100.0
dinov2_s,mhist,linear,0,0.5,58.96,0.763184,0.788997,0.788997,0.025813,100.0
dinov2_s,mhist,linear,0,0.55,55.17,0.763184,0.788997,0.788997,0.025813,100.0
dinov2_s,mhist,linear,0,0.6,50.67,0.763184,0.788997,0.788997,0.025813,100.0
dinov2_s,mhist,linear,0,0.65,46.78,0.763184,0.788997,0.788997,0.025813,100.0
dinov2_s,mhist,linear,0,0.7,43.6,0.763184,0.788997,0.788997,0.025813,100.0
dinov2_s,mhist,linear,0,0.75,39.3,0.763184,0.788997,0.788997,0.025813,100.0
dinov2_s,mhist,linear,0,0.8,34.9,0.763184,0.788997,0.788997,0.025813,100.0
dinov2_s,mhist,linear,0,0.85,30.6,0.763184,0.788997,0.785987,0.022803,88.34
dinov2_s,mhist,linear,0,0.9,25.08,0.763184,0.788997,0.779621,0.016437,63.68
dinov2_s,mhist,linear,0,0.95,16.99,0.763184,0.788997,0.777422,0.014238,55.16
dinov2_s,mhist,linear,0,1.0,0.0,0.763184,0.788997,0.763184,0.0,0.0
dinov2_s,mhist,linear,1,0.0,100.0,0.765384,0.787027,0.787027,0.021644,100.0
dinov2_s,mhist,linear,1,0.05,98.77,0.765384,0.787027,0.787027,0.021644,100.0
dinov2_s,mhist,linear,1,0.1,96.21,0.765384,0.787027,0.787027,0.021644,100.0
dinov2_s,mhist,linear,1,0.15,92.32,0.765384,0.787027,0.787027,0.021644,100.0
dinov2_s,mhist,linear,1,0.2,88.23,0.765384,0.787027,0.787027,0.021644,100.0
dinov2_s,mhist,linear,1,0.25,83.73,0.765384,0.787027,0.787027,0.021644,100.0
dinov2_s,mhist,linear,1,0.3,80.66,0.765384,0.787027,0.787027,0.021644,100.0
dinov2_s,mhist,linear,1,0.35,76.87,0.765384,0.787027,0.787027,0.021644,100.0
dinov2_s,mhist,linear,1,0.4,73.08,0.765384,0.787027,0.787027,0.021644,100.0
dinov2_s,mhist,linear,1,0.45,69.6,0.765384,0.787027,0.787027,0.021644,100.0
dinov2_s,mhist,linear,1,0.5,64.38,0.765384,0.787027,0.787027,0.021644,100.0
dinov2_s,mhist,linear,1,0.55,59.77,0.765384,0.787027,0.787027,0.021644,100.0
dinov2_s,mhist,linear,1,0.6,55.99,0.765384,0.787027,0.787027,0.021644,100.0
dinov2_s,mhist,linear,1,0.65,51.69,0.765384,0.787027,0.787027,0.021644,100.0
dinov2_s,mhist,linear,1,0.7,47.29,0.765384,0.787027,0.787027,0.021644,100.0
dinov2_s,mhist,linear,1,0.75,42.48,0.765384,0.787027,0.787027,0.021644,100.0
dinov2_s,mhist,linear,1,0.8,36.75,0.765384,0.787027,0.787027,0.021644,100.0
dinov2_s,mhist,linear,1,0.85,31.42,0.765384,0.787027,0.786217,0.020833,96.26
dinov2_s,mhist,linear,1,0.9,26.2,0.765384,0.787027,0.784828,0.019444,89.84
dinov2_s,mhist,linear,1,0.95,18.42,0.765384,0.787027,0.775916,0.010533,48.66
dinov2_s,mhist,linear,1,1.0,0.0,0.765384,0.787027,0.765384,0.0,0.0
dinov2_s,mhist,linear,2,0.0,100.0,0.771747,0.788531,0.788531,0.016784,100.0
dinov2_s,mhist,linear,2,0.05,96.32,0.771747,0.788531,0.788531,0.016784,100.0
dinov2_s,mhist,linear,2,0.1,91.4,0.771747,0.788531,0.788531,0.016784,100.0
dinov2_s,mhist,linear,2,0.15,87.51,0.771747,0.788531,0.788531,0.016784,100.0
dinov2_s,mhist,linear,2,0.2,83.32,0.771747,0.788531,0.788531,0.016784,100.0
dinov2_s,mhist,linear,2,0.25,79.53,0.771747,0.788531,0.788531,0.016784,100.0
dinov2_s,mhist,linear,2,0.3,76.36,0.771747,0.788531,0.788531,0.016784,100.0
dinov2_s,mhist,linear,2,0.35,73.39,0.771747,0.788531,0.788531,0.016784,100.0
dinov2_s,mhist,linear,2,0.4,69.09,0.771747,0.788531,0.788531,0.016784,100.0
dinov2_s,mhist,linear,2,0.45,64.48,0.771747,0.788531,0.788531,0.016784,100.0
dinov2_s,mhist,linear,2,0.5,60.8,0.771747,0.788531,0.788531,0.016784,100.0
dinov2_s,mhist,linear,2,0.55,57.52,0.771747,0.788531,0.787721,0.015973,95.17
dinov2_s,mhist,linear,2,0.6,53.22,0.771747,0.788531,0.787721,0.015973,95.17
dinov2_s,mhist,linear,2,0.65,48.62,0.771747,0.788531,0.787721,0.015973,95.17
dinov2_s,mhist,linear,2,0.7,45.45,0.771747,0.788531,0.787721,0.015973,95.17
dinov2_s,mhist,linear,2,0.75,40.23,0.771747,0.788531,0.787721,0.015973,95.17
dinov2_s,mhist,linear,2,0.8,36.23,0.771747,0.788531,0.788531,0.016784,100.0
dinov2_s,mhist,linear,2,0.85,31.22,0.771747,0.788531,0.787142,0.015395,91.72
dinov2_s,mhist,linear,2,0.9,24.56,0.771747,0.788531,0.785753,0.014006,83.45
dinov2_s,mhist,linear,2,0.95,17.71,0.771747,0.788531,0.786332,0.014584,86.9
dinov2_s,mhist,linear,2,1.0,0.0,0.771747,0.788531,0.771747,0.0,0.0
dinov2_s,mhist,linear,3,0.0,100.0,0.776378,0.792236,0.792236,0.015859,100.0
dinov2_s,mhist,linear,3,0.05,95.29,0.776378,0.792236,0.792236,0.015859,100.0
dinov2_s,mhist,linear,3,0.1,89.56,0.776378,0.792236,0.792236,0.015859,100.0
dinov2_s,mhist,linear,3,0.15,85.57,0.776378,0.792236,0.792236,0.015859,100.0
dinov2_s,mhist,linear,3,0.2,81.58,0.776378,0.792236,0.792236,0.015859,100.0
dinov2_s,mhist,linear,3,0.25,76.77,0.776378,0.792236,0.792236,0.015859,100.0
dinov2_s,mhist,linear,3,0.3,72.57,0.776378,0.792236,0.792236,0.015859,100.0
dinov2_s,mhist,linear,3,0.35,68.07,0.776378,0.792236,0.792236,0.015859,100.0
dinov2_s,mhist,linear,3,0.4,64.18,0.776378,0.792236,0.792236,0.015859,100.0
dinov2_s,mhist,linear,3,0.45,59.88,0.776378,0.792236,0.792236,0.015859,100.0
dinov2_s,mhist,linear,3,0.5,55.68,0.776378,0.792236,0.792236,0.015859,100.0
dinov2_s,mhist,linear,3,0.55,52.61,0.776378,0.792236,0.792236,0.015859,100.0
dinov2_s,mhist,linear,3,0.6,48.93,0.776378,0.792236,0.792236,0.015859,100.0
dinov2_s,mhist,linear,3,0.65,44.01,0.776378,0.792236,0.792236,0.015859,100.0
dinov2_s,mhist,linear,3,0.7,40.84,0.776378,0.792236,0.792236,0.015859,100.0
dinov2_s,mhist,linear,3,0.75,35.62,0.776378,0.792236,0.792236,0.015859,100.0
dinov2_s,mhist,linear,3,0.8,31.83,0.776378,0.792236,0.791426,0.015048,94.89
dinov2_s,mhist,linear,3,0.85,28.45,0.776378,0.792236,0.791426,0.015048,94.89
dinov2_s,mhist,linear,3,0.9,23.54,0.776378,0.792236,0.790037,0.013659,86.13
dinov2_s,mhist,linear,3,0.95,17.2,0.776378,0.792236,0.792815,0.016437,103.65
dinov2_s,mhist,linear,3,1.0,0.1,0.776378,0.792236,0.776378,0.0,0.0
dinov2_s,mhist,linear,42,0.0,100.0,0.786098,0.805081,0.805081,0.018983,100.0
dinov2_s,mhist,linear,42,0.05,96.72,0.786098,0.805081,0.805081,0.018983,100.0
dinov2_s,mhist,linear,42,0.1,91.61,0.786098,0.805081,0.805081,0.018983,100.0
dinov2_s,mhist,linear,42,0.15,88.23,0.786098,0.805081,0.805081,0.018983,100.0
dinov2_s,mhist,linear,42,0.2,84.14,0.786098,0.805081,0.805081,0.018983,100.0
dinov2_s,mhist,linear,42,0.25,80.14,0.786098,0.805081,0.805081,0.018983,100.0
dinov2_s,mhist,linear,42,0.3,76.36,0.786098,0.805081,0.805081,0.018983,100.0
dinov2_s,mhist,linear,42,0.35,72.36,0.786098,0.805081,0.805081,0.018983,100.0
dinov2_s,mhist,linear,42,0.4,68.07,0.786098,0.805081,0.805081,0.018983,100.0
dinov2_s,mhist,linear,42,0.45,64.18,0.786098,0.805081,0.805081,0.018983,100.0
dinov2_s,mhist,linear,42,0.5,59.57,0.786098,0.805081,0.805081,0.018983,100.0
dinov2_s,mhist,linear,42,0.55,56.29,0.786098,0.805081,0.805081,0.018983,100.0
dinov2_s,mhist,linear,42,0.6,52.92,0.786098,0.805081,0.805081,0.018983,100.0
dinov2_s,mhist,linear,42,0.65,48.41,0.786098,0.805081,0.805081,0.018983,100.0
dinov2_s,mhist,linear,42,0.7,43.09,0.786098,0.805081,0.805081,0.018983,100.0
dinov2_s,mhist,linear,42,0.75,39.61,0.786098,0.805081,0.805081,0.018983,100.0
dinov2_s,mhist,linear,42,0.8,35.01,0.786098,0.805081,0.805891,0.019793,104.27
dinov2_s,mhist,linear,42,0.85,30.3,0.786098,0.805081,0.805081,0.018983,100.0
dinov2_s,mhist,linear,42,0.9,25.28,0.786098,0.805081,0.80427,0.018173,95.73
dinov2_s,mhist,linear,42,0.95,17.3,0.786098,0.805081,0.799061,0.012964,68.29
dinov2_s,mhist,linear,42,1.0,0.0,0.786098,0.805081,0.786098,0.0,0.0
gigapath,mhist,linear,0,0.0,100.0,0.788065,0.792349,0.792349,0.004284,100.0
gigapath,mhist,linear,0,0.05,95.6,0.788065,0.792349,0.792349,0.004284,100.0
gigapath,mhist,linear,0,0.1,89.25,0.788065,0.792349,0.792349,0.004284,100.0
gigapath,mhist,linear,0,0.15,84.85,0.788065,0.792349,0.792349,0.004284,100.0
gigapath,mhist,linear,0,0.2,82.29,0.788065,0.792349,0.792349,0.004284,100.0
gigapath,mhist,linear,0,0.25,79.12,0.788065,0.792349,0.792349,0.004284,100.0
gigapath,mhist,linear,0,0.3,76.56,0.788065,0.792349,0.792349,0.004284,100.0
gigapath,mhist,linear,0,0.35,73.29,0.788065,0.792349,0.792349,0.004284,100.0
gigapath,mhist,linear,0,0.4,68.88,0.788065,0.792349,0.792349,0.004284,100.0
gigapath,mhist,linear,0,0.45,64.79,0.788065,0.792349,0.792349,0.004284,100.0
gigapath,mhist,linear,0,0.5,61.21,0.788065,0.792349,0.792349,0.004284,100.0
gigapath,mhist,linear,0,0.55,56.29,0.788065,0.792349,0.792349,0.004284,100.0
gigapath,mhist,linear,0,0.6,51.79,0.788065,0.792349,0.792349,0.004284,100.0
gigapath,mhist,linear,0,0.65,47.39,0.788065,0.792349,0.792349,0.004284,100.0
gigapath,mhist,linear,0,0.7,43.71,0.788065,0.792349,0.792349,0.004284,100.0
gigapath,mhist,linear,0,0.75,39.0,0.788065,0.792349,0.792349,0.004284,100.0
gigapath,mhist,linear,0,0.8,35.41,0.788065,0.792349,0.792349,0.004284,100.0
gigapath,mhist,linear,0,0.85,29.07,0.788065,0.792349,0.792349,0.004284,100.0
gigapath,mhist,linear,0,0.9,22.52,0.788065,0.792349,0.792349,0.004284,100.0
gigapath,mhist,linear,0,0.95,16.89,0.788065,0.792349,0.792349,0.004284,100.0
gigapath,mhist,linear,0,1.0,0.0,0.788065,0.792349,0.788065,0.0,0.0
gigapath,mhist,linear,1,0.0,100.0,0.805657,0.80832,0.80832,0.002663,100.0
gigapath,mhist,linear,1,0.05,95.7,0.805657,0.80832,0.80832,0.002663,100.0
gigapath,mhist,linear,1,0.1,88.64,0.805657,0.80832,0.80832,0.002663,100.0
gigapath,mhist,linear,1,0.15,83.62,0.805657,0.80832,0.80832,0.002663,100.0
gigapath,mhist,linear,1,0.2,79.73,0.805657,0.80832,0.80832,0.002663,100.0
gigapath,mhist,linear,1,0.25,76.97,0.805657,0.80832,0.80832,0.002663,100.0
gigapath,mhist,linear,1,0.3,73.9,0.805657,0.80832,0.80832,0.002663,100.0
gigapath,mhist,linear,1,0.35,70.11,0.805657,0.80832,0.80832,0.002663,100.0
gigapath,mhist,linear,1,0.4,66.84,0.805657,0.80832,0.80832,0.002663,100.0
gigapath,mhist,linear,1,0.45,61.62,0.805657,0.80832,0.80832,0.002663,100.0
gigapath,mhist,linear,1,0.5,56.81,0.805657,0.80832,0.80832,0.002663,100.0
gigapath,mhist,linear,1,0.55,52.41,0.805657,0.80832,0.80832,0.002663,100.0
gigapath,mhist,linear,1,0.6,47.8,0.805657,0.80832,0.80832,0.002663,100.0
gigapath,mhist,linear,1,0.65,44.83,0.805657,0.80832,0.80832,0.002663,100.0
gigapath,mhist,linear,1,0.7,39.82,0.805657,0.80832,0.80832,0.002663,100.0
gigapath,mhist,linear,1,0.75,35.62,0.805657,0.80832,0.80832,0.002663,100.0
gigapath,mhist,linear,1,0.8,31.63,0.805657,0.80832,0.80832,0.002663,100.0
gigapath,mhist,linear,1,0.85,27.02,0.805657,0.80832,0.80832,0.002663,100.0
gigapath,mhist,linear,1,0.9,22.72,0.805657,0.80832,0.80832,0.002663,100.0
gigapath,mhist,linear,1,0.95,15.35,0.805657,0.80832,0.80832,0.002663,100.0
gigapath,mhist,linear,1,1.0,0.0,0.805657,0.80832,0.805657,0.0,0.0
gigapath,mhist,linear,2,0.0,100.0,0.815379,0.811561,0.811561,-0.003818,100.0
gigapath,mhist,linear,2,0.05,92.02,0.815379,0.811561,0.811561,-0.003818,100.0
gigapath,mhist,linear,2,0.1,85.26,0.815379,0.811561,0.811561,-0.003818,100.0
gigapath,mhist,linear,2,0.15,81.78,0.815379,0.811561,0.811561,-0.003818,100.0
gigapath,mhist,linear,2,0.2,77.69,0.815379,0.811561,0.811561,-0.003818,100.0
gigapath,mhist,linear,2,0.25,74.31,0.815379,0.811561,0.811561,-0.003818,100.0
gigapath,mhist,linear,2,0.3,71.14,0.815379,0.811561,0.811561,-0.003818,100.0
gigapath,mhist,linear,2,0.35,67.45,0.815379,0.811561,0.811561,-0.003818,100.0
gigapath,mhist,linear,2,0.4,63.56,0.815379,0.811561,0.811561,-0.003818,100.0
gigapath,mhist,linear,2,0.45,59.37,0.815379,0.811561,0.811561,-0.003818,100.0
gigapath,mhist,linear,2,0.5,54.66,0.815379,0.811561,0.811561,-0.003818,100.0
gigapath,mhist,linear,2,0.55,49.74,0.815379,0.811561,0.811561,-0.003818,100.0
gigapath,mhist,linear,2,0.6,44.83,0.815379,0.811561,0.811561,-0.003818,100.0
gigapath,mhist,linear,2,0.65,40.74,0.815379,0.811561,0.811561,-0.003818,100.0
gigapath,mhist,linear,2,0.7,37.36,0.815379,0.811561,0.811561,-0.003818,100.0
gigapath,mhist,linear,2,0.75,33.37,0.815379,0.811561,0.811561,-0.003818,100.0
gigapath,mhist,linear,2,0.8,28.97,0.815379,0.811561,0.811561,-0.003818,100.0
gigapath,mhist,linear,2,0.85,24.97,0.815379,0.811561,0.811561,-0.003818,100.0
gigapath,mhist,linear,2,0.9,20.78,0.815379,0.811561,0.811561,-0.003818,100.0
gigapath,mhist,linear,2,0.95,13.82,0.815379,0.811561,0.811561,-0.003818,100.0
gigapath,mhist,linear,2,1.0,0.0,0.815379,0.811561,0.815379,0.0,-0.0
gigapath,mhist,linear,3,0.0,100.0,0.805078,0.801724,0.801724,-0.003354,100.0
gigapath,mhist,linear,3,0.05,95.8,0.805078,0.801724,0.801724,-0.003354,100.0
gigapath,mhist,linear,3,0.1,89.15,0.805078,0.801724,0.801724,-0.003354,100.0
gigapath,mhist,linear,3,0.15,83.93,0.805078,0.801724,0.801724,-0.003354,100.0
gigapath,mhist,linear,3,0.2,80.66,0.805078,0.801724,0.801724,-0.003354,100.0
gigapath,mhist,linear,3,0.25,77.58,0.805078,0.801724,0.801724,-0.003354,100.0
gigapath,mhist,linear,3,0.3,75.33,0.805078,0.801724,0.801724,-0.003354,100.0
gigapath,mhist,linear,3,0.35,71.65,0.805078,0.801724,0.801724,-0.003354,100.0
gigapath,mhist,linear,3,0.4,68.37,0.805078,0.801724,0.801724,-0.003354,100.0
gigapath,mhist,linear,3,0.45,64.69,0.805078,0.801724,0.801724,-0.003354,100.0
gigapath,mhist,linear,3,0.5,60.39,0.805078,0.801724,0.801724,-0.003354,100.0
gigapath,mhist,linear,3,0.55,56.19,0.805078,0.801724,0.801724,-0.003354,100.0
gigapath,mhist,linear,3,0.6,52.0,0.805078,0.801724,0.801724,-0.003354,100.0
gigapath,mhist,linear,3,0.65,47.08,0.805078,0.801724,0.801724,-0.003354,100.0
gigapath,mhist,linear,3,0.7,41.97,0.805078,0.801724,0.801724,-0.003354,100.0
gigapath,mhist,linear,3,0.75,38.18,0.805078,0.801724,0.801724,-0.003354,100.0
gigapath,mhist,linear,3,0.8,32.45,0.805078,0.801724,0.801724,-0.003354,100.0
gigapath,mhist,linear,3,0.85,28.05,0.805078,0.801724,0.801724,-0.003354,100.0
gigapath,mhist,linear,3,0.9,22.11,0.805078,0.801724,0.801724,-0.003354,100.0
gigapath,mhist,linear,3,0.95,15.46,0.805078,0.801724,0.802303,-0.002776,82.75
gigapath,mhist,linear,3,1.0,0.0,0.805078,0.801724,0.805078,0.0,-0.0
gigapath,mhist,linear,42,0.0,100.0,0.805195,0.804502,0.804502,-0.000693,100.0
gigapath,mhist,linear,42,0.05,93.96,0.805195,0.804502,0.804502,-0.000693,100.0
gigapath,mhist,linear,42,0.1,86.8,0.805195,0.804502,0.804502,-0.000693,100.0
gigapath,mhist,linear,42,0.15,83.42,0.805195,0.804502,0.804502,-0.000693,100.0
gigapath,mhist,linear,42,0.2,80.45,0.805195,0.804502,0.804502,-0.000693,100.0
gigapath,mhist,linear,42,0.25,76.77,0.805195,0.804502,0.804502,-0.000693,100.0
gigapath,mhist,linear,42,0.3,73.69,0.805195,0.804502,0.804502,-0.000693,100.0
gigapath,mhist,linear,42,0.35,70.32,0.805195,0.804502,0.804502,-0.000693,100.0
gigapath,mhist,linear,42,0.4,66.84,0.805195,0.804502,0.804502,-0.000693,100.0
gigapath,mhist,linear,42,0.45,61.92,0.805195,0.804502,0.804502,-0.000693,100.0
gigapath,mhist,linear,42,0.5,57.22,0.805195,0.804502,0.804502,-0.000693,100.0
gigapath,mhist,linear,42,0.55,52.92,0.805195,0.804502,0.804502,-0.000693,100.0
gigapath,mhist,linear,42,0.6,48.41,0.805195,0.804502,0.804502,-0.000693,100.0
gigapath,mhist,linear,42,0.65,43.4,0.805195,0.804502,0.804502,-0.000693,100.0
gigapath,mhist,linear,42,0.7,38.49,0.805195,0.804502,0.804502,-0.000693,100.0
gigapath,mhist,linear,42,0.75,35.41,0.805195,0.804502,0.804502,-0.000693,100.0
gigapath,mhist,linear,42,0.8,31.32,0.805195,0.804502,0.804502,-0.000693,100.0
gigapath,mhist,linear,42,0.85,27.43,0.805195,0.804502,0.804502,-0.000693,100.0
gigapath,mhist,linear,42,0.9,22.11,0.805195,0.804502,0.804502,-0.000693,100.0
gigapath,mhist,linear,42,0.95,15.46,0.805195,0.804502,0.805891,0.000696,-100.32
gigapath,mhist,linear,42,1.0,0.1,0.805195,0.804502,0.806006,0.00081,-116.88
hoptimus,mhist,linear,0,0.0,100.0,0.818621,0.815264,0.815264,-0.003356,100.0
hoptimus,mhist,linear,0,0.05,92.32,0.818621,0.815264,0.815264,-0.003356,100.0
hoptimus,mhist,linear,0,0.1,87.31,0.818621,0.815264,0.815264,-0.003356,100.0
hoptimus,mhist,linear,0,0.15,83.52,0.818621,0.815264,0.815264,-0.003356,100.0
hoptimus,mhist,linear,0,0.2,79.63,0.818621,0.815264,0.815264,-0.003356,100.0
hoptimus,mhist,linear,0,0.25,75.95,0.818621,0.815264,0.815264,-0.003356,100.0
hoptimus,mhist,linear,0,0.3,72.88,0.818621,0.815264,0.815264,-0.003356,100.0
hoptimus,mhist,linear,0,0.35,69.91,0.818621,0.815264,0.815264,-0.003356,100.0
hoptimus,mhist,linear,0,0.4,67.04,0.818621,0.815264,0.815264,-0.003356,100.0
hoptimus,mhist,linear,0,0.45,64.79,0.818621,0.815264,0.815264,-0.003356,100.0
hoptimus,mhist,linear,0,0.5,60.8,0.818621,0.815264,0.815264,-0.003356,100.0
hoptimus,mhist,linear,0,0.55,57.22,0.818621,0.815264,0.815264,-0.003356,100.0
hoptimus,mhist,linear,0,0.6,53.84,0.818621,0.815264,0.815264,-0.003356,100.0
hoptimus,mhist,linear,0,0.65,50.26,0.818621,0.815264,0.815264,-0.003356,100.0
hoptimus,mhist,linear,0,0.7,43.71,0.818621,0.815264,0.815264,-0.003356,100.0
hoptimus,mhist,linear,0,0.75,40.74,0.818621,0.815264,0.815264,-0.003356,100.0
hoptimus,mhist,linear,0,0.8,35.52,0.818621,0.815264,0.815264,-0.003356,100.0
hoptimus,mhist,linear,0,0.85,28.45,0.818621,0.815264,0.815264,-0.003356,100.0
hoptimus,mhist,linear,0,0.9,22.62,0.818621,0.815264,0.815264,-0.003356,100.0
hoptimus,mhist,linear,0,0.95,14.84,0.818621,0.815264,0.815264,-0.003356,100.0
hoptimus,mhist,linear,0,1.0,0.0,0.818621,0.815264,0.818621,0.0,-0.0
hoptimus,mhist,linear,1,0.0,100.0,0.811561,0.813761,0.813761,0.002199,100.0
hoptimus,mhist,linear,1,0.05,90.48,0.811561,0.813761,0.813761,0.002199,100.0
hoptimus,mhist,linear,1,0.1,85.57,0.811561,0.813761,0.813761,0.002199,100.0
hoptimus,mhist,linear,1,0.15,81.78,0.811561,0.813761,0.813761,0.002199,100.0
hoptimus,mhist,linear,1,0.2,77.38,0.811561,0.813761,0.813761,0.002199,100.0
hoptimus,mhist,linear,1,0.25,73.69,0.811561,0.813761,0.813761,0.002199,100.0
hoptimus,mhist,linear,1,0.3,70.32,0.811561,0.813761,0.813761,0.002199,100.0
hoptimus,mhist,linear,1,0.35,68.17,0.811561,0.813761,0.813761,0.002199,100.0
hoptimus,mhist,linear,1,0.4,65.1,0.811561,0.813761,0.813761,0.002199,100.0
hoptimus,mhist,linear,1,0.45,61.72,0.811561,0.813761,0.813761,0.002199,100.0
hoptimus,mhist,linear,1,0.5,58.03,0.811561,0.813761,0.813761,0.002199,100.0
hoptimus,mhist,linear,1,0.55,55.27,0.811561,0.813761,0.813761,0.002199,100.0
hoptimus,mhist,linear,1,0.6,52.0,0.811561,0.813761,0.813761,0.002199,100.0
hoptimus,mhist,linear,1,0.65,46.78,0.811561,0.813761,0.813761,0.002199,100.0
hoptimus,mhist,linear,1,0.7,41.45,0.811561,0.813761,0.813761,0.002199,100.0
hoptimus,mhist,linear,1,0.75,37.05,0.811561,0.813761,0.813761,0.002199,100.0
hoptimus,mhist,linear,1,0.8,32.86,0.811561,0.813761,0.813761,0.002199,100.0
hoptimus,mhist,linear,1,0.85,27.43,0.811561,0.813761,0.813761,0.002199,100.0
hoptimus,mhist,linear,1,0.9,21.19,0.811561,0.813761,0.813761,0.002199,100.0
hoptimus,mhist,linear,1,0.95,14.74,0.811561,0.813761,0.813761,0.002199,100.0
hoptimus,mhist,linear,1,1.0,0.0,0.811561,0.813761,0.811561,0.0,0.0
hoptimus,mhist,linear,2,0.0,100.0,0.776605,0.777994,0.777994,0.001389,100.0
hoptimus,mhist,linear,2,0.05,94.17,0.776605,0.777994,0.777994,0.001389,100.0
hoptimus,mhist,linear,2,0.1,91.1,0.776605,0.777994,0.777994,0.001389,100.0
hoptimus,mhist,linear,2,0.15,87.21,0.776605,0.777994,0.777994,0.001389,100.0
hoptimus,mhist,linear,2,0.2,84.65,0.776605,0.777994,0.777994,0.001389,100.0
hoptimus,mhist,linear,2,0.25,81.37,0.776605,0.777994,0.777994,0.001389,100.0
hoptimus,mhist,linear,2,0.3,79.12,0.776605,0.777994,0.777994,0.001389,100.0
hoptimus,mhist,linear,2,0.35,76.15,0.776605,0.777994,0.777994,0.001389,100.0
hoptimus,mhist,linear,2,0.4,74.0,0.776605,0.777994,0.777994,0.001389,100.0
hoptimus,mhist,linear,2,0.45,71.14,0.776605,0.777994,0.777994,0.001389,100.0
hoptimus,mhist,linear,2,0.5,68.17,0.776605,0.777994,0.777994,0.001389,100.0
hoptimus,mhist,linear,2,0.55,65.1,0.776605,0.777994,0.777994,0.001389,100.0
hoptimus,mhist,linear,2,0.6,61.72,0.776605,0.777994,0.777994,0.001389,100.0
hoptimus,mhist,linear,2,0.65,57.93,0.776605,0.777994,0.777994,0.001389,100.0
hoptimus,mhist,linear,2,0.7,52.92,0.776605,0.777994,0.777994,0.001389,100.0
hoptimus,mhist,linear,2,0.75,48.72,0.776605,0.777994,0.777994,0.001389,100.0
hoptimus,mhist,linear,2,0.8,42.48,0.776605,0.777994,0.777994,0.001389,100.0
hoptimus,mhist,linear,2,0.85,36.75,0.776605,0.777994,0.777994,0.001389,100.0
hoptimus,mhist,linear,2,0.9,29.07,0.776605,0.777994,0.777994,0.001389,100.0
hoptimus,mhist,linear,2,0.95,21.08,0.776605,0.777994,0.777994,0.001389,100.0
hoptimus,mhist,linear,2,1.0,0.0,0.776605,0.777994,0.776605,0.0,0.0
hoptimus,mhist,linear,3,0.0,100.0,0.816077,0.813299,0.813299,-0.002778,100.0
hoptimus,mhist,linear,3,0.05,90.17,0.816077,0.813299,0.813299,-0.002778,100.0
hoptimus,mhist,linear,3,0.1,84.65,0.816077,0.813299,0.813299,-0.002778,100.0
hoptimus,mhist,linear,3,0.15,80.25,0.816077,0.813299,0.813299,-0.002778,100.0
hoptimus,mhist,linear,3,0.2,76.25,0.816077,0.813299,0.813299,-0.002778,100.0
hoptimus,mhist,linear,3,0.25,72.77,0.816077,0.813299,0.813299,-0.002778,100.0
hoptimus,mhist,linear,3,0.3,68.78,0.816077,0.813299,0.813299,-0.002778,100.0
hoptimus,mhist,linear,3,0.35,65.51,0.816077,0.813299,0.813299,-0.002778,100.0
hoptimus,mhist,linear,3,0.4,62.74,0.816077,0.813299,0.813299,-0.002778,100.0
hoptimus,mhist,linear,3,0.45,59.67,0.816077,0.813299,0.813299,-0.002778,100.0
hoptimus,mhist,linear,3,0.5,56.09,0.816077,0.813299,0.813299,-0.002778,100.0
hoptimus,mhist,linear,3,0.55,52.1,0.816077,0.813299,0.813299,-0.002778,100.0
hoptimus,mhist,linear,3,0.6,47.7,0.816077,0.813299,0.813299,-0.002778,100.0
hoptimus,mhist,linear,3,0.65,43.91,0.816077,0.813299,0.813299,-0.002778,100.0
hoptimus,mhist,linear,3,0.7,39.82,0.816077,0.813299,0.813299,-0.002778,100.0
hoptimus,mhist,linear,3,0.75,35.41,0.816077,0.813299,0.813299,-0.002778,100.0
hoptimus,mhist,linear,3,0.8,30.81,0.816077,0.813299,0.813299,-0.002778,100.0
hoptimus,mhist,linear,3,0.85,24.77,0.816077,0.813299,0.813299,-0.002778,100.0
hoptimus,mhist,linear,3,0.9,19.24,0.816077,0.813299,0.813299,-0.002778,100.0
hoptimus,mhist,linear,3,0.95,14.43,0.816077,0.813299,0.813299,-0.002778,100.0
hoptimus,mhist,linear,3,1.0,0.0,0.816077,0.813299,0.816077,0.0,-0.0
hoptimus,mhist,linear,42,0.0,100.0,0.814803,0.817234,0.817234,0.002431,100.0
hoptimus,mhist,linear,42,0.05,90.07,0.814803,0.817234,0.817234,0.002431,100.0
hoptimus,mhist,linear,42,0.1,84.75,0.814803,0.817234,0.817234,0.002431,100.0
hoptimus,mhist,linear,42,0.15,79.84,0.814803,0.817234,0.817234,0.002431,100.0
hoptimus,mhist,linear,42,0.2,75.84,0.814803,0.817234,0.817234,0.002431,100.0
hoptimus,mhist,linear,42,0.25,72.77,0.814803,0.817234,0.817234,0.002431,100.0
hoptimus,mhist,linear,42,0.3,68.27,0.814803,0.817234,0.817234,0.002431,100.0
hoptimus,mhist,linear,42,0.35,64.99,0.814803,0.817234,0.817234,0.002431,100.0
hoptimus,mhist,linear,42,0.4,62.74,0.814803,0.817234,0.817234,0.002431,100.0
hoptimus,mhist,linear,42,0.45,58.96,0.814803,0.817234,0.817234,0.002431,100.0
hoptimus,mhist,linear,42,0.5,55.58,0.814803,0.817234,0.817234,0.002431,100.0
hoptimus,mhist,linear,42,0.55,52.41,0.814803,0.817234,0.817234,0.002431,100.0
hoptimus,mhist,linear,42,0.6,49.54,0.814803,0.817234,0.817234,0.002431,100.0
hoptimus,mhist,linear,42,0.65,45.04,0.814803,0.817234,0.817234,0.002431,100.0
hoptimus,mhist,linear,42,0.7,40.63,0.814803,0.817234,0.817234,0.002431,100.0
hoptimus,mhist,linear,42,0.75,35.52,0.814803,0.817234,0.817234,0.002431,100.0
hoptimus,mhist,linear,42,0.8,30.71,0.814803,0.817234,0.817234,0.002431,100.0
hoptimus,mhist,linear,42,0.85,26.61,0.814803,0.817234,0.817234,0.002431,100.0
hoptimus,mhist,linear,42,0.9,21.6,0.814803,0.817234,0.817234,0.002431,100.0
hoptimus,mhist,linear,42,0.95,14.94,0.814803,0.817234,0.817234,0.002431,100.0
hoptimus,mhist,linear,42,1.0,0.0,0.814803,0.817234,0.814803,0.0,0.0
phikon2,mhist,linear,0,0.0,100.0,0.710983,0.705889,0.705889,-0.005094,100.0
phikon2,mhist,linear,0,0.05,99.69,0.710983,0.705889,0.705889,-0.005094,100.0
phikon2,mhist,linear,0,0.1,97.44,0.710983,0.705889,0.705889,-0.005094,100.0
phikon2,mhist,linear,0,0.15,94.78,0.710983,0.705889,0.705889,-0.005094,100.0
phikon2,mhist,linear,0,0.2,92.63,0.710983,0.705889,0.705889,-0.005094,100.0
phikon2,mhist,linear,0,0.25,90.89,0.710983,0.705889,0.705889,-0.005094,100.0
phikon2,mhist,linear,0,0.3,88.23,0.710983,0.705889,0.705889,-0.005094,100.0
phikon2,mhist,linear,0,0.35,85.57,0.710983,0.705889,0.705889,-0.005094,100.0
phikon2,mhist,linear,0,0.4,84.24,0.710983,0.705889,0.705889,-0.005094,100.0
phikon2,mhist,linear,0,0.45,82.6,0.710983,0.705889,0.705889,-0.005094,100.0
phikon2,mhist,linear,0,0.5,79.94,0.710983,0.705889,0.705889,-0.005094,100.0
phikon2,mhist,linear,0,0.55,78.51,0.710983,0.705889,0.705889,-0.005094,100.0
phikon2,mhist,linear,0,0.6,76.97,0.710983,0.705889,0.705889,-0.005094,100.0
phikon2,mhist,linear,0,0.65,74.82,0.710983,0.705889,0.705889,-0.005094,100.0
phikon2,mhist,linear,0,0.7,71.24,0.710983,0.705889,0.705889,-0.005094,100.0
phikon2,mhist,linear,0,0.75,67.76,0.710983,0.705889,0.705889,-0.005094,100.0
phikon2,mhist,linear,0,0.8,63.25,0.710983,0.705889,0.705889,-0.005094,100.0
phikon2,mhist,linear,0,0.85,56.7,0.710983,0.705889,0.705889,-0.005094,100.0
phikon2,mhist,linear,0,0.9,48.72,0.710983,0.705889,0.705889,-0.005094,100.0
phikon2,mhist,linear,0,0.95,37.05,0.710983,0.705889,0.705889,-0.005094,100.0
phikon2,mhist,linear,0,1.0,0.1,0.710983,0.705889,0.710983,0.0,-0.0
phikon2,mhist,linear,1,0.0,100.0,0.704036,0.696396,0.696396,-0.00764,100.0
phikon2,mhist,linear,1,0.05,100.0,0.704036,0.696396,0.696396,-0.00764,100.0
phikon2,mhist,linear,1,0.1,97.54,0.704036,0.696396,0.696396,-0.00764,100.0
phikon2,mhist,linear,1,0.15,95.19,0.704036,0.696396,0.696396,-0.00764,100.0
phikon2,mhist,linear,1,0.2,92.73,0.704036,0.696396,0.696396,-0.00764,100.0
phikon2,mhist,linear,1,0.25,91.1,0.704036,0.696396,0.696396,-0.00764,100.0
phikon2,mhist,linear,1,0.3,88.43,0.704036,0.696396,0.696396,-0.00764,100.0
phikon2,mhist,linear,1,0.35,85.77,0.704036,0.696396,0.696396,-0.00764,100.0
phikon2,mhist,linear,1,0.4,84.34,0.704036,0.696396,0.696396,-0.00764,100.0
phikon2,mhist,linear,1,0.45,82.4,0.704036,0.696396,0.696396,-0.00764,100.0
phikon2,mhist,linear,1,0.5,80.25,0.704036,0.696396,0.696396,-0.00764,100.0
phikon2,mhist,linear,1,0.55,78.4,0.704036,0.696396,0.696396,-0.00764,100.0
phikon2,mhist,linear,1,0.6,76.66,0.704036,0.696396,0.696396,-0.00764,100.0
phikon2,mhist,linear,1,0.65,74.31,0.704036,0.696396,0.696396,-0.00764,100.0
phikon2,mhist,linear,1,0.7,70.32,0.704036,0.696396,0.696396,-0.00764,100.0
phikon2,mhist,linear,1,0.75,67.55,0.704036,0.696396,0.696396,-0.00764,100.0
phikon2,mhist,linear,1,0.8,62.44,0.704036,0.696396,0.696396,-0.00764,100.0
phikon2,mhist,linear,1,0.85,55.27,0.704036,0.696396,0.696396,-0.00764,100.0
phikon2,mhist,linear,1,0.9,46.37,0.704036,0.696396,0.696396,-0.00764,100.0
phikon2,mhist,linear,1,0.95,34.49,0.704036,0.696396,0.696396,-0.00764,100.0
phikon2,mhist,linear,1,1.0,0.1,0.704036,0.696396,0.704036,0.0,-0.0
phikon2,mhist,linear,2,0.0,100.0,0.715726,0.714452,0.714452,-0.001274,100.0
phikon2,mhist,linear,2,0.05,99.69,0.715726,0.714452,0.714452,-0.001274,100.0
phikon2,mhist,linear,2,0.1,96.93,0.715726,0.714452,0.714452,-0.001274,100.0
phikon2,mhist,linear,2,0.15,94.17,0.715726,0.714452,0.714452,-0.001274,100.0
phikon2,mhist,linear,2,0.2,92.22,0.715726,0.714452,0.714452,-0.001274,100.0
phikon2,mhist,linear,2,0.25,89.76,0.715726,0.714452,0.714452,-0.001274,100.0
phikon2,mhist,linear,2,0.3,86.9,0.715726,0.714452,0.714452,-0.001274,100.0
phikon2,mhist,linear,2,0.35,85.57,0.715726,0.714452,0.714452,-0.001274,100.0
phikon2,mhist,linear,2,0.4,84.24,0.715726,0.714452,0.714452,-0.001274,100.0
phikon2,mhist,linear,2,0.45,82.7,0.715726,0.714452,0.714452,-0.001274,100.0
phikon2,mhist,linear,2,0.5,80.76,0.715726,0.714452,0.714452,-0.001274,100.0
phikon2,mhist,linear,2,0.55,78.3,0.715726,0.714452,0.714452,-0.001274,100.0
phikon2,mhist,linear,2,0.6,75.84,0.715726,0.714452,0.714452,-0.001274,100.0
phikon2,mhist,linear,2,0.65,74.0,0.715726,0.714452,0.714452,-0.001274,100.0
phikon2,mhist,linear,2,0.7,70.21,0.715726,0.714452,0.714452,-0.001274,100.0
phikon2,mhist,linear,2,0.75,66.53,0.715726,0.714452,0.714452,-0.001274,100.0
phikon2,mhist,linear,2,0.8,61.72,0.715726,0.714452,0.714452,-0.001274,100.0
phikon2,mhist,linear,2,0.85,55.37,0.715726,0.714452,0.714452,-0.001274,100.0
phikon2,mhist,linear,2,0.9,47.7,0.715726,0.714452,0.714452,-0.001274,100.0
phikon2,mhist,linear,2,0.95,34.08,0.715726,0.714452,0.714452,-0.001274,100.0
phikon2,mhist,linear,2,1.0,0.0,0.715726,0.714452,0.715726,0.0,-0.0
phikon2,mhist,linear,3,0.0,100.0,0.710981,0.713873,0.713873,0.002893,100.0
phikon2,mhist,linear,3,0.05,99.59,0.710981,0.713873,0.713873,0.002893,100.0
phikon2,mhist,linear,3,0.1,96.72,0.710981,0.713873,0.713873,0.002893,100.0
phikon2,mhist,linear,3,0.15,93.96,0.710981,0.713873,0.713873,0.002893,100.0
phikon2,mhist,linear,3,0.2,92.02,0.710981,0.713873,0.713873,0.002893,100.0
phikon2,mhist,linear,3,0.25,89.76,0.710981,0.713873,0.713873,0.002893,100.0
phikon2,mhist,linear,3,0.3,86.69,0.710981,0.713873,0.713873,0.002893,100.0
phikon2,mhist,linear,3,0.35,85.36,0.710981,0.713873,0.713873,0.002893,100.0
phikon2,mhist,linear,3,0.4,83.42,0.710981,0.713873,0.713873,0.002893,100.0
phikon2,mhist,linear,3,0.45,81.47,0.710981,0.713873,0.713873,0.002893,100.0
phikon2,mhist,linear,3,0.5,79.53,0.710981,0.713873,0.713873,0.002893,100.0
phikon2,mhist,linear,3,0.55,77.07,0.710981,0.713873,0.713873,0.002893,100.0
phikon2,mhist,linear,3,0.6,74.51,0.710981,0.713873,0.713873,0.002893,100.0
phikon2,mhist,linear,3,0.65,72.16,0.710981,0.713873,0.713873,0.002893,100.0
phikon2,mhist,linear,3,0.7,69.09,0.710981,0.713873,0.713873,0.002893,100.0
phikon2,mhist,linear,3,0.75,64.89,0.710981,0.713873,0.713873,0.002893,100.0
phikon2,mhist,linear,3,0.8,60.59,0.710981,0.713873,0.713873,0.002893,100.0
phikon2,mhist,linear,3,0.85,53.84,0.710981,0.713873,0.713873,0.002893,100.0
phikon2,mhist,linear,3,0.9,44.93,0.710981,0.713873,0.713873,0.002893,100.0
phikon2,mhist,linear,3,0.95,33.06,0.710981,0.713873,0.713873,0.002893,100.0
phikon2,mhist,linear,3,1.0,0.0,0.710981,0.713873,0.710981,0.0,0.0
phikon2,mhist,linear,42,0.0,100.0,0.717346,0.720354,0.720354,0.003007,100.0
phikon2,mhist,linear,42,0.05,99.69,0.717346,0.720354,0.720354,0.003007,100.0
phikon2,mhist,linear,42,0.1,97.34,0.717346,0.720354,0.720354,0.003007,100.0
phikon2,mhist,linear,42,0.15,94.17,0.717346,0.720354,0.720354,0.003007,100.0
phikon2,mhist,linear,42,0.2,92.53,0.717346,0.720354,0.720354,0.003007,100.0
phikon2,mhist,linear,42,0.25,91.1,0.717346,0.720354,0.720354,0.003007,100.0
phikon2,mhist,linear,42,0.3,87.62,0.717346,0.720354,0.720354,0.003007,100.0
phikon2,mhist,linear,42,0.35,85.67,0.717346,0.720354,0.720354,0.003007,100.0
phikon2,mhist,linear,42,0.4,84.03,0.717346,0.720354,0.720354,0.003007,100.0
phikon2,mhist,linear,42,0.45,82.4,0.717346,0.720354,0.720354,0.003007,100.0
phikon2,mhist,linear,42,0.5,79.94,0.717346,0.720354,0.720354,0.003007,100.0
phikon2,mhist,linear,42,0.55,78.2,0.717346,0.720354,0.720354,0.003007,100.0
phikon2,mhist,linear,42,0.6,76.25,0.717346,0.720354,0.720354,0.003007,100.0
phikon2,mhist,linear,42,0.65,73.8,0.717346,0.720354,0.720354,0.003007,100.0
phikon2,mhist,linear,42,0.7,69.81,0.717346,0.720354,0.720354,0.003007,100.0
phikon2,mhist,linear,42,0.75,65.61,0.717346,0.720354,0.720354,0.003007,100.0
phikon2,mhist,linear,42,0.8,59.88,0.717346,0.720354,0.720354,0.003007,100.0
phikon2,mhist,linear,42,0.85,54.66,0.717346,0.720354,0.720354,0.003007,100.0
phikon2,mhist,linear,42,0.9,47.08,0.717346,0.720354,0.720354,0.003007,100.0
phikon2,mhist,linear,42,0.95,34.7,0.717346,0.720354,0.720354,0.003007,100.0
phikon2,mhist,linear,42,1.0,0.0,0.717346,0.720354,0.717346,0.0,0.0
phikon,mhist,linear,0,0.0,100.0,0.731118,0.744429,0.744429,0.01331,100.0
phikon,mhist,linear,0,0.05,96.32,0.731118,0.744429,0.744429,0.01331,100.0
phikon,mhist,linear,0,0.1,91.2,0.731118,0.744429,0.744429,0.01331,100.0
phikon,mhist,linear,0,0.15,87.21,0.731118,0.744429,0.744429,0.01331,100.0
phikon,mhist,linear,0,0.2,83.83,0.731118,0.744429,0.744429,0.01331,100.0
phikon,mhist,linear,0,0.25,81.06,0.731118,0.744429,0.744429,0.01331,100.0
phikon,mhist,linear,0,0.3,77.89,0.731118,0.744429,0.744429,0.01331,100.0
phikon,mhist,linear,0,0.35,74.92,0.731118,0.744429,0.744429,0.01331,100.0
phikon,mhist,linear,0,0.4,71.65,0.731118,0.744429,0.744429,0.01331,100.0
phikon,mhist,linear,0,0.45,68.88,0.731118,0.744429,0.744429,0.01331,100.0
phikon,mhist,linear,0,0.5,66.02,0.731118,0.744429,0.744429,0.01331,100.0
phikon,mhist,linear,0,0.55,63.25,0.731118,0.744429,0.744429,0.01331,100.0
phikon,mhist,linear,0,0.6,59.37,0.731118,0.744429,0.744429,0.01331,100.0
phikon,mhist,linear,0,0.65,55.68,0.731118,0.744429,0.744429,0.01331,100.0
phikon,mhist,linear,0,0.7,51.69,0.731118,0.744429,0.744429,0.01331,100.0
phikon,mhist,linear,0,0.75,47.9,0.731118,0.744429,0.744429,0.01331,100.0
phikon,mhist,linear,0,0.8,43.81,0.731118,0.744429,0.744429,0.01331,100.0
phikon,mhist,linear,0,0.85,38.49,0.731118,0.744429,0.744429,0.01331,100.0
phikon,mhist,linear,0,0.9,30.3,0.731118,0.744429,0.744429,0.01331,100.0
phikon,mhist,linear,0,0.95,21.7,0.731118,0.744429,0.744429,0.01331,100.0
phikon,mhist,linear,0,1.0,0.0,0.731118,0.744429,0.731118,0.0,0.0
phikon,mhist,linear,1,0.0,100.0,0.743272,0.739798,0.739798,-0.003473,100.0
phikon,mhist,linear,1,0.05,95.5,0.743272,0.739798,0.739798,-0.003473,100.0
phikon,mhist,linear,1,0.1,91.1,0.743272,0.739798,0.739798,-0.003473,100.0
phikon,mhist,linear,1,0.15,87.31,0.743272,0.739798,0.739798,-0.003473,100.0
phikon,mhist,linear,1,0.2,82.8,0.743272,0.739798,0.739798,-0.003473,100.0
phikon,mhist,linear,1,0.25,80.66,0.743272,0.739798,0.739798,-0.003473,100.0
phikon,mhist,linear,1,0.3,78.51,0.743272,0.739798,0.739798,-0.003473,100.0
phikon,mhist,linear,1,0.35,76.05,0.743272,0.739798,0.739798,-0.003473,100.0
phikon,mhist,linear,1,0.4,72.16,0.743272,0.739798,0.739798,-0.003473,100.0
phikon,mhist,linear,1,0.45,68.99,0.743272,0.739798,0.739798,-0.003473,100.0
phikon,mhist,linear,1,0.5,65.61,0.743272,0.739798,0.739798,-0.003473,100.0
phikon,mhist,linear,1,0.55,61.92,0.743272,0.739798,0.739798,-0.003473,100.0
phikon,mhist,linear,1,0.6,59.16,0.743272,0.739798,0.739798,-0.003473,100.0
phikon,mhist,linear,1,0.65,55.37,0.743272,0.739798,0.739798,-0.003473,100.0
phikon,mhist,linear,1,0.7,52.1,0.743272,0.739798,0.739798,-0.003473,100.0
phikon,mhist,linear,1,0.75,48.0,0.743272,0.739798,0.739798,-0.003473,100.0
phikon,mhist,linear,1,0.8,42.58,0.743272,0.739798,0.739798,-0.003473,100.0
phikon,mhist,linear,1,0.85,36.75,0.743272,0.739798,0.739798,-0.003473,100.0
phikon,mhist,linear,1,0.9,30.5,0.743272,0.739798,0.739798,-0.003473,100.0
phikon,mhist,linear,1,0.95,22.62,0.743272,0.739798,0.739798,-0.003473,100.0
phikon,mhist,linear,1,1.0,0.0,0.743272,0.739798,0.743272,0.0,-0.0
phikon,mhist,linear,2,0.0,100.0,0.741881,0.745815,0.745815,0.003935,100.0
phikon,mhist,linear,2,0.05,93.24,0.741881,0.745815,0.745815,0.003935,100.0
phikon,mhist,linear,2,0.1,88.02,0.741881,0.745815,0.745815,0.003935,100.0
phikon,mhist,linear,2,0.15,84.44,0.741881,0.745815,0.745815,0.003935,100.0
phikon,mhist,linear,2,0.2,80.76,0.741881,0.745815,0.745815,0.003935,100.0
phikon,mhist,linear,2,0.25,76.87,0.741881,0.745815,0.745815,0.003935,100.0
phikon,mhist,linear,2,0.3,73.8,0.741881,0.745815,0.745815,0.003935,100.0
phikon,mhist,linear,2,0.35,70.73,0.741881,0.745815,0.745815,0.003935,100.0
phikon,mhist,linear,2,0.4,66.33,0.741881,0.745815,0.745815,0.003935,100.0
phikon,mhist,linear,2,0.45,63.36,0.741881,0.745815,0.745815,0.003935,100.0
phikon,mhist,linear,2,0.5,60.29,0.741881,0.745815,0.745815,0.003935,100.0
phikon,mhist,linear,2,0.55,58.44,0.741881,0.745815,0.745815,0.003935,100.0
phikon,mhist,linear,2,0.6,54.86,0.741881,0.745815,0.745815,0.003935,100.0
phikon,mhist,linear,2,0.65,51.28,0.741881,0.745815,0.745815,0.003935,100.0
phikon,mhist,linear,2,0.7,47.29,0.741881,0.745815,0.745815,0.003935,100.0
phikon,mhist,linear,2,0.75,43.91,0.741881,0.745815,0.745815,0.003935,100.0
phikon,mhist,linear,2,0.8,38.89,0.741881,0.745815,0.745815,0.003935,100.0
phikon,mhist,linear,2,0.85,33.57,0.741881,0.745815,0.745815,0.003935,100.0
phikon,mhist,linear,2,0.9,27.74,0.741881,0.745815,0.745815,0.003935,100.0
phikon,mhist,linear,2,0.95,19.55,0.741881,0.745815,0.748015,0.006134,155.89
phikon,mhist,linear,2,1.0,0.0,0.741881,0.745815,0.741881,0.0,0.0
phikon,mhist,linear,3,0.0,100.0,0.732507,0.750448,0.750448,0.017941,100.0
phikon,mhist,linear,3,0.05,94.68,0.732507,0.750448,0.750448,0.017941,100.0
phikon,mhist,linear,3,0.1,89.66,0.732507,0.750448,0.750448,0.017941,100.0
phikon,mhist,linear,3,0.15,86.59,0.732507,0.750448,0.750448,0.017941,100.0
phikon,mhist,linear,3,0.2,83.83,0.732507,0.750448,0.750448,0.017941,100.0
phikon,mhist,linear,3,0.25,79.73,0.732507,0.750448,0.750448,0.017941,100.0
phikon,mhist,linear,3,0.3,76.66,0.732507,0.750448,0.750448,0.017941,100.0
phikon,mhist,linear,3,0.35,72.77,0.732507,0.750448,0.750448,0.017941,100.0
phikon,mhist,linear,3,0.4,69.7,0.732507,0.750448,0.750448,0.017941,100.0
phikon,mhist,linear,3,0.45,66.73,0.732507,0.750448,0.750448,0.017941,100.0
phikon,mhist,linear,3,0.5,63.97,0.732507,0.750448,0.750448,0.017941,100.0
phikon,mhist,linear,3,0.55,60.8,0.732507,0.750448,0.750448,0.017941,100.0
phikon,mhist,linear,3,0.6,57.11,0.732507,0.750448,0.750448,0.017941,100.0
phikon,mhist,linear,3,0.65,54.25,0.732507,0.750448,0.750448,0.017941,100.0
phikon,mhist,linear,3,0.7,51.69,0.732507,0.750448,0.750448,0.017941,100.0
phikon,mhist,linear,3,0.75,47.49,0.732507,0.750448,0.750448,0.017941,100.0
phikon,mhist,linear,3,0.8,42.48,0.732507,0.750448,0.750448,0.017941,100.0
phikon,mhist,linear,3,0.85,36.95,0.732507,0.750448,0.750448,0.017941,100.0
phikon,mhist,linear,3,0.9,30.19,0.732507,0.750448,0.750448,0.017941,100.0
phikon,mhist,linear,3,0.95,21.19,0.732507,0.750448,0.750448,0.017941,100.0
phikon,mhist,linear,3,1.0,0.0,0.732507,0.750448,0.732507,0.0,0.0
phikon,mhist,linear,42,0.0,100.0,0.740375,0.744541,0.744541,0.004167,100.0
phikon,mhist,linear,42,0.05,94.58,0.740375,0.744541,0.744541,0.004167,100.0
phikon,mhist,linear,42,0.1,90.17,0.740375,0.744541,0.744541,0.004167,100.0
phikon,mhist,linear,42,0.15,86.69,0.740375,0.744541,0.744541,0.004167,100.0
phikon,mhist,linear,42,0.2,83.52,0.740375,0.744541,0.744541,0.004167,100.0
phikon,mhist,linear,42,0.25,80.66,0.740375,0.744541,0.744541,0.004167,100.0
phikon,mhist,linear,42,0.3,78.2,0.740375,0.744541,0.744541,0.004167,100.0
phikon,mhist,linear,42,0.35,74.51,0.740375,0.744541,0.744541,0.004167,100.0
phikon,mhist,linear,42,0.4,70.52,0.740375,0.744541,0.744541,0.004167,100.0
phikon,mhist,linear,42,0.45,67.45,0.740375,0.744541,0.744541,0.004167,100.0
phikon,mhist,linear,42,0.5,63.25,0.740375,0.744541,0.744541,0.004167,100.0
phikon,mhist,linear,42,0.55,60.29,0.740375,0.744541,0.744541,0.004167,100.0
phikon,mhist,linear,42,0.6,57.22,0.740375,0.744541,0.744541,0.004167,100.0
phikon,mhist,linear,42,0.65,53.74,0.740375,0.744541,0.744541,0.004167,100.0
phikon,mhist,linear,42,0.7,49.33,0.740375,0.744541,0.744541,0.004167,100.0
phikon,mhist,linear,42,0.75,45.85,0.740375,0.744541,0.744541,0.004167,100.0
phikon,mhist,linear,42,0.8,41.35,0.740375,0.744541,0.744541,0.004167,100.0
phikon,mhist,linear,42,0.85,37.05,0.740375,0.744541,0.744541,0.004167,100.0
phikon,mhist,linear,42,0.9,29.79,0.740375,0.744541,0.744541,0.004167,100.0
phikon,mhist,linear,42,0.95,21.29,0.740375,0.744541,0.744541,0.004167,100.0
phikon,mhist,linear,42,1.0,0.1,0.740375,0.744541,0.739564,-0.00081,-19.45
resnet18,mhist,linear,0,0.0,100.0,0.723481,0.749176,0.749176,0.025696,100.0
resnet18,mhist,linear,0,0.05,99.08,0.723481,0.749176,0.749176,0.025696,100.0
resnet18,mhist,linear,0,0.1,97.03,0.723481,0.749176,0.749176,0.025696,100.0
resnet18,mhist,linear,0,0.15,94.27,0.723481,0.749176,0.749176,0.025696,100.0
resnet18,mhist,linear,0,0.2,92.02,0.723481,0.749176,0.749176,0.025696,100.0
resnet18,mhist,linear,0,0.25,89.25,0.723481,0.749176,0.749176,0.025696,100.0
resnet18,mhist,linear,0,0.3,87.1,0.723481,0.749176,0.749176,0.025696,100.0
resnet18,mhist,linear,0,0.35,84.65,0.723481,0.749176,0.749176,0.025696,100.0
resnet18,mhist,linear,0,0.4,81.68,0.723481,0.749176,0.749176,0.025696,100.0
resnet18,mhist,linear,0,0.45,78.2,0.723481,0.749176,0.749176,0.025696,100.0
resnet18,mhist,linear,0,0.5,75.74,0.723481,0.749176,0.749176,0.025696,100.0
resnet18,mhist,linear,0,0.55,72.47,0.723481,0.749176,0.749176,0.025696,100.0
resnet18,mhist,linear,0,0.6,68.37,0.723481,0.749176,0.749176,0.025696,100.0
resnet18,mhist,linear,0,0.65,64.59,0.723481,0.749176,0.749176,0.025696,100.0
resnet18,mhist,linear,0,0.7,60.08,0.723481,0.749176,0.749176,0.025696,100.0
resnet18,mhist,linear,0,0.75,54.04,0.723481,0.749176,0.749176,0.025696,100.0
resnet18,mhist,linear,0,0.8,47.29,0.723481,0.749176,0.747787,0.024307,94.59
resnet18,mhist,linear,0,0.85,41.04,0.723481,0.749176,0.745588,0.022107,86.04
resnet18,mhist,linear,0,0.9,34.08,0.723481,0.749176,0.74281,0.01933,75.23
resnet18,mhist,linear,0,0.95,23.23,0.723481,0.749176,0.737486,0.014006,54.51
resnet18,mhist,linear,0,1.0,0.0,0.723481,0.749176,0.723481,0.0,0.0
resnet18,mhist,linear,1,0.0,100.0,0.730886,0.746743,0.746743,0.015856,100.0
resnet18,mhist,linear,1,0.05,98.67,0.730886,0.746743,0.746743,0.015856,100.0
resnet18,mhist,linear,1,0.1,96.01,0.730886,0.746743,0.746743,0.015856,100.0
resnet18,mhist,linear,1,0.15,93.24,0.730886,0.746743,0.746743,0.015856,100.0
resnet18,mhist,linear,1,0.2,90.28,0.730886,0.746743,0.746743,0.015856,100.0
resnet18,mhist,linear,1,0.25,88.13,0.730886,0.746743,0.746743,0.015856,100.0
resnet18,mhist,linear,1,0.3,85.88,0.730886,0.746743,0.746743,0.015856,100.0
resnet18,mhist,linear,1,0.35,83.62,0.730886,0.746743,0.746743,0.015856,100.0
resnet18,mhist,linear,1,0.4,80.04,0.730886,0.746743,0.746743,0.015856,100.0
resnet18,mhist,linear,1,0.45,76.97,0.730886,0.746743,0.746743,0.015856,100.0
resnet18,mhist,linear,1,0.5,74.31,0.730886,0.746743,0.746743,0.015856,100.0
resnet18,mhist,linear,1,0.55,70.21,0.730886,0.746743,0.746743,0.015856,100.0
resnet18,mhist,linear,1,0.6,66.84,0.730886,0.746743,0.746743,0.015856,100.0
resnet18,mhist,linear,1,0.65,62.64,0.730886,0.746743,0.746743,0.015856,100.0
resnet18,mhist,linear,1,0.7,57.93,0.730886,0.746743,0.748132,0.017245,108.76
resnet18,mhist,linear,1,0.75,53.53,0.730886,0.746743,0.748132,0.017245,108.76
resnet18,mhist,linear,1,0.8,47.29,0.730886,0.746743,0.746743,0.015856,100.0
resnet18,mhist,linear,1,0.85,39.61,0.730886,0.746743,0.746743,0.015856,100.0
resnet18,mhist,linear,1,0.9,31.42,0.730886,0.746743,0.744775,0.013889,87.59
resnet18,mhist,linear,1,0.95,21.9,0.730886,0.746743,0.748595,0.017709,111.68
resnet18,mhist,linear,1,1.0,0.1,0.730886,0.746743,0.730076,-0.00081,-5.11
resnet18,mhist,linear,2,0.0,100.0,0.716536,0.729385,0.729385,0.012849,100.0
resnet18,mhist,linear,2,0.05,99.49,0.716536,0.729385,0.729385,0.012849,100.0
resnet18,mhist,linear,2,0.1,97.44,0.716536,0.729385,0.729385,0.012849,100.0
resnet18,mhist,linear,2,0.15,95.19,0.716536,0.729385,0.729385,0.012849,100.0
resnet18,mhist,linear,2,0.2,92.94,0.716536,0.729385,0.729385,0.012849,100.0
resnet18,mhist,linear,2,0.25,90.69,0.716536,0.729385,0.729385,0.012849,100.0
resnet18,mhist,linear,2,0.3,88.02,0.716536,0.729385,0.729385,0.012849,100.0
resnet18,mhist,linear,2,0.35,84.95,0.716536,0.729385,0.729385,0.012849,100.0
resnet18,mhist,linear,2,0.4,82.5,0.716536,0.729385,0.729385,0.012849,100.0
resnet18,mhist,linear,2,0.45,80.55,0.716536,0.729385,0.729385,0.012849,100.0
resnet18,mhist,linear,2,0.5,77.18,0.716536,0.729385,0.729385,0.012849,100.0
resnet18,mhist,linear,2,0.55,74.21,0.716536,0.729385,0.729385,0.012849,100.0
resnet18,mhist,linear,2,0.6,70.93,0.716536,0.729385,0.729385,0.012849,100.0
resnet18,mhist,linear,2,0.65,67.66,0.716536,0.729385,0.729385,0.012849,100.0
resnet18,mhist,linear,2,0.7,63.87,0.716536,0.729385,0.729385,0.012849,100.0
resnet18,mhist,linear,2,0.75,58.34,0.716536,0.729385,0.729385,0.012849,100.0
resnet18,mhist,linear,2,0.8,52.3,0.716536,0.729385,0.729385,0.012849,100.0
resnet18,mhist,linear,2,0.85,45.34,0.716536,0.729385,0.729385,0.012849,100.0
resnet18,mhist,linear,2,0.9,38.08,0.716536,0.729385,0.730195,0.013659,106.31
resnet18,mhist,linear,2,0.95,27.23,0.716536,0.729385,0.723019,0.006483,50.46
resnet18,mhist,linear,2,1.0,0.1,0.716536,0.729385,0.715147,-0.001389,-10.81
resnet18,mhist,linear,3,0.0,100.0,0.716538,0.735289,0.735289,0.018751,100.0
resnet18,mhist,linear,3,0.05,98.98,0.716538,0.735289,0.735289,0.018751,100.0
resnet18,mhist,linear,3,0.1,96.52,0.716538,0.735289,0.735289,0.018751,100.0
resnet18,mhist,linear,3,0.15,94.06,0.716538,0.735289,0.735289,0.018751,100.0
resnet18,mhist,linear,3,0.2,90.99,0.716538,0.735289,0.735289,0.018751,100.0
resnet18,mhist,linear,3,0.25,88.43,0.716538,0.735289,0.735289,0.018751,100.0
resnet18,mhist,linear,3,0.3,86.18,0.716538,0.735289,0.735289,0.018751,100.0
resnet18,mhist,linear,3,0.35,83.32,0.716538,0.735289,0.735289,0.018751,100.0
resnet18,mhist,linear,3,0.4,79.63,0.716538,0.735289,0.735289,0.018751,100.0
resnet18,mhist,linear,3,0.45,76.97,0.716538,0.735289,0.735289,0.018751,100.0
resnet18,mhist,linear,3,0.5,73.39,0.716538,0.735289,0.735289,0.018751,100.0
resnet18,mhist,linear,3,0.55,70.62,0.716538,0.735289,0.735289,0.018751,100.0
resnet18,mhist,linear,3,0.6,66.73,0.716538,0.735289,0.735289,0.018751,100.0
resnet18,mhist,linear,3,0.65,62.85,0.716538,0.735289,0.735289,0.018751,100.0
resnet18,mhist,linear,3,0.7,58.85,0.716538,0.735289,0.735289,0.018751,100.0
resnet18,mhist,linear,3,0.75,53.22,0.716538,0.735289,0.735289,0.018751,100.0
resnet18,mhist,linear,3,0.8,47.29,0.716538,0.735289,0.735289,0.018751,100.0
resnet18,mhist,linear,3,0.85,40.74,0.716538,0.735289,0.737489,0.02095,111.73
resnet18,mhist,linear,3,0.9,32.86,0.716538,0.735289,0.735521,0.018983,101.24
resnet18,mhist,linear,3,0.95,23.44,0.716538,0.735289,0.728924,0.012385,66.05
resnet18,mhist,linear,3,1.0,0.0,0.716538,0.735289,0.716538,0.0,0.0
resnet18,mhist,linear,42,0.0,100.0,0.702535,0.721632,0.721632,0.019098,100.0
resnet18,mhist,linear,42,0.05,99.39,0.702535,0.721632,0.721632,0.019098,100.0
resnet18,mhist,linear,42,0.1,97.54,0.702535,0.721632,0.721632,0.019098,100.0
resnet18,mhist,linear,42,0.15,94.78,0.702535,0.721632,0.721632,0.019098,100.0
resnet18,mhist,linear,42,0.2,92.22,0.702535,0.721632,0.721632,0.019098,100.0
resnet18,mhist,linear,42,0.25,90.28,0.702535,0.721632,0.721632,0.019098,100.0
resnet18,mhist,linear,42,0.3,87.62,0.702535,0.721632,0.721632,0.019098,100.0
resnet18,mhist,linear,42,0.35,84.75,0.702535,0.721632,0.721632,0.019098,100.0
resnet18,mhist,linear,42,0.4,81.88,0.702535,0.721632,0.721632,0.019098,100.0
resnet18,mhist,linear,42,0.45,79.43,0.702535,0.721632,0.721632,0.019098,100.0
resnet18,mhist,linear,42,0.5,76.56,0.702535,0.721632,0.721632,0.019098,100.0
resnet18,mhist,linear,42,0.55,73.18,0.702535,0.721632,0.721632,0.019098,100.0
resnet18,mhist,linear,42,0.6,69.29,0.702535,0.721632,0.721632,0.019098,100.0
resnet18,mhist,linear,42,0.65,65.71,0.702535,0.721632,0.721632,0.019098,100.0
resnet18,mhist,linear,42,0.7,61.51,0.702535,0.721632,0.721632,0.019098,100.0
resnet18,mhist,linear,42,0.75,56.29,0.702535,0.721632,0.721632,0.019098,100.0
resnet18,mhist,linear,42,0.8,50.97,0.702535,0.721632,0.721632,0.019098,100.0
resnet18,mhist,linear,42,0.85,43.81,0.702535,0.721632,0.720244,0.017709,92.73
resnet18,mhist,linear,42,0.9,36.23,0.702535,0.721632,0.719665,0.01713,89.7
resnet18,mhist,linear,42,0.95,25.69,0.702535,0.721632,0.717466,0.014931,78.18
resnet18,mhist,linear,42,1.0,0.0,0.702535,0.721632,0.702535,0.0,0.0
resnet50,mhist,linear,0,0.0,100.0,0.718621,0.742466,0.742466,0.023845,100.0
resnet50,mhist,linear,0,0.05,99.9,0.718621,0.742466,0.742466,0.023845,100.0
resnet50,mhist,linear,0,0.1,97.85,0.718621,0.742466,0.742466,0.023845,100.0
resnet50,mhist,linear,0,0.15,95.8,0.718621,0.742466,0.742466,0.023845,100.0
resnet50,mhist,linear,0,0.2,91.81,0.718621,0.742466,0.742466,0.023845,100.0
resnet50,mhist,linear,0,0.25,88.43,0.718621,0.742466,0.742466,0.023845,100.0
resnet50,mhist,linear,0,0.3,85.47,0.718621,0.742466,0.742466,0.023845,100.0
resnet50,mhist,linear,0,0.35,81.06,0.718621,0.742466,0.742466,0.023845,100.0
resnet50,mhist,linear,0,0.4,77.69,0.718621,0.742466,0.742466,0.023845,100.0
resnet50,mhist,linear,0,0.45,75.13,0.718621,0.742466,0.742466,0.023845,100.0
resnet50,mhist,linear,0,0.5,71.55,0.718621,0.742466,0.742466,0.023845,100.0
resnet50,mhist,linear,0,0.55,68.58,0.718621,0.742466,0.742466,0.023845,100.0
resnet50,mhist,linear,0,0.6,65.2,0.718621,0.742466,0.742466,0.023845,100.0
resnet50,mhist,linear,0,0.65,61.0,0.718621,0.742466,0.742466,0.023845,100.0
resnet50,mhist,linear,0,0.7,56.91,0.718621,0.742466,0.742466,0.023845,100.0
resnet50,mhist,linear,0,0.75,52.92,0.718621,0.742466,0.742466,0.023845,100.0
resnet50,mhist,linear,0,0.8,48.21,0.718621,0.742466,0.741077,0.022456,94.18
resnet50,mhist,linear,0,0.85,43.3,0.718621,0.742466,0.7361,0.017479,73.3
resnet50,mhist,linear,0,0.9,34.19,0.718621,0.742466,0.735868,0.017247,72.33
resnet50,mhist,linear,0,0.95,24.26,0.718621,0.742466,0.733669,0.015048,63.11
resnet50,mhist,linear,0,1.0,0.1,0.718621,0.742466,0.718621,0.0,0.0
resnet50,mhist,linear,1,0.0,100.0,0.717115,0.750682,0.750682,0.033567,100.0
resnet50,mhist,linear,1,0.05,99.18,0.717115,0.750682,0.750682,0.033567,100.0
resnet50,mhist,linear,1,0.1,96.93,0.717115,0.750682,0.750682,0.033567,100.0
resnet50,mhist,linear,1,0.15,93.65,0.717115,0.750682,0.750682,0.033567,100.0
resnet50,mhist,linear,1,0.2,88.95,0.717115,0.750682,0.750682,0.033567,100.0
resnet50,mhist,linear,1,0.25,85.98,0.717115,0.750682,0.750682,0.033567,100.0
resnet50,mhist,linear,1,0.3,81.99,0.717115,0.750682,0.750682,0.033567,100.0
resnet50,mhist,linear,1,0.35,78.81,0.717115,0.750682,0.750682,0.033567,100.0
resnet50,mhist,linear,1,0.4,75.54,0.717115,0.750682,0.750682,0.033567,100.0
resnet50,mhist,linear,1,0.45,72.26,0.717115,0.750682,0.750682,0.033567,100.0
resnet50,mhist,linear,1,0.5,68.07,0.717115,0.750682,0.750682,0.033567,100.0
resnet50,mhist,linear,1,0.55,64.07,0.717115,0.750682,0.750682,0.033567,100.0
resnet50,mhist,linear,1,0.6,61.72,0.717115,0.750682,0.750682,0.033567,100.0
resnet50,mhist,linear,1,0.65,57.83,0.717115,0.750682,0.750682,0.033567,100.0
resnet50,mhist,linear,1,0.7,54.04,0.717115,0.750682,0.750682,0.033567,100.0
resnet50,mhist,linear,1,0.75,48.72,0.717115,0.750682,0.747904,0.03079,91.72
resnet50,mhist,linear,1,0.8,44.42,0.717115,0.750682,0.747094,0.029979,89.31
resnet50,mhist,linear,1,0.85,40.53,0.717115,0.750682,0.746284,0.029169,86.9
resnet50,mhist,linear,1,0.9,33.27,0.717115,0.750682,0.746284,0.029169,86.9
resnet50,mhist,linear,1,0.95,22.52,0.717115,0.750682,0.74663,0.029516,87.93
resnet50,mhist,linear,1,1.0,0.0,0.717115,0.750682,0.717115,0.0,0.0
resnet50,mhist,linear,2,0.0,100.0,0.735402,0.750912,0.750912,0.01551,100.0
resnet50,mhist,linear,2,0.05,99.49,0.735402,0.750912,0.750912,0.01551,100.0
resnet50,mhist,linear,2,0.1,96.83,0.735402,0.750912,0.750912,0.01551,100.0
resnet50,mhist,linear,2,0.15,93.76,0.735402,0.750912,0.750912,0.01551,100.0
resnet50,mhist,linear,2,0.2,90.07,0.735402,0.750912,0.750912,0.01551,100.0
resnet50,mhist,linear,2,0.25,86.9,0.735402,0.750912,0.750912,0.01551,100.0
resnet50,mhist,linear,2,0.3,83.01,0.735402,0.750912,0.750912,0.01551,100.0
resnet50,mhist,linear,2,0.35,80.25,0.735402,0.750912,0.750912,0.01551,100.0
resnet50,mhist,linear,2,0.4,77.07,0.735402,0.750912,0.750912,0.01551,100.0
resnet50,mhist,linear,2,0.45,73.18,0.735402,0.750912,0.750912,0.01551,100.0
resnet50,mhist,linear,2,0.5,70.11,0.735402,0.750912,0.750912,0.01551,100.0
resnet50,mhist,linear,2,0.55,66.43,0.735402,0.750912,0.750912,0.01551,100.0
resnet50,mhist,linear,2,0.6,62.33,0.735402,0.750912,0.750912,0.01551,100.0
resnet50,mhist,linear,2,0.65,59.06,0.735402,0.750912,0.750912,0.01551,100.0
resnet50,mhist,linear,2,0.7,54.35,0.735402,0.750912,0.750912,0.01551,100.0
resnet50,mhist,linear,2,0.75,50.77,0.735402,0.750912,0.750912,0.01551,100.0
resnet50,mhist,linear,2,0.8,45.65,0.735402,0.750912,0.749523,0.014121,91.04
resnet50,mhist,linear,2,0.85,40.33,0.735402,0.750912,0.746513,0.011111,71.64
resnet50,mhist,linear,2,0.9,33.06,0.735402,0.750912,0.745124,0.009722,62.69
resnet50,mhist,linear,2,0.95,23.95,0.735402,0.750912,0.745124,0.009722,62.69
resnet50,mhist,linear,2,1.0,0.0,0.735402,0.750912,0.735402,0.0,0.0
resnet50,mhist,linear,3,0.0,100.0,0.741536,0.754732,0.754732,0.013196,100.0
resnet50,mhist,linear,3,0.05,99.59,0.741536,0.754732,0.754732,0.013196,100.0
resnet50,mhist,linear,3,0.1,96.32,0.741536,0.754732,0.754732,0.013196,100.0
resnet50,mhist,linear,3,0.15,93.14,0.741536,0.754732,0.754732,0.013196,100.0
resnet50,mhist,linear,3,0.2,89.76,0.741536,0.754732,0.754732,0.013196,100.0
resnet50,mhist,linear,3,0.25,86.08,0.741536,0.754732,0.754732,0.013196,100.0
resnet50,mhist,linear,3,0.3,81.78,0.741536,0.754732,0.754732,0.013196,100.0
resnet50,mhist,linear,3,0.35,79.43,0.741536,0.754732,0.754732,0.013196,100.0
resnet50,mhist,linear,3,0.4,76.25,0.741536,0.754732,0.754732,0.013196,100.0
resnet50,mhist,linear,3,0.45,72.98,0.741536,0.754732,0.754732,0.013196,100.0
resnet50,mhist,linear,3,0.5,69.7,0.741536,0.754732,0.754732,0.013196,100.0
resnet50,mhist,linear,3,0.55,65.81,0.741536,0.754732,0.754732,0.013196,100.0
resnet50,mhist,linear,3,0.6,61.51,0.741536,0.754732,0.754732,0.013196,100.0
resnet50,mhist,linear,3,0.65,57.32,0.741536,0.754732,0.754732,0.013196,100.0
resnet50,mhist,linear,3,0.7,53.84,0.741536,0.754732,0.753921,0.012385,93.86
resnet50,mhist,linear,3,0.75,49.54,0.741536,0.754732,0.753921,0.012385,93.86
resnet50,mhist,linear,3,0.8,45.34,0.741536,0.754732,0.753921,0.012385,93.86
resnet50,mhist,linear,3,0.85,39.82,0.741536,0.754732,0.751144,0.009607,72.81
resnet50,mhist,linear,3,0.9,31.93,0.741536,0.754732,0.75149,0.009954,75.44
resnet50,mhist,linear,3,0.95,21.9,0.741536,0.754732,0.75149,0.009954,75.44
resnet50,mhist,linear,3,1.0,0.1,0.741536,0.754732,0.740726,-0.00081,-6.14
resnet50,mhist,linear,42,0.0,100.0,0.728341,0.742578,0.742578,0.014238,100.0
resnet50,mhist,linear,42,0.05,99.8,0.728341,0.742578,0.742578,0.014238,100.0
resnet50,mhist,linear,42,0.1,98.26,0.728341,0.742578,0.742578,0.014238,100.0
resnet50,mhist,linear,42,0.15,95.6,0.728341,0.742578,0.742578,0.014238,100.0
resnet50,mhist,linear,42,0.2,91.81,0.728341,0.742578,0.742578,0.014238,100.0
resnet50,mhist,linear,42,0.25,88.54,0.728341,0.742578,0.742578,0.014238,100.0
resnet50,mhist,linear,42,0.3,85.47,0.728341,0.742578,0.742578,0.014238,100.0
resnet50,mhist,linear,42,0.35,82.5,0.728341,0.742578,0.742578,0.014238,100.0
resnet50,mhist,linear,42,0.4,78.92,0.728341,0.742578,0.742578,0.014238,100.0
resnet50,mhist,linear,42,0.45,75.54,0.728341,0.742578,0.742578,0.014238,100.0
resnet50,mhist,linear,42,0.5,72.77,0.728341,0.742578,0.742578,0.014238,100.0
resnet50,mhist,linear,42,0.55,69.4,0.728341,0.742578,0.742578,0.014238,100.0
resnet50,mhist,linear,42,0.6,66.12,0.728341,0.742578,0.742578,0.014238,100.0
resnet50,mhist,linear,42,0.65,62.23,0.728341,0.742578,0.742578,0.014238,100.0
resnet50,mhist,linear,42,0.7,57.83,0.728341,0.742578,0.742578,0.014238,100.0
resnet50,mhist,linear,42,0.75,53.33,0.728341,0.742578,0.741768,0.013427,94.31
resnet50,mhist,linear,42,0.8,48.72,0.728341,0.742578,0.741768,0.013427,94.31
resnet50,mhist,linear,42,0.85,42.68,0.728341,0.742578,0.740379,0.012039,84.55
resnet50,mhist,linear,42,0.9,35.21,0.728341,0.742578,0.738412,0.010071,70.74
resnet50,mhist,linear,42,0.95,24.36,0.728341,0.742578,0.735402,0.007061,49.6
resnet50,mhist,linear,42,1.0,0.0,0.728341,0.742578,0.728341,0.0,0.0
uni2,mhist,linear,0,0.0,100.0,0.805544,0.820822,0.820822,0.015278,100.0
uni2,mhist,linear,0,0.05,96.01,0.805544,0.820822,0.820822,0.015278,100.0
uni2,mhist,linear,0,0.1,91.71,0.805544,0.820822,0.820822,0.015278,100.0
uni2,mhist,linear,0,0.15,87.31,0.805544,0.820822,0.820822,0.015278,100.0
uni2,mhist,linear,0,0.2,82.5,0.805544,0.820822,0.820822,0.015278,100.0
uni2,mhist,linear,0,0.25,80.96,0.805544,0.820822,0.820822,0.015278,100.0
uni2,mhist,linear,0,0.3,77.28,0.805544,0.820822,0.820822,0.015278,100.0
uni2,mhist,linear,0,0.35,73.69,0.805544,0.820822,0.820822,0.015278,100.0
uni2,mhist,linear,0,0.4,69.7,0.805544,0.820822,0.820822,0.015278,100.0
uni2,mhist,linear,0,0.45,66.94,0.805544,0.820822,0.820822,0.015278,100.0
uni2,mhist,linear,0,0.5,63.66,0.805544,0.820822,0.820822,0.015278,100.0
uni2,mhist,linear,0,0.55,59.26,0.805544,0.820822,0.820822,0.015278,100.0
uni2,mhist,linear,0,0.6,55.17,0.805544,0.820822,0.820822,0.015278,100.0
uni2,mhist,linear,0,0.65,51.18,0.805544,0.820822,0.820822,0.015278,100.0
uni2,mhist,linear,0,0.7,46.88,0.805544,0.820822,0.820822,0.015278,100.0
uni2,mhist,linear,0,0.75,43.5,0.805544,0.820822,0.820822,0.015278,100.0
uni2,mhist,linear,0,0.8,38.69,0.805544,0.820822,0.820822,0.015278,100.0
uni2,mhist,linear,0,0.85,31.93,0.805544,0.820822,0.822211,0.016667,109.09
uni2,mhist,linear,0,0.9,26.82,0.805544,0.820822,0.822211,0.016667,109.09
uni2,mhist,linear,0,0.95,19.14,0.805544,0.820822,0.820822,0.015278,100.0
uni2,mhist,linear,0,1.0,0.0,0.805544,0.820822,0.805544,0.0,0.0
uni2,mhist,linear,1,0.0,100.0,0.809711,0.82059,0.82059,0.010879,100.0
uni2,mhist,linear,1,0.05,95.39,0.809711,0.82059,0.82059,0.010879,100.0
uni2,mhist,linear,1,0.1,91.1,0.809711,0.82059,0.82059,0.010879,100.0
uni2,mhist,linear,1,0.15,85.57,0.809711,0.82059,0.82059,0.010879,100.0
uni2,mhist,linear,1,0.2,82.09,0.809711,0.82059,0.82059,0.010879,100.0
uni2,mhist,linear,1,0.25,79.12,0.809711,0.82059,0.82059,0.010879,100.0
uni2,mhist,linear,1,0.3,76.05,0.809711,0.82059,0.82059,0.010879,100.0
uni2,mhist,linear,1,0.35,72.06,0.809711,0.82059,0.82059,0.010879,100.0
uni2,mhist,linear,1,0.4,68.78,0.809711,0.82059,0.82059,0.010879,100.0
uni2,mhist,linear,1,0.45,65.1,0.809711,0.82059,0.82059,0.010879,100.0
uni2,mhist,linear,1,0.5,61.0,0.809711,0.82059,0.82059,0.010879,100.0
uni2,mhist,linear,1,0.55,58.03,0.809711,0.82059,0.82059,0.010879,100.0
uni2,mhist,linear,1,0.6,53.63,0.809711,0.82059,0.82059,0.010879,100.0
uni2,mhist,linear,1,0.65,49.33,0.809711,0.82059,0.82059,0.010879,100.0
uni2,mhist,linear,1,0.7,45.45,0.809711,0.82059,0.82059,0.010879,100.0
uni2,mhist,linear,1,0.75,41.35,0.809711,0.82059,0.82059,0.010879,100.0
uni2,mhist,linear,1,0.8,36.34,0.809711,0.82059,0.82059,0.010879,100.0
uni2,mhist,linear,1,0.85,31.22,0.809711,0.82059,0.82059,0.010879,100.0
uni2,mhist,linear,1,0.9,25.08,0.809711,0.82059,0.821979,0.012268,112.77
uni2,mhist,linear,1,0.95,16.38,0.809711,0.82059,0.824757,0.015046,138.3
uni2,mhist,linear,1,1.0,0.0,0.809711,0.82059,0.809711,0.0,0.0
uni2,mhist,linear,2,0.0,100.0,0.799295,0.798485,0.798485,-0.00081,100.0
uni2,mhist,linear,2,0.05,96.21,0.799295,0.798485,0.798485,-0.00081,100.0
uni2,mhist,linear,2,0.1,91.71,0.799295,0.798485,0.798485,-0.00081,100.0
uni2,mhist,linear,2,0.15,87.1,0.799295,0.798485,0.798485,-0.00081,100.0
uni2,mhist,linear,2,0.2,83.01,0.799295,0.798485,0.798485,-0.00081,100.0
uni2,mhist,linear,2,0.25,79.94,0.799295,0.798485,0.798485,-0.00081,100.0
uni2,mhist,linear,2,0.3,76.25,0.799295,0.798485,0.798485,-0.00081,100.0
uni2,mhist,linear,2,0.35,73.18,0.799295,0.798485,0.798485,-0.00081,100.0
uni2,mhist,linear,2,0.4,69.81,0.799295,0.798485,0.798485,-0.00081,100.0
uni2,mhist,linear,2,0.45,65.92,0.799295,0.798485,0.798485,-0.00081,100.0
uni2,mhist,linear,2,0.5,62.95,0.799295,0.798485,0.798485,-0.00081,100.0
uni2,mhist,linear,2,0.55,59.26,0.799295,0.798485,0.798485,-0.00081,100.0
uni2,mhist,linear,2,0.6,55.37,0.799295,0.798485,0.798485,-0.00081,100.0
uni2,mhist,linear,2,0.65,51.28,0.799295,0.798485,0.798485,-0.00081,100.0
uni2,mhist,linear,2,0.7,47.39,0.799295,0.798485,0.798485,-0.00081,100.0
uni2,mhist,linear,2,0.75,41.56,0.799295,0.798485,0.798485,-0.00081,100.0
uni2,mhist,linear,2,0.8,37.56,0.799295,0.798485,0.798485,-0.00081,100.0
uni2,mhist,linear,2,0.85,31.83,0.799295,0.798485,0.798485,-0.00081,100.0
uni2,mhist,linear,2,0.9,25.18,0.799295,0.798485,0.799874,0.000579,-71.39
uni2,mhist,linear,2,0.95,17.91,0.799295,0.798485,0.801263,0.001967,-242.78
uni2,mhist,linear,2,1.0,0.0,0.799295,0.798485,0.799295,0.0,-0.0
uni2,mhist,linear,3,0.0,100.0,0.816772,0.823717,0.823717,0.006944,100.0
uni2,mhist,linear,3,0.05,96.11,0.816772,0.823717,0.823717,0.006944,100.0
uni2,mhist,linear,3,0.1,91.71,0.816772,0.823717,0.823717,0.006944,100.0
uni2,mhist,linear,3,0.15,86.9,0.816772,0.823717,0.823717,0.006944,100.0
uni2,mhist,linear,3,0.2,83.01,0.816772,0.823717,0.823717,0.006944,100.0
uni2,mhist,linear,3,0.25,79.32,0.816772,0.823717,0.823717,0.006944,100.0
uni2,mhist,linear,3,0.3,75.33,0.816772,0.823717,0.823717,0.006944,100.0
uni2,mhist,linear,3,0.35,71.44,0.816772,0.823717,0.823717,0.006944,100.0
uni2,mhist,linear,3,0.4,67.96,0.816772,0.823717,0.823717,0.006944,100.0
uni2,mhist,linear,3,0.45,64.38,0.816772,0.823717,0.823717,0.006944,100.0
uni2,mhist,linear,3,0.5,60.39,0.816772,0.823717,0.823717,0.006944,100.0
uni2,mhist,linear,3,0.55,56.19,0.816772,0.823717,0.823717,0.006944,100.0
uni2,mhist,linear,3,0.6,52.81,0.816772,0.823717,0.823717,0.006944,100.0
uni2,mhist,linear,3,0.65,49.33,0.816772,0.823717,0.823717,0.006944,100.0
uni2,mhist,linear,3,0.7,44.93,0.816772,0.823717,0.823717,0.006944,100.0
uni2,mhist,linear,3,0.75,40.23,0.816772,0.823717,0.823717,0.006944,100.0
uni2,mhist,linear,3,0.8,35.82,0.816772,0.823717,0.823717,0.006944,100.0
uni2,mhist,linear,3,0.85,30.91,0.816772,0.823717,0.823717,0.006944,100.0
uni2,mhist,linear,3,0.9,24.46,0.816772,0.823717,0.825106,0.008333,120.0
uni2,mhist,linear,3,0.95,16.89,0.816772,0.823717,0.826495,0.009722,140.0
uni2,mhist,linear,3,1.0,0.1,0.816772,0.823717,0.817583,0.00081,11.67
uni2,mhist,linear,42,0.0,100.0,0.825684,0.828924,0.828924,0.003239,100.0
uni2,mhist,linear,42,0.05,94.58,0.825684,0.828924,0.828924,0.003239,100.0
uni2,mhist,linear,42,0.1,90.07,0.825684,0.828924,0.828924,0.003239,100.0
uni2,mhist,linear,42,0.15,84.24,0.825684,0.828924,0.828924,0.003239,100.0
uni2,mhist,linear,42,0.2,80.96,0.825684,0.828924,0.828924,0.003239,100.0
uni2,mhist,linear,42,0.25,77.38,0.825684,0.828924,0.828924,0.003239,100.0
uni2,mhist,linear,42,0.3,73.8,0.825684,0.828924,0.828924,0.003239,100.0
uni2,mhist,linear,42,0.35,70.01,0.825684,0.828924,0.828924,0.003239,100.0
uni2,mhist,linear,42,0.4,66.43,0.825684,0.828924,0.828924,0.003239,100.0
uni2,mhist,linear,42,0.45,62.74,0.825684,0.828924,0.828924,0.003239,100.0
uni2,mhist,linear,42,0.5,59.06,0.825684,0.828924,0.828924,0.003239,100.0
uni2,mhist,linear,42,0.55,55.58,0.825684,0.828924,0.828924,0.003239,100.0
uni2,mhist,linear,42,0.6,51.18,0.825684,0.828924,0.828924,0.003239,100.0
uni2,mhist,linear,42,0.65,46.78,0.825684,0.828924,0.828924,0.003239,100.0
uni2,mhist,linear,42,0.7,43.19,0.825684,0.828924,0.828924,0.003239,100.0
uni2,mhist,linear,42,0.75,38.79,0.825684,0.828924,0.828924,0.003239,100.0
uni2,mhist,linear,42,0.8,34.39,0.825684,0.828924,0.828924,0.003239,100.0
uni2,mhist,linear,42,0.85,28.45,0.825684,0.828924,0.830312,0.004628,142.88
uni2,mhist,linear,42,0.9,23.44,0.825684,0.828924,0.830312,0.004628,142.88
uni2,mhist,linear,42,0.95,16.89,0.825684,0.828924,0.828924,0.003239,100.0
uni2,mhist,linear,42,1.0,0.0,0.825684,0.828924,0.825684,0.0,0.0
uni,mhist,linear,0,0.0,100.0,0.813065,0.811908,0.811908,-0.001157,100.0
uni,mhist,linear,0,0.05,92.63,0.813065,0.811908,0.811908,-0.001157,100.0
uni,mhist,linear,0,0.1,86.49,0.813065,0.811908,0.811908,-0.001157,100.0
uni,mhist,linear,0,0.15,81.27,0.813065,0.811908,0.811908,-0.001157,100.0
uni,mhist,linear,0,0.2,77.07,0.813065,0.811908,0.811908,-0.001157,100.0
uni,mhist,linear,0,0.25,74.0,0.813065,0.811908,0.811908,-0.001157,100.0
uni,mhist,linear,0,0.3,71.44,0.813065,0.811908,0.811908,-0.001157,100.0
uni,mhist,linear,0,0.35,66.94,0.813065,0.811908,0.811908,-0.001157,100.0
uni,mhist,linear,0,0.4,63.46,0.813065,0.811908,0.811908,-0.001157,100.0
uni,mhist,linear,0,0.45,59.88,0.813065,0.811908,0.811908,-0.001157,100.0
uni,mhist,linear,0,0.5,56.81,0.813065,0.811908,0.811908,-0.001157,100.0
uni,mhist,linear,0,0.55,52.3,0.813065,0.811908,0.811908,-0.001157,100.0
uni,mhist,linear,0,0.6,49.44,0.813065,0.811908,0.811908,-0.001157,100.0
uni,mhist,linear,0,0.65,46.16,0.813065,0.811908,0.811908,-0.001157,100.0
uni,mhist,linear,0,0.7,41.04,0.813065,0.811908,0.811908,-0.001157,100.0
uni,mhist,linear,0,0.75,36.95,0.813065,0.811908,0.811908,-0.001157,100.0
uni,mhist,linear,0,0.8,32.04,0.813065,0.811908,0.811908,-0.001157,100.0
uni,mhist,linear,0,0.85,27.64,0.813065,0.811908,0.811908,-0.001157,100.0
uni,mhist,linear,0,0.9,22.72,0.813065,0.811908,0.811908,-0.001157,100.0
uni,mhist,linear,0,0.95,15.56,0.813065,0.811908,0.812718,-0.000347,29.96
uni,mhist,linear,0,1.0,0.0,0.813065,0.811908,0.813065,0.0,-0.0
uni,mhist,linear,1,0.0,100.0,0.810866,0.804153,0.804153,-0.006713,100.0
uni,mhist,linear,1,0.05,92.22,0.810866,0.804153,0.804153,-0.006713,100.0
uni,mhist,linear,1,0.1,86.69,0.810866,0.804153,0.804153,-0.006713,100.0
uni,mhist,linear,1,0.15,81.78,0.810866,0.804153,0.804153,-0.006713,100.0
uni,mhist,linear,1,0.2,77.28,0.810866,0.804153,0.804153,-0.006713,100.0
uni,mhist,linear,1,0.25,73.39,0.810866,0.804153,0.804153,-0.006713,100.0
uni,mhist,linear,1,0.3,68.47,0.810866,0.804153,0.804153,-0.006713,100.0
uni,mhist,linear,1,0.35,65.81,0.810866,0.804153,0.804153,-0.006713,100.0
uni,mhist,linear,1,0.4,63.25,0.810866,0.804153,0.804153,-0.006713,100.0
uni,mhist,linear,1,0.45,58.85,0.810866,0.804153,0.804153,-0.006713,100.0
uni,mhist,linear,1,0.5,55.68,0.810866,0.804153,0.804153,-0.006713,100.0
uni,mhist,linear,1,0.55,52.51,0.810866,0.804153,0.804153,-0.006713,100.0
uni,mhist,linear,1,0.6,48.41,0.810866,0.804153,0.804153,-0.006713,100.0
uni,mhist,linear,1,0.65,44.83,0.810866,0.804153,0.804153,-0.006713,100.0
uni,mhist,linear,1,0.7,40.53,0.810866,0.804153,0.804153,-0.006713,100.0
uni,mhist,linear,1,0.75,36.13,0.810866,0.804153,0.804153,-0.006713,100.0
uni,mhist,linear,1,0.8,31.12,0.810866,0.804153,0.804153,-0.006713,100.0
uni,mhist,linear,1,0.85,25.59,0.810866,0.804153,0.804153,-0.006713,100.0
uni,mhist,linear,1,0.9,22.01,0.810866,0.804153,0.804153,-0.006713,100.0
uni,mhist,linear,1,0.95,14.43,0.810866,0.804153,0.804153,-0.006713,100.0
uni,mhist,linear,1,1.0,0.0,0.810866,0.804153,0.810866,0.0,-0.0
uni,mhist,linear,2,0.0,100.0,0.800335,0.803924,0.803924,0.003588,100.0
uni,mhist,linear,2,0.05,92.84,0.800335,0.803924,0.803924,0.003588,100.0
uni,mhist,linear,2,0.1,87.51,0.800335,0.803924,0.803924,0.003588,100.0
uni,mhist,linear,2,0.15,83.11,0.800335,0.803924,0.803924,0.003588,100.0
uni,mhist,linear,2,0.2,79.43,0.800335,0.803924,0.803924,0.003588,100.0
uni,mhist,linear,2,0.25,75.64,0.800335,0.803924,0.803924,0.003588,100.0
uni,mhist,linear,2,0.3,71.85,0.800335,0.803924,0.803924,0.003588,100.0
uni,mhist,linear,2,0.35,68.58,0.800335,0.803924,0.803924,0.003588,100.0
uni,mhist,linear,2,0.4,65.3,0.800335,0.803924,0.803924,0.003588,100.0
uni,mhist,linear,2,0.45,61.62,0.800335,0.803924,0.803924,0.003588,100.0
uni,mhist,linear,2,0.5,58.96,0.800335,0.803924,0.803924,0.003588,100.0
uni,mhist,linear,2,0.55,54.66,0.800335,0.803924,0.803924,0.003588,100.0
uni,mhist,linear,2,0.6,51.28,0.800335,0.803924,0.803924,0.003588,100.0
uni,mhist,linear,2,0.65,46.78,0.800335,0.803924,0.803924,0.003588,100.0
uni,mhist,linear,2,0.7,42.37,0.800335,0.803924,0.803924,0.003588,100.0
uni,mhist,linear,2,0.75,37.87,0.800335,0.803924,0.803924,0.003588,100.0
uni,mhist,linear,2,0.8,32.55,0.800335,0.803924,0.803924,0.003588,100.0
uni,mhist,linear,2,0.85,27.94,0.800335,0.803924,0.803924,0.003588,100.0
uni,mhist,linear,2,0.9,21.9,0.800335,0.803924,0.803924,0.003588,100.0
uni,mhist,linear,2,0.95,14.94,0.800335,0.803924,0.804734,0.004399,122.58
uni,mhist,linear,2,1.0,0.0,0.800335,0.803924,0.800335,0.0,0.0
uni,mhist,linear,3,0.0,100.0,0.818855,0.813878,0.813878,-0.004977,100.0
uni,mhist,linear,3,0.05,93.55,0.818855,0.813878,0.813878,-0.004977,100.0
uni,mhist,linear,3,0.1,87.92,0.818855,0.813878,0.813878,-0.004977,100.0
uni,mhist,linear,3,0.15,83.52,0.818855,0.813878,0.813878,-0.004977,100.0
uni,mhist,linear,3,0.2,78.71,0.818855,0.813878,0.813878,-0.004977,100.0
uni,mhist,linear,3,0.25,75.13,0.818855,0.813878,0.813878,-0.004977,100.0
uni,mhist,linear,3,0.3,71.75,0.818855,0.813878,0.813878,-0.004977,100.0
uni,mhist,linear,3,0.35,68.37,0.818855,0.813878,0.813878,-0.004977,100.0
uni,mhist,linear,3,0.4,64.89,0.818855,0.813878,0.813878,-0.004977,100.0
uni,mhist,linear,3,0.45,61.11,0.818855,0.813878,0.813878,-0.004977,100.0
uni,mhist,linear,3,0.5,57.32,0.818855,0.813878,0.813878,-0.004977,100.0
uni,mhist,linear,3,0.55,53.94,0.818855,0.813878,0.813878,-0.004977,100.0
uni,mhist,linear,3,0.6,50.36,0.818855,0.813878,0.813878,-0.004977,100.0
uni,mhist,linear,3,0.65,45.45,0.818855,0.813878,0.813878,-0.004977,100.0
uni,mhist,linear,3,0.7,40.84,0.818855,0.813878,0.813878,-0.004977,100.0
uni,mhist,linear,3,0.75,37.26,0.818855,0.813878,0.813878,-0.004977,100.0
uni,mhist,linear,3,0.8,33.47,0.818855,0.813878,0.813878,-0.004977,100.0
uni,mhist,linear,3,0.85,28.35,0.818855,0.813878,0.813878,-0.004977,100.0
uni,mhist,linear,3,0.9,23.03,0.818855,0.813878,0.813878,-0.004977,100.0
uni,mhist,linear,3,0.95,15.15,0.818855,0.813878,0.814688,-0.004167,83.72
uni,mhist,linear,3,1.0,0.0,0.818855,0.813878,0.818855,0.0,-0.0
uni,mhist,linear,42,0.0,100.0,0.819316,0.81214,0.81214,-0.007176,100.0
uni,mhist,linear,42,0.05,90.99,0.819316,0.81214,0.81214,-0.007176,100.0
uni,mhist,linear,42,0.1,85.36,0.819316,0.81214,0.81214,-0.007176,100.0
uni,mhist,linear,42,0.15,79.63,0.819316,0.81214,0.81214,-0.007176,100.0
uni,mhist,linear,42,0.2,75.23,0.819316,0.81214,0.81214,-0.007176,100.0
uni,mhist,linear,42,0.25,71.85,0.819316,0.81214,0.81214,-0.007176,100.0
uni,mhist,linear,42,0.3,67.55,0.819316,0.81214,0.81214,-0.007176,100.0
uni,mhist,linear,42,0.35,63.97,0.819316,0.81214,0.81214,-0.007176,100.0
uni,mhist,linear,42,0.4,60.49,0.819316,0.81214,0.81214,-0.007176,100.0
uni,mhist,linear,42,0.45,56.81,0.819316,0.81214,0.81214,-0.007176,100.0
uni,mhist,linear,42,0.5,53.33,0.819316,0.81214,0.81214,-0.007176,100.0
uni,mhist,linear,42,0.55,49.33,0.819316,0.81214,0.81214,-0.007176,100.0
uni,mhist,linear,42,0.6,45.85,0.819316,0.81214,0.81214,-0.007176,100.0
uni,mhist,linear,42,0.65,42.17,0.819316,0.81214,0.81214,-0.007176,100.0
uni,mhist,linear,42,0.7,38.28,0.819316,0.81214,0.81214,-0.007176,100.0
uni,mhist,linear,42,0.75,34.6,0.819316,0.81214,0.81214,-0.007176,100.0
uni,mhist,linear,42,0.8,29.27,0.819316,0.81214,0.81214,-0.007176,100.0
uni,mhist,linear,42,0.85,24.16,0.819316,0.81214,0.81214,-0.007176,100.0
uni,mhist,linear,42,0.9,18.42,0.819316,0.81214,0.81214,-0.007176,100.0
uni,mhist,linear,42,0.95,13.2,0.819316,0.81214,0.813761,-0.005556,77.42
uni,mhist,linear,42,1.0,0.0,0.819316,0.81214,0.819316,0.0,-0.0
virchow2,mhist,linear,0,0.0,100.0,0.869548,0.864224,0.864224,-0.005324,100.0
virchow2,mhist,linear,0,0.05,85.06,0.869548,0.864224,0.864224,-0.005324,100.0
virchow2,mhist,linear,0,0.1,80.55,0.869548,0.864224,0.864224,-0.005324,100.0
virchow2,mhist,linear,0,0.15,75.95,0.869548,0.864224,0.864224,-0.005324,100.0
virchow2,mhist,linear,0,0.2,71.65,0.869548,0.864224,0.864224,-0.005324,100.0
virchow2,mhist,linear,0,0.25,68.47,0.869548,0.864224,0.864224,-0.005324,100.0
virchow2,mhist,linear,0,0.3,64.79,0.869548,0.864224,0.864224,-0.005324,100.0
virchow2,mhist,linear,0,0.35,61.92,0.869548,0.864224,0.864224,-0.005324,100.0
virchow2,mhist,linear,0,0.4,58.44,0.869548,0.864224,0.864224,-0.005324,100.0
virchow2,mhist,linear,0,0.45,55.17,0.869548,0.864224,0.864224,-0.005324,100.0
virchow2,mhist,linear,0,0.5,52.2,0.869548,0.864224,0.864224,-0.005324,100.0
virchow2,mhist,linear,0,0.55,48.82,0.869548,0.864224,0.864224,-0.005324,100.0
virchow2,mhist,linear,0,0.6,45.65,0.869548,0.864224,0.864224,-0.005324,100.0
virchow2,mhist,linear,0,0.65,41.97,0.869548,0.864224,0.864224,-0.005324,100.0
virchow2,mhist,linear,0,0.7,38.18,0.869548,0.864224,0.864224,-0.005324,100.0
virchow2,mhist,linear,0,0.75,34.39,0.869548,0.864224,0.864224,-0.005324,100.0
virchow2,mhist,linear,0,0.8,29.58,0.869548,0.864224,0.864224,-0.005324,100.0
virchow2,mhist,linear,0,0.85,25.28,0.869548,0.864224,0.864224,-0.005324,100.0
virchow2,mhist,linear,0,0.9,20.57,0.869548,0.864224,0.864224,-0.005324,100.0
virchow2,mhist,linear,0,0.95,14.33,0.869548,0.864224,0.864224,-0.005324,100.0
virchow2,mhist,linear,0,1.0,0.2,0.869548,0.864224,0.869548,0.0,-0.0
virchow2,mhist,linear,1,0.0,100.0,0.882161,0.878572,0.878572,-0.003588,100.0
virchow2,mhist,linear,1,0.05,87.51,0.882161,0.878572,0.878572,-0.003588,100.0
virchow2,mhist,linear,1,0.1,82.19,0.882161,0.878572,0.878572,-0.003588,100.0
virchow2,mhist,linear,1,0.15,77.58,0.882161,0.878572,0.878572,-0.003588,100.0
virchow2,mhist,linear,1,0.2,73.8,0.882161,0.878572,0.878572,-0.003588,100.0
virchow2,mhist,linear,1,0.25,70.42,0.882161,0.878572,0.878572,-0.003588,100.0
virchow2,mhist,linear,1,0.3,65.92,0.882161,0.878572,0.878572,-0.003588,100.0
virchow2,mhist,linear,1,0.35,62.54,0.882161,0.878572,0.878572,-0.003588,100.0
virchow2,mhist,linear,1,0.4,59.47,0.882161,0.878572,0.878572,-0.003588,100.0
virchow2,mhist,linear,1,0.45,56.4,0.882161,0.878572,0.878572,-0.003588,100.0
virchow2,mhist,linear,1,0.5,53.33,0.882161,0.878572,0.878572,-0.003588,100.0
virchow2,mhist,linear,1,0.55,49.13,0.882161,0.878572,0.878572,-0.003588,100.0
virchow2,mhist,linear,1,0.6,44.73,0.882161,0.878572,0.878572,-0.003588,100.0
virchow2,mhist,linear,1,0.65,41.04,0.882161,0.878572,0.878572,-0.003588,100.0
virchow2,mhist,linear,1,0.7,37.15,0.882161,0.878572,0.878572,-0.003588,100.0
virchow2,mhist,linear,1,0.75,32.96,0.882161,0.878572,0.878572,-0.003588,100.0
virchow2,mhist,linear,1,0.8,29.89,0.882161,0.878572,0.878572,-0.003588,100.0
virchow2,mhist,linear,1,0.85,24.56,0.882161,0.878572,0.878572,-0.003588,100.0
virchow2,mhist,linear,1,0.9,19.55,0.882161,0.878572,0.878572,-0.003588,100.0
virchow2,mhist,linear,1,0.95,13.51,0.882161,0.878572,0.878572,-0.003588,100.0
virchow2,mhist,linear,1,1.0,0.0,0.882161,0.878572,0.882161,0.0,-0.0
virchow2,mhist,linear,2,0.0,100.0,0.854381,0.859589,0.859589,0.005209,100.0
virchow2,mhist,linear,2,0.05,90.38,0.854381,0.859589,0.859589,0.005209,100.0
virchow2,mhist,linear,2,0.1,87.31,0.854381,0.859589,0.859589,0.005209,100.0
virchow2,mhist,linear,2,0.15,83.21,0.854381,0.859589,0.859589,0.005209,100.0
virchow2,mhist,linear,2,0.2,80.96,0.854381,0.859589,0.859589,0.005209,100.0
virchow2,mhist,linear,2,0.25,77.48,0.854381,0.859589,0.859589,0.005209,100.0
virchow2,mhist,linear,2,0.3,74.62,0.854381,0.859589,0.859589,0.005209,100.0
virchow2,mhist,linear,2,0.35,71.55,0.854381,0.859589,0.859589,0.005209,100.0
virchow2,mhist,linear,2,0.4,68.47,0.854381,0.859589,0.859589,0.005209,100.0
virchow2,mhist,linear,2,0.45,64.69,0.854381,0.859589,0.859589,0.005209,100.0
virchow2,mhist,linear,2,0.5,61.41,0.854381,0.859589,0.859589,0.005209,100.0
virchow2,mhist,linear,2,0.55,58.55,0.854381,0.859589,0.859589,0.005209,100.0
virchow2,mhist,linear,2,0.6,54.55,0.854381,0.859589,0.859589,0.005209,100.0
virchow2,mhist,linear,2,0.65,51.69,0.854381,0.859589,0.859589,0.005209,100.0
virchow2,mhist,linear,2,0.7,46.47,0.854381,0.859589,0.859589,0.005209,100.0
virchow2,mhist,linear,2,0.75,41.25,0.854381,0.859589,0.859589,0.005209,100.0
virchow2,mhist,linear,2,0.8,35.21,0.854381,0.859589,0.859589,0.005209,100.0
virchow2,mhist,linear,2,0.85,29.79,0.854381,0.859589,0.859589,0.005209,100.0
virchow2,mhist,linear,2,0.9,22.93,0.854381,0.859589,0.859589,0.005209,100.0
virchow2,mhist,linear,2,0.95,15.56,0.854381,0.859589,0.859589,0.005209,100.0
virchow2,mhist,linear,2,1.0,0.1,0.854381,0.859589,0.854381,0.0,0.0
virchow2,mhist,linear,3,0.0,100.0,0.86295,0.879041,0.879041,0.01609,100.0
virchow2,mhist,linear,3,0.05,86.18,0.86295,0.879041,0.879041,0.01609,100.0
virchow2,mhist,linear,3,0.1,80.35,0.86295,0.879041,0.879041,0.01609,100.0
virchow2,mhist,linear,3,0.15,76.05,0.86295,0.879041,0.879041,0.01609,100.0
virchow2,mhist,linear,3,0.2,73.08,0.86295,0.879041,0.879041,0.01609,100.0
virchow2,mhist,linear,3,0.25,69.5,0.86295,0.879041,0.879041,0.01609,100.0
virchow2,mhist,linear,3,0.3,66.02,0.86295,0.879041,0.879041,0.01609,100.0
virchow2,mhist,linear,3,0.35,62.44,0.86295,0.879041,0.879041,0.01609,100.0
virchow2,mhist,linear,3,0.4,58.34,0.86295,0.879041,0.879041,0.01609,100.0
virchow2,mhist,linear,3,0.45,54.35,0.86295,0.879041,0.879041,0.01609,100.0
virchow2,mhist,linear,3,0.5,51.18,0.86295,0.879041,0.879041,0.01609,100.0
virchow2,mhist,linear,3,0.55,48.31,0.86295,0.879041,0.879041,0.01609,100.0
virchow2,mhist,linear,3,0.6,45.34,0.86295,0.879041,0.879041,0.01609,100.0
virchow2,mhist,linear,3,0.65,41.56,0.86295,0.879041,0.879041,0.01609,100.0
virchow2,mhist,linear,3,0.7,37.46,0.86295,0.879041,0.879041,0.01609,100.0
virchow2,mhist,linear,3,0.75,33.67,0.86295,0.879041,0.879041,0.01609,100.0
virchow2,mhist,linear,3,0.8,29.07,0.86295,0.879041,0.879041,0.01609,100.0
virchow2,mhist,linear,3,0.85,25.18,0.86295,0.879041,0.879041,0.01609,100.0
virchow2,mhist,linear,3,0.9,20.06,0.86295,0.879041,0.879041,0.01609,100.0
virchow2,mhist,linear,3,0.95,14.33,0.86295,0.879041,0.879041,0.01609,100.0
virchow2,mhist,linear,3,1.0,0.0,0.86295,0.879041,0.86295,0.0,0.0
virchow2,mhist,linear,42,0.0,100.0,0.864105,0.861674,0.861674,-0.002431,100.0
virchow2,mhist,linear,42,0.05,88.64,0.864105,0.861674,0.861674,-0.002431,100.0
virchow2,mhist,linear,42,0.1,84.65,0.864105,0.861674,0.861674,-0.002431,100.0
virchow2,mhist,linear,42,0.15,80.14,0.864105,0.861674,0.861674,-0.002431,100.0
virchow2,mhist,linear,42,0.2,76.46,0.864105,0.861674,0.861674,-0.002431,100.0
virchow2,mhist,linear,42,0.25,74.21,0.864105,0.861674,0.861674,-0.002431,100.0
virchow2,mhist,linear,42,0.3,71.24,0.864105,0.861674,0.861674,-0.002431,100.0
virchow2,mhist,linear,42,0.35,67.96,0.864105,0.861674,0.861674,-0.002431,100.0
virchow2,mhist,linear,42,0.4,64.28,0.864105,0.861674,0.861674,-0.002431,100.0
virchow2,mhist,linear,42,0.45,61.51,0.864105,0.861674,0.861674,-0.002431,100.0
virchow2,mhist,linear,42,0.5,57.63,0.864105,0.861674,0.861674,-0.002431,100.0
virchow2,mhist,linear,42,0.55,54.66,0.864105,0.861674,0.861674,-0.002431,100.0
virchow2,mhist,linear,42,0.6,50.87,0.864105,0.861674,0.861674,-0.002431,100.0
virchow2,mhist,linear,42,0.65,47.19,0.864105,0.861674,0.861674,-0.002431,100.0
virchow2,mhist,linear,42,0.7,42.89,0.864105,0.861674,0.861674,-0.002431,100.0
virchow2,mhist,linear,42,0.75,38.89,0.864105,0.861674,0.861674,-0.002431,100.0
virchow2,mhist,linear,42,0.8,34.08,0.864105,0.861674,0.861674,-0.002431,100.0
virchow2,mhist,linear,42,0.85,29.17,0.864105,0.861674,0.861674,-0.002431,100.0
virchow2,mhist,linear,42,0.9,21.6,0.864105,0.861674,0.861674,-0.002431,100.0
virchow2,mhist,linear,42,0.95,14.74,0.864105,0.861674,0.861674,-0.002431,100.0
virchow2,mhist,linear,42,1.0,0.0,0.864105,0.861674,0.864105,0.0,-0.0
virchow,mhist,linear,0,0.0,100.0,0.814684,0.817461,0.817461,0.002778,100.0
virchow,mhist,linear,0,0.05,96.52,0.814684,0.817461,0.817461,0.002778,100.0
virchow,mhist,linear,0,0.1,92.22,0.814684,0.817461,0.817461,0.002778,100.0
virchow,mhist,linear,0,0.15,89.15,0.814684,0.817461,0.817461,0.002778,100.0
virchow,mhist,linear,0,0.2,85.98,0.814684,0.817461,0.817461,0.002778,100.0
virchow,mhist,linear,0,0.25,83.42,0.814684,0.817461,0.817461,0.002778,100.0
virchow,mhist,linear,0,0.3,80.14,0.814684,0.817461,0.817461,0.002778,100.0
virchow,mhist,linear,0,0.35,77.69,0.814684,0.817461,0.817461,0.002778,100.0
virchow,mhist,linear,0,0.4,74.51,0.814684,0.817461,0.817461,0.002778,100.0
virchow,mhist,linear,0,0.45,72.06,0.814684,0.817461,0.817461,0.002778,100.0
virchow,mhist,linear,0,0.5,68.68,0.814684,0.817461,0.817461,0.002778,100.0
virchow,mhist,linear,0,0.55,65.51,0.814684,0.817461,0.817461,0.002778,100.0
virchow,mhist,linear,0,0.6,61.92,0.814684,0.817461,0.817461,0.002778,100.0
virchow,mhist,linear,0,0.65,58.03,0.814684,0.817461,0.817461,0.002778,100.0
virchow,mhist,linear,0,0.7,53.22,0.814684,0.817461,0.817461,0.002778,100.0
virchow,mhist,linear,0,0.75,48.82,0.814684,0.817461,0.817461,0.002778,100.0
virchow,mhist,linear,0,0.8,43.19,0.814684,0.817461,0.817461,0.002778,100.0
virchow,mhist,linear,0,0.85,36.23,0.814684,0.817461,0.817461,0.002778,100.0
virchow,mhist,linear,0,0.9,29.68,0.814684,0.817461,0.817461,0.002778,100.0
virchow,mhist,linear,0,0.95,21.49,0.814684,0.817461,0.818272,0.003588,129.17
virchow,mhist,linear,0,1.0,0.0,0.814684,0.817461,0.814684,0.0,0.0
virchow,mhist,linear,1,0.0,100.0,0.815955,0.821511,0.821511,0.005556,100.0
virchow,mhist,linear,1,0.05,96.52,0.815955,0.821511,0.821511,0.005556,100.0
virchow,mhist,linear,1,0.1,92.12,0.815955,0.821511,0.821511,0.005556,100.0
virchow,mhist,linear,1,0.15,88.84,0.815955,0.821511,0.821511,0.005556,100.0
virchow,mhist,linear,1,0.2,84.65,0.815955,0.821511,0.821511,0.005556,100.0
virchow,mhist,linear,1,0.25,81.58,0.815955,0.821511,0.821511,0.005556,100.0
virchow,mhist,linear,1,0.3,78.51,0.815955,0.821511,0.821511,0.005556,100.0
virchow,mhist,linear,1,0.35,75.64,0.815955,0.821511,0.821511,0.005556,100.0
virchow,mhist,linear,1,0.4,73.29,0.815955,0.821511,0.821511,0.005556,100.0
virchow,mhist,linear,1,0.45,69.5,0.815955,0.821511,0.821511,0.005556,100.0
virchow,mhist,linear,1,0.5,66.33,0.815955,0.821511,0.821511,0.005556,100.0
virchow,mhist,linear,1,0.55,62.13,0.815955,0.821511,0.821511,0.005556,100.0
virchow,mhist,linear,1,0.6,57.93,0.815955,0.821511,0.821511,0.005556,100.0
virchow,mhist,linear,1,0.65,54.66,0.815955,0.821511,0.821511,0.005556,100.0
virchow,mhist,linear,1,0.7,49.23,0.815955,0.821511,0.821511,0.005556,100.0
virchow,mhist,linear,1,0.75,43.81,0.815955,0.821511,0.821511,0.005556,100.0
virchow,mhist,linear,1,0.8,39.71,0.815955,0.821511,0.821511,0.005556,100.0
virchow,mhist,linear,1,0.85,33.88,0.815955,0.821511,0.821511,0.005556,100.0
virchow,mhist,linear,1,0.9,27.53,0.815955,0.821511,0.821511,0.005556,100.0
virchow,mhist,linear,1,0.95,18.83,0.815955,0.821511,0.822321,0.006366,114.59
virchow,mhist,linear,1,1.0,0.1,0.815955,0.821511,0.815955,0.0,0.0
virchow,mhist,linear,2,0.0,100.0,0.820473,0.821401,0.821401,0.000927,100.0
virchow,mhist,linear,2,0.05,95.8,0.820473,0.821401,0.821401,0.000927,100.0
virchow,mhist,linear,2,0.1,90.48,0.820473,0.821401,0.821401,0.000927,100.0
virchow,mhist,linear,2,0.15,86.59,0.820473,0.821401,0.821401,0.000927,100.0
virchow,mhist,linear,2,0.2,82.6,0.820473,0.821401,0.821401,0.000927,100.0
virchow,mhist,linear,2,0.25,79.02,0.820473,0.821401,0.821401,0.000927,100.0
virchow,mhist,linear,2,0.3,76.36,0.820473,0.821401,0.821401,0.000927,100.0
virchow,mhist,linear,2,0.35,74.62,0.820473,0.821401,0.821401,0.000927,100.0
virchow,mhist,linear,2,0.4,70.62,0.820473,0.821401,0.821401,0.000927,100.0
virchow,mhist,linear,2,0.45,67.76,0.820473,0.821401,0.821401,0.000927,100.0
virchow,mhist,linear,2,0.5,65.1,0.820473,0.821401,0.821401,0.000927,100.0
virchow,mhist,linear,2,0.55,61.92,0.820473,0.821401,0.821401,0.000927,100.0
virchow,mhist,linear,2,0.6,57.11,0.820473,0.821401,0.821401,0.000927,100.0
virchow,mhist,linear,2,0.65,53.12,0.820473,0.821401,0.821401,0.000927,100.0
virchow,mhist,linear,2,0.7,48.52,0.820473,0.821401,0.821401,0.000927,100.0
virchow,mhist,linear,2,0.75,43.19,0.820473,0.821401,0.821401,0.000927,100.0
virchow,mhist,linear,2,0.8,38.49,0.820473,0.821401,0.821401,0.000927,100.0
virchow,mhist,linear,2,0.85,34.6,0.820473,0.821401,0.821401,0.000927,100.0
virchow,mhist,linear,2,0.9,26.82,0.820473,0.821401,0.821401,0.000927,100.0
virchow,mhist,linear,2,0.95,18.83,0.820473,0.821401,0.821401,0.000927,100.0
virchow,mhist,linear,2,1.0,0.0,0.820473,0.821401,0.820473,0.0,0.0
virchow,mhist,linear,3,0.0,100.0,0.828343,0.837718,0.837718,0.009376,100.0
virchow,mhist,linear,3,0.05,95.91,0.828343,0.837718,0.837718,0.009376,100.0
virchow,mhist,linear,3,0.1,91.71,0.828343,0.837718,0.837718,0.009376,100.0
virchow,mhist,linear,3,0.15,87.82,0.828343,0.837718,0.837718,0.009376,100.0
virchow,mhist,linear,3,0.2,83.93,0.828343,0.837718,0.837718,0.009376,100.0
virchow,mhist,linear,3,0.25,79.94,0.828343,0.837718,0.837718,0.009376,100.0
virchow,mhist,linear,3,0.3,77.07,0.828343,0.837718,0.837718,0.009376,100.0
virchow,mhist,linear,3,0.35,75.13,0.828343,0.837718,0.837718,0.009376,100.0
virchow,mhist,linear,3,0.4,72.06,0.828343,0.837718,0.837718,0.009376,100.0
virchow,mhist,linear,3,0.45,68.27,0.828343,0.837718,0.837718,0.009376,100.0
virchow,mhist,linear,3,0.5,64.89,0.828343,0.837718,0.837718,0.009376,100.0
virchow,mhist,linear,3,0.55,61.31,0.828343,0.837718,0.837718,0.009376,100.0
virchow,mhist,linear,3,0.6,58.03,0.828343,0.837718,0.837718,0.009376,100.0
virchow,mhist,linear,3,0.65,53.02,0.828343,0.837718,0.837718,0.009376,100.0
virchow,mhist,linear,3,0.7,48.62,0.828343,0.837718,0.837718,0.009376,100.0
virchow,mhist,linear,3,0.75,43.09,0.828343,0.837718,0.837718,0.009376,100.0
virchow,mhist,linear,3,0.8,38.08,0.828343,0.837718,0.837718,0.009376,100.0
virchow,mhist,linear,3,0.85,32.55,0.828343,0.837718,0.837718,0.009376,100.0
virchow,mhist,linear,3,0.9,25.79,0.828343,0.837718,0.837718,0.009376,100.0
virchow,mhist,linear,3,0.95,17.71,0.828343,0.837718,0.837718,0.009376,100.0
virchow,mhist,linear,3,1.0,0.0,0.828343,0.837718,0.828343,0.0,0.0
virchow,mhist,linear,42,0.0,100.0,0.802305,0.807746,0.807746,0.005441,100.0
virchow,mhist,linear,42,0.05,92.84,0.802305,0.807746,0.807746,0.005441,100.0
virchow,mhist,linear,42,0.1,88.33,0.802305,0.807746,0.807746,0.005441,100.0
virchow,mhist,linear,42,0.15,83.01,0.802305,0.807746,0.807746,0.005441,100.0
virchow,mhist,linear,42,0.2,79.53,0.802305,0.807746,0.807746,0.005441,100.0
virchow,mhist,linear,42,0.25,75.23,0.802305,0.807746,0.807746,0.005441,100.0
virchow,mhist,linear,42,0.3,71.55,0.802305,0.807746,0.807746,0.005441,100.0
virchow,mhist,linear,42,0.35,68.07,0.802305,0.807746,0.807746,0.005441,100.0
virchow,mhist,linear,42,0.4,65.61,0.802305,0.807746,0.807746,0.005441,100.0
virchow,mhist,linear,42,0.45,61.62,0.802305,0.807746,0.807746,0.005441,100.0
virchow,mhist,linear,42,0.5,58.34,0.802305,0.807746,0.807746,0.005441,100.0
virchow,mhist,linear,42,0.55,55.17,0.802305,0.807746,0.807746,0.005441,100.0
virchow,mhist,linear,42,0.6,50.97,0.802305,0.807746,0.807746,0.005441,100.0
virchow,mhist,linear,42,0.65,47.39,0.802305,0.807746,0.807746,0.005441,100.0
virchow,mhist,linear,42,0.7,43.5,0.802305,0.807746,0.807746,0.005441,100.0
virchow,mhist,linear,42,0.75,39.71,0.802305,0.807746,0.807746,0.005441,100.0
virchow,mhist,linear,42,0.8,34.6,0.802305,0.807746,0.807746,0.005441,100.0
virchow,mhist,linear,42,0.85,29.99,0.802305,0.807746,0.807746,0.005441,100.0
virchow,mhist,linear,42,0.9,24.56,0.802305,0.807746,0.807746,0.005441,100.0
virchow,mhist,linear,42,0.95,18.01,0.802305,0.807746,0.809135,0.00683,125.53
virchow,mhist,linear,42,1.0,0.0,0.802305,0.807746,0.802305,0.0,0.0
convnextv2_base,nct-crc-100k,linear,0,0.0,100.0,0.898587,0.911123,0.911123,0.012536,100.0
convnextv2_base,nct-crc-100k,linear,0,0.05,32.99,0.898587,0.911123,0.910909,0.012321,98.29
convnextv2_base,nct-crc-100k,linear,0,0.1,24.89,0.898587,0.911123,0.910916,0.012328,98.34
convnextv2_base,nct-crc-100k,linear,0,0.15,19.85,0.898587,0.911123,0.911082,0.012494,99.67
convnextv2_base,nct-crc-100k,linear,0,0.2,15.6,0.898587,0.911123,0.911319,0.012731,101.56
convnextv2_base,nct-crc-100k,linear,0,0.25,12.37,0.898587,0.911123,0.911074,0.012486,99.6
convnextv2_base,nct-crc-100k,linear,0,0.3,9.14,0.898587,0.911123,0.908412,0.009825,78.37
convnextv2_base,nct-crc-100k,linear,0,0.35,5.11,0.898587,0.911123,0.903103,0.004515,36.02
convnextv2_base,nct-crc-100k,linear,0,0.4,3.43,0.898587,0.911123,0.901238,0.00265,21.14
convnextv2_base,nct-crc-100k,linear,0,0.45,2.26,0.898587,0.911123,0.901719,0.003131,24.98
convnextv2_base,nct-crc-100k,linear,0,0.5,1.32,0.898587,0.911123,0.900048,0.00146,11.65
convnextv2_base,nct-crc-100k,linear,0,0.55,0.78,0.898587,0.911123,0.900309,0.001721,13.73
convnextv2_base,nct-crc-100k,linear,0,0.6,0.38,0.898587,0.911123,0.899103,0.000515,4.11
convnextv2_base,nct-crc-100k,linear,0,0.65,0.21,0.898587,0.911123,0.899005,0.000418,3.33
convnextv2_base,nct-crc-100k,linear,0,0.7,0.11,0.898587,0.911123,0.898587,0.0,0.0
convnextv2_base,nct-crc-100k,linear,0,0.75,0.04,0.898587,0.911123,0.898587,0.0,0.0
convnextv2_base,nct-crc-100k,linear,0,0.8,0.01,0.898587,0.911123,0.898587,0.0,0.0
convnextv2_base,nct-crc-100k,linear,0,0.85,0.0,0.898587,0.911123,0.898587,0.0,0.0
convnextv2_base,nct-crc-100k,linear,0,0.9,0.0,0.898587,0.911123,0.898587,0.0,0.0
convnextv2_base,nct-crc-100k,linear,0,0.95,0.0,0.898587,0.911123,0.898587,0.0,0.0
convnextv2_base,nct-crc-100k,linear,0,1.0,0.0,0.898587,0.911123,0.898587,0.0,0.0
convnextv2_base,nct-crc-100k,linear,1,0.0,100.0,0.904183,0.919216,0.919216,0.015034,100.0
convnextv2_base,nct-crc-100k,linear,1,0.05,32.6,0.904183,0.919216,0.919199,0.015017,99.89
convnextv2_base,nct-crc-100k,linear,1,0.1,24.11,0.904183,0.919216,0.919009,0.014826,98.62
convnextv2_base,nct-crc-100k,linear,1,0.15,18.79,0.904183,0.919216,0.919363,0.01518,100.97
convnextv2_base,nct-crc-100k,linear,1,0.2,15.08,0.904183,0.919216,0.918804,0.014621,97.26
convnextv2_base,nct-crc-100k,linear,1,0.25,11.71,0.904183,0.919216,0.91808,0.013898,92.44
convnextv2_base,nct-crc-100k,linear,1,0.3,8.47,0.904183,0.919216,0.916527,0.012344,82.11
convnextv2_base,nct-crc-100k,linear,1,0.35,4.61,0.904183,0.919216,0.909612,0.00543,36.12
convnextv2_base,nct-crc-100k,linear,1,0.4,3.2,0.904183,0.919216,0.908448,0.004265,28.37
convnextv2_base,nct-crc-100k,linear,1,0.45,2.16,0.904183,0.919216,0.907688,0.003506,23.32
convnextv2_base,nct-crc-100k,linear,1,0.5,1.32,0.904183,0.919216,0.906275,0.002093,13.92
convnextv2_base,nct-crc-100k,linear,1,0.55,0.68,0.904183,0.919216,0.905316,0.001133,7.54
convnextv2_base,nct-crc-100k,linear,1,0.6,0.4,0.904183,0.919216,0.904573,0.000391,2.6
convnextv2_base,nct-crc-100k,linear,1,0.65,0.22,0.904183,0.919216,0.9045,0.000317,2.11
convnextv2_base,nct-crc-100k,linear,1,0.7,0.07,0.904183,0.919216,0.904207,2.4e-05,0.16
convnextv2_base,nct-crc-100k,linear,1,0.75,0.04,0.904183,0.919216,0.90429,0.000107,0.71
convnextv2_base,nct-crc-100k,linear,1,0.8,0.0,0.904183,0.919216,0.904183,0.0,0.0
convnextv2_base,nct-crc-100k,linear,1,0.85,0.0,0.904183,0.919216,0.904183,0.0,0.0
convnextv2_base,nct-crc-100k,linear,1,0.9,0.0,0.904183,0.919216,0.904183,0.0,0.0
convnextv2_base,nct-crc-100k,linear,1,0.95,0.0,0.904183,0.919216,0.904183,0.0,0.0
convnextv2_base,nct-crc-100k,linear,1,1.0,0.0,0.904183,0.919216,0.904183,0.0,0.0
convnextv2_base,nct-crc-100k,linear,2,0.0,100.0,0.901043,0.910072,0.910072,0.00903,100.0
convnextv2_base,nct-crc-100k,linear,2,0.05,32.67,0.901043,0.910072,0.910072,0.00903,100.0
convnextv2_base,nct-crc-100k,linear,2,0.1,24.51,0.901043,0.910072,0.910072,0.00903,100.0
convnextv2_base,nct-crc-100k,linear,2,0.15,18.75,0.901043,0.910072,0.909972,0.008929,98.89
convnextv2_base,nct-crc-100k,linear,2,0.2,15.06,0.901043,0.910072,0.910693,0.009651,106.88
convnextv2_base,nct-crc-100k,linear,2,0.25,12.03,0.901043,0.910072,0.910207,0.009164,101.49
convnextv2_base,nct-crc-100k,linear,2,0.3,8.48,0.901043,0.910072,0.909628,0.008585,95.08
convnextv2_base,nct-crc-100k,linear,2,0.35,5.03,0.901043,0.910072,0.90756,0.006517,72.18
convnextv2_base,nct-crc-100k,linear,2,0.4,3.22,0.901043,0.910072,0.906081,0.005038,55.79
convnextv2_base,nct-crc-100k,linear,2,0.45,2.24,0.901043,0.910072,0.905533,0.00449,49.72
convnextv2_base,nct-crc-100k,linear,2,0.5,1.32,0.901043,0.910072,0.903369,0.002326,25.76
convnextv2_base,nct-crc-100k,linear,2,0.55,0.71,0.901043,0.910072,0.902145,0.001102,12.21
convnextv2_base,nct-crc-100k,linear,2,0.6,0.36,0.901043,0.910072,0.901363,0.00032,3.55
convnextv2_base,nct-crc-100k,linear,2,0.65,0.18,0.901043,0.910072,0.901109,6.6e-05,0.73
convnextv2_base,nct-crc-100k,linear,2,0.7,0.08,0.901043,0.910072,0.901126,8.3e-05,0.92
convnextv2_base,nct-crc-100k,linear,2,0.75,0.04,0.901043,0.910072,0.901126,8.3e-05,0.92
convnextv2_base,nct-crc-100k,linear,2,0.8,0.0,0.901043,0.910072,0.901043,0.0,0.0
convnextv2_base,nct-crc-100k,linear,2,0.85,0.0,0.901043,0.910072,0.901043,0.0,0.0
convnextv2_base,nct-crc-100k,linear,2,0.9,0.0,0.901043,0.910072,0.901043,0.0,0.0
convnextv2_base,nct-crc-100k,linear,2,0.95,0.0,0.901043,0.910072,0.901043,0.0,0.0
convnextv2_base,nct-crc-100k,linear,2,1.0,0.0,0.901043,0.910072,0.901043,0.0,0.0
convnextv2_base,nct-crc-100k,linear,3,0.0,100.0,0.903201,0.912877,0.912877,0.009677,100.0
convnextv2_base,nct-crc-100k,linear,3,0.05,30.32,0.903201,0.912877,0.912877,0.009677,100.0
convnextv2_base,nct-crc-100k,linear,3,0.1,22.87,0.903201,0.912877,0.912884,0.009684,100.07
convnextv2_base,nct-crc-100k,linear,3,0.15,17.7,0.903201,0.912877,0.912777,0.009576,98.96
convnextv2_base,nct-crc-100k,linear,3,0.2,14.14,0.903201,0.912877,0.912995,0.009794,101.22
convnextv2_base,nct-crc-100k,linear,3,0.25,11.0,0.903201,0.912877,0.912828,0.009627,99.49
convnextv2_base,nct-crc-100k,linear,3,0.3,8.15,0.903201,0.912877,0.910513,0.007312,75.57
convnextv2_base,nct-crc-100k,linear,3,0.35,4.53,0.903201,0.912877,0.908261,0.00506,52.3
convnextv2_base,nct-crc-100k,linear,3,0.4,3.11,0.903201,0.912877,0.907134,0.003933,40.65
convnextv2_base,nct-crc-100k,linear,3,0.45,2.03,0.903201,0.912877,0.906429,0.003229,33.37
convnextv2_base,nct-crc-100k,linear,3,0.5,1.32,0.903201,0.912877,0.905457,0.002256,23.31
convnextv2_base,nct-crc-100k,linear,3,0.55,0.7,0.903201,0.912877,0.904083,0.000882,9.12
convnextv2_base,nct-crc-100k,linear,3,0.6,0.33,0.903201,0.912877,0.903481,0.000281,2.9
convnextv2_base,nct-crc-100k,linear,3,0.65,0.17,0.903201,0.912877,0.903308,0.000107,1.11
convnextv2_base,nct-crc-100k,linear,3,0.7,0.04,0.903201,0.912877,0.903118,-8.3e-05,-0.86
convnextv2_base,nct-crc-100k,linear,3,0.75,0.03,0.903201,0.912877,0.903201,0.0,0.0
convnextv2_base,nct-crc-100k,linear,3,0.8,0.01,0.903201,0.912877,0.903201,0.0,0.0
convnextv2_base,nct-crc-100k,linear,3,0.85,0.0,0.903201,0.912877,0.903201,0.0,0.0
convnextv2_base,nct-crc-100k,linear,3,0.9,0.0,0.903201,0.912877,0.903201,0.0,0.0
convnextv2_base,nct-crc-100k,linear,3,0.95,0.0,0.903201,0.912877,0.903201,0.0,0.0
convnextv2_base,nct-crc-100k,linear,3,1.0,0.0,0.903201,0.912877,0.903201,0.0,0.0
convnextv2_base,nct-crc-100k,linear,42,0.0,100.0,0.89952,0.914303,0.914303,0.014783,100.0
convnextv2_base,nct-crc-100k,linear,42,0.05,31.21,0.89952,0.914303,0.914303,0.014783,100.0
convnextv2_base,nct-crc-100k,linear,42,0.1,23.69,0.89952,0.914303,0.914286,0.014766,99.88
convnextv2_base,nct-crc-100k,linear,42,0.15,19.01,0.89952,0.914303,0.914071,0.014551,98.43
convnextv2_base,nct-crc-100k,linear,42,0.2,15.01,0.89952,0.914303,0.914054,0.014534,98.31
convnextv2_base,nct-crc-100k,linear,42,0.25,11.94,0.89952,0.914303,0.913809,0.014289,96.66
convnextv2_base,nct-crc-100k,linear,42,0.3,9.11,0.89952,0.914303,0.912361,0.012841,86.86
convnextv2_base,nct-crc-100k,linear,42,0.35,5.07,0.89952,0.914303,0.907256,0.007736,52.33
convnextv2_base,nct-crc-100k,linear,42,0.4,3.48,0.89952,0.914303,0.906443,0.006923,46.83
convnextv2_base,nct-crc-100k,linear,42,0.45,2.31,0.89952,0.914303,0.905232,0.005713,38.64
convnextv2_base,nct-crc-100k,linear,42,0.5,1.35,0.89952,0.914303,0.902742,0.003223,21.8
convnextv2_base,nct-crc-100k,linear,42,0.55,0.72,0.89952,0.914303,0.901396,0.001877,12.69
convnextv2_base,nct-crc-100k,linear,42,0.6,0.36,0.89952,0.914303,0.90112,0.0016,10.82
convnextv2_base,nct-crc-100k,linear,42,0.65,0.17,0.89952,0.914303,0.90013,0.000611,4.13
convnextv2_base,nct-crc-100k,linear,42,0.7,0.11,0.89952,0.914303,0.899603,8.3e-05,0.56
convnextv2_base,nct-crc-100k,linear,42,0.75,0.07,0.89952,0.914303,0.899603,8.3e-05,0.56
convnextv2_base,nct-crc-100k,linear,42,0.8,0.01,0.89952,0.914303,0.89952,0.0,0.0
convnextv2_base,nct-crc-100k,linear,42,0.85,0.0,0.89952,0.914303,0.89952,0.0,0.0
convnextv2_base,nct-crc-100k,linear,42,0.9,0.0,0.89952,0.914303,0.89952,0.0,0.0
convnextv2_base,nct-crc-100k,linear,42,0.95,0.0,0.89952,0.914303,0.89952,0.0,0.0
convnextv2_base,nct-crc-100k,linear,42,1.0,0.0,0.89952,0.914303,0.89952,0.0,0.0
convnextv2_tiny,nct-crc-100k,linear,0,0.0,100.0,0.884085,0.888959,0.888959,0.004874,100.0
convnextv2_tiny,nct-crc-100k,linear,0,0.05,38.29,0.884085,0.888959,0.888695,0.00461,94.59
convnextv2_tiny,nct-crc-100k,linear,0,0.1,29.44,0.884085,0.888959,0.888514,0.004429,90.87
convnextv2_tiny,nct-crc-100k,linear,0,0.15,23.75,0.884085,0.888959,0.88859,0.004505,92.43
convnextv2_tiny,nct-crc-100k,linear,0,0.2,19.39,0.884085,0.888959,0.889013,0.004928,101.11
convnextv2_tiny,nct-crc-100k,linear,0,0.25,15.42,0.884085,0.888959,0.889564,0.005479,112.41
convnextv2_tiny,nct-crc-100k,linear,0,0.3,11.98,0.884085,0.888959,0.887001,0.002916,59.83
convnextv2_tiny,nct-crc-100k,linear,0,0.35,7.59,0.884085,0.888959,0.887565,0.00348,71.4
convnextv2_tiny,nct-crc-100k,linear,0,0.4,5.33,0.884085,0.888959,0.887577,0.003492,71.64
convnextv2_tiny,nct-crc-100k,linear,0,0.45,3.66,0.884085,0.888959,0.886312,0.002226,45.68
convnextv2_tiny,nct-crc-100k,linear,0,0.5,2.35,0.884085,0.888959,0.885442,0.001357,27.84
convnextv2_tiny,nct-crc-100k,linear,0,0.55,1.43,0.884085,0.888959,0.884904,0.000819,16.8
convnextv2_tiny,nct-crc-100k,linear,0,0.6,0.75,0.884085,0.888959,0.884442,0.000357,7.32
convnextv2_tiny,nct-crc-100k,linear,0,0.65,0.42,0.884085,0.888959,0.884556,0.000471,9.66
convnextv2_tiny,nct-crc-100k,linear,0,0.7,0.17,0.884085,0.888959,0.884276,0.00019,3.91
convnextv2_tiny,nct-crc-100k,linear,0,0.75,0.04,0.884085,0.888959,0.884168,8.3e-05,1.7
convnextv2_tiny,nct-crc-100k,linear,0,0.8,0.03,0.884085,0.888959,0.884168,8.3e-05,1.7
convnextv2_tiny,nct-crc-100k,linear,0,0.85,0.0,0.884085,0.888959,0.884085,0.0,0.0
convnextv2_tiny,nct-crc-100k,linear,0,0.9,0.0,0.884085,0.888959,0.884085,0.0,0.0
convnextv2_tiny,nct-crc-100k,linear,0,0.95,0.0,0.884085,0.888959,0.884085,0.0,0.0
convnextv2_tiny,nct-crc-100k,linear,0,1.0,0.0,0.884085,0.888959,0.884085,0.0,0.0
convnextv2_tiny,nct-crc-100k,linear,1,0.0,100.0,0.888162,0.893884,0.893884,0.005722,100.0
convnextv2_tiny,nct-crc-100k,linear,1,0.05,41.1,0.888162,0.893884,0.893884,0.005722,100.0
convnextv2_tiny,nct-crc-100k,linear,1,0.1,31.24,0.888162,0.893884,0.893522,0.00536,93.68
convnextv2_tiny,nct-crc-100k,linear,1,0.15,25.31,0.888162,0.893884,0.893332,0.005169,90.35
convnextv2_tiny,nct-crc-100k,linear,1,0.2,20.39,0.888162,0.893884,0.893778,0.005616,98.16
convnextv2_tiny,nct-crc-100k,linear,1,0.25,16.56,0.888162,0.893884,0.893599,0.005436,95.01
convnextv2_tiny,nct-crc-100k,linear,1,0.3,12.65,0.888162,0.893884,0.891615,0.003453,60.35
convnextv2_tiny,nct-crc-100k,linear,1,0.35,7.87,0.888162,0.893884,0.893165,0.005003,87.44
convnextv2_tiny,nct-crc-100k,linear,1,0.4,5.39,0.888162,0.893884,0.890443,0.002281,39.86
convnextv2_tiny,nct-crc-100k,linear,1,0.45,3.76,0.888162,0.893884,0.888481,0.000319,5.58
convnextv2_tiny,nct-crc-100k,linear,1,0.5,2.45,0.888162,0.893884,0.88886,0.000698,12.2
convnextv2_tiny,nct-crc-100k,linear,1,0.55,1.56,0.888162,0.893884,0.888382,0.00022,3.85
convnextv2_tiny,nct-crc-100k,linear,1,0.6,0.77,0.888162,0.893884,0.887913,-0.000249,-4.36
convnextv2_tiny,nct-crc-100k,linear,1,0.65,0.43,0.888162,0.893884,0.887547,-0.000615,-10.75
convnextv2_tiny,nct-crc-100k,linear,1,0.7,0.14,0.888162,0.893884,0.888162,0.0,0.0
convnextv2_tiny,nct-crc-100k,linear,1,0.75,0.06,0.888162,0.893884,0.888328,0.000166,2.9
convnextv2_tiny,nct-crc-100k,linear,1,0.8,0.03,0.888162,0.893884,0.888328,0.000166,2.9
convnextv2_tiny,nct-crc-100k,linear,1,0.85,0.01,0.888162,0.893884,0.888245,8.3e-05,1.45
convnextv2_tiny,nct-crc-100k,linear,1,0.9,0.0,0.888162,0.893884,0.888162,0.0,0.0
convnextv2_tiny,nct-crc-100k,linear,1,0.95,0.0,0.888162,0.893884,0.888162,0.0,0.0
convnextv2_tiny,nct-crc-100k,linear,1,1.0,0.0,0.888162,0.893884,0.888162,0.0,0.0
convnextv2_tiny,nct-crc-100k,linear,2,0.0,100.0,0.884542,0.891869,0.891869,0.007327,100.0
convnextv2_tiny,nct-crc-100k,linear,2,0.05,39.47,0.884542,0.891869,0.891952,0.00741,101.13
convnextv2_tiny,nct-crc-100k,linear,2,0.1,30.26,0.884542,0.891869,0.891508,0.006965,95.06
convnextv2_tiny,nct-crc-100k,linear,2,0.15,24.11,0.884542,0.891869,0.891303,0.006761,92.27
convnextv2_tiny,nct-crc-100k,linear,2,0.2,19.65,0.884542,0.891869,0.892151,0.007609,103.84
convnextv2_tiny,nct-crc-100k,linear,2,0.25,15.89,0.884542,0.891869,0.891026,0.006484,88.49
convnextv2_tiny,nct-crc-100k,linear,2,0.3,12.05,0.884542,0.891869,0.889893,0.00535,73.02
convnextv2_tiny,nct-crc-100k,linear,2,0.35,7.23,0.884542,0.891869,0.886707,0.002165,29.54
convnextv2_tiny,nct-crc-100k,linear,2,0.4,4.96,0.884542,0.891869,0.886262,0.001719,23.46
convnextv2_tiny,nct-crc-100k,linear,2,0.45,3.43,0.884542,0.891869,0.885202,0.00066,9.01
convnextv2_tiny,nct-crc-100k,linear,2,0.5,2.37,0.884542,0.891869,0.885896,0.001354,18.48
convnextv2_tiny,nct-crc-100k,linear,2,0.55,1.32,0.884542,0.891869,0.885029,0.000486,6.64
convnextv2_tiny,nct-crc-100k,linear,2,0.6,0.72,0.884542,0.891869,0.884738,0.000196,2.67
convnextv2_tiny,nct-crc-100k,linear,2,0.65,0.4,0.884542,0.891869,0.884578,3.5e-05,0.48
convnextv2_tiny,nct-crc-100k,linear,2,0.7,0.14,0.884542,0.891869,0.88465,0.000107,1.47
convnextv2_tiny,nct-crc-100k,linear,2,0.75,0.06,0.884542,0.891869,0.88465,0.000107,1.47
convnextv2_tiny,nct-crc-100k,linear,2,0.8,0.03,0.884542,0.891869,0.884626,8.3e-05,1.13
convnextv2_tiny,nct-crc-100k,linear,2,0.85,0.0,0.884542,0.891869,0.884542,0.0,0.0
convnextv2_tiny,nct-crc-100k,linear,2,0.9,0.0,0.884542,0.891869,0.884542,0.0,0.0
convnextv2_tiny,nct-crc-100k,linear,2,0.95,0.0,0.884542,0.891869,0.884542,0.0,0.0
convnextv2_tiny,nct-crc-100k,linear,2,1.0,0.0,0.884542,0.891869,0.884542,0.0,0.0
convnextv2_tiny,nct-crc-100k,linear,3,0.0,100.0,0.891369,0.89575,0.89575,0.004381,100.0
convnextv2_tiny,nct-crc-100k,linear,3,0.05,39.57,0.891369,0.89575,0.89575,0.004381,100.0
convnextv2_tiny,nct-crc-100k,linear,3,0.1,30.47,0.891369,0.89575,0.895313,0.003944,90.02
convnextv2_tiny,nct-crc-100k,linear,3,0.15,24.32,0.891369,0.89575,0.895543,0.004174,95.27
convnextv2_tiny,nct-crc-100k,linear,3,0.2,19.76,0.891369,0.89575,0.895511,0.004143,94.56
convnextv2_tiny,nct-crc-100k,linear,3,0.25,16.2,0.891369,0.89575,0.89445,0.003082,70.34
convnextv2_tiny,nct-crc-100k,linear,3,0.3,12.45,0.891369,0.89575,0.894541,0.003172,72.4
convnextv2_tiny,nct-crc-100k,linear,3,0.35,8.34,0.891369,0.89575,0.893112,0.001743,39.79
convnextv2_tiny,nct-crc-100k,linear,3,0.4,5.54,0.891369,0.89575,0.891874,0.000505,11.53
convnextv2_tiny,nct-crc-100k,linear,3,0.45,3.82,0.891369,0.89575,0.891432,6.3e-05,1.45
convnextv2_tiny,nct-crc-100k,linear,3,0.5,2.55,0.891369,0.89575,0.89136,-9e-06,-0.2
convnextv2_tiny,nct-crc-100k,linear,3,0.55,1.49,0.891369,0.89575,0.892107,0.000738,16.84
convnextv2_tiny,nct-crc-100k,linear,3,0.6,0.96,0.891369,0.89575,0.892114,0.000745,17.01
convnextv2_tiny,nct-crc-100k,linear,3,0.65,0.49,0.891369,0.89575,0.891643,0.000274,6.26
convnextv2_tiny,nct-crc-100k,linear,3,0.7,0.22,0.891369,0.89575,0.891477,0.000108,2.47
convnextv2_tiny,nct-crc-100k,linear,3,0.75,0.06,0.891369,0.89575,0.891452,8.3e-05,1.9
convnextv2_tiny,nct-crc-100k,linear,3,0.8,0.03,0.891369,0.89575,0.891452,8.3e-05,1.9
convnextv2_tiny,nct-crc-100k,linear,3,0.85,0.0,0.891369,0.89575,0.891369,0.0,0.0
convnextv2_tiny,nct-crc-100k,linear,3,0.9,0.0,0.891369,0.89575,0.891369,0.0,0.0
convnextv2_tiny,nct-crc-100k,linear,3,0.95,0.0,0.891369,0.89575,0.891369,0.0,0.0
convnextv2_tiny,nct-crc-100k,linear,3,1.0,0.0,0.891369,0.89575,0.891369,0.0,0.0
convnextv2_tiny,nct-crc-100k,linear,42,0.0,100.0,0.890949,0.892974,0.892974,0.002025,100.0
convnextv2_tiny,nct-crc-100k,linear,42,0.05,38.12,0.890949,0.892974,0.892974,0.002025,100.0
convnextv2_tiny,nct-crc-100k,linear,42,0.1,28.69,0.890949,0.892974,0.892447,0.001497,73.94
convnextv2_tiny,nct-crc-100k,linear,42,0.15,23.26,0.890949,0.892974,0.891921,0.000972,48.0
convnextv2_tiny,nct-crc-100k,linear,42,0.2,18.5,0.890949,0.892974,0.892603,0.001654,81.67
convnextv2_tiny,nct-crc-100k,linear,42,0.25,14.97,0.890949,0.892974,0.891608,0.000658,32.5
convnextv2_tiny,nct-crc-100k,linear,42,0.3,11.3,0.890949,0.892974,0.889887,-0.001062,-52.43
convnextv2_tiny,nct-crc-100k,linear,42,0.35,7.33,0.890949,0.892974,0.889534,-0.001415,-69.88
convnextv2_tiny,nct-crc-100k,linear,42,0.4,4.89,0.890949,0.892974,0.890882,-6.7e-05,-3.31
convnextv2_tiny,nct-crc-100k,linear,42,0.45,3.3,0.890949,0.892974,0.890583,-0.000367,-18.1
convnextv2_tiny,nct-crc-100k,linear,42,0.5,2.26,0.890949,0.892974,0.891054,0.000104,5.15
convnextv2_tiny,nct-crc-100k,linear,42,0.55,1.27,0.890949,0.892974,0.890821,-0.000128,-6.31
convnextv2_tiny,nct-crc-100k,linear,42,0.6,0.77,0.890949,0.892974,0.890839,-0.000111,-5.46
convnextv2_tiny,nct-crc-100k,linear,42,0.65,0.33,0.890949,0.892974,0.891114,0.000164,8.12
convnextv2_tiny,nct-crc-100k,linear,42,0.7,0.13,0.890949,0.892974,0.890866,-8.3e-05,-4.1
convnextv2_tiny,nct-crc-100k,linear,42,0.75,0.01,0.890949,0.892974,0.890949,0.0,0.0
convnextv2_tiny,nct-crc-100k,linear,42,0.8,0.0,0.890949,0.892974,0.890949,0.0,0.0
convnextv2_tiny,nct-crc-100k,linear,42,0.85,0.0,0.890949,0.892974,0.890949,0.0,0.0
convnextv2_tiny,nct-crc-100k,linear,42,0.9,0.0,0.890949,0.892974,0.890949,0.0,0.0
convnextv2_tiny,nct-crc-100k,linear,42,0.95,0.0,0.890949,0.892974,0.890949,0.0,0.0
convnextv2_tiny,nct-crc-100k,linear,42,1.0,0.0,0.890949,0.892974,0.890949,0.0,0.0
ctranspath,nct-crc-100k,linear,0,0.0,100.0,0.94164,0.945402,0.945402,0.003762,100.0
ctranspath,nct-crc-100k,linear,0,0.05,40.08,0.94164,0.945402,0.945402,0.003762,100.0
ctranspath,nct-crc-100k,linear,0,0.1,27.45,0.94164,0.945402,0.945402,0.003762,100.0
ctranspath,nct-crc-100k,linear,0,0.15,20.29,0.94164,0.945402,0.945402,0.003762,100.0
ctranspath,nct-crc-100k,linear,0,0.2,15.5,0.94164,0.945402,0.945402,0.003762,100.0
ctranspath,nct-crc-100k,linear,0,0.25,12.6,0.94164,0.945402,0.945402,0.003762,100.0
ctranspath,nct-crc-100k,linear,0,0.3,9.29,0.94164,0.945402,0.945164,0.003525,93.68
ctranspath,nct-crc-100k,linear,0,0.35,6.04,0.94164,0.945402,0.944244,0.002604,69.22
ctranspath,nct-crc-100k,linear,0,0.4,4.07,0.94164,0.945402,0.944559,0.00292,77.6
ctranspath,nct-crc-100k,linear,0,0.45,2.76,0.94164,0.945402,0.944124,0.002484,66.03
ctranspath,nct-crc-100k,linear,0,0.5,2.02,0.94164,0.945402,0.943449,0.001809,48.09
ctranspath,nct-crc-100k,linear,0,0.55,1.25,0.94164,0.945402,0.9434,0.00176,46.78
ctranspath,nct-crc-100k,linear,0,0.6,0.79,0.94164,0.945402,0.942735,0.001096,29.13
ctranspath,nct-crc-100k,linear,0,0.65,0.5,0.94164,0.945402,0.942479,0.000839,22.3
ctranspath,nct-crc-100k,linear,0,0.7,0.32,0.94164,0.945402,0.942125,0.000485,12.89
ctranspath,nct-crc-100k,linear,0,0.75,0.1,0.94164,0.945402,0.941837,0.000197,5.25
ctranspath,nct-crc-100k,linear,0,0.8,0.04,0.94164,0.945402,0.941657,1.7e-05,0.46
ctranspath,nct-crc-100k,linear,0,0.85,0.0,0.94164,0.945402,0.94164,0.0,0.0
ctranspath,nct-crc-100k,linear,0,0.9,0.0,0.94164,0.945402,0.94164,0.0,0.0
ctranspath,nct-crc-100k,linear,0,0.95,0.0,0.94164,0.945402,0.94164,0.0,0.0
ctranspath,nct-crc-100k,linear,0,1.0,0.0,0.94164,0.945402,0.94164,0.0,0.0
ctranspath,nct-crc-100k,linear,1,0.0,100.0,0.942737,0.94605,0.94605,0.003312,100.0
ctranspath,nct-crc-100k,linear,1,0.05,40.07,0.942737,0.94605,0.94605,0.003312,100.0
ctranspath,nct-crc-100k,linear,1,0.1,26.96,0.942737,0.94605,0.94605,0.003312,100.0
ctranspath,nct-crc-100k,linear,1,0.15,19.71,0.942737,0.94605,0.94605,0.003312,100.0
ctranspath,nct-crc-100k,linear,1,0.2,15.14,0.942737,0.94605,0.94605,0.003312,100.0
ctranspath,nct-crc-100k,linear,1,0.25,12.37,0.942737,0.94605,0.94605,0.003312,100.0
ctranspath,nct-crc-100k,linear,1,0.3,9.08,0.942737,0.94605,0.945952,0.003215,97.05
ctranspath,nct-crc-100k,linear,1,0.35,5.85,0.942737,0.94605,0.945024,0.002286,69.02
ctranspath,nct-crc-100k,linear,1,0.4,3.93,0.942737,0.94605,0.94566,0.002923,88.24
ctranspath,nct-crc-100k,linear,1,0.45,2.76,0.942737,0.94605,0.945263,0.002526,76.25
ctranspath,nct-crc-100k,linear,1,0.5,1.88,0.942737,0.94605,0.944761,0.002024,61.1
ctranspath,nct-crc-100k,linear,1,0.55,1.27,0.942737,0.94605,0.944547,0.001809,54.62
ctranspath,nct-crc-100k,linear,1,0.6,0.75,0.942737,0.94605,0.943786,0.001048,31.65
ctranspath,nct-crc-100k,linear,1,0.65,0.46,0.942737,0.94605,0.943199,0.000461,13.93
ctranspath,nct-crc-100k,linear,1,0.7,0.25,0.942737,0.94605,0.943025,0.000288,8.68
ctranspath,nct-crc-100k,linear,1,0.75,0.1,0.942737,0.94605,0.942737,0.0,0.0
ctranspath,nct-crc-100k,linear,1,0.8,0.04,0.942737,0.94605,0.942647,-9e-05,-2.72
ctranspath,nct-crc-100k,linear,1,0.85,0.0,0.942737,0.94605,0.942737,0.0,0.0
ctranspath,nct-crc-100k,linear,1,0.9,0.0,0.942737,0.94605,0.942737,0.0,0.0
ctranspath,nct-crc-100k,linear,1,0.95,0.0,0.942737,0.94605,0.942737,0.0,0.0
ctranspath,nct-crc-100k,linear,1,1.0,0.0,0.942737,0.94605,0.942737,0.0,0.0
ctranspath,nct-crc-100k,linear,2,0.0,100.0,0.941317,0.94367,0.94367,0.002353,100.0
ctranspath,nct-crc-100k,linear,2,0.05,40.24,0.941317,0.94367,0.94367,0.002353,100.0
ctranspath,nct-crc-100k,linear,2,0.1,27.56,0.941317,0.94367,0.94367,0.002353,100.0
ctranspath,nct-crc-100k,linear,2,0.15,20.06,0.941317,0.94367,0.94367,0.002353,100.0
ctranspath,nct-crc-100k,linear,2,0.2,15.5,0.941317,0.94367,0.94367,0.002353,100.0
ctranspath,nct-crc-100k,linear,2,0.25,12.49,0.941317,0.94367,0.94367,0.002353,100.0
ctranspath,nct-crc-100k,linear,2,0.3,9.22,0.941317,0.94367,0.942801,0.001484,63.05
ctranspath,nct-crc-100k,linear,2,0.35,5.85,0.941317,0.94367,0.943298,0.001981,84.18
ctranspath,nct-crc-100k,linear,2,0.4,4.01,0.941317,0.94367,0.943941,0.002624,111.52
ctranspath,nct-crc-100k,linear,2,0.45,2.79,0.941317,0.94367,0.943284,0.001967,83.58
ctranspath,nct-crc-100k,linear,2,0.5,1.96,0.941317,0.94367,0.942994,0.001677,71.25
ctranspath,nct-crc-100k,linear,2,0.55,1.31,0.941317,0.94367,0.94273,0.001413,60.03
ctranspath,nct-crc-100k,linear,2,0.6,0.82,0.941317,0.94367,0.941952,0.000635,26.97
ctranspath,nct-crc-100k,linear,2,0.65,0.53,0.941317,0.94367,0.941959,0.000642,27.27
ctranspath,nct-crc-100k,linear,2,0.7,0.29,0.941317,0.94367,0.941605,0.000288,12.22
ctranspath,nct-crc-100k,linear,2,0.75,0.11,0.941317,0.94367,0.941317,0.0,0.0
ctranspath,nct-crc-100k,linear,2,0.8,0.03,0.941317,0.94367,0.941227,-9e-05,-3.83
ctranspath,nct-crc-100k,linear,2,0.85,0.0,0.941317,0.94367,0.941317,0.0,0.0
ctranspath,nct-crc-100k,linear,2,0.9,0.0,0.941317,0.94367,0.941317,0.0,0.0
ctranspath,nct-crc-100k,linear,2,0.95,0.0,0.941317,0.94367,0.941317,0.0,0.0
ctranspath,nct-crc-100k,linear,2,1.0,0.0,0.941317,0.94367,0.941317,0.0,0.0
ctranspath,nct-crc-100k,linear,3,0.0,100.0,0.940873,0.946255,0.946255,0.005382,100.0
ctranspath,nct-crc-100k,linear,3,0.05,39.26,0.940873,0.946255,0.946255,0.005382,100.0
ctranspath,nct-crc-100k,linear,3,0.1,26.39,0.940873,0.946255,0.946255,0.005382,100.0
ctranspath,nct-crc-100k,linear,3,0.15,19.36,0.940873,0.946255,0.946255,0.005382,100.0
ctranspath,nct-crc-100k,linear,3,0.2,14.97,0.940873,0.946255,0.946255,0.005382,100.0
ctranspath,nct-crc-100k,linear,3,0.25,12.03,0.940873,0.946255,0.946255,0.005382,100.0
ctranspath,nct-crc-100k,linear,3,0.3,8.89,0.940873,0.946255,0.946255,0.005382,100.0
ctranspath,nct-crc-100k,linear,3,0.35,5.75,0.940873,0.946255,0.944276,0.003403,63.22
ctranspath,nct-crc-100k,linear,3,0.4,3.96,0.940873,0.946255,0.944925,0.004052,75.29
ctranspath,nct-crc-100k,linear,3,0.45,2.76,0.940873,0.946255,0.944116,0.003244,60.27
ctranspath,nct-crc-100k,linear,3,0.5,1.88,0.940873,0.946255,0.943021,0.002148,39.91
ctranspath,nct-crc-100k,linear,3,0.55,1.21,0.940873,0.946255,0.942462,0.001589,29.52
ctranspath,nct-crc-100k,linear,3,0.6,0.75,0.940873,0.946255,0.942142,0.001269,23.58
ctranspath,nct-crc-100k,linear,3,0.65,0.54,0.940873,0.946255,0.941622,0.000749,13.92
ctranspath,nct-crc-100k,linear,3,0.7,0.26,0.940873,0.946255,0.941622,0.000749,13.92
ctranspath,nct-crc-100k,linear,3,0.75,0.13,0.940873,0.946255,0.94107,0.000197,3.67
ctranspath,nct-crc-100k,linear,3,0.8,0.03,0.940873,0.946255,0.94089,1.7e-05,0.32
ctranspath,nct-crc-100k,linear,3,0.85,0.0,0.940873,0.946255,0.940873,0.0,0.0
ctranspath,nct-crc-100k,linear,3,0.9,0.0,0.940873,0.946255,0.940873,0.0,0.0
ctranspath,nct-crc-100k,linear,3,0.95,0.0,0.940873,0.946255,0.940873,0.0,0.0
ctranspath,nct-crc-100k,linear,3,1.0,0.0,0.940873,0.946255,0.940873,0.0,0.0
ctranspath,nct-crc-100k,linear,42,0.0,100.0,0.941942,0.944725,0.944725,0.002783,100.0
ctranspath,nct-crc-100k,linear,42,0.05,40.47,0.941942,0.944725,0.944725,0.002783,100.0
ctranspath,nct-crc-100k,linear,42,0.1,28.09,0.941942,0.944725,0.944725,0.002783,100.0
ctranspath,nct-crc-100k,linear,42,0.15,20.63,0.941942,0.944725,0.944725,0.002783,100.0
ctranspath,nct-crc-100k,linear,42,0.2,15.64,0.941942,0.944725,0.944725,0.002783,100.0
ctranspath,nct-crc-100k,linear,42,0.25,13.05,0.941942,0.944725,0.944725,0.002783,100.0
ctranspath,nct-crc-100k,linear,42,0.3,9.51,0.941942,0.944725,0.944487,0.002545,91.46
ctranspath,nct-crc-100k,linear,42,0.35,6.14,0.941942,0.944725,0.943608,0.001667,59.89
ctranspath,nct-crc-100k,linear,42,0.4,4.26,0.941942,0.944725,0.944279,0.002337,83.97
ctranspath,nct-crc-100k,linear,42,0.45,2.91,0.941942,0.944725,0.943934,0.001992,71.58
ctranspath,nct-crc-100k,linear,42,0.5,2.08,0.941942,0.944725,0.943644,0.001702,61.16
ctranspath,nct-crc-100k,linear,42,0.55,1.31,0.941942,0.944725,0.94323,0.001288,46.28
ctranspath,nct-crc-100k,linear,42,0.6,0.84,0.941942,0.944725,0.94289,0.000948,34.07
ctranspath,nct-crc-100k,linear,42,0.65,0.5,0.941942,0.944725,0.942476,0.000534,19.2
ctranspath,nct-crc-100k,linear,42,0.7,0.31,0.941942,0.944725,0.942212,0.00027,9.71
ctranspath,nct-crc-100k,linear,42,0.75,0.13,0.941942,0.944725,0.942032,9e-05,3.24
ctranspath,nct-crc-100k,linear,42,0.8,0.03,0.941942,0.944725,0.941852,-9e-05,-3.24
ctranspath,nct-crc-100k,linear,42,0.85,0.0,0.941942,0.944725,0.941942,0.0,0.0
ctranspath,nct-crc-100k,linear,42,0.9,0.0,0.941942,0.944725,0.941942,0.0,0.0
ctranspath,nct-crc-100k,linear,42,0.95,0.0,0.941942,0.944725,0.941942,0.0,0.0
ctranspath,nct-crc-100k,linear,42,1.0,0.0,0.941942,0.944725,0.941942,0.0,0.0
dinov2_b,nct-crc-100k,linear,0,0.0,100.0,0.90701,0.911429,0.911429,0.004419,100.0
dinov2_b,nct-crc-100k,linear,0,0.05,31.48,0.90701,0.911429,0.911339,0.004329,97.96
dinov2_b,nct-crc-100k,linear,0,0.1,22.4,0.90701,0.911429,0.911339,0.004329,97.96
dinov2_b,nct-crc-100k,linear,0,0.15,17.63,0.90701,0.911429,0.911339,0.004329,97.96
dinov2_b,nct-crc-100k,linear,0,0.2,14.04,0.90701,0.911429,0.91118,0.00417,94.36
dinov2_b,nct-crc-100k,linear,0,0.25,11.02,0.90701,0.911429,0.911358,0.004348,98.38
dinov2_b,nct-crc-100k,linear,0,0.3,7.83,0.90701,0.911429,0.910044,0.003034,68.65
dinov2_b,nct-crc-100k,linear,0,0.35,4.22,0.90701,0.911429,0.909753,0.002743,62.07
dinov2_b,nct-crc-100k,linear,0,0.4,2.87,0.90701,0.911429,0.907642,0.000632,14.3
dinov2_b,nct-crc-100k,linear,0,0.45,1.8,0.90701,0.911429,0.907466,0.000456,10.31
dinov2_b,nct-crc-100k,linear,0,0.5,1.03,0.90701,0.911429,0.90697,-4e-05,-0.91
dinov2_b,nct-crc-100k,linear,0,0.55,0.47,0.90701,0.911429,0.907383,0.000373,8.45
dinov2_b,nct-crc-100k,linear,0,0.6,0.25,0.90701,0.911429,0.90701,0.0,0.0
dinov2_b,nct-crc-100k,linear,0,0.65,0.14,0.90701,0.911429,0.906746,-0.000264,-5.97
dinov2_b,nct-crc-100k,linear,0,0.7,0.06,0.90701,0.911429,0.90701,0.0,0.0
dinov2_b,nct-crc-100k,linear,0,0.75,0.03,0.90701,0.911429,0.90701,0.0,0.0
dinov2_b,nct-crc-100k,linear,0,0.8,0.0,0.90701,0.911429,0.90701,0.0,0.0
dinov2_b,nct-crc-100k,linear,0,0.85,0.0,0.90701,0.911429,0.90701,0.0,0.0
dinov2_b,nct-crc-100k,linear,0,0.9,0.0,0.90701,0.911429,0.90701,0.0,0.0
dinov2_b,nct-crc-100k,linear,0,0.95,0.0,0.90701,0.911429,0.90701,0.0,0.0
dinov2_b,nct-crc-100k,linear,0,1.0,0.0,0.90701,0.911429,0.90701,0.0,0.0
dinov2_b,nct-crc-100k,linear,1,0.0,100.0,0.908025,0.913923,0.913923,0.005899,100.0
dinov2_b,nct-crc-100k,linear,1,0.05,29.11,0.908025,0.913923,0.913923,0.005899,100.0
dinov2_b,nct-crc-100k,linear,1,0.1,21.23,0.908025,0.913923,0.913916,0.005892,99.88
dinov2_b,nct-crc-100k,linear,1,0.15,16.91,0.908025,0.913923,0.914104,0.006079,103.06
dinov2_b,nct-crc-100k,linear,1,0.2,13.47,0.908025,0.913923,0.914215,0.006191,104.95
dinov2_b,nct-crc-100k,linear,1,0.25,10.5,0.908025,0.913923,0.913841,0.005817,98.61
dinov2_b,nct-crc-100k,linear,1,0.3,7.27,0.908025,0.913923,0.912588,0.004563,77.36
dinov2_b,nct-crc-100k,linear,1,0.35,3.61,0.908025,0.913923,0.910694,0.00267,45.26
dinov2_b,nct-crc-100k,linear,1,0.4,2.58,0.908025,0.913923,0.909936,0.001911,32.4
dinov2_b,nct-crc-100k,linear,1,0.45,1.66,0.908025,0.913923,0.907742,-0.000283,-4.8
dinov2_b,nct-crc-100k,linear,1,0.5,1.04,0.908025,0.913923,0.908184,0.000159,2.7
dinov2_b,nct-crc-100k,linear,1,0.55,0.47,0.908025,0.913923,0.907748,-0.000277,-4.69
dinov2_b,nct-crc-100k,linear,1,0.6,0.18,0.908025,0.913923,0.908108,8.3e-05,1.41
dinov2_b,nct-crc-100k,linear,1,0.65,0.08,0.908025,0.913923,0.908108,8.3e-05,1.41
dinov2_b,nct-crc-100k,linear,1,0.7,0.03,0.908025,0.913923,0.908025,0.0,0.0
dinov2_b,nct-crc-100k,linear,1,0.75,0.0,0.908025,0.913923,0.908025,0.0,0.0
dinov2_b,nct-crc-100k,linear,1,0.8,0.0,0.908025,0.913923,0.908025,0.0,0.0
dinov2_b,nct-crc-100k,linear,1,0.85,0.0,0.908025,0.913923,0.908025,0.0,0.0
dinov2_b,nct-crc-100k,linear,1,0.9,0.0,0.908025,0.913923,0.908025,0.0,0.0
dinov2_b,nct-crc-100k,linear,1,0.95,0.0,0.908025,0.913923,0.908025,0.0,0.0
dinov2_b,nct-crc-100k,linear,1,1.0,0.0,0.908025,0.913923,0.908025,0.0,0.0
dinov2_b,nct-crc-100k,linear,2,0.0,100.0,0.905521,0.912369,0.912369,0.006848,100.0
dinov2_b,nct-crc-100k,linear,2,0.05,27.33,0.905521,0.912369,0.912369,0.006848,100.0
dinov2_b,nct-crc-100k,linear,2,0.1,20.04,0.905521,0.912369,0.912286,0.006765,98.79
dinov2_b,nct-crc-100k,linear,2,0.15,15.93,0.905521,0.912369,0.912449,0.006928,101.17
dinov2_b,nct-crc-100k,linear,2,0.2,12.77,0.905521,0.912369,0.911441,0.00592,86.45
dinov2_b,nct-crc-100k,linear,2,0.25,10.0,0.905521,0.912369,0.911911,0.00639,93.32
dinov2_b,nct-crc-100k,linear,2,0.3,6.8,0.905521,0.912369,0.909951,0.00443,64.7
dinov2_b,nct-crc-100k,linear,2,0.35,3.19,0.905521,0.912369,0.908206,0.002686,39.22
dinov2_b,nct-crc-100k,linear,2,0.4,1.94,0.905521,0.912369,0.906814,0.001293,18.88
dinov2_b,nct-crc-100k,linear,2,0.45,1.18,0.905521,0.912369,0.906654,0.001133,16.55
dinov2_b,nct-crc-100k,linear,2,0.5,0.63,0.905521,0.912369,0.905658,0.000137,2.0
dinov2_b,nct-crc-100k,linear,2,0.55,0.29,0.905521,0.912369,0.906186,0.000665,9.71
dinov2_b,nct-crc-100k,linear,2,0.6,0.18,0.905521,0.912369,0.906073,0.000552,8.06
dinov2_b,nct-crc-100k,linear,2,0.65,0.08,0.905521,0.912369,0.905966,0.000445,6.5
dinov2_b,nct-crc-100k,linear,2,0.7,0.06,0.905521,0.912369,0.906049,0.000528,7.71
dinov2_b,nct-crc-100k,linear,2,0.75,0.01,0.905521,0.912369,0.905521,0.0,0.0
dinov2_b,nct-crc-100k,linear,2,0.8,0.0,0.905521,0.912369,0.905521,0.0,0.0
dinov2_b,nct-crc-100k,linear,2,0.85,0.0,0.905521,0.912369,0.905521,0.0,0.0
dinov2_b,nct-crc-100k,linear,2,0.9,0.0,0.905521,0.912369,0.905521,0.0,0.0
dinov2_b,nct-crc-100k,linear,2,0.95,0.0,0.905521,0.912369,0.905521,0.0,0.0
dinov2_b,nct-crc-100k,linear,2,1.0,0.0,0.905521,0.912369,0.905521,0.0,0.0
dinov2_b,nct-crc-100k,linear,3,0.0,100.0,0.903812,0.90982,0.90982,0.006008,100.0
dinov2_b,nct-crc-100k,linear,3,0.05,31.71,0.903812,0.90982,0.90982,0.006008,100.0
dinov2_b,nct-crc-100k,linear,3,0.1,22.79,0.903812,0.90982,0.90973,0.005918,98.5
dinov2_b,nct-crc-100k,linear,3,0.15,18.08,0.903812,0.90982,0.909917,0.006106,101.62
dinov2_b,nct-crc-100k,linear,3,0.2,14.53,0.903812,0.90982,0.909924,0.006112,101.74
dinov2_b,nct-crc-100k,linear,3,0.25,11.24,0.903812,0.90982,0.91005,0.006238,103.83
dinov2_b,nct-crc-100k,linear,3,0.3,7.9,0.903812,0.90982,0.908971,0.00516,85.88
dinov2_b,nct-crc-100k,linear,3,0.35,4.22,0.903812,0.90982,0.905943,0.002131,35.47
dinov2_b,nct-crc-100k,linear,3,0.4,2.92,0.903812,0.90982,0.904392,0.000581,9.67
dinov2_b,nct-crc-100k,linear,3,0.45,1.87,0.903812,0.90982,0.90455,0.000738,12.29
dinov2_b,nct-crc-100k,linear,3,0.5,1.03,0.903812,0.90982,0.90362,-0.000191,-3.18
dinov2_b,nct-crc-100k,linear,3,0.55,0.6,0.903812,0.90982,0.903704,-0.000108,-1.79
dinov2_b,nct-crc-100k,linear,3,0.6,0.31,0.903812,0.90982,0.903853,4.1e-05,0.68
dinov2_b,nct-crc-100k,linear,3,0.65,0.11,0.903812,0.90982,0.903465,-0.000347,-5.78
dinov2_b,nct-crc-100k,linear,3,0.7,0.06,0.903812,0.90982,0.903812,0.0,0.0
dinov2_b,nct-crc-100k,linear,3,0.75,0.01,0.903812,0.90982,0.903812,0.0,0.0
dinov2_b,nct-crc-100k,linear,3,0.8,0.0,0.903812,0.90982,0.903812,0.0,0.0
dinov2_b,nct-crc-100k,linear,3,0.85,0.0,0.903812,0.90982,0.903812,0.0,0.0
dinov2_b,nct-crc-100k,linear,3,0.9,0.0,0.903812,0.90982,0.903812,0.0,0.0
dinov2_b,nct-crc-100k,linear,3,0.95,0.0,0.903812,0.90982,0.903812,0.0,0.0
dinov2_b,nct-crc-100k,linear,3,1.0,0.0,0.903812,0.90982,0.903812,0.0,0.0
dinov2_b,nct-crc-100k,linear,42,0.0,100.0,0.912286,0.914733,0.914733,0.002446,100.0
dinov2_b,nct-crc-100k,linear,42,0.05,29.44,0.912286,0.914733,0.914733,0.002446,100.0
dinov2_b,nct-crc-100k,linear,42,0.1,20.95,0.912286,0.914733,0.914726,0.002439,99.71
dinov2_b,nct-crc-100k,linear,42,0.15,16.27,0.912286,0.914733,0.915063,0.002777,113.51
dinov2_b,nct-crc-100k,linear,42,0.2,12.56,0.912286,0.914733,0.914894,0.002608,106.6
dinov2_b,nct-crc-100k,linear,42,0.25,9.99,0.912286,0.914733,0.914818,0.002532,103.49
dinov2_b,nct-crc-100k,linear,42,0.3,7.31,0.912286,0.914733,0.914527,0.002241,91.6
dinov2_b,nct-crc-100k,linear,42,0.35,3.87,0.912286,0.914733,0.914867,0.002581,105.51
dinov2_b,nct-crc-100k,linear,42,0.4,2.41,0.912286,0.914733,0.913626,0.00134,54.78
dinov2_b,nct-crc-100k,linear,42,0.45,1.35,0.912286,0.914733,0.912691,0.000405,16.54
dinov2_b,nct-crc-100k,linear,42,0.5,0.88,0.912286,0.914733,0.912149,-0.000137,-5.6
dinov2_b,nct-crc-100k,linear,42,0.55,0.36,0.912286,0.914733,0.911567,-0.000719,-29.4
dinov2_b,nct-crc-100k,linear,42,0.6,0.22,0.912286,0.914733,0.91255,0.000264,10.79
dinov2_b,nct-crc-100k,linear,42,0.65,0.1,0.912286,0.914733,0.91255,0.000264,10.79
dinov2_b,nct-crc-100k,linear,42,0.7,0.07,0.912286,0.914733,0.912467,0.000181,7.39
dinov2_b,nct-crc-100k,linear,42,0.75,0.03,0.912286,0.914733,0.91255,0.000264,10.79
dinov2_b,nct-crc-100k,linear,42,0.8,0.0,0.912286,0.914733,0.912286,0.0,0.0
dinov2_b,nct-crc-100k,linear,42,0.85,0.0,0.912286,0.914733,0.912286,0.0,0.0
dinov2_b,nct-crc-100k,linear,42,0.9,0.0,0.912286,0.914733,0.912286,0.0,0.0
dinov2_b,nct-crc-100k,linear,42,0.95,0.0,0.912286,0.914733,0.912286,0.0,0.0
dinov2_b,nct-crc-100k,linear,42,1.0,0.0,0.912286,0.914733,0.912286,0.0,0.0
dinov2_s,nct-crc-100k,linear,0,0.0,100.0,0.908173,0.913113,0.913113,0.00494,100.0
dinov2_s,nct-crc-100k,linear,0,0.05,29.28,0.908173,0.913113,0.913113,0.00494,100.0
dinov2_s,nct-crc-100k,linear,0,0.1,21.78,0.908173,0.913113,0.913113,0.00494,100.0
dinov2_s,nct-crc-100k,linear,0,0.15,17.65,0.908173,0.913113,0.912624,0.004451,90.1
dinov2_s,nct-crc-100k,linear,0,0.2,14.25,0.908173,0.913113,0.912728,0.004556,92.21
dinov2_s,nct-crc-100k,linear,0,0.25,11.28,0.908173,0.913113,0.913113,0.00494,100.0
dinov2_s,nct-crc-100k,linear,0,0.3,8.51,0.908173,0.913113,0.911649,0.003476,70.36
dinov2_s,nct-crc-100k,linear,0,0.35,4.83,0.908173,0.913113,0.910617,0.002444,49.47
dinov2_s,nct-crc-100k,linear,0,0.4,3.23,0.908173,0.913113,0.90937,0.001198,24.25
dinov2_s,nct-crc-100k,linear,0,0.45,2.09,0.908173,0.913113,0.909016,0.000843,17.07
dinov2_s,nct-crc-100k,linear,0,0.5,1.43,0.908173,0.913113,0.908461,0.000289,5.85
dinov2_s,nct-crc-100k,linear,0,0.55,0.85,0.908173,0.913113,0.908556,0.000383,7.76
dinov2_s,nct-crc-100k,linear,0,0.6,0.5,0.908173,0.913113,0.908613,0.000441,8.92
dinov2_s,nct-crc-100k,linear,0,0.65,0.25,0.908173,0.913113,0.90877,0.000597,12.09
dinov2_s,nct-crc-100k,linear,0,0.7,0.08,0.908173,0.913113,0.908438,0.000265,5.37
dinov2_s,nct-crc-100k,linear,0,0.75,0.01,0.908173,0.913113,0.908263,9e-05,1.82
dinov2_s,nct-crc-100k,linear,0,0.8,0.0,0.908173,0.913113,0.908173,0.0,0.0
dinov2_s,nct-crc-100k,linear,0,0.85,0.0,0.908173,0.913113,0.908173,0.0,0.0
dinov2_s,nct-crc-100k,linear,0,0.9,0.0,0.908173,0.913113,0.908173,0.0,0.0
dinov2_s,nct-crc-100k,linear,0,0.95,0.0,0.908173,0.913113,0.908173,0.0,0.0
dinov2_s,nct-crc-100k,linear,0,1.0,0.0,0.908173,0.913113,0.908173,0.0,0.0
dinov2_s,nct-crc-100k,linear,1,0.0,100.0,0.911477,0.918361,0.918361,0.006884,100.0
dinov2_s,nct-crc-100k,linear,1,0.05,33.83,0.911477,0.918361,0.918361,0.006884,100.0
dinov2_s,nct-crc-100k,linear,1,0.1,24.92,0.911477,0.918361,0.918361,0.006884,100.0
dinov2_s,nct-crc-100k,linear,1,0.15,19.65,0.911477,0.918361,0.918361,0.006884,100.0
dinov2_s,nct-crc-100k,linear,1,0.2,15.93,0.911477,0.918361,0.918516,0.007039,102.25
dinov2_s,nct-crc-100k,linear,1,0.25,12.51,0.911477,0.918361,0.918376,0.006899,100.22
dinov2_s,nct-crc-100k,linear,1,0.3,9.29,0.911477,0.918361,0.917167,0.00569,82.65
dinov2_s,nct-crc-100k,linear,1,0.35,5.52,0.911477,0.918361,0.916223,0.004746,68.94
dinov2_s,nct-crc-100k,linear,1,0.4,3.72,0.911477,0.918361,0.914824,0.003347,48.61
dinov2_s,nct-crc-100k,linear,1,0.45,2.48,0.911477,0.918361,0.914517,0.00304,44.16
dinov2_s,nct-crc-100k,linear,1,0.5,1.62,0.911477,0.918361,0.913698,0.002221,32.26
dinov2_s,nct-crc-100k,linear,1,0.55,1.09,0.911477,0.918361,0.912806,0.001328,19.3
dinov2_s,nct-crc-100k,linear,1,0.6,0.61,0.911477,0.918361,0.912522,0.001045,15.18
dinov2_s,nct-crc-100k,linear,1,0.65,0.38,0.911477,0.918361,0.912103,0.000626,9.09
dinov2_s,nct-crc-100k,linear,1,0.7,0.13,0.911477,0.918361,0.911659,0.000182,2.65
dinov2_s,nct-crc-100k,linear,1,0.75,0.04,0.911477,0.918361,0.911394,-8.3e-05,-1.21
dinov2_s,nct-crc-100k,linear,1,0.8,0.01,0.911477,0.918361,0.911477,0.0,0.0
dinov2_s,nct-crc-100k,linear,1,0.85,0.0,0.911477,0.918361,0.911477,0.0,0.0
dinov2_s,nct-crc-100k,linear,1,0.9,0.0,0.911477,0.918361,0.911477,0.0,0.0
dinov2_s,nct-crc-100k,linear,1,0.95,0.0,0.911477,0.918361,0.911477,0.0,0.0
dinov2_s,nct-crc-100k,linear,1,1.0,0.0,0.911477,0.918361,0.911477,0.0,0.0
dinov2_s,nct-crc-100k,linear,2,0.0,100.0,0.906433,0.914668,0.914668,0.008235,100.0
dinov2_s,nct-crc-100k,linear,2,0.05,32.62,0.906433,0.914668,0.914668,0.008235,100.0
dinov2_s,nct-crc-100k,linear,2,0.1,24.23,0.906433,0.914668,0.914537,0.008104,98.41
dinov2_s,nct-crc-100k,linear,2,0.15,19.46,0.906433,0.914668,0.914537,0.008104,98.41
dinov2_s,nct-crc-100k,linear,2,0.2,15.78,0.906433,0.914668,0.914036,0.007603,92.32
dinov2_s,nct-crc-100k,linear,2,0.25,12.41,0.906433,0.914668,0.913846,0.007413,90.02
dinov2_s,nct-crc-100k,linear,2,0.3,9.12,0.906433,0.914668,0.912998,0.006565,79.72
dinov2_s,nct-crc-100k,linear,2,0.35,5.28,0.906433,0.914668,0.912319,0.005886,71.47
dinov2_s,nct-crc-100k,linear,2,0.4,3.31,0.906433,0.914668,0.908727,0.002294,27.86
dinov2_s,nct-crc-100k,linear,2,0.45,2.2,0.906433,0.914668,0.908993,0.002559,31.08
dinov2_s,nct-crc-100k,linear,2,0.5,1.49,0.906433,0.914668,0.908387,0.001954,23.72
dinov2_s,nct-crc-100k,linear,2,0.55,0.92,0.906433,0.914668,0.907044,0.00061,7.41
dinov2_s,nct-crc-100k,linear,2,0.6,0.52,0.906433,0.914668,0.907046,0.000613,7.45
dinov2_s,nct-crc-100k,linear,2,0.65,0.24,0.906433,0.914668,0.906715,0.000282,3.42
dinov2_s,nct-crc-100k,linear,2,0.7,0.08,0.906433,0.914668,0.906806,0.000373,4.53
dinov2_s,nct-crc-100k,linear,2,0.75,0.01,0.906433,0.914668,0.906523,9e-05,1.09
dinov2_s,nct-crc-100k,linear,2,0.8,0.0,0.906433,0.914668,0.906433,0.0,0.0
dinov2_s,nct-crc-100k,linear,2,0.85,0.0,0.906433,0.914668,0.906433,0.0,0.0
dinov2_s,nct-crc-100k,linear,2,0.9,0.0,0.906433,0.914668,0.906433,0.0,0.0
dinov2_s,nct-crc-100k,linear,2,0.95,0.0,0.906433,0.914668,0.906433,0.0,0.0
dinov2_s,nct-crc-100k,linear,2,1.0,0.0,0.906433,0.914668,0.906433,0.0,0.0
dinov2_s,nct-crc-100k,linear,3,0.0,100.0,0.908611,0.917739,0.917739,0.009128,100.0
dinov2_s,nct-crc-100k,linear,3,0.05,33.08,0.908611,0.917739,0.917739,0.009128,100.0
dinov2_s,nct-crc-100k,linear,3,0.1,24.97,0.908611,0.917739,0.917656,0.009045,99.09
dinov2_s,nct-crc-100k,linear,3,0.15,20.08,0.908611,0.917739,0.917754,0.009143,100.16
dinov2_s,nct-crc-100k,linear,3,0.2,16.27,0.908611,0.917739,0.917958,0.009347,102.4
dinov2_s,nct-crc-100k,linear,3,0.25,12.72,0.908611,0.917739,0.917123,0.008512,93.25
dinov2_s,nct-crc-100k,linear,3,0.3,9.22,0.908611,0.917739,0.915243,0.006632,72.65
dinov2_s,nct-crc-100k,linear,3,0.35,5.5,0.908611,0.917739,0.915012,0.006401,70.12
dinov2_s,nct-crc-100k,linear,3,0.4,3.59,0.908611,0.917739,0.913234,0.004623,50.65
dinov2_s,nct-crc-100k,linear,3,0.45,2.47,0.908611,0.917739,0.912142,0.003531,38.68
dinov2_s,nct-crc-100k,linear,3,0.5,1.74,0.908611,0.917739,0.911953,0.003342,36.61
dinov2_s,nct-crc-100k,linear,3,0.55,1.07,0.908611,0.917739,0.909976,0.001365,14.96
dinov2_s,nct-crc-100k,linear,3,0.6,0.53,0.908611,0.917739,0.909666,0.001055,11.55
dinov2_s,nct-crc-100k,linear,3,0.65,0.29,0.908611,0.917739,0.909749,0.001138,12.46
dinov2_s,nct-crc-100k,linear,3,0.7,0.1,0.908611,0.917739,0.908877,0.000265,2.91
dinov2_s,nct-crc-100k,linear,3,0.75,0.01,0.908611,0.917739,0.908701,9e-05,0.99
dinov2_s,nct-crc-100k,linear,3,0.8,0.0,0.908611,0.917739,0.908611,0.0,0.0
dinov2_s,nct-crc-100k,linear,3,0.85,0.0,0.908611,0.917739,0.908611,0.0,0.0
dinov2_s,nct-crc-100k,linear,3,0.9,0.0,0.908611,0.917739,0.908611,0.0,0.0
dinov2_s,nct-crc-100k,linear,3,0.95,0.0,0.908611,0.917739,0.908611,0.0,0.0
dinov2_s,nct-crc-100k,linear,3,1.0,0.0,0.908611,0.917739,0.908611,0.0,0.0
dinov2_s,nct-crc-100k,linear,42,0.0,100.0,0.902323,0.910761,0.910761,0.008439,100.0
dinov2_s,nct-crc-100k,linear,42,0.05,30.54,0.902323,0.910761,0.910761,0.008439,100.0
dinov2_s,nct-crc-100k,linear,42,0.1,23.04,0.902323,0.910761,0.910498,0.008175,96.88
dinov2_s,nct-crc-100k,linear,42,0.15,18.47,0.902323,0.910761,0.910826,0.008503,100.76
dinov2_s,nct-crc-100k,linear,42,0.2,15.03,0.902323,0.910761,0.911236,0.008914,105.63
dinov2_s,nct-crc-100k,linear,42,0.25,12.09,0.902323,0.910761,0.910505,0.008182,96.96
dinov2_s,nct-crc-100k,linear,42,0.3,8.4,0.902323,0.910761,0.909625,0.007303,86.54
dinov2_s,nct-crc-100k,linear,42,0.35,4.9,0.902323,0.910761,0.905478,0.003156,37.4
dinov2_s,nct-crc-100k,linear,42,0.4,3.18,0.902323,0.910761,0.90479,0.002467,29.23
dinov2_s,nct-crc-100k,linear,42,0.45,2.28,0.902323,0.910761,0.904931,0.002608,30.91
dinov2_s,nct-crc-100k,linear,42,0.5,1.46,0.902323,0.910761,0.904201,0.001878,22.25
dinov2_s,nct-crc-100k,linear,42,0.55,0.91,0.902323,0.910761,0.903889,0.001566,18.56
dinov2_s,nct-crc-100k,linear,42,0.6,0.4,0.902323,0.910761,0.902966,0.000644,7.63
dinov2_s,nct-crc-100k,linear,42,0.65,0.18,0.902323,0.910761,0.90294,0.000617,7.32
dinov2_s,nct-crc-100k,linear,42,0.7,0.04,0.902323,0.910761,0.902677,0.000354,4.2
dinov2_s,nct-crc-100k,linear,42,0.75,0.01,0.902323,0.910761,0.902413,9e-05,1.07
dinov2_s,nct-crc-100k,linear,42,0.8,0.0,0.902323,0.910761,0.902323,0.0,0.0
dinov2_s,nct-crc-100k,linear,42,0.85,0.0,0.902323,0.910761,0.902323,0.0,0.0
dinov2_s,nct-crc-100k,linear,42,0.9,0.0,0.902323,0.910761,0.902323,0.0,0.0
dinov2_s,nct-crc-100k,linear,42,0.95,0.0,0.902323,0.910761,0.902323,0.0,0.0
dinov2_s,nct-crc-100k,linear,42,1.0,0.0,0.902323,0.910761,0.902323,0.0,0.0
gigapath,nct-crc-100k,linear,0,0.0,100.0,0.954487,0.955433,0.955433,0.000945,100.0
gigapath,nct-crc-100k,linear,0,0.05,14.46,0.954487,0.955433,0.955433,0.000945,100.0
gigapath,nct-crc-100k,linear,0,0.1,10.53,0.954487,0.955433,0.955433,0.000945,100.0
gigapath,nct-crc-100k,linear,0,0.15,7.91,0.954487,0.955433,0.955433,0.000945,100.0
gigapath,nct-crc-100k,linear,0,0.2,6.6,0.954487,0.955433,0.955433,0.000945,100.0
gigapath,nct-crc-100k,linear,0,0.25,5.15,0.954487,0.955433,0.955433,0.000945,100.0
gigapath,nct-crc-100k,linear,0,0.3,3.23,0.954487,0.955433,0.955371,0.000884,93.5
gigapath,nct-crc-100k,linear,0,0.35,1.2,0.954487,0.955433,0.955841,0.001353,143.16
gigapath,nct-crc-100k,linear,0,0.4,0.68,0.954487,0.955433,0.95556,0.001072,113.42
gigapath,nct-crc-100k,linear,0,0.45,0.47,0.954487,0.955433,0.955296,0.000808,85.51
gigapath,nct-crc-100k,linear,0,0.5,0.29,0.954487,0.955433,0.955279,0.000791,83.68
gigapath,nct-crc-100k,linear,0,0.55,0.15,0.954487,0.955433,0.954751,0.000264,27.92
gigapath,nct-crc-100k,linear,0,0.6,0.08,0.954487,0.955433,0.954487,0.0,0.0
gigapath,nct-crc-100k,linear,0,0.65,0.03,0.954487,0.955433,0.954487,0.0,0.0
gigapath,nct-crc-100k,linear,0,0.7,0.01,0.954487,0.955433,0.954487,0.0,0.0
gigapath,nct-crc-100k,linear,0,0.75,0.01,0.954487,0.955433,0.954487,0.0,0.0
gigapath,nct-crc-100k,linear,0,0.8,0.0,0.954487,0.955433,0.954487,0.0,0.0
gigapath,nct-crc-100k,linear,0,0.85,0.0,0.954487,0.955433,0.954487,0.0,0.0
gigapath,nct-crc-100k,linear,0,0.9,0.0,0.954487,0.955433,0.954487,0.0,0.0
gigapath,nct-crc-100k,linear,0,0.95,0.0,0.954487,0.955433,0.954487,0.0,0.0
gigapath,nct-crc-100k,linear,0,1.0,0.0,0.954487,0.955433,0.954487,0.0,0.0
gigapath,nct-crc-100k,linear,1,0.0,100.0,0.95302,0.954593,0.954593,0.001573,100.0
gigapath,nct-crc-100k,linear,1,0.05,15.25,0.95302,0.954593,0.954593,0.001573,100.0
gigapath,nct-crc-100k,linear,1,0.1,10.7,0.95302,0.954593,0.954593,0.001573,100.0
gigapath,nct-crc-100k,linear,1,0.15,8.2,0.95302,0.954593,0.954593,0.001573,100.0
gigapath,nct-crc-100k,linear,1,0.2,6.7,0.95302,0.954593,0.954593,0.001573,100.0
gigapath,nct-crc-100k,linear,1,0.25,5.32,0.95302,0.954593,0.954593,0.001573,100.0
gigapath,nct-crc-100k,linear,1,0.3,3.9,0.95302,0.954593,0.95499,0.001969,125.23
gigapath,nct-crc-100k,linear,1,0.35,1.81,0.95302,0.954593,0.954607,0.001587,100.91
gigapath,nct-crc-100k,linear,1,0.4,1.06,0.95302,0.954593,0.954093,0.001073,68.23
gigapath,nct-crc-100k,linear,1,0.45,0.58,0.95302,0.954593,0.953986,0.000966,61.4
gigapath,nct-crc-100k,linear,1,0.5,0.38,0.95302,0.954593,0.954174,0.001153,73.33
gigapath,nct-crc-100k,linear,1,0.55,0.21,0.95302,0.954593,0.954076,0.001056,67.13
gigapath,nct-crc-100k,linear,1,0.6,0.14,0.95302,0.954593,0.954076,0.001056,67.13
gigapath,nct-crc-100k,linear,1,0.65,0.08,0.95302,0.954593,0.953548,0.000528,33.56
gigapath,nct-crc-100k,linear,1,0.7,0.04,0.95302,0.954593,0.953284,0.000264,16.78
gigapath,nct-crc-100k,linear,1,0.75,0.0,0.95302,0.954593,0.95302,0.0,0.0
gigapath,nct-crc-100k,linear,1,0.8,0.0,0.95302,0.954593,0.95302,0.0,0.0
gigapath,nct-crc-100k,linear,1,0.85,0.0,0.95302,0.954593,0.95302,0.0,0.0
gigapath,nct-crc-100k,linear,1,0.9,0.0,0.95302,0.954593,0.95302,0.0,0.0
gigapath,nct-crc-100k,linear,1,0.95,0.0,0.95302,0.954593,0.95302,0.0,0.0
gigapath,nct-crc-100k,linear,1,1.0,0.0,0.95302,0.954593,0.95302,0.0,0.0
gigapath,nct-crc-100k,linear,2,0.0,100.0,0.948225,0.949782,0.949782,0.001557,100.0
gigapath,nct-crc-100k,linear,2,0.05,14.47,0.948225,0.949782,0.949782,0.001557,100.0
gigapath,nct-crc-100k,linear,2,0.1,10.6,0.948225,0.949782,0.949782,0.001557,100.0
gigapath,nct-crc-100k,linear,2,0.15,8.57,0.948225,0.949782,0.949782,0.001557,100.0
gigapath,nct-crc-100k,linear,2,0.2,7.03,0.948225,0.949782,0.949782,0.001557,100.0
gigapath,nct-crc-100k,linear,2,0.25,5.42,0.948225,0.949782,0.950158,0.001933,124.11
gigapath,nct-crc-100k,linear,2,0.3,3.37,0.948225,0.949782,0.950075,0.001849,118.77
gigapath,nct-crc-100k,linear,2,0.35,1.0,0.948225,0.949782,0.950191,0.001966,126.26
gigapath,nct-crc-100k,linear,2,0.4,0.64,0.948225,0.949782,0.950008,0.001782,114.47
gigapath,nct-crc-100k,linear,2,0.45,0.4,0.948225,0.949782,0.949107,0.000882,56.63
gigapath,nct-crc-100k,linear,2,0.5,0.28,0.948225,0.949782,0.948843,0.000618,39.69
gigapath,nct-crc-100k,linear,2,0.55,0.18,0.948225,0.949782,0.948843,0.000618,39.69
gigapath,nct-crc-100k,linear,2,0.6,0.13,0.948225,0.949782,0.948753,0.000528,33.9
gigapath,nct-crc-100k,linear,2,0.65,0.01,0.948225,0.949782,0.948225,0.0,0.0
gigapath,nct-crc-100k,linear,2,0.7,0.01,0.948225,0.949782,0.948225,0.0,0.0
gigapath,nct-crc-100k,linear,2,0.75,0.0,0.948225,0.949782,0.948225,0.0,0.0
gigapath,nct-crc-100k,linear,2,0.8,0.0,0.948225,0.949782,0.948225,0.0,0.0
gigapath,nct-crc-100k,linear,2,0.85,0.0,0.948225,0.949782,0.948225,0.0,0.0
gigapath,nct-crc-100k,linear,2,0.9,0.0,0.948225,0.949782,0.948225,0.0,0.0
gigapath,nct-crc-100k,linear,2,0.95,0.0,0.948225,0.949782,0.948225,0.0,0.0
gigapath,nct-crc-100k,linear,2,1.0,0.0,0.948225,0.949782,0.948225,0.0,0.0
gigapath,nct-crc-100k,linear,3,0.0,100.0,0.953376,0.952575,0.952575,-0.000801,100.0
gigapath,nct-crc-100k,linear,3,0.05,13.68,0.953376,0.952575,0.952575,-0.000801,100.0
gigapath,nct-crc-100k,linear,3,0.1,9.97,0.953376,0.952575,0.952575,-0.000801,100.0
gigapath,nct-crc-100k,linear,3,0.15,7.98,0.953376,0.952575,0.952575,-0.000801,100.0
gigapath,nct-crc-100k,linear,3,0.2,6.49,0.953376,0.952575,0.952575,-0.000801,100.0
gigapath,nct-crc-100k,linear,3,0.25,4.89,0.953376,0.952575,0.952387,-0.000989,123.43
gigapath,nct-crc-100k,linear,3,0.3,3.06,0.953376,0.952575,0.952853,-0.000523,65.35
gigapath,nct-crc-100k,linear,3,0.35,1.13,0.953376,0.952575,0.9531,-0.000275,34.4
gigapath,nct-crc-100k,linear,3,0.4,0.7,0.953376,0.952575,0.953913,0.000537,-67.05
gigapath,nct-crc-100k,linear,3,0.45,0.38,0.953376,0.952575,0.953994,0.000618,-77.16
gigapath,nct-crc-100k,linear,3,0.5,0.17,0.953376,0.952575,0.953376,0.0,-0.0
gigapath,nct-crc-100k,linear,3,0.55,0.13,0.953376,0.952575,0.953376,0.0,-0.0
gigapath,nct-crc-100k,linear,3,0.6,0.08,0.953376,0.952575,0.953376,0.0,-0.0
gigapath,nct-crc-100k,linear,3,0.65,0.01,0.953376,0.952575,0.953376,0.0,-0.0
gigapath,nct-crc-100k,linear,3,0.7,0.01,0.953376,0.952575,0.953376,0.0,-0.0
gigapath,nct-crc-100k,linear,3,0.75,0.0,0.953376,0.952575,0.953376,0.0,-0.0
gigapath,nct-crc-100k,linear,3,0.8,0.0,0.953376,0.952575,0.953376,0.0,-0.0
gigapath,nct-crc-100k,linear,3,0.85,0.0,0.953376,0.952575,0.953376,0.0,-0.0
gigapath,nct-crc-100k,linear,3,0.9,0.0,0.953376,0.952575,0.953376,0.0,-0.0
gigapath,nct-crc-100k,linear,3,0.95,0.0,0.953376,0.952575,0.953376,0.0,-0.0
gigapath,nct-crc-100k,linear,3,1.0,0.0,0.953376,0.952575,0.953376,0.0,-0.0
gigapath,nct-crc-100k,linear,42,0.0,100.0,0.955365,0.956716,0.956716,0.001351,100.0
gigapath,nct-crc-100k,linear,42,0.05,13.61,0.955365,0.956716,0.956716,0.001351,100.0
gigapath,nct-crc-100k,linear,42,0.1,9.93,0.955365,0.956716,0.956716,0.001351,100.0
gigapath,nct-crc-100k,linear,42,0.15,7.72,0.955365,0.956716,0.956716,0.001351,100.0
gigapath,nct-crc-100k,linear,42,0.2,6.23,0.955365,0.956716,0.956716,0.001351,100.0
gigapath,nct-crc-100k,linear,42,0.25,4.48,0.955365,0.956716,0.956716,0.001351,100.0
gigapath,nct-crc-100k,linear,42,0.3,3.16,0.955365,0.956716,0.9573,0.001936,143.28
gigapath,nct-crc-100k,linear,42,0.35,1.21,0.955365,0.956716,0.956567,0.001203,89.01
gigapath,nct-crc-100k,linear,42,0.4,0.75,0.955365,0.956716,0.957026,0.001661,122.96
gigapath,nct-crc-100k,linear,42,0.45,0.5,0.955365,0.956716,0.9574,0.002035,150.64
gigapath,nct-crc-100k,linear,42,0.5,0.33,0.955365,0.956716,0.956608,0.001243,92.03
gigapath,nct-crc-100k,linear,42,0.55,0.18,0.955365,0.956716,0.955816,0.000452,33.43
gigapath,nct-crc-100k,linear,42,0.6,0.08,0.955365,0.956716,0.955628,0.000264,19.54
gigapath,nct-crc-100k,linear,42,0.65,0.06,0.955365,0.956716,0.955628,0.000264,19.54
gigapath,nct-crc-100k,linear,42,0.7,0.03,0.955365,0.956716,0.955365,0.0,0.0
gigapath,nct-crc-100k,linear,42,0.75,0.0,0.955365,0.956716,0.955365,0.0,0.0
gigapath,nct-crc-100k,linear,42,0.8,0.0,0.955365,0.956716,0.955365,0.0,0.0
gigapath,nct-crc-100k,linear,42,0.85,0.0,0.955365,0.956716,0.955365,0.0,0.0
gigapath,nct-crc-100k,linear,42,0.9,0.0,0.955365,0.956716,0.955365,0.0,0.0
gigapath,nct-crc-100k,linear,42,0.95,0.0,0.955365,0.956716,0.955365,0.0,0.0
gigapath,nct-crc-100k,linear,42,1.0,0.0,0.955365,0.956716,0.955365,0.0,0.0
hoptimus,nct-crc-100k,linear,0,0.0,100.0,0.952388,0.95338,0.95338,0.000992,100.0
hoptimus,nct-crc-100k,linear,0,0.05,11.43,0.952388,0.95338,0.95338,0.000992,100.0
hoptimus,nct-crc-100k,linear,0,0.1,8.66,0.952388,0.95338,0.95338,0.000992,100.0
hoptimus,nct-crc-100k,linear,0,0.15,6.8,0.952388,0.95338,0.95338,0.000992,100.0
hoptimus,nct-crc-100k,linear,0,0.2,5.31,0.952388,0.95338,0.95338,0.000992,100.0
hoptimus,nct-crc-100k,linear,0,0.25,3.98,0.952388,0.95338,0.95338,0.000992,100.0
hoptimus,nct-crc-100k,linear,0,0.3,2.94,0.952388,0.95338,0.95338,0.000992,100.0
hoptimus,nct-crc-100k,linear,0,0.35,1.56,0.952388,0.95338,0.952999,0.000611,61.56
hoptimus,nct-crc-100k,linear,0,0.4,0.93,0.952388,0.95338,0.953186,0.000799,80.48
hoptimus,nct-crc-100k,linear,0,0.45,0.58,0.952388,0.95338,0.952652,0.000264,26.6
hoptimus,nct-crc-100k,linear,0,0.5,0.29,0.952388,0.95338,0.952916,0.000528,53.2
hoptimus,nct-crc-100k,linear,0,0.55,0.15,0.952388,0.95338,0.952388,0.0,0.0
hoptimus,nct-crc-100k,linear,0,0.6,0.08,0.952388,0.95338,0.952388,0.0,0.0
hoptimus,nct-crc-100k,linear,0,0.65,0.03,0.952388,0.95338,0.952388,0.0,0.0
hoptimus,nct-crc-100k,linear,0,0.7,0.01,0.952388,0.95338,0.952388,0.0,0.0
hoptimus,nct-crc-100k,linear,0,0.75,0.0,0.952388,0.95338,0.952388,0.0,0.0
hoptimus,nct-crc-100k,linear,0,0.8,0.0,0.952388,0.95338,0.952388,0.0,0.0
hoptimus,nct-crc-100k,linear,0,0.85,0.0,0.952388,0.95338,0.952388,0.0,0.0
hoptimus,nct-crc-100k,linear,0,0.9,0.0,0.952388,0.95338,0.952388,0.0,0.0
hoptimus,nct-crc-100k,linear,0,0.95,0.0,0.952388,0.95338,0.952388,0.0,0.0
hoptimus,nct-crc-100k,linear,0,1.0,0.0,0.952388,0.95338,0.952388,0.0,0.0
hoptimus,nct-crc-100k,linear,1,0.0,100.0,0.94816,0.948116,0.948116,-4.4e-05,100.0
hoptimus,nct-crc-100k,linear,1,0.05,11.32,0.94816,0.948116,0.948116,-4.4e-05,100.0
hoptimus,nct-crc-100k,linear,1,0.1,8.69,0.94816,0.948116,0.948116,-4.4e-05,100.0
hoptimus,nct-crc-100k,linear,1,0.15,6.74,0.94816,0.948116,0.948116,-4.4e-05,100.0
hoptimus,nct-crc-100k,linear,1,0.2,5.35,0.94816,0.948116,0.948116,-4.4e-05,100.0
hoptimus,nct-crc-100k,linear,1,0.25,4.36,0.94816,0.948116,0.948116,-4.4e-05,100.0
hoptimus,nct-crc-100k,linear,1,0.3,3.01,0.94816,0.948116,0.948116,-4.4e-05,100.0
hoptimus,nct-crc-100k,linear,1,0.35,1.63,0.94816,0.948116,0.947585,-0.000575,1293.7
hoptimus,nct-crc-100k,linear,1,0.4,0.99,0.94816,0.948116,0.948628,0.000468,-1051.75
hoptimus,nct-crc-100k,linear,1,0.45,0.61,0.94816,0.948116,0.949156,0.000996,-2238.4
hoptimus,nct-crc-100k,linear,1,0.5,0.32,0.94816,0.948116,0.948628,0.000468,-1051.75
hoptimus,nct-crc-100k,linear,1,0.55,0.19,0.94816,0.948116,0.948816,0.000656,-1473.69
hoptimus,nct-crc-100k,linear,1,0.6,0.11,0.94816,0.948116,0.948488,0.000328,-736.85
hoptimus,nct-crc-100k,linear,1,0.65,0.04,0.94816,0.948116,0.94816,0.0,-0.0
hoptimus,nct-crc-100k,linear,1,0.7,0.04,0.94816,0.948116,0.94816,0.0,-0.0
hoptimus,nct-crc-100k,linear,1,0.75,0.01,0.94816,0.948116,0.94816,0.0,-0.0
hoptimus,nct-crc-100k,linear,1,0.8,0.0,0.94816,0.948116,0.94816,0.0,-0.0
hoptimus,nct-crc-100k,linear,1,0.85,0.0,0.94816,0.948116,0.94816,0.0,-0.0
hoptimus,nct-crc-100k,linear,1,0.9,0.0,0.94816,0.948116,0.94816,0.0,-0.0
hoptimus,nct-crc-100k,linear,1,0.95,0.0,0.94816,0.948116,0.94816,0.0,-0.0
hoptimus,nct-crc-100k,linear,1,1.0,0.0,0.94816,0.948116,0.94816,0.0,-0.0
hoptimus,nct-crc-100k,linear,2,0.0,100.0,0.948891,0.949094,0.949094,0.000203,100.0
hoptimus,nct-crc-100k,linear,2,0.05,11.53,0.948891,0.949094,0.949094,0.000203,100.0
hoptimus,nct-crc-100k,linear,2,0.1,9.32,0.948891,0.949094,0.949094,0.000203,100.0
hoptimus,nct-crc-100k,linear,2,0.15,7.41,0.948891,0.949094,0.949094,0.000203,100.0
hoptimus,nct-crc-100k,linear,2,0.2,5.75,0.948891,0.949094,0.949094,0.000203,100.0
hoptimus,nct-crc-100k,linear,2,0.25,4.51,0.948891,0.949094,0.949094,0.000203,100.0
hoptimus,nct-crc-100k,linear,2,0.3,3.36,0.948891,0.949094,0.94883,-6.1e-05,-30.28
hoptimus,nct-crc-100k,linear,2,0.35,1.85,0.948891,0.949094,0.948558,-0.000334,-164.73
hoptimus,nct-crc-100k,linear,2,0.4,1.03,0.948891,0.949094,0.949668,0.000776,383.25
hoptimus,nct-crc-100k,linear,2,0.45,0.64,0.948891,0.949094,0.949604,0.000713,351.74
hoptimus,nct-crc-100k,linear,2,0.5,0.33,0.948891,0.949094,0.949276,0.000385,189.94
hoptimus,nct-crc-100k,linear,2,0.55,0.17,0.948891,0.949094,0.9494,0.000509,251.08
hoptimus,nct-crc-100k,linear,2,0.6,0.06,0.948891,0.949094,0.949483,0.000592,292.07
hoptimus,nct-crc-100k,linear,2,0.65,0.01,0.948891,0.949094,0.949219,0.000328,161.79
hoptimus,nct-crc-100k,linear,2,0.7,0.0,0.948891,0.949094,0.948891,0.0,0.0
hoptimus,nct-crc-100k,linear,2,0.75,0.0,0.948891,0.949094,0.948891,0.0,0.0
hoptimus,nct-crc-100k,linear,2,0.8,0.0,0.948891,0.949094,0.948891,0.0,0.0
hoptimus,nct-crc-100k,linear,2,0.85,0.0,0.948891,0.949094,0.948891,0.0,0.0
hoptimus,nct-crc-100k,linear,2,0.9,0.0,0.948891,0.949094,0.948891,0.0,0.0
hoptimus,nct-crc-100k,linear,2,0.95,0.0,0.948891,0.949094,0.948891,0.0,0.0
hoptimus,nct-crc-100k,linear,2,1.0,0.0,0.948891,0.949094,0.948891,0.0,0.0
hoptimus,nct-crc-100k,linear,3,0.0,100.0,0.949684,0.951556,0.951556,0.001873,100.0
hoptimus,nct-crc-100k,linear,3,0.05,10.72,0.949684,0.951556,0.951556,0.001873,100.0
hoptimus,nct-crc-100k,linear,3,0.1,7.86,0.949684,0.951556,0.951556,0.001873,100.0
hoptimus,nct-crc-100k,linear,3,0.15,6.16,0.949684,0.951556,0.951556,0.001873,100.0
hoptimus,nct-crc-100k,linear,3,0.2,4.71,0.949684,0.951556,0.951556,0.001873,100.0
hoptimus,nct-crc-100k,linear,3,0.25,3.65,0.949684,0.951556,0.951556,0.001873,100.0
hoptimus,nct-crc-100k,linear,3,0.3,2.41,0.949684,0.951556,0.951556,0.001873,100.0
hoptimus,nct-crc-100k,linear,3,0.35,1.34,0.949684,0.951556,0.951459,0.001775,94.79
hoptimus,nct-crc-100k,linear,3,0.4,0.84,0.949684,0.951556,0.951195,0.001511,80.7
hoptimus,nct-crc-100k,linear,3,0.45,0.5,0.949684,0.951556,0.950931,0.001247,66.6
hoptimus,nct-crc-100k,linear,3,0.5,0.29,0.949684,0.951556,0.951195,0.001511,80.7
hoptimus,nct-crc-100k,linear,3,0.55,0.14,0.949684,0.951556,0.950603,0.000919,49.1
hoptimus,nct-crc-100k,linear,3,0.6,0.07,0.949684,0.951556,0.950012,0.000328,17.5
hoptimus,nct-crc-100k,linear,3,0.65,0.04,0.949684,0.951556,0.949684,0.0,0.0
hoptimus,nct-crc-100k,linear,3,0.7,0.03,0.949684,0.951556,0.949684,0.0,0.0
hoptimus,nct-crc-100k,linear,3,0.75,0.01,0.949684,0.951556,0.949684,0.0,0.0
hoptimus,nct-crc-100k,linear,3,0.8,0.0,0.949684,0.951556,0.949684,0.0,0.0
hoptimus,nct-crc-100k,linear,3,0.85,0.0,0.949684,0.951556,0.949684,0.0,0.0
hoptimus,nct-crc-100k,linear,3,0.9,0.0,0.949684,0.951556,0.949684,0.0,0.0
hoptimus,nct-crc-100k,linear,3,0.95,0.0,0.949684,0.951556,0.949684,0.0,0.0
hoptimus,nct-crc-100k,linear,3,1.0,0.0,0.949684,0.951556,0.949684,0.0,0.0
hoptimus,nct-crc-100k,linear,42,0.0,100.0,0.952871,0.953656,0.953656,0.000785,100.0
hoptimus,nct-crc-100k,linear,42,0.05,11.18,0.952871,0.953656,0.953656,0.000785,100.0
hoptimus,nct-crc-100k,linear,42,0.1,8.31,0.952871,0.953656,0.953656,0.000785,100.0
hoptimus,nct-crc-100k,linear,42,0.15,6.57,0.952871,0.953656,0.953656,0.000785,100.0
hoptimus,nct-crc-100k,linear,42,0.2,5.22,0.952871,0.953656,0.953656,0.000785,100.0
hoptimus,nct-crc-100k,linear,42,0.25,4.05,0.952871,0.953656,0.953656,0.000785,100.0
hoptimus,nct-crc-100k,linear,42,0.3,2.86,0.952871,0.953656,0.953746,0.000875,111.48
hoptimus,nct-crc-100k,linear,42,0.35,1.41,0.952871,0.953656,0.952723,-0.000148,-18.88
hoptimus,nct-crc-100k,linear,42,0.4,0.78,0.952871,0.953656,0.953629,0.000758,96.56
hoptimus,nct-crc-100k,linear,42,0.45,0.46,0.952871,0.953656,0.952837,-3.4e-05,-4.33
hoptimus,nct-crc-100k,linear,42,0.5,0.28,0.952871,0.953656,0.95283,-4.1e-05,-5.2
hoptimus,nct-crc-100k,linear,42,0.55,0.13,0.952871,0.953656,0.953018,0.000147,18.72
hoptimus,nct-crc-100k,linear,42,0.6,0.08,0.952871,0.953656,0.95269,-0.000181,-23.05
hoptimus,nct-crc-100k,linear,42,0.65,0.01,0.952871,0.953656,0.952871,0.0,0.0
hoptimus,nct-crc-100k,linear,42,0.7,0.0,0.952871,0.953656,0.952871,0.0,0.0
hoptimus,nct-crc-100k,linear,42,0.75,0.0,0.952871,0.953656,0.952871,0.0,0.0
hoptimus,nct-crc-100k,linear,42,0.8,0.0,0.952871,0.953656,0.952871,0.0,0.0
hoptimus,nct-crc-100k,linear,42,0.85,0.0,0.952871,0.953656,0.952871,0.0,0.0
hoptimus,nct-crc-100k,linear,42,0.9,0.0,0.952871,0.953656,0.952871,0.0,0.0
hoptimus,nct-crc-100k,linear,42,0.95,0.0,0.952871,0.953656,0.952871,0.0,0.0
hoptimus,nct-crc-100k,linear,42,1.0,0.0,0.952871,0.953656,0.952871,0.0,0.0
phikon2,nct-crc-100k,linear,0,0.0,100.0,0.91777,0.933452,0.933452,0.015681,100.0
phikon2,nct-crc-100k,linear,0,0.05,23.58,0.91777,0.933452,0.933452,0.015681,100.0
phikon2,nct-crc-100k,linear,0,0.1,16.16,0.91777,0.933452,0.933286,0.015515,98.94
phikon2,nct-crc-100k,linear,0,0.15,12.6,0.91777,0.933452,0.932787,0.015017,95.76
phikon2,nct-crc-100k,linear,0,0.2,10.15,0.91777,0.933452,0.931043,0.013273,84.64
phikon2,nct-crc-100k,linear,0,0.25,7.94,0.91777,0.933452,0.927292,0.009522,60.72
phikon2,nct-crc-100k,linear,0,0.3,5.79,0.91777,0.933452,0.922541,0.004771,30.42
phikon2,nct-crc-100k,linear,0,0.35,3.41,0.91777,0.933452,0.920344,0.002574,16.41
phikon2,nct-crc-100k,linear,0,0.4,2.23,0.91777,0.933452,0.921776,0.004006,25.55
phikon2,nct-crc-100k,linear,0,0.45,1.52,0.91777,0.933452,0.921453,0.003683,23.48
phikon2,nct-crc-100k,linear,0,0.5,1.1,0.91777,0.933452,0.920722,0.002952,18.83
phikon2,nct-crc-100k,linear,0,0.55,0.72,0.91777,0.933452,0.919819,0.002049,13.07
phikon2,nct-crc-100k,linear,0,0.6,0.39,0.91777,0.933452,0.919014,0.001243,7.93
phikon2,nct-crc-100k,linear,0,0.65,0.26,0.91777,0.933452,0.91875,0.000979,6.25
phikon2,nct-crc-100k,linear,0,0.7,0.17,0.91777,0.933452,0.918222,0.000452,2.88
phikon2,nct-crc-100k,linear,0,0.75,0.07,0.91777,0.933452,0.918298,0.000528,3.37
phikon2,nct-crc-100k,linear,0,0.8,0.06,0.91777,0.933452,0.918298,0.000528,3.37
phikon2,nct-crc-100k,linear,0,0.85,0.0,0.91777,0.933452,0.91777,0.0,0.0
phikon2,nct-crc-100k,linear,0,0.9,0.0,0.91777,0.933452,0.91777,0.0,0.0
phikon2,nct-crc-100k,linear,0,0.95,0.0,0.91777,0.933452,0.91777,0.0,0.0
phikon2,nct-crc-100k,linear,0,1.0,0.0,0.91777,0.933452,0.91777,0.0,0.0
phikon2,nct-crc-100k,linear,1,0.0,100.0,0.917658,0.932846,0.932846,0.015188,100.0
phikon2,nct-crc-100k,linear,1,0.05,23.18,0.917658,0.932846,0.932846,0.015188,100.0
phikon2,nct-crc-100k,linear,1,0.1,15.97,0.917658,0.932846,0.93268,0.015022,98.91
phikon2,nct-crc-100k,linear,1,0.15,12.19,0.917658,0.932846,0.931684,0.014025,92.35
phikon2,nct-crc-100k,linear,1,0.2,9.65,0.917658,0.932846,0.930023,0.012364,81.41
phikon2,nct-crc-100k,linear,1,0.25,7.59,0.917658,0.932846,0.926354,0.008696,57.25
phikon2,nct-crc-100k,linear,1,0.3,5.77,0.917658,0.932846,0.921945,0.004287,28.22
phikon2,nct-crc-100k,linear,1,0.35,3.26,0.917658,0.932846,0.919057,0.001399,9.21
phikon2,nct-crc-100k,linear,1,0.4,2.08,0.917658,0.932846,0.920512,0.002853,18.79
phikon2,nct-crc-100k,linear,1,0.45,1.49,0.917658,0.932846,0.920549,0.002891,19.03
phikon2,nct-crc-100k,linear,1,0.5,1.04,0.917658,0.932846,0.920069,0.002411,15.87
phikon2,nct-crc-100k,linear,1,0.55,0.71,0.917658,0.932846,0.919895,0.002237,14.73
phikon2,nct-crc-100k,linear,1,0.6,0.4,0.917658,0.932846,0.919353,0.001695,11.16
phikon2,nct-crc-100k,linear,1,0.65,0.28,0.917658,0.932846,0.918562,0.000903,5.95
phikon2,nct-crc-100k,linear,1,0.7,0.22,0.917658,0.932846,0.918562,0.000903,5.95
phikon2,nct-crc-100k,linear,1,0.75,0.07,0.917658,0.932846,0.917922,0.000264,1.74
phikon2,nct-crc-100k,linear,1,0.8,0.06,0.917658,0.932846,0.917922,0.000264,1.74
phikon2,nct-crc-100k,linear,1,0.85,0.01,0.917658,0.932846,0.917658,0.0,0.0
phikon2,nct-crc-100k,linear,1,0.9,0.0,0.917658,0.932846,0.917658,0.0,0.0
phikon2,nct-crc-100k,linear,1,0.95,0.0,0.917658,0.932846,0.917658,0.0,0.0
phikon2,nct-crc-100k,linear,1,1.0,0.0,0.917658,0.932846,0.917658,0.0,0.0
phikon2,nct-crc-100k,linear,2,0.0,100.0,0.915125,0.931958,0.931958,0.016833,100.0
phikon2,nct-crc-100k,linear,2,0.05,22.97,0.915125,0.931958,0.931958,0.016833,100.0
phikon2,nct-crc-100k,linear,2,0.1,15.82,0.915125,0.931958,0.931709,0.016583,98.52
phikon2,nct-crc-100k,linear,2,0.15,12.48,0.915125,0.931958,0.931044,0.015919,94.57
phikon2,nct-crc-100k,linear,2,0.2,9.81,0.915125,0.931958,0.929369,0.014243,84.62
phikon2,nct-crc-100k,linear,2,0.25,7.63,0.915125,0.931958,0.925986,0.01086,64.52
phikon2,nct-crc-100k,linear,2,0.3,5.71,0.915125,0.931958,0.921934,0.006809,40.45
phikon2,nct-crc-100k,linear,2,0.35,3.31,0.915125,0.931958,0.918667,0.003542,21.04
phikon2,nct-crc-100k,linear,2,0.4,2.13,0.915125,0.931958,0.918989,0.003863,22.95
phikon2,nct-crc-100k,linear,2,0.45,1.56,0.915125,0.931958,0.918111,0.002986,17.74
phikon2,nct-crc-100k,linear,2,0.5,1.06,0.915125,0.931958,0.918035,0.00291,17.29
phikon2,nct-crc-100k,linear,2,0.55,0.67,0.915125,0.931958,0.916894,0.001769,10.51
phikon2,nct-crc-100k,linear,2,0.6,0.43,0.915125,0.931958,0.916442,0.001317,7.82
phikon2,nct-crc-100k,linear,2,0.65,0.28,0.915125,0.931958,0.915914,0.000789,4.69
phikon2,nct-crc-100k,linear,2,0.7,0.18,0.915125,0.931958,0.915501,0.000375,2.23
phikon2,nct-crc-100k,linear,2,0.75,0.07,0.915125,0.931958,0.915389,0.000264,1.57
phikon2,nct-crc-100k,linear,2,0.8,0.03,0.915125,0.931958,0.915125,0.0,0.0
phikon2,nct-crc-100k,linear,2,0.85,0.0,0.915125,0.931958,0.915125,0.0,0.0
phikon2,nct-crc-100k,linear,2,0.9,0.0,0.915125,0.931958,0.915125,0.0,0.0
phikon2,nct-crc-100k,linear,2,0.95,0.0,0.915125,0.931958,0.915125,0.0,0.0
phikon2,nct-crc-100k,linear,2,1.0,0.0,0.915125,0.931958,0.915125,0.0,0.0
phikon2,nct-crc-100k,linear,3,0.0,100.0,0.913505,0.931457,0.931457,0.017952,100.0
phikon2,nct-crc-100k,linear,3,0.05,24.32,0.913505,0.931457,0.931457,0.017952,100.0
phikon2,nct-crc-100k,linear,3,0.1,16.45,0.913505,0.931457,0.931457,0.017952,100.0
phikon2,nct-crc-100k,linear,3,0.15,13.09,0.913505,0.931457,0.931125,0.017619,98.15
phikon2,nct-crc-100k,linear,3,0.2,10.22,0.913505,0.931457,0.930128,0.016623,92.6
phikon2,nct-crc-100k,linear,3,0.25,7.95,0.913505,0.931457,0.92664,0.013135,73.17
phikon2,nct-crc-100k,linear,3,0.3,5.84,0.913505,0.931457,0.922563,0.009058,50.46
phikon2,nct-crc-100k,linear,3,0.35,3.36,0.913505,0.931457,0.918772,0.005267,29.34
phikon2,nct-crc-100k,linear,3,0.4,2.16,0.913505,0.931457,0.917984,0.004479,24.95
phikon2,nct-crc-100k,linear,3,0.45,1.48,0.913505,0.931457,0.917209,0.003704,20.63
phikon2,nct-crc-100k,linear,3,0.5,1.02,0.913505,0.931457,0.916541,0.003036,16.91
phikon2,nct-crc-100k,linear,3,0.55,0.67,0.913505,0.931457,0.91618,0.002674,14.9
phikon2,nct-crc-100k,linear,3,0.6,0.42,0.913505,0.931457,0.915464,0.001959,10.91
phikon2,nct-crc-100k,linear,3,0.65,0.25,0.913505,0.931457,0.914408,0.000903,5.03
phikon2,nct-crc-100k,linear,3,0.7,0.17,0.913505,0.931457,0.914144,0.000639,3.56
phikon2,nct-crc-100k,linear,3,0.75,0.06,0.913505,0.931457,0.913769,0.000264,1.47
phikon2,nct-crc-100k,linear,3,0.8,0.03,0.913505,0.931457,0.913505,0.0,0.0
phikon2,nct-crc-100k,linear,3,0.85,0.0,0.913505,0.931457,0.913505,0.0,0.0
phikon2,nct-crc-100k,linear,3,0.9,0.0,0.913505,0.931457,0.913505,0.0,0.0
phikon2,nct-crc-100k,linear,3,0.95,0.0,0.913505,0.931457,0.913505,0.0,0.0
phikon2,nct-crc-100k,linear,3,1.0,0.0,0.913505,0.931457,0.913505,0.0,0.0
phikon2,nct-crc-100k,linear,42,0.0,100.0,0.916953,0.93151,0.93151,0.014556,100.0
phikon2,nct-crc-100k,linear,42,0.05,23.83,0.916953,0.93151,0.93151,0.014556,100.0
phikon2,nct-crc-100k,linear,42,0.1,16.5,0.916953,0.93151,0.931344,0.01439,98.86
phikon2,nct-crc-100k,linear,42,0.15,12.72,0.916953,0.93151,0.930762,0.013809,94.87
phikon2,nct-crc-100k,linear,42,0.2,10.17,0.916953,0.93151,0.929434,0.01248,85.74
phikon2,nct-crc-100k,linear,42,0.25,7.97,0.916953,0.93151,0.925697,0.008743,60.07
phikon2,nct-crc-100k,linear,42,0.3,5.97,0.916953,0.93151,0.921613,0.004659,32.01
phikon2,nct-crc-100k,linear,42,0.35,3.47,0.916953,0.93151,0.918191,0.001237,8.5
phikon2,nct-crc-100k,linear,42,0.4,2.2,0.916953,0.93151,0.9194,0.002446,16.8
phikon2,nct-crc-100k,linear,42,0.45,1.6,0.916953,0.93151,0.918718,0.001765,12.12
phikon2,nct-crc-100k,linear,42,0.5,1.11,0.916953,0.93151,0.919174,0.00222,15.25
phikon2,nct-crc-100k,linear,42,0.55,0.74,0.916953,0.93151,0.918812,0.001859,12.77
phikon2,nct-crc-100k,linear,42,0.6,0.45,0.916953,0.93151,0.91793,0.000977,6.71
phikon2,nct-crc-100k,linear,42,0.65,0.28,0.916953,0.93151,0.917743,0.000789,5.42
phikon2,nct-crc-100k,linear,42,0.7,0.18,0.916953,0.93151,0.917329,0.000375,2.58
phikon2,nct-crc-100k,linear,42,0.75,0.08,0.916953,0.93151,0.916953,0.0,0.0
phikon2,nct-crc-100k,linear,42,0.8,0.04,0.916953,0.93151,0.917217,0.000264,1.81
phikon2,nct-crc-100k,linear,42,0.85,0.01,0.916953,0.93151,0.916953,0.0,0.0
phikon2,nct-crc-100k,linear,42,0.9,0.0,0.916953,0.93151,0.916953,0.0,0.0
phikon2,nct-crc-100k,linear,42,0.95,0.0,0.916953,0.93151,0.916953,0.0,0.0
phikon2,nct-crc-100k,linear,42,1.0,0.0,0.916953,0.93151,0.916953,0.0,0.0
phikon,nct-crc-100k,linear,0,0.0,100.0,0.922089,0.926038,0.926038,0.003948,100.0
phikon,nct-crc-100k,linear,0,0.05,16.11,0.922089,0.926038,0.926038,0.003948,100.0
phikon,nct-crc-100k,linear,0,0.1,12.17,0.922089,0.926038,0.926038,0.003948,100.0
phikon,nct-crc-100k,linear,0,0.15,9.75,0.922089,0.926038,0.926038,0.003948,100.0
phikon,nct-crc-100k,linear,0,0.2,7.83,0.922089,0.926038,0.925955,0.003865,97.9
phikon,nct-crc-100k,linear,0,0.25,6.55,0.922089,0.926038,0.925638,0.003549,89.89
phikon,nct-crc-100k,linear,0,0.3,4.79,0.922089,0.926038,0.925542,0.003453,87.44
phikon,nct-crc-100k,linear,0,0.35,2.62,0.922089,0.926038,0.923871,0.001782,45.12
phikon,nct-crc-100k,linear,0,0.4,1.67,0.922089,0.926038,0.923881,0.001792,45.38
phikon,nct-crc-100k,linear,0,0.45,0.95,0.922089,0.926038,0.923116,0.001027,26.0
phikon,nct-crc-100k,linear,0,0.5,0.24,0.922089,0.926038,0.922469,0.000379,9.61
phikon,nct-crc-100k,linear,0,0.55,0.11,0.922089,0.926038,0.922417,0.000328,8.3
phikon,nct-crc-100k,linear,0,0.6,0.06,0.922089,0.926038,0.922089,0.0,0.0
phikon,nct-crc-100k,linear,0,0.65,0.0,0.922089,0.926038,0.922089,0.0,0.0
phikon,nct-crc-100k,linear,0,0.7,0.0,0.922089,0.926038,0.922089,0.0,0.0
phikon,nct-crc-100k,linear,0,0.75,0.0,0.922089,0.926038,0.922089,0.0,0.0
phikon,nct-crc-100k,linear,0,0.8,0.0,0.922089,0.926038,0.922089,0.0,0.0
phikon,nct-crc-100k,linear,0,0.85,0.0,0.922089,0.926038,0.922089,0.0,0.0
phikon,nct-crc-100k,linear,0,0.9,0.0,0.922089,0.926038,0.922089,0.0,0.0
phikon,nct-crc-100k,linear,0,0.95,0.0,0.922089,0.926038,0.922089,0.0,0.0
phikon,nct-crc-100k,linear,0,1.0,0.0,0.922089,0.926038,0.922089,0.0,0.0
phikon,nct-crc-100k,linear,1,0.0,100.0,0.917548,0.924089,0.924089,0.00654,100.0
phikon,nct-crc-100k,linear,1,0.05,15.42,0.917548,0.924089,0.924089,0.00654,100.0
phikon,nct-crc-100k,linear,1,0.1,11.27,0.917548,0.924089,0.924006,0.006457,98.73
phikon,nct-crc-100k,linear,1,0.15,9.36,0.917548,0.924089,0.92384,0.006291,96.19
phikon,nct-crc-100k,linear,1,0.2,7.51,0.917548,0.924089,0.924034,0.006486,99.16
phikon,nct-crc-100k,linear,1,0.25,6.02,0.917548,0.924089,0.9231,0.005551,84.88
phikon,nct-crc-100k,linear,1,0.3,4.35,0.917548,0.924089,0.923349,0.005801,88.69
phikon,nct-crc-100k,linear,1,0.35,2.23,0.917548,0.924089,0.920557,0.003008,46.0
phikon,nct-crc-100k,linear,1,0.4,1.32,0.917548,0.924089,0.920043,0.002495,38.15
phikon,nct-crc-100k,linear,1,0.45,0.71,0.917548,0.924089,0.919484,0.001935,29.59
phikon,nct-crc-100k,linear,1,0.5,0.14,0.917548,0.924089,0.918064,0.000515,7.88
phikon,nct-crc-100k,linear,1,0.55,0.08,0.917548,0.924089,0.917736,0.000188,2.87
phikon,nct-crc-100k,linear,1,0.6,0.03,0.917548,0.924089,0.917548,0.0,0.0
phikon,nct-crc-100k,linear,1,0.65,0.0,0.917548,0.924089,0.917548,0.0,0.0
phikon,nct-crc-100k,linear,1,0.7,0.0,0.917548,0.924089,0.917548,0.0,0.0
phikon,nct-crc-100k,linear,1,0.75,0.0,0.917548,0.924089,0.917548,0.0,0.0
phikon,nct-crc-100k,linear,1,0.8,0.0,0.917548,0.924089,0.917548,0.0,0.0
phikon,nct-crc-100k,linear,1,0.85,0.0,0.917548,0.924089,0.917548,0.0,0.0
phikon,nct-crc-100k,linear,1,0.9,0.0,0.917548,0.924089,0.917548,0.0,0.0
phikon,nct-crc-100k,linear,1,0.95,0.0,0.917548,0.924089,0.917548,0.0,0.0
phikon,nct-crc-100k,linear,1,1.0,0.0,0.917548,0.924089,0.917548,0.0,0.0
phikon,nct-crc-100k,linear,2,0.0,100.0,0.920137,0.92725,0.92725,0.007114,100.0
phikon,nct-crc-100k,linear,2,0.05,18.8,0.920137,0.92725,0.92725,0.007114,100.0
phikon,nct-crc-100k,linear,2,0.1,14.15,0.920137,0.92725,0.92725,0.007114,100.0
phikon,nct-crc-100k,linear,2,0.15,11.34,0.920137,0.92725,0.92725,0.007114,100.0
phikon,nct-crc-100k,linear,2,0.2,9.29,0.920137,0.92725,0.927167,0.007031,98.83
phikon,nct-crc-100k,linear,2,0.25,7.4,0.920137,0.92725,0.926445,0.006308,88.68
phikon,nct-crc-100k,linear,2,0.3,5.4,0.920137,0.92725,0.925561,0.005425,76.26
phikon,nct-crc-100k,linear,2,0.35,3.2,0.920137,0.92725,0.924898,0.004761,66.93
phikon,nct-crc-100k,linear,2,0.4,2.01,0.920137,0.92725,0.923944,0.003807,53.52
phikon,nct-crc-100k,linear,2,0.45,1.2,0.920137,0.92725,0.922568,0.002432,34.18
phikon,nct-crc-100k,linear,2,0.5,0.61,0.920137,0.92725,0.921405,0.001268,17.83
phikon,nct-crc-100k,linear,2,0.55,0.26,0.920137,0.92725,0.920483,0.000347,4.88
phikon,nct-crc-100k,linear,2,0.6,0.1,0.920137,0.92725,0.920137,0.0,0.0
phikon,nct-crc-100k,linear,2,0.65,0.06,0.920137,0.92725,0.920137,0.0,0.0
phikon,nct-crc-100k,linear,2,0.7,0.04,0.920137,0.92725,0.920137,0.0,0.0
phikon,nct-crc-100k,linear,2,0.75,0.0,0.920137,0.92725,0.920137,0.0,0.0
phikon,nct-crc-100k,linear,2,0.8,0.0,0.920137,0.92725,0.920137,0.0,0.0
phikon,nct-crc-100k,linear,2,0.85,0.0,0.920137,0.92725,0.920137,0.0,0.0
phikon,nct-crc-100k,linear,2,0.9,0.0,0.920137,0.92725,0.920137,0.0,0.0
phikon,nct-crc-100k,linear,2,0.95,0.0,0.920137,0.92725,0.920137,0.0,0.0
phikon,nct-crc-100k,linear,2,1.0,0.0,0.920137,0.92725,0.920137,0.0,0.0
phikon,nct-crc-100k,linear,3,0.0,100.0,0.921521,0.929977,0.929977,0.008456,100.0
phikon,nct-crc-100k,linear,3,0.05,15.86,0.921521,0.929977,0.929977,0.008456,100.0
phikon,nct-crc-100k,linear,3,0.1,12.19,0.921521,0.929977,0.929713,0.008192,96.88
phikon,nct-crc-100k,linear,3,0.15,9.85,0.921521,0.929977,0.929804,0.008282,97.94
phikon,nct-crc-100k,linear,3,0.2,8.04,0.921521,0.929977,0.929728,0.008206,97.05
phikon,nct-crc-100k,linear,3,0.25,6.45,0.921521,0.929977,0.929003,0.007481,88.47
phikon,nct-crc-100k,linear,3,0.3,4.55,0.921521,0.929977,0.927392,0.005871,69.43
phikon,nct-crc-100k,linear,3,0.35,2.49,0.921521,0.929977,0.925402,0.00388,45.89
phikon,nct-crc-100k,linear,3,0.4,1.56,0.921521,0.929977,0.924903,0.003382,40.0
phikon,nct-crc-100k,linear,3,0.45,0.79,0.921521,0.929977,0.923294,0.001772,20.96
phikon,nct-crc-100k,linear,3,0.5,0.25,0.921521,0.929977,0.9221,0.000579,6.84
phikon,nct-crc-100k,linear,3,0.55,0.11,0.921521,0.929977,0.921746,0.000225,2.66
phikon,nct-crc-100k,linear,3,0.6,0.04,0.921521,0.929977,0.921604,8.3e-05,0.98
phikon,nct-crc-100k,linear,3,0.65,0.01,0.921521,0.929977,0.921521,0.0,0.0
phikon,nct-crc-100k,linear,3,0.7,0.0,0.921521,0.929977,0.921521,0.0,0.0
phikon,nct-crc-100k,linear,3,0.75,0.0,0.921521,0.929977,0.921521,0.0,0.0
phikon,nct-crc-100k,linear,3,0.8,0.0,0.921521,0.929977,0.921521,0.0,0.0
phikon,nct-crc-100k,linear,3,0.85,0.0,0.921521,0.929977,0.921521,0.0,0.0
phikon,nct-crc-100k,linear,3,0.9,0.0,0.921521,0.929977,0.921521,0.0,0.0
phikon,nct-crc-100k,linear,3,0.95,0.0,0.921521,0.929977,0.921521,0.0,0.0
phikon,nct-crc-100k,linear,3,1.0,0.0,0.921521,0.929977,0.921521,0.0,0.0
phikon,nct-crc-100k,linear,42,0.0,100.0,0.927068,0.933549,0.933549,0.006481,100.0
phikon,nct-crc-100k,linear,42,0.05,15.92,0.927068,0.933549,0.933549,0.006481,100.0
phikon,nct-crc-100k,linear,42,0.1,11.78,0.927068,0.933549,0.933549,0.006481,100.0
phikon,nct-crc-100k,linear,42,0.15,9.54,0.927068,0.933549,0.933466,0.006398,98.72
phikon,nct-crc-100k,linear,42,0.2,7.76,0.927068,0.933549,0.933278,0.006211,95.82
phikon,nct-crc-100k,linear,42,0.25,6.36,0.927068,0.933549,0.932938,0.005871,90.58
phikon,nct-crc-100k,linear,42,0.3,4.83,0.927068,0.933549,0.93217,0.005102,78.73
phikon,nct-crc-100k,linear,42,0.35,2.95,0.927068,0.933549,0.931742,0.004674,72.12
phikon,nct-crc-100k,linear,42,0.4,1.94,0.927068,0.933549,0.930185,0.003117,48.09
phikon,nct-crc-100k,linear,42,0.45,1.09,0.927068,0.933549,0.929497,0.00243,37.49
phikon,nct-crc-100k,linear,42,0.5,0.45,0.927068,0.933549,0.928287,0.00122,18.82
phikon,nct-crc-100k,linear,42,0.55,0.15,0.927068,0.933549,0.927258,0.00019,2.94
phikon,nct-crc-100k,linear,42,0.6,0.03,0.927068,0.933549,0.927068,0.0,0.0
phikon,nct-crc-100k,linear,42,0.65,0.0,0.927068,0.933549,0.927068,0.0,0.0
phikon,nct-crc-100k,linear,42,0.7,0.0,0.927068,0.933549,0.927068,0.0,0.0
phikon,nct-crc-100k,linear,42,0.75,0.0,0.927068,0.933549,0.927068,0.0,0.0
phikon,nct-crc-100k,linear,42,0.8,0.0,0.927068,0.933549,0.927068,0.0,0.0
phikon,nct-crc-100k,linear,42,0.85,0.0,0.927068,0.933549,0.927068,0.0,0.0
phikon,nct-crc-100k,linear,42,0.9,0.0,0.927068,0.933549,0.927068,0.0,0.0
phikon,nct-crc-100k,linear,42,0.95,0.0,0.927068,0.933549,0.927068,0.0,0.0
phikon,nct-crc-100k,linear,42,1.0,0.0,0.927068,0.933549,0.927068,0.0,0.0
resnet18,nct-crc-100k,linear,0,0.0,100.0,0.865898,0.878377,0.878377,0.012479,100.0
resnet18,nct-crc-100k,linear,0,0.05,43.19,0.865898,0.878377,0.878339,0.012441,99.7
resnet18,nct-crc-100k,linear,0,0.1,33.09,0.865898,0.878377,0.878256,0.012358,99.03
resnet18,nct-crc-100k,linear,0,0.15,27.17,0.865898,0.878377,0.878173,0.012275,98.37
resnet18,nct-crc-100k,linear,0,0.2,22.4,0.865898,0.878377,0.878318,0.01242,99.52
resnet18,nct-crc-100k,linear,0,0.25,18.5,0.865898,0.878377,0.878314,0.012416,99.5
resnet18,nct-crc-100k,linear,0,0.3,14.3,0.865898,0.878377,0.878704,0.012806,102.62
resnet18,nct-crc-100k,linear,0,0.35,9.01,0.865898,0.878377,0.876393,0.010495,84.1
resnet18,nct-crc-100k,linear,0,0.4,6.74,0.865898,0.878377,0.874638,0.00874,70.04
resnet18,nct-crc-100k,linear,0,0.45,4.72,0.865898,0.878377,0.873382,0.007484,59.97
resnet18,nct-crc-100k,linear,0,0.5,3.18,0.865898,0.878377,0.871349,0.005451,43.68
resnet18,nct-crc-100k,linear,0,0.55,2.01,0.865898,0.878377,0.869987,0.004089,32.77
resnet18,nct-crc-100k,linear,0,0.6,1.17,0.865898,0.878377,0.868549,0.002651,21.24
resnet18,nct-crc-100k,linear,0,0.65,0.6,0.865898,0.878377,0.866657,0.000759,6.08
resnet18,nct-crc-100k,linear,0,0.7,0.26,0.865898,0.878377,0.866528,0.00063,5.05
resnet18,nct-crc-100k,linear,0,0.75,0.1,0.865898,0.878377,0.86633,0.000432,3.46
resnet18,nct-crc-100k,linear,0,0.8,0.03,0.865898,0.878377,0.865981,8.3e-05,0.67
resnet18,nct-crc-100k,linear,0,0.85,0.0,0.865898,0.878377,0.865898,0.0,0.0
resnet18,nct-crc-100k,linear,0,0.9,0.0,0.865898,0.878377,0.865898,0.0,0.0
resnet18,nct-crc-100k,linear,0,0.95,0.0,0.865898,0.878377,0.865898,0.0,0.0
resnet18,nct-crc-100k,linear,0,1.0,0.0,0.865898,0.878377,0.865898,0.0,0.0
resnet18,nct-crc-100k,linear,1,0.0,100.0,0.869016,0.87857,0.87857,0.009554,100.0
resnet18,nct-crc-100k,linear,1,0.05,41.49,0.869016,0.87857,0.878382,0.009367,98.04
resnet18,nct-crc-100k,linear,1,0.1,32.35,0.869016,0.87857,0.878216,0.009201,96.3
resnet18,nct-crc-100k,linear,1,0.15,25.99,0.869016,0.87857,0.878654,0.009638,100.88
resnet18,nct-crc-100k,linear,1,0.2,21.66,0.869016,0.87857,0.878749,0.009733,101.87
resnet18,nct-crc-100k,linear,1,0.25,17.65,0.869016,0.87857,0.879191,0.010176,106.5
resnet18,nct-crc-100k,linear,1,0.3,13.47,0.869016,0.87857,0.880628,0.011612,121.54
resnet18,nct-crc-100k,linear,1,0.35,8.93,0.869016,0.87857,0.878103,0.009087,95.11
resnet18,nct-crc-100k,linear,1,0.4,6.45,0.869016,0.87857,0.878026,0.009011,94.31
resnet18,nct-crc-100k,linear,1,0.45,4.48,0.869016,0.87857,0.87674,0.007725,80.85
resnet18,nct-crc-100k,linear,1,0.5,3.19,0.869016,0.87857,0.876025,0.007009,73.36
resnet18,nct-crc-100k,linear,1,0.55,2.06,0.869016,0.87857,0.872594,0.003579,37.46
resnet18,nct-crc-100k,linear,1,0.6,1.14,0.869016,0.87857,0.871832,0.002817,29.48
resnet18,nct-crc-100k,linear,1,0.65,0.6,0.869016,0.87857,0.870436,0.001421,14.87
resnet18,nct-crc-100k,linear,1,0.7,0.21,0.869016,0.87857,0.86962,0.000604,6.32
resnet18,nct-crc-100k,linear,1,0.75,0.14,0.869016,0.87857,0.869362,0.000347,3.63
resnet18,nct-crc-100k,linear,1,0.8,0.01,0.869016,0.87857,0.869099,8.3e-05,0.87
resnet18,nct-crc-100k,linear,1,0.85,0.01,0.869016,0.87857,0.869099,8.3e-05,0.87
resnet18,nct-crc-100k,linear,1,0.9,0.0,0.869016,0.87857,0.869016,0.0,0.0
resnet18,nct-crc-100k,linear,1,0.95,0.0,0.869016,0.87857,0.869016,0.0,0.0
resnet18,nct-crc-100k,linear,1,1.0,0.0,0.869016,0.87857,0.869016,0.0,0.0
resnet18,nct-crc-100k,linear,2,0.0,100.0,0.868604,0.880677,0.880677,0.012073,100.0
resnet18,nct-crc-100k,linear,2,0.05,40.4,0.868604,0.880677,0.880639,0.012035,99.69
resnet18,nct-crc-100k,linear,2,0.1,31.5,0.868604,0.880677,0.880639,0.012035,99.69
resnet18,nct-crc-100k,linear,2,0.15,25.72,0.868604,0.880677,0.880844,0.01224,101.39
resnet18,nct-crc-100k,linear,2,0.2,21.49,0.868604,0.880677,0.880885,0.012281,101.73
resnet18,nct-crc-100k,linear,2,0.25,17.37,0.868604,0.880677,0.881502,0.012898,106.84
resnet18,nct-crc-100k,linear,2,0.3,13.09,0.868604,0.880677,0.883048,0.014445,119.65
resnet18,nct-crc-100k,linear,2,0.35,8.65,0.868604,0.880677,0.878703,0.0101,83.66
resnet18,nct-crc-100k,linear,2,0.4,6.42,0.868604,0.880677,0.877053,0.008449,69.99
resnet18,nct-crc-100k,linear,2,0.45,4.51,0.868604,0.880677,0.87579,0.007186,59.52
resnet18,nct-crc-100k,linear,2,0.5,3.09,0.868604,0.880677,0.873239,0.004636,38.4
resnet18,nct-crc-100k,linear,2,0.55,2.02,0.868604,0.880677,0.871189,0.002585,21.42
resnet18,nct-crc-100k,linear,2,0.6,1.02,0.868604,0.880677,0.869517,0.000913,7.56
resnet18,nct-crc-100k,linear,2,0.65,0.53,0.868604,0.880677,0.869136,0.000532,4.41
resnet18,nct-crc-100k,linear,2,0.7,0.19,0.868604,0.880677,0.868778,0.000174,1.44
resnet18,nct-crc-100k,linear,2,0.75,0.13,0.868604,0.880677,0.868778,0.000174,1.44
resnet18,nct-crc-100k,linear,2,0.8,0.04,0.868604,0.880677,0.868868,0.000264,2.19
resnet18,nct-crc-100k,linear,2,0.85,0.0,0.868604,0.880677,0.868604,0.0,0.0
resnet18,nct-crc-100k,linear,2,0.9,0.0,0.868604,0.880677,0.868604,0.0,0.0
resnet18,nct-crc-100k,linear,2,0.95,0.0,0.868604,0.880677,0.868604,0.0,0.0
resnet18,nct-crc-100k,linear,2,1.0,0.0,0.868604,0.880677,0.868604,0.0,0.0
resnet18,nct-crc-100k,linear,3,0.0,100.0,0.868768,0.880617,0.880617,0.011849,100.0
resnet18,nct-crc-100k,linear,3,0.05,40.49,0.868768,0.880617,0.880429,0.011661,98.42
resnet18,nct-crc-100k,linear,3,0.1,31.36,0.868768,0.880617,0.880429,0.011661,98.42
resnet18,nct-crc-100k,linear,3,0.15,25.71,0.868768,0.880617,0.880075,0.011307,95.43
resnet18,nct-crc-100k,linear,3,0.2,21.23,0.868768,0.880617,0.881056,0.012287,103.7
resnet18,nct-crc-100k,linear,3,0.25,17.45,0.868768,0.880617,0.880922,0.012154,102.58
resnet18,nct-crc-100k,linear,3,0.3,13.18,0.868768,0.880617,0.879954,0.011186,94.41
resnet18,nct-crc-100k,linear,3,0.35,8.66,0.868768,0.880617,0.880504,0.011736,99.05
resnet18,nct-crc-100k,linear,3,0.4,6.25,0.868768,0.880617,0.877647,0.008879,74.94
resnet18,nct-crc-100k,linear,3,0.45,4.5,0.868768,0.880617,0.877035,0.008267,69.77
resnet18,nct-crc-100k,linear,3,0.5,3.15,0.868768,0.880617,0.874269,0.005501,46.43
resnet18,nct-crc-100k,linear,3,0.55,2.01,0.868768,0.880617,0.872821,0.004052,34.2
resnet18,nct-crc-100k,linear,3,0.6,1.07,0.868768,0.880617,0.871079,0.002311,19.5
resnet18,nct-crc-100k,linear,3,0.65,0.61,0.868768,0.880617,0.870133,0.001365,11.52
resnet18,nct-crc-100k,linear,3,0.7,0.22,0.868768,0.880617,0.869487,0.000719,6.07
resnet18,nct-crc-100k,linear,3,0.75,0.14,0.868768,0.880617,0.869139,0.000371,3.13
resnet18,nct-crc-100k,linear,3,0.8,0.01,0.868768,0.880617,0.868768,0.0,0.0
resnet18,nct-crc-100k,linear,3,0.85,0.0,0.868768,0.880617,0.868768,0.0,0.0
resnet18,nct-crc-100k,linear,3,0.9,0.0,0.868768,0.880617,0.868768,0.0,0.0
resnet18,nct-crc-100k,linear,3,0.95,0.0,0.868768,0.880617,0.868768,0.0,0.0
resnet18,nct-crc-100k,linear,3,1.0,0.0,0.868768,0.880617,0.868768,0.0,0.0
resnet18,nct-crc-100k,linear,42,0.0,100.0,0.871271,0.880797,0.880797,0.009526,100.0
resnet18,nct-crc-100k,linear,42,0.05,41.13,0.871271,0.880797,0.880609,0.009339,98.03
resnet18,nct-crc-100k,linear,42,0.1,31.6,0.871271,0.880797,0.880609,0.009339,98.03
resnet18,nct-crc-100k,linear,42,0.15,25.97,0.871271,0.880797,0.880616,0.009346,98.1
resnet18,nct-crc-100k,linear,42,0.2,21.56,0.871271,0.880797,0.881091,0.009821,103.09
resnet18,nct-crc-100k,linear,42,0.25,17.47,0.871271,0.880797,0.881373,0.010102,106.04
resnet18,nct-crc-100k,linear,42,0.3,13.27,0.871271,0.880797,0.88146,0.010189,106.96
resnet18,nct-crc-100k,linear,42,0.35,8.64,0.871271,0.880797,0.880408,0.009138,95.92
resnet18,nct-crc-100k,linear,42,0.4,6.23,0.871271,0.880797,0.878837,0.007566,79.43
resnet18,nct-crc-100k,linear,42,0.45,4.47,0.871271,0.880797,0.878844,0.007573,79.5
resnet18,nct-crc-100k,linear,42,0.5,3.19,0.871271,0.880797,0.877542,0.006272,65.84
resnet18,nct-crc-100k,linear,42,0.55,2.02,0.871271,0.880797,0.875099,0.003828,40.19
resnet18,nct-crc-100k,linear,42,0.6,1.09,0.871271,0.880797,0.873953,0.002682,28.16
resnet18,nct-crc-100k,linear,42,0.65,0.63,0.871271,0.880797,0.873492,0.002221,23.32
resnet18,nct-crc-100k,linear,42,0.7,0.21,0.871271,0.880797,0.872132,0.000862,9.04
resnet18,nct-crc-100k,linear,42,0.75,0.13,0.871271,0.880797,0.871618,0.000347,3.64
resnet18,nct-crc-100k,linear,42,0.8,0.03,0.871271,0.880797,0.871354,8.3e-05,0.87
resnet18,nct-crc-100k,linear,42,0.85,0.0,0.871271,0.880797,0.871271,0.0,0.0
resnet18,nct-crc-100k,linear,42,0.9,0.0,0.871271,0.880797,0.871271,0.0,0.0
resnet18,nct-crc-100k,linear,42,0.95,0.0,0.871271,0.880797,0.871271,0.0,0.0
resnet18,nct-crc-100k,linear,42,1.0,0.0,0.871271,0.880797,0.871271,0.0,0.0
resnet50,nct-crc-100k,linear,0,0.0,100.0,0.875261,0.891597,0.891597,0.016336,100.0
resnet50,nct-crc-100k,linear,0,0.05,44.76,0.875261,0.891597,0.891597,0.016336,100.0
resnet50,nct-crc-100k,linear,0,0.1,34.39,0.875261,0.891597,0.891556,0.016296,99.75
resnet50,nct-crc-100k,linear,0,0.15,27.98,0.875261,0.891597,0.891556,0.016296,99.75
resnet50,nct-crc-100k,linear,0,0.2,23.16,0.875261,0.891597,0.890735,0.015474,94.72
resnet50,nct-crc-100k,linear,0,0.25,18.9,0.875261,0.891597,0.890455,0.015195,93.01
resnet50,nct-crc-100k,linear,0,0.3,14.37,0.875261,0.891597,0.887976,0.012716,77.84
resnet50,nct-crc-100k,linear,0,0.35,9.4,0.875261,0.891597,0.883418,0.008157,49.93
resnet50,nct-crc-100k,linear,0,0.4,6.34,0.875261,0.891597,0.880844,0.005583,34.18
resnet50,nct-crc-100k,linear,0,0.45,4.44,0.875261,0.891597,0.87926,0.003999,24.48
resnet50,nct-crc-100k,linear,0,0.5,2.98,0.875261,0.891597,0.87809,0.002829,17.32
resnet50,nct-crc-100k,linear,0,0.55,1.88,0.875261,0.891597,0.877241,0.001981,12.13
resnet50,nct-crc-100k,linear,0,0.6,1.06,0.875261,0.891597,0.876564,0.001303,7.98
resnet50,nct-crc-100k,linear,0,0.65,0.47,0.875261,0.891597,0.875236,-2.4e-05,-0.15
resnet50,nct-crc-100k,linear,0,0.7,0.13,0.875261,0.891597,0.875153,-0.000107,-0.66
resnet50,nct-crc-100k,linear,0,0.75,0.03,0.875261,0.891597,0.875261,0.0,0.0
resnet50,nct-crc-100k,linear,0,0.8,0.0,0.875261,0.891597,0.875261,0.0,0.0
resnet50,nct-crc-100k,linear,0,0.85,0.0,0.875261,0.891597,0.875261,0.0,0.0
resnet50,nct-crc-100k,linear,0,0.9,0.0,0.875261,0.891597,0.875261,0.0,0.0
resnet50,nct-crc-100k,linear,0,0.95,0.0,0.875261,0.891597,0.875261,0.0,0.0
resnet50,nct-crc-100k,linear,0,1.0,0.0,0.875261,0.891597,0.875261,0.0,0.0
resnet50,nct-crc-100k,linear,1,0.0,100.0,0.873561,0.88752,0.88752,0.013959,100.0
resnet50,nct-crc-100k,linear,1,0.05,45.08,0.873561,0.88752,0.887437,0.013876,99.41
resnet50,nct-crc-100k,linear,1,0.1,34.33,0.873561,0.88752,0.887239,0.013678,97.99
resnet50,nct-crc-100k,linear,1,0.15,27.77,0.873561,0.88752,0.887239,0.013678,97.99
resnet50,nct-crc-100k,linear,1,0.2,23.01,0.873561,0.88752,0.886389,0.012828,91.9
resnet50,nct-crc-100k,linear,1,0.25,18.68,0.873561,0.88752,0.886311,0.01275,91.34
resnet50,nct-crc-100k,linear,1,0.3,14.32,0.873561,0.88752,0.883477,0.009916,71.04
resnet50,nct-crc-100k,linear,1,0.35,9.18,0.873561,0.88752,0.879076,0.005515,39.51
resnet50,nct-crc-100k,linear,1,0.4,6.41,0.873561,0.88752,0.876076,0.002515,18.02
resnet50,nct-crc-100k,linear,1,0.45,4.47,0.873561,0.88752,0.875419,0.001858,13.31
resnet50,nct-crc-100k,linear,1,0.5,2.98,0.873561,0.88752,0.87424,0.000679,4.86
resnet50,nct-crc-100k,linear,1,0.55,1.84,0.873561,0.88752,0.872797,-0.000764,-5.47
resnet50,nct-crc-100k,linear,1,0.6,0.95,0.873561,0.88752,0.873649,8.8e-05,0.63
resnet50,nct-crc-100k,linear,1,0.65,0.45,0.873561,0.88752,0.873141,-0.00042,-3.01
resnet50,nct-crc-100k,linear,1,0.7,0.1,0.873561,0.88752,0.87328,-0.000281,-2.01
resnet50,nct-crc-100k,linear,1,0.75,0.01,0.873561,0.88752,0.873297,-0.000264,-1.89
resnet50,nct-crc-100k,linear,1,0.8,0.0,0.873561,0.88752,0.873561,0.0,0.0
resnet50,nct-crc-100k,linear,1,0.85,0.0,0.873561,0.88752,0.873561,0.0,0.0
resnet50,nct-crc-100k,linear,1,0.9,0.0,0.873561,0.88752,0.873561,0.0,0.0
resnet50,nct-crc-100k,linear,1,0.95,0.0,0.873561,0.88752,0.873561,0.0,0.0
resnet50,nct-crc-100k,linear,1,1.0,0.0,0.873561,0.88752,0.873561,0.0,0.0
resnet50,nct-crc-100k,linear,2,0.0,100.0,0.872139,0.889286,0.889286,0.017147,100.0
resnet50,nct-crc-100k,linear,2,0.05,45.43,0.872139,0.889286,0.889203,0.017064,99.52
resnet50,nct-crc-100k,linear,2,0.1,35.04,0.872139,0.889286,0.889113,0.016974,98.99
resnet50,nct-crc-100k,linear,2,0.15,28.34,0.872139,0.889286,0.888923,0.016784,97.88
resnet50,nct-crc-100k,linear,2,0.2,23.23,0.872139,0.889286,0.888239,0.0161,93.89
resnet50,nct-crc-100k,linear,2,0.25,18.9,0.872139,0.889286,0.887954,0.015815,92.23
resnet50,nct-crc-100k,linear,2,0.3,14.58,0.872139,0.889286,0.885348,0.013209,77.03
resnet50,nct-crc-100k,linear,2,0.35,9.22,0.872139,0.889286,0.880386,0.008247,48.1
resnet50,nct-crc-100k,linear,2,0.4,6.55,0.872139,0.889286,0.877184,0.005044,29.42
resnet50,nct-crc-100k,linear,2,0.45,4.51,0.872139,0.889286,0.877208,0.005068,29.56
resnet50,nct-crc-100k,linear,2,0.5,2.98,0.872139,0.889286,0.875202,0.003063,17.86
resnet50,nct-crc-100k,linear,2,0.55,1.85,0.872139,0.889286,0.874088,0.001949,11.37
resnet50,nct-crc-100k,linear,2,0.6,1.0,0.872139,0.889286,0.873362,0.001223,7.13
resnet50,nct-crc-100k,linear,2,0.65,0.45,0.872139,0.889286,0.872097,-4.2e-05,-0.24
resnet50,nct-crc-100k,linear,2,0.7,0.13,0.872139,0.889286,0.872139,0.0,0.0
resnet50,nct-crc-100k,linear,2,0.75,0.03,0.872139,0.889286,0.872139,0.0,0.0
resnet50,nct-crc-100k,linear,2,0.8,0.0,0.872139,0.889286,0.872139,0.0,0.0
resnet50,nct-crc-100k,linear,2,0.85,0.0,0.872139,0.889286,0.872139,0.0,0.0
resnet50,nct-crc-100k,linear,2,0.9,0.0,0.872139,0.889286,0.872139,0.0,0.0
resnet50,nct-crc-100k,linear,2,0.95,0.0,0.872139,0.889286,0.872139,0.0,0.0
resnet50,nct-crc-100k,linear,2,1.0,0.0,0.872139,0.889286,0.872139,0.0,0.0
resnet50,nct-crc-100k,linear,3,0.0,100.0,0.875947,0.889302,0.889302,0.013355,100.0
resnet50,nct-crc-100k,linear,3,0.05,44.21,0.875947,0.889302,0.889302,0.013355,100.0
resnet50,nct-crc-100k,linear,3,0.1,33.77,0.875947,0.889302,0.889104,0.013157,98.52
resnet50,nct-crc-100k,linear,3,0.15,27.34,0.875947,0.889302,0.888935,0.012988,97.26
resnet50,nct-crc-100k,linear,3,0.2,22.49,0.875947,0.889302,0.889033,0.013086,97.99
resnet50,nct-crc-100k,linear,3,0.25,18.2,0.875947,0.889302,0.889362,0.013415,100.46
resnet50,nct-crc-100k,linear,3,0.3,14.33,0.875947,0.889302,0.886883,0.010936,81.89
resnet50,nct-crc-100k,linear,3,0.35,9.19,0.875947,0.889302,0.88112,0.005173,38.74
resnet50,nct-crc-100k,linear,3,0.4,6.35,0.875947,0.889302,0.879028,0.003081,23.07
resnet50,nct-crc-100k,linear,3,0.45,4.46,0.875947,0.889302,0.877578,0.001631,12.22
resnet50,nct-crc-100k,linear,3,0.5,3.05,0.875947,0.889302,0.876216,0.000269,2.01
resnet50,nct-crc-100k,linear,3,0.55,1.84,0.875947,0.889302,0.876288,0.000341,2.55
resnet50,nct-crc-100k,linear,3,0.6,0.99,0.875947,0.889302,0.876451,0.000504,3.78
resnet50,nct-crc-100k,linear,3,0.65,0.43,0.875947,0.889302,0.876031,8.4e-05,0.63
resnet50,nct-crc-100k,linear,3,0.7,0.14,0.875947,0.889302,0.875857,-9e-05,-0.67
resnet50,nct-crc-100k,linear,3,0.75,0.01,0.875947,0.889302,0.875947,0.0,0.0
resnet50,nct-crc-100k,linear,3,0.8,0.0,0.875947,0.889302,0.875947,0.0,0.0
resnet50,nct-crc-100k,linear,3,0.85,0.0,0.875947,0.889302,0.875947,0.0,0.0
resnet50,nct-crc-100k,linear,3,0.9,0.0,0.875947,0.889302,0.875947,0.0,0.0
resnet50,nct-crc-100k,linear,3,0.95,0.0,0.875947,0.889302,0.875947,0.0,0.0
resnet50,nct-crc-100k,linear,3,1.0,0.0,0.875947,0.889302,0.875947,0.0,0.0
resnet50,nct-crc-100k,linear,42,0.0,100.0,0.872356,0.887675,0.887675,0.015319,100.0
resnet50,nct-crc-100k,linear,42,0.05,43.57,0.872356,0.887675,0.887675,0.015319,100.0
resnet50,nct-crc-100k,linear,42,0.1,33.3,0.872356,0.887675,0.887485,0.015128,98.76
resnet50,nct-crc-100k,linear,42,0.15,27.01,0.872356,0.887675,0.887394,0.015038,98.17
resnet50,nct-crc-100k,linear,42,0.2,22.28,0.872356,0.887675,0.887547,0.015191,99.16
resnet50,nct-crc-100k,linear,42,0.25,18.01,0.872356,0.887675,0.887331,0.014975,97.75
resnet50,nct-crc-100k,linear,42,0.3,13.68,0.872356,0.887675,0.884502,0.012146,79.29
resnet50,nct-crc-100k,linear,42,0.35,9.11,0.872356,0.887675,0.878496,0.00614,40.08
resnet50,nct-crc-100k,linear,42,0.4,6.06,0.872356,0.887675,0.875682,0.003326,21.71
resnet50,nct-crc-100k,linear,42,0.45,4.35,0.872356,0.887675,0.874981,0.002625,17.14
resnet50,nct-crc-100k,linear,42,0.5,2.88,0.872356,0.887675,0.874574,0.002218,14.48
resnet50,nct-crc-100k,linear,42,0.55,1.71,0.872356,0.887675,0.873411,0.001055,6.89
resnet50,nct-crc-100k,linear,42,0.6,0.92,0.872356,0.887675,0.873215,0.000859,5.61
resnet50,nct-crc-100k,linear,42,0.65,0.4,0.872356,0.887675,0.87279,0.000434,2.83
resnet50,nct-crc-100k,linear,42,0.7,0.08,0.872356,0.887675,0.872356,0.0,0.0
resnet50,nct-crc-100k,linear,42,0.75,0.03,0.872356,0.887675,0.872356,0.0,0.0
resnet50,nct-crc-100k,linear,42,0.8,0.01,0.872356,0.887675,0.872356,0.0,0.0
resnet50,nct-crc-100k,linear,42,0.85,0.0,0.872356,0.887675,0.872356,0.0,0.0
resnet50,nct-crc-100k,linear,42,0.9,0.0,0.872356,0.887675,0.872356,0.0,0.0
resnet50,nct-crc-100k,linear,42,0.95,0.0,0.872356,0.887675,0.872356,0.0,0.0
resnet50,nct-crc-100k,linear,42,1.0,0.0,0.872356,0.887675,0.872356,0.0,0.0
uni2,nct-crc-100k,linear,0,0.0,100.0,0.955269,0.95673,0.95673,0.001461,100.0
uni2,nct-crc-100k,linear,0,0.05,15.39,0.955269,0.95673,0.95673,0.001461,100.0
uni2,nct-crc-100k,linear,0,0.1,10.99,0.955269,0.95673,0.95673,0.001461,100.0
uni2,nct-crc-100k,linear,0,0.15,8.16,0.955269,0.95673,0.95673,0.001461,100.0
uni2,nct-crc-100k,linear,0,0.2,6.71,0.955269,0.95673,0.95673,0.001461,100.0
uni2,nct-crc-100k,linear,0,0.25,5.35,0.955269,0.95673,0.95673,0.001461,100.0
uni2,nct-crc-100k,linear,0,0.3,4.21,0.955269,0.95673,0.956813,0.001544,105.68
uni2,nct-crc-100k,linear,0,0.35,2.74,0.955269,0.95673,0.957944,0.002675,183.09
uni2,nct-crc-100k,linear,0,0.4,1.27,0.955269,0.95673,0.95686,0.00159,108.84
uni2,nct-crc-100k,linear,0,0.45,0.56,0.955269,0.95673,0.956287,0.001017,69.63
uni2,nct-crc-100k,linear,0,0.5,0.24,0.955269,0.95673,0.956042,0.000773,52.88
uni2,nct-crc-100k,linear,0,0.55,0.13,0.955269,0.95673,0.956042,0.000773,52.88
uni2,nct-crc-100k,linear,0,0.6,0.06,0.955269,0.95673,0.955714,0.000445,30.44
uni2,nct-crc-100k,linear,0,0.65,0.0,0.955269,0.95673,0.955269,0.0,0.0
uni2,nct-crc-100k,linear,0,0.7,0.0,0.955269,0.95673,0.955269,0.0,0.0
uni2,nct-crc-100k,linear,0,0.75,0.0,0.955269,0.95673,0.955269,0.0,0.0
uni2,nct-crc-100k,linear,0,0.8,0.0,0.955269,0.95673,0.955269,0.0,0.0
uni2,nct-crc-100k,linear,0,0.85,0.0,0.955269,0.95673,0.955269,0.0,0.0
uni2,nct-crc-100k,linear,0,0.9,0.0,0.955269,0.95673,0.955269,0.0,0.0
uni2,nct-crc-100k,linear,0,0.95,0.0,0.955269,0.95673,0.955269,0.0,0.0
uni2,nct-crc-100k,linear,0,1.0,0.0,0.955269,0.95673,0.955269,0.0,0.0
uni2,nct-crc-100k,linear,1,0.0,100.0,0.954221,0.954072,0.954072,-0.000149,100.0
uni2,nct-crc-100k,linear,1,0.05,14.0,0.954221,0.954072,0.954072,-0.000149,100.0
uni2,nct-crc-100k,linear,1,0.1,10.06,0.954221,0.954072,0.954072,-0.000149,100.0
uni2,nct-crc-100k,linear,1,0.15,7.88,0.954221,0.954072,0.954072,-0.000149,100.0
uni2,nct-crc-100k,linear,1,0.2,6.57,0.954221,0.954072,0.954072,-0.000149,100.0
uni2,nct-crc-100k,linear,1,0.25,5.36,0.954221,0.954072,0.954072,-0.000149,100.0
uni2,nct-crc-100k,linear,1,0.3,4.08,0.954221,0.954072,0.954238,1.7e-05,-11.54
uni2,nct-crc-100k,linear,1,0.35,2.52,0.954221,0.954072,0.954255,3.4e-05,-23.12
uni2,nct-crc-100k,linear,1,0.4,1.13,0.954221,0.954072,0.954079,-0.000142,95.21
uni2,nct-crc-100k,linear,1,0.45,0.53,0.954221,0.954072,0.953947,-0.000273,183.63
uni2,nct-crc-100k,linear,1,0.5,0.24,0.954221,0.954072,0.954138,-8.3e-05,55.77
uni2,nct-crc-100k,linear,1,0.55,0.13,0.954221,0.954072,0.954485,0.000264,-177.24
uni2,nct-crc-100k,linear,1,0.6,0.07,0.954221,0.954072,0.954568,0.000347,-233.01
uni2,nct-crc-100k,linear,1,0.65,0.04,0.954221,0.954072,0.954485,0.000264,-177.24
uni2,nct-crc-100k,linear,1,0.7,0.01,0.954221,0.954072,0.954221,0.0,-0.0
uni2,nct-crc-100k,linear,1,0.75,0.0,0.954221,0.954072,0.954221,0.0,-0.0
uni2,nct-crc-100k,linear,1,0.8,0.0,0.954221,0.954072,0.954221,0.0,-0.0
uni2,nct-crc-100k,linear,1,0.85,0.0,0.954221,0.954072,0.954221,0.0,-0.0
uni2,nct-crc-100k,linear,1,0.9,0.0,0.954221,0.954072,0.954221,0.0,-0.0
uni2,nct-crc-100k,linear,1,0.95,0.0,0.954221,0.954072,0.954221,0.0,-0.0
uni2,nct-crc-100k,linear,1,1.0,0.0,0.954221,0.954072,0.954221,0.0,-0.0
uni2,nct-crc-100k,linear,2,0.0,100.0,0.953224,0.95445,0.95445,0.001225,100.0
uni2,nct-crc-100k,linear,2,0.05,15.36,0.953224,0.95445,0.95445,0.001225,100.0
uni2,nct-crc-100k,linear,2,0.1,11.07,0.953224,0.95445,0.95445,0.001225,100.0
uni2,nct-crc-100k,linear,2,0.15,8.57,0.953224,0.95445,0.95445,0.001225,100.0
uni2,nct-crc-100k,linear,2,0.2,6.88,0.953224,0.95445,0.95445,0.001225,100.0
uni2,nct-crc-100k,linear,2,0.25,5.63,0.953224,0.95445,0.954533,0.001308,106.78
uni2,nct-crc-100k,linear,2,0.3,4.47,0.953224,0.95445,0.954789,0.001565,127.69
uni2,nct-crc-100k,linear,2,0.35,2.69,0.953224,0.95445,0.954979,0.001755,143.23
uni2,nct-crc-100k,linear,2,0.4,1.3,0.953224,0.95445,0.954009,0.000785,64.08
uni2,nct-crc-100k,linear,2,0.45,0.64,0.953224,0.95445,0.953682,0.000457,37.33
uni2,nct-crc-100k,linear,2,0.5,0.26,0.953224,0.95445,0.953371,0.000147,11.99
uni2,nct-crc-100k,linear,2,0.55,0.13,0.953224,0.95445,0.953043,-0.000181,-14.76
uni2,nct-crc-100k,linear,2,0.6,0.06,0.953224,0.95445,0.95296,-0.000264,-21.54
uni2,nct-crc-100k,linear,2,0.65,0.03,0.953224,0.95445,0.95296,-0.000264,-21.54
uni2,nct-crc-100k,linear,2,0.7,0.0,0.953224,0.95445,0.953224,0.0,0.0
uni2,nct-crc-100k,linear,2,0.75,0.0,0.953224,0.95445,0.953224,0.0,0.0
uni2,nct-crc-100k,linear,2,0.8,0.0,0.953224,0.95445,0.953224,0.0,0.0
uni2,nct-crc-100k,linear,2,0.85,0.0,0.953224,0.95445,0.953224,0.0,0.0
uni2,nct-crc-100k,linear,2,0.9,0.0,0.953224,0.95445,0.953224,0.0,0.0
uni2,nct-crc-100k,linear,2,0.95,0.0,0.953224,0.95445,0.953224,0.0,0.0
uni2,nct-crc-100k,linear,2,1.0,0.0,0.953224,0.95445,0.953224,0.0,0.0
uni2,nct-crc-100k,linear,3,0.0,100.0,0.956981,0.954918,0.954918,-0.002064,100.0
uni2,nct-crc-100k,linear,3,0.05,15.6,0.956981,0.954918,0.954918,-0.002064,100.0
uni2,nct-crc-100k,linear,3,0.1,10.77,0.956981,0.954918,0.954918,-0.002064,100.0
uni2,nct-crc-100k,linear,3,0.15,8.13,0.956981,0.954918,0.954918,-0.002064,100.0
uni2,nct-crc-100k,linear,3,0.2,6.69,0.956981,0.954918,0.954918,-0.002064,100.0
uni2,nct-crc-100k,linear,3,0.25,5.49,0.956981,0.954918,0.954918,-0.002064,100.0
uni2,nct-crc-100k,linear,3,0.3,4.36,0.956981,0.954918,0.955521,-0.001461,70.77
uni2,nct-crc-100k,linear,3,0.35,2.97,0.956981,0.954918,0.956125,-0.000857,41.51
uni2,nct-crc-100k,linear,3,0.4,1.78,0.956981,0.954918,0.956264,-0.000717,34.76
uni2,nct-crc-100k,linear,3,0.45,0.81,0.956981,0.954918,0.956527,-0.000454,22.02
uni2,nct-crc-100k,linear,3,0.5,0.38,0.956981,0.954918,0.956551,-0.00043,20.84
uni2,nct-crc-100k,linear,3,0.55,0.11,0.956981,0.954918,0.956981,0.0,-0.0
uni2,nct-crc-100k,linear,3,0.6,0.07,0.956981,0.954918,0.956981,0.0,-0.0
uni2,nct-crc-100k,linear,3,0.65,0.0,0.956981,0.954918,0.956981,0.0,-0.0
uni2,nct-crc-100k,linear,3,0.7,0.0,0.956981,0.954918,0.956981,0.0,-0.0
uni2,nct-crc-100k,linear,3,0.75,0.0,0.956981,0.954918,0.956981,0.0,-0.0
uni2,nct-crc-100k,linear,3,0.8,0.0,0.956981,0.954918,0.956981,0.0,-0.0
uni2,nct-crc-100k,linear,3,0.85,0.0,0.956981,0.954918,0.956981,0.0,-0.0
uni2,nct-crc-100k,linear,3,0.9,0.0,0.956981,0.954918,0.956981,0.0,-0.0
uni2,nct-crc-100k,linear,3,0.95,0.0,0.956981,0.954918,0.956981,0.0,-0.0
uni2,nct-crc-100k,linear,3,1.0,0.0,0.956981,0.954918,0.956981,0.0,-0.0
uni2,nct-crc-100k,linear,42,0.0,100.0,0.953415,0.953012,0.953012,-0.000403,100.0
uni2,nct-crc-100k,linear,42,0.05,15.96,0.953415,0.953012,0.953012,-0.000403,100.0
uni2,nct-crc-100k,linear,42,0.1,11.27,0.953415,0.953012,0.953012,-0.000403,100.0
uni2,nct-crc-100k,linear,42,0.15,8.64,0.953415,0.953012,0.953012,-0.000403,100.0
uni2,nct-crc-100k,linear,42,0.2,6.96,0.953415,0.953012,0.953012,-0.000403,100.0
uni2,nct-crc-100k,linear,42,0.25,5.81,0.953415,0.953012,0.953012,-0.000403,100.0
uni2,nct-crc-100k,linear,42,0.3,4.55,0.953415,0.953012,0.953268,-0.000147,36.44
uni2,nct-crc-100k,linear,42,0.35,3.11,0.953415,0.953012,0.953632,0.000217,-53.92
uni2,nct-crc-100k,linear,42,0.4,1.77,0.953415,0.953012,0.9532,-0.000215,53.27
uni2,nct-crc-100k,linear,42,0.45,0.7,0.953415,0.953012,0.952794,-0.00062,153.92
uni2,nct-crc-100k,linear,42,0.5,0.28,0.953415,0.953012,0.953068,-0.000347,86.08
uni2,nct-crc-100k,linear,42,0.55,0.13,0.953415,0.953012,0.953762,0.000347,-86.08
uni2,nct-crc-100k,linear,42,0.6,0.11,0.953415,0.953012,0.953762,0.000347,-86.08
uni2,nct-crc-100k,linear,42,0.65,0.04,0.953415,0.953012,0.953679,0.000264,-65.48
uni2,nct-crc-100k,linear,42,0.7,0.0,0.953415,0.953012,0.953415,0.0,-0.0
uni2,nct-crc-100k,linear,42,0.75,0.0,0.953415,0.953012,0.953415,0.0,-0.0
uni2,nct-crc-100k,linear,42,0.8,0.0,0.953415,0.953012,0.953415,0.0,-0.0
uni2,nct-crc-100k,linear,42,0.85,0.0,0.953415,0.953012,0.953415,0.0,-0.0
uni2,nct-crc-100k,linear,42,0.9,0.0,0.953415,0.953012,0.953415,0.0,-0.0
uni2,nct-crc-100k,linear,42,0.95,0.0,0.953415,0.953012,0.953415,0.0,-0.0
uni2,nct-crc-100k,linear,42,1.0,0.0,0.953415,0.953012,0.953415,0.0,-0.0
uni,nct-crc-100k,linear,0,0.0,100.0,0.931608,0.92894,0.92894,-0.002668,100.0
uni,nct-crc-100k,linear,0,0.05,11.91,0.931608,0.92894,0.92894,-0.002668,100.0
uni,nct-crc-100k,linear,0,0.1,8.84,0.931608,0.92894,0.92894,-0.002668,100.0
uni,nct-crc-100k,linear,0,0.15,7.21,0.931608,0.92894,0.92894,-0.002668,100.0
uni,nct-crc-100k,linear,0,0.2,5.82,0.931608,0.92894,0.929023,-0.002584,96.89
uni,nct-crc-100k,linear,0,0.25,4.68,0.931608,0.92894,0.929287,-0.002321,87.0
uni,nct-crc-100k,linear,0,0.3,3.38,0.931608,0.92894,0.93008,-0.001528,57.26
uni,nct-crc-100k,linear,0,0.35,1.87,0.931608,0.92894,0.931702,9.5e-05,-3.55
uni,nct-crc-100k,linear,0,0.4,1.0,0.931608,0.92894,0.931749,0.000141,-5.29
uni,nct-crc-100k,linear,0,0.45,0.57,0.931608,0.92894,0.931817,0.000209,-7.85
uni,nct-crc-100k,linear,0,0.5,0.28,0.931608,0.92894,0.931629,2.2e-05,-0.81
uni,nct-crc-100k,linear,0,0.55,0.14,0.931608,0.92894,0.931789,0.000181,-6.78
uni,nct-crc-100k,linear,0,0.6,0.08,0.931608,0.92894,0.931525,-8.3e-05,3.11
uni,nct-crc-100k,linear,0,0.65,0.07,0.931608,0.92894,0.931608,0.0,-0.0
uni,nct-crc-100k,linear,0,0.7,0.01,0.931608,0.92894,0.931608,0.0,-0.0
uni,nct-crc-100k,linear,0,0.75,0.0,0.931608,0.92894,0.931608,0.0,-0.0
uni,nct-crc-100k,linear,0,0.8,0.0,0.931608,0.92894,0.931608,0.0,-0.0
uni,nct-crc-100k,linear,0,0.85,0.0,0.931608,0.92894,0.931608,0.0,-0.0
uni,nct-crc-100k,linear,0,0.9,0.0,0.931608,0.92894,0.931608,0.0,-0.0
uni,nct-crc-100k,linear,0,0.95,0.0,0.931608,0.92894,0.931608,0.0,-0.0
uni,nct-crc-100k,linear,0,1.0,0.0,0.931608,0.92894,0.931608,0.0,-0.0
uni,nct-crc-100k,linear,1,0.0,100.0,0.933809,0.929139,0.929139,-0.00467,100.0
uni,nct-crc-100k,linear,1,0.05,10.75,0.933809,0.929139,0.929139,-0.00467,100.0
uni,nct-crc-100k,linear,1,0.1,8.15,0.933809,0.929139,0.929139,-0.00467,100.0
uni,nct-crc-100k,linear,1,0.15,6.23,0.933809,0.929139,0.928951,-0.004858,104.02
uni,nct-crc-100k,linear,1,0.2,4.9,0.933809,0.929139,0.929381,-0.004428,94.81
uni,nct-crc-100k,linear,1,0.25,3.9,0.933809,0.929139,0.930067,-0.003742,80.12
uni,nct-crc-100k,linear,1,0.3,2.8,0.933809,0.929139,0.930757,-0.003053,65.36
uni,nct-crc-100k,linear,1,0.35,1.38,0.933809,0.929139,0.932176,-0.001633,34.96
uni,nct-crc-100k,linear,1,0.4,0.77,0.933809,0.929139,0.933032,-0.000777,16.64
uni,nct-crc-100k,linear,1,0.45,0.47,0.933809,0.929139,0.932928,-0.000882,18.88
uni,nct-crc-100k,linear,1,0.5,0.21,0.933809,0.929139,0.93379,-1.9e-05,0.41
uni,nct-crc-100k,linear,1,0.55,0.17,0.933809,0.929139,0.934054,0.000245,-5.24
uni,nct-crc-100k,linear,1,0.6,0.13,0.933809,0.929139,0.934137,0.000328,-7.02
uni,nct-crc-100k,linear,1,0.65,0.03,0.933809,0.929139,0.933809,0.0,-0.0
uni,nct-crc-100k,linear,1,0.7,0.0,0.933809,0.929139,0.933809,0.0,-0.0
uni,nct-crc-100k,linear,1,0.75,0.0,0.933809,0.929139,0.933809,0.0,-0.0
uni,nct-crc-100k,linear,1,0.8,0.0,0.933809,0.929139,0.933809,0.0,-0.0
uni,nct-crc-100k,linear,1,0.85,0.0,0.933809,0.929139,0.933809,0.0,-0.0
uni,nct-crc-100k,linear,1,0.9,0.0,0.933809,0.929139,0.933809,0.0,-0.0
uni,nct-crc-100k,linear,1,0.95,0.0,0.933809,0.929139,0.933809,0.0,-0.0
uni,nct-crc-100k,linear,1,1.0,0.0,0.933809,0.929139,0.933809,0.0,-0.0
uni,nct-crc-100k,linear,2,0.0,100.0,0.93246,0.9312,0.9312,-0.00126,100.0
uni,nct-crc-100k,linear,2,0.05,11.56,0.93246,0.9312,0.9312,-0.00126,100.0
uni,nct-crc-100k,linear,2,0.1,8.45,0.93246,0.9312,0.9312,-0.00126,100.0
uni,nct-crc-100k,linear,2,0.15,6.59,0.93246,0.9312,0.9312,-0.00126,100.0
uni,nct-crc-100k,linear,2,0.2,5.4,0.93246,0.9312,0.9312,-0.00126,100.0
uni,nct-crc-100k,linear,2,0.25,4.23,0.93246,0.9312,0.931547,-0.000913,72.47
uni,nct-crc-100k,linear,2,0.3,3.04,0.93246,0.9312,0.931774,-0.000686,54.41
uni,nct-crc-100k,linear,2,0.35,1.64,0.93246,0.9312,0.932181,-0.000279,22.17
uni,nct-crc-100k,linear,2,0.4,0.92,0.93246,0.9312,0.932794,0.000334,-26.52
uni,nct-crc-100k,linear,2,0.45,0.49,0.93246,0.9312,0.932956,0.000496,-39.38
uni,nct-crc-100k,linear,2,0.5,0.31,0.93246,0.9312,0.932976,0.000515,-40.9
uni,nct-crc-100k,linear,2,0.55,0.14,0.93246,0.9312,0.932788,0.000328,-26.01
uni,nct-crc-100k,linear,2,0.6,0.06,0.93246,0.9312,0.932788,0.000328,-26.01
uni,nct-crc-100k,linear,2,0.65,0.03,0.93246,0.9312,0.932788,0.000328,-26.01
uni,nct-crc-100k,linear,2,0.7,0.01,0.93246,0.9312,0.932788,0.000328,-26.01
uni,nct-crc-100k,linear,2,0.75,0.0,0.93246,0.9312,0.93246,0.0,-0.0
uni,nct-crc-100k,linear,2,0.8,0.0,0.93246,0.9312,0.93246,0.0,-0.0
uni,nct-crc-100k,linear,2,0.85,0.0,0.93246,0.9312,0.93246,0.0,-0.0
uni,nct-crc-100k,linear,2,0.9,0.0,0.93246,0.9312,0.93246,0.0,-0.0
uni,nct-crc-100k,linear,2,0.95,0.0,0.93246,0.9312,0.93246,0.0,-0.0
uni,nct-crc-100k,linear,2,1.0,0.0,0.93246,0.9312,0.93246,0.0,-0.0
uni,nct-crc-100k,linear,3,0.0,100.0,0.931529,0.928932,0.928932,-0.002597,100.0
uni,nct-crc-100k,linear,3,0.05,12.28,0.931529,0.928932,0.928932,-0.002597,100.0
uni,nct-crc-100k,linear,3,0.1,9.0,0.931529,0.928932,0.928932,-0.002597,100.0
uni,nct-crc-100k,linear,3,0.15,7.08,0.931529,0.928932,0.928932,-0.002597,100.0
uni,nct-crc-100k,linear,3,0.2,5.49,0.931529,0.928932,0.929015,-0.002514,96.8
uni,nct-crc-100k,linear,3,0.25,4.35,0.931529,0.928932,0.929445,-0.002084,80.24
uni,nct-crc-100k,linear,3,0.3,3.25,0.931529,0.928932,0.929091,-0.002438,93.88
uni,nct-crc-100k,linear,3,0.35,1.84,0.931529,0.928932,0.929908,-0.001621,62.43
uni,nct-crc-100k,linear,3,0.4,1.09,0.931529,0.928932,0.930932,-0.000597,23.0
uni,nct-crc-100k,linear,3,0.45,0.67,0.931529,0.928932,0.931536,7e-06,-0.26
uni,nct-crc-100k,linear,3,0.5,0.31,0.931529,0.928932,0.931717,0.000188,-7.23
uni,nct-crc-100k,linear,3,0.55,0.15,0.931529,0.928932,0.931529,0.0,-0.0
uni,nct-crc-100k,linear,3,0.6,0.07,0.931529,0.928932,0.931529,0.0,-0.0
uni,nct-crc-100k,linear,3,0.65,0.03,0.931529,0.928932,0.931529,0.0,-0.0
uni,nct-crc-100k,linear,3,0.7,0.0,0.931529,0.928932,0.931529,0.0,-0.0
uni,nct-crc-100k,linear,3,0.75,0.0,0.931529,0.928932,0.931529,0.0,-0.0
uni,nct-crc-100k,linear,3,0.8,0.0,0.931529,0.928932,0.931529,0.0,-0.0
uni,nct-crc-100k,linear,3,0.85,0.0,0.931529,0.928932,0.931529,0.0,-0.0
uni,nct-crc-100k,linear,3,0.9,0.0,0.931529,0.928932,0.931529,0.0,-0.0
uni,nct-crc-100k,linear,3,0.95,0.0,0.931529,0.928932,0.931529,0.0,-0.0
uni,nct-crc-100k,linear,3,1.0,0.0,0.931529,0.928932,0.931529,0.0,-0.0
uni,nct-crc-100k,linear,42,0.0,100.0,0.931089,0.930347,0.930347,-0.000742,100.0
uni,nct-crc-100k,linear,42,0.05,11.87,0.931089,0.930347,0.930347,-0.000742,100.0
uni,nct-crc-100k,linear,42,0.1,9.05,0.931089,0.930347,0.930347,-0.000742,100.0
uni,nct-crc-100k,linear,42,0.15,7.12,0.931089,0.930347,0.93043,-0.000659,88.8
uni,nct-crc-100k,linear,42,0.2,5.77,0.931089,0.930347,0.930055,-0.001034,139.41
uni,nct-crc-100k,linear,42,0.25,4.44,0.931089,0.930347,0.929852,-0.001237,166.71
uni,nct-crc-100k,linear,42,0.3,3.02,0.931089,0.930347,0.93082,-0.000269,36.29
uni,nct-crc-100k,linear,42,0.35,1.6,0.931089,0.930347,0.931503,0.000414,-55.83
uni,nct-crc-100k,linear,42,0.4,0.99,0.931089,0.930347,0.932061,0.000972,-131.09
uni,nct-crc-100k,linear,42,0.45,0.54,0.931089,0.930347,0.932924,0.001835,-247.41
uni,nct-crc-100k,linear,42,0.5,0.32,0.931089,0.930347,0.93266,0.001571,-211.83
uni,nct-crc-100k,linear,42,0.55,0.18,0.931089,0.930347,0.932472,0.001383,-186.52
uni,nct-crc-100k,linear,42,0.6,0.13,0.931089,0.930347,0.932472,0.001383,-186.52
uni,nct-crc-100k,linear,42,0.65,0.06,0.931089,0.930347,0.93168,0.000592,-79.77
uni,nct-crc-100k,linear,42,0.7,0.03,0.931089,0.930347,0.931416,0.000328,-44.19
uni,nct-crc-100k,linear,42,0.75,0.01,0.931089,0.930347,0.931416,0.000328,-44.19
uni,nct-crc-100k,linear,42,0.8,0.01,0.931089,0.930347,0.931416,0.000328,-44.19
uni,nct-crc-100k,linear,42,0.85,0.0,0.931089,0.930347,0.931089,0.0,-0.0
uni,nct-crc-100k,linear,42,0.9,0.0,0.931089,0.930347,0.931089,0.0,-0.0
uni,nct-crc-100k,linear,42,0.95,0.0,0.931089,0.930347,0.931089,0.0,-0.0
uni,nct-crc-100k,linear,42,1.0,0.0,0.931089,0.930347,0.931089,0.0,-0.0
virchow2,nct-crc-100k,linear,0,0.0,100.0,0.948169,0.948269,0.948269,0.0001,100.0
virchow2,nct-crc-100k,linear,0,0.05,12.03,0.948169,0.948269,0.948269,0.0001,100.0
virchow2,nct-crc-100k,linear,0,0.1,8.33,0.948169,0.948269,0.948269,0.0001,100.0
virchow2,nct-crc-100k,linear,0,0.15,6.27,0.948169,0.948269,0.948269,0.0001,100.0
virchow2,nct-crc-100k,linear,0,0.2,4.85,0.948169,0.948269,0.948162,-8e-06,-7.72
virchow2,nct-crc-100k,linear,0,0.25,3.58,0.948169,0.948269,0.948054,-0.000115,-115.43
virchow2,nct-crc-100k,linear,0,0.3,2.19,0.948169,0.948269,0.947928,-0.000242,-242.41
virchow2,nct-crc-100k,linear,0,0.35,1.13,0.948169,0.948269,0.947212,-0.000957,-960.5
virchow2,nct-crc-100k,linear,0,0.4,0.67,0.948169,0.948269,0.947438,-0.000732,-734.22
virchow2,nct-crc-100k,linear,0,0.45,0.31,0.948169,0.948269,0.947374,-0.000796,-798.28
virchow2,nct-crc-100k,linear,0,0.5,0.11,0.948169,0.948269,0.947186,-0.000983,-986.6
virchow2,nct-crc-100k,linear,0,0.55,0.08,0.948169,0.948269,0.947186,-0.000983,-986.6
virchow2,nct-crc-100k,linear,0,0.6,0.06,0.948169,0.948269,0.947186,-0.000983,-986.6
virchow2,nct-crc-100k,linear,0,0.65,0.0,0.948169,0.948269,0.948169,0.0,0.0
virchow2,nct-crc-100k,linear,0,0.7,0.0,0.948169,0.948269,0.948169,0.0,0.0
virchow2,nct-crc-100k,linear,0,0.75,0.0,0.948169,0.948269,0.948169,0.0,0.0
virchow2,nct-crc-100k,linear,0,0.8,0.0,0.948169,0.948269,0.948169,0.0,0.0
virchow2,nct-crc-100k,linear,0,0.85,0.0,0.948169,0.948269,0.948169,0.0,0.0
virchow2,nct-crc-100k,linear,0,0.9,0.0,0.948169,0.948269,0.948169,0.0,0.0
virchow2,nct-crc-100k,linear,0,0.95,0.0,0.948169,0.948269,0.948169,0.0,0.0
virchow2,nct-crc-100k,linear,0,1.0,0.0,0.948169,0.948269,0.948169,0.0,0.0
virchow2,nct-crc-100k,linear,1,0.0,100.0,0.945393,0.944873,0.944873,-0.00052,100.0
virchow2,nct-crc-100k,linear,1,0.05,11.0,0.945393,0.944873,0.944873,-0.00052,100.0
virchow2,nct-crc-100k,linear,1,0.1,7.9,0.945393,0.944873,0.944873,-0.00052,100.0
virchow2,nct-crc-100k,linear,1,0.15,6.04,0.945393,0.944873,0.944873,-0.00052,100.0
virchow2,nct-crc-100k,linear,1,0.2,4.76,0.945393,0.944873,0.944873,-0.00052,100.0
virchow2,nct-crc-100k,linear,1,0.25,3.48,0.945393,0.944873,0.945137,-0.000256,49.25
virchow2,nct-crc-100k,linear,1,0.3,2.12,0.945393,0.944873,0.945396,3e-06,-0.64
virchow2,nct-crc-100k,linear,1,0.35,0.85,0.945393,0.944873,0.943831,-0.001562,300.33
virchow2,nct-crc-100k,linear,1,0.4,0.49,0.945393,0.944873,0.944546,-0.000847,162.87
virchow2,nct-crc-100k,linear,1,0.45,0.26,0.945393,0.944873,0.944346,-0.001047,201.34
virchow2,nct-crc-100k,linear,1,0.5,0.11,0.945393,0.944873,0.94441,-0.000983,189.06
virchow2,nct-crc-100k,linear,1,0.55,0.1,0.945393,0.944873,0.94441,-0.000983,189.06
virchow2,nct-crc-100k,linear,1,0.6,0.06,0.945393,0.944873,0.94441,-0.000983,189.06
virchow2,nct-crc-100k,linear,1,0.65,0.03,0.945393,0.944873,0.945065,-0.000328,63.02
virchow2,nct-crc-100k,linear,1,0.7,0.0,0.945393,0.944873,0.945393,0.0,-0.0
virchow2,nct-crc-100k,linear,1,0.75,0.0,0.945393,0.944873,0.945393,0.0,-0.0
virchow2,nct-crc-100k,linear,1,0.8,0.0,0.945393,0.944873,0.945393,0.0,-0.0
virchow2,nct-crc-100k,linear,1,0.85,0.0,0.945393,0.944873,0.945393,0.0,-0.0
virchow2,nct-crc-100k,linear,1,0.9,0.0,0.945393,0.944873,0.945393,0.0,-0.0
virchow2,nct-crc-100k,linear,1,0.95,0.0,0.945393,0.944873,0.945393,0.0,-0.0
virchow2,nct-crc-100k,linear,1,1.0,0.0,0.945393,0.944873,0.945393,0.0,-0.0
virchow2,nct-crc-100k,linear,2,0.0,100.0,0.94812,0.950835,0.950835,0.002716,100.0
virchow2,nct-crc-100k,linear,2,0.05,11.74,0.94812,0.950835,0.950835,0.002716,100.0
virchow2,nct-crc-100k,linear,2,0.1,8.61,0.94812,0.950835,0.950835,0.002716,100.0
virchow2,nct-crc-100k,linear,2,0.15,6.82,0.94812,0.950835,0.950835,0.002716,100.0
virchow2,nct-crc-100k,linear,2,0.2,5.38,0.94812,0.950835,0.950728,0.002608,96.05
virchow2,nct-crc-100k,linear,2,0.25,3.98,0.94812,0.950835,0.950801,0.002682,98.75
virchow2,nct-crc-100k,linear,2,0.3,2.59,0.94812,0.950835,0.950552,0.002433,89.58
virchow2,nct-crc-100k,linear,2,0.35,1.03,0.94812,0.950835,0.947864,-0.000255,-9.4
virchow2,nct-crc-100k,linear,2,0.4,0.61,0.94812,0.950835,0.946545,-0.001575,-58.0
virchow2,nct-crc-100k,linear,2,0.45,0.26,0.94812,0.950835,0.947792,-0.000328,-12.07
virchow2,nct-crc-100k,linear,2,0.5,0.1,0.94812,0.950835,0.94812,0.0,0.0
virchow2,nct-crc-100k,linear,2,0.55,0.04,0.94812,0.950835,0.94812,0.0,0.0
virchow2,nct-crc-100k,linear,2,0.6,0.01,0.94812,0.950835,0.94812,0.0,0.0
virchow2,nct-crc-100k,linear,2,0.65,0.01,0.94812,0.950835,0.94812,0.0,0.0
virchow2,nct-crc-100k,linear,2,0.7,0.01,0.94812,0.950835,0.94812,0.0,0.0
virchow2,nct-crc-100k,linear,2,0.75,0.0,0.94812,0.950835,0.94812,0.0,0.0
virchow2,nct-crc-100k,linear,2,0.8,0.0,0.94812,0.950835,0.94812,0.0,0.0
virchow2,nct-crc-100k,linear,2,0.85,0.0,0.94812,0.950835,0.94812,0.0,0.0
virchow2,nct-crc-100k,linear,2,0.9,0.0,0.94812,0.950835,0.94812,0.0,0.0
virchow2,nct-crc-100k,linear,2,0.95,0.0,0.94812,0.950835,0.94812,0.0,0.0
virchow2,nct-crc-100k,linear,2,1.0,0.0,0.94812,0.950835,0.94812,0.0,0.0
virchow2,nct-crc-100k,linear,3,0.0,100.0,0.950109,0.950909,0.950909,0.0008,100.0
virchow2,nct-crc-100k,linear,3,0.05,10.88,0.950109,0.950909,0.950909,0.0008,100.0
virchow2,nct-crc-100k,linear,3,0.1,7.94,0.950109,0.950909,0.950909,0.0008,100.0
virchow2,nct-crc-100k,linear,3,0.15,6.04,0.950109,0.950909,0.950909,0.0008,100.0
virchow2,nct-crc-100k,linear,3,0.2,4.71,0.950109,0.950909,0.951173,0.001063,133.01
virchow2,nct-crc-100k,linear,3,0.25,3.61,0.950109,0.950909,0.951173,0.001063,133.01
virchow2,nct-crc-100k,linear,3,0.3,2.09,0.950109,0.950909,0.950718,0.000609,76.19
virchow2,nct-crc-100k,linear,3,0.35,0.99,0.950109,0.950909,0.949817,-0.000292,-36.55
virchow2,nct-crc-100k,linear,3,0.4,0.52,0.950109,0.950909,0.950326,0.000216,27.07
virchow2,nct-crc-100k,linear,3,0.45,0.29,0.950109,0.950909,0.950077,-3.3e-05,-4.09
virchow2,nct-crc-100k,linear,3,0.5,0.11,0.950109,0.950909,0.949782,-0.000328,-40.99
virchow2,nct-crc-100k,linear,3,0.55,0.07,0.950109,0.950909,0.950109,0.0,0.0
virchow2,nct-crc-100k,linear,3,0.6,0.06,0.950109,0.950909,0.950109,0.0,0.0
virchow2,nct-crc-100k,linear,3,0.65,0.01,0.950109,0.950909,0.950109,0.0,0.0
virchow2,nct-crc-100k,linear,3,0.7,0.0,0.950109,0.950909,0.950109,0.0,0.0
virchow2,nct-crc-100k,linear,3,0.75,0.0,0.950109,0.950909,0.950109,0.0,0.0
virchow2,nct-crc-100k,linear,3,0.8,0.0,0.950109,0.950909,0.950109,0.0,0.0
virchow2,nct-crc-100k,linear,3,0.85,0.0,0.950109,0.950909,0.950109,0.0,0.0
virchow2,nct-crc-100k,linear,3,0.9,0.0,0.950109,0.950909,0.950109,0.0,0.0
virchow2,nct-crc-100k,linear,3,0.95,0.0,0.950109,0.950909,0.950109,0.0,0.0
virchow2,nct-crc-100k,linear,3,1.0,0.0,0.950109,0.950909,0.950109,0.0,0.0
virchow2,nct-crc-100k,linear,42,0.0,100.0,0.950228,0.949661,0.949661,-0.000567,100.0
virchow2,nct-crc-100k,linear,42,0.05,10.97,0.950228,0.949661,0.949661,-0.000567,100.0
virchow2,nct-crc-100k,linear,42,0.1,7.76,0.950228,0.949661,0.949661,-0.000567,100.0
virchow2,nct-crc-100k,linear,42,0.15,5.91,0.950228,0.949661,0.949661,-0.000567,100.0
virchow2,nct-crc-100k,linear,42,0.2,4.62,0.950228,0.949661,0.949661,-0.000567,100.0
virchow2,nct-crc-100k,linear,42,0.25,3.29,0.950228,0.949661,0.949661,-0.000567,100.0
virchow2,nct-crc-100k,linear,42,0.3,2.14,0.950228,0.949661,0.949544,-0.000684,120.6
virchow2,nct-crc-100k,linear,42,0.35,0.97,0.950228,0.949661,0.948815,-0.001413,249.16
virchow2,nct-crc-100k,linear,42,0.4,0.54,0.950228,0.949661,0.949206,-0.001022,180.13
virchow2,nct-crc-100k,linear,42,0.45,0.25,0.950228,0.949661,0.949808,-0.00042,74.12
virchow2,nct-crc-100k,linear,42,0.5,0.07,0.950228,0.949661,0.950336,0.000107,-18.92
virchow2,nct-crc-100k,linear,42,0.55,0.03,0.950228,0.949661,0.950228,0.0,-0.0
virchow2,nct-crc-100k,linear,42,0.6,0.01,0.950228,0.949661,0.950228,0.0,-0.0
virchow2,nct-crc-100k,linear,42,0.65,0.0,0.950228,0.949661,0.950228,0.0,-0.0
virchow2,nct-crc-100k,linear,42,0.7,0.0,0.950228,0.949661,0.950228,0.0,-0.0
virchow2,nct-crc-100k,linear,42,0.75,0.0,0.950228,0.949661,0.950228,0.0,-0.0
virchow2,nct-crc-100k,linear,42,0.8,0.0,0.950228,0.949661,0.950228,0.0,-0.0
virchow2,nct-crc-100k,linear,42,0.85,0.0,0.950228,0.949661,0.950228,0.0,-0.0
virchow2,nct-crc-100k,linear,42,0.9,0.0,0.950228,0.949661,0.950228,0.0,-0.0
virchow2,nct-crc-100k,linear,42,0.95,0.0,0.950228,0.949661,0.950228,0.0,-0.0
virchow2,nct-crc-100k,linear,42,1.0,0.0,0.950228,0.949661,0.950228,0.0,-0.0
virchow,nct-crc-100k,linear,0,0.0,100.0,0.944844,0.945277,0.945277,0.000433,100.0
virchow,nct-crc-100k,linear,0,0.05,12.41,0.944844,0.945277,0.945277,0.000433,100.0
virchow,nct-crc-100k,linear,0,0.1,8.54,0.944844,0.945277,0.945277,0.000433,100.0
virchow,nct-crc-100k,linear,0,0.15,6.6,0.944844,0.945277,0.945277,0.000433,100.0
virchow,nct-crc-100k,linear,0,0.2,5.25,0.944844,0.945277,0.945277,0.000433,100.0
virchow,nct-crc-100k,linear,0,0.25,3.91,0.944844,0.945277,0.945187,0.000343,79.18
virchow,nct-crc-100k,linear,0,0.3,2.72,0.944844,0.945277,0.94523,0.000385,89.04
virchow,nct-crc-100k,linear,0,0.35,1.34,0.944844,0.945277,0.945247,0.000402,92.94
virchow,nct-crc-100k,linear,0,0.4,0.88,0.944844,0.945277,0.945601,0.000757,174.9
virchow,nct-crc-100k,linear,0,0.45,0.57,0.944844,0.945277,0.945501,0.000657,151.73
virchow,nct-crc-100k,linear,0,0.5,0.35,0.944844,0.945277,0.945335,0.000491,113.35
virchow,nct-crc-100k,linear,0,0.55,0.22,0.944844,0.945277,0.945343,0.000498,115.13
virchow,nct-crc-100k,linear,0,0.6,0.13,0.944844,0.945277,0.945177,0.000332,76.76
virchow,nct-crc-100k,linear,0,0.65,0.06,0.944844,0.945277,0.944927,8.3e-05,19.19
virchow,nct-crc-100k,linear,0,0.7,0.01,0.944844,0.945277,0.944927,8.3e-05,19.19
virchow,nct-crc-100k,linear,0,0.75,0.0,0.944844,0.945277,0.944844,0.0,0.0
virchow,nct-crc-100k,linear,0,0.8,0.0,0.944844,0.945277,0.944844,0.0,0.0
virchow,nct-crc-100k,linear,0,0.85,0.0,0.944844,0.945277,0.944844,0.0,0.0
virchow,nct-crc-100k,linear,0,0.9,0.0,0.944844,0.945277,0.944844,0.0,0.0
virchow,nct-crc-100k,linear,0,0.95,0.0,0.944844,0.945277,0.944844,0.0,0.0
virchow,nct-crc-100k,linear,0,1.0,0.0,0.944844,0.945277,0.944844,0.0,0.0
virchow,nct-crc-100k,linear,1,0.0,100.0,0.948389,0.949355,0.949355,0.000966,100.0
virchow,nct-crc-100k,linear,1,0.05,13.79,0.948389,0.949355,0.949355,0.000966,100.0
virchow,nct-crc-100k,linear,1,0.1,9.39,0.948389,0.949355,0.949355,0.000966,100.0
virchow,nct-crc-100k,linear,1,0.15,7.02,0.948389,0.949355,0.949355,0.000966,100.0
virchow,nct-crc-100k,linear,1,0.2,5.45,0.948389,0.949355,0.949355,0.000966,100.0
virchow,nct-crc-100k,linear,1,0.25,4.19,0.948389,0.949355,0.949265,0.000876,90.67
virchow,nct-crc-100k,linear,1,0.3,3.01,0.948389,0.949355,0.948995,0.000606,62.76
virchow,nct-crc-100k,linear,1,0.35,1.57,0.948389,0.949355,0.949032,0.000644,66.63
virchow,nct-crc-100k,linear,1,0.4,1.11,0.948389,0.949355,0.949106,0.000717,74.24
virchow,nct-crc-100k,linear,1,0.45,0.82,0.948389,0.949355,0.9498,0.001412,146.09
virchow,nct-crc-100k,linear,1,0.5,0.57,0.948389,0.949355,0.949182,0.000794,82.13
virchow,nct-crc-100k,linear,1,0.55,0.35,0.948389,0.949355,0.948811,0.000422,43.71
virchow,nct-crc-100k,linear,1,0.6,0.24,0.948389,0.949355,0.948645,0.000256,26.52
virchow,nct-crc-100k,linear,1,0.65,0.13,0.948389,0.949355,0.948472,8.3e-05,8.59
virchow,nct-crc-100k,linear,1,0.7,0.04,0.948389,0.949355,0.948389,0.0,0.0
virchow,nct-crc-100k,linear,1,0.75,0.03,0.948389,0.949355,0.948389,0.0,0.0
virchow,nct-crc-100k,linear,1,0.8,0.0,0.948389,0.949355,0.948389,0.0,0.0
virchow,nct-crc-100k,linear,1,0.85,0.0,0.948389,0.949355,0.948389,0.0,0.0
virchow,nct-crc-100k,linear,1,0.9,0.0,0.948389,0.949355,0.948389,0.0,0.0
virchow,nct-crc-100k,linear,1,0.95,0.0,0.948389,0.949355,0.948389,0.0,0.0
virchow,nct-crc-100k,linear,1,1.0,0.0,0.948389,0.949355,0.948389,0.0,0.0
virchow,nct-crc-100k,linear,2,0.0,100.0,0.946291,0.945015,0.945015,-0.001276,100.0
virchow,nct-crc-100k,linear,2,0.05,12.23,0.946291,0.945015,0.945015,-0.001276,100.0
virchow,nct-crc-100k,linear,2,0.1,8.68,0.946291,0.945015,0.945015,-0.001276,100.0
virchow,nct-crc-100k,linear,2,0.15,6.62,0.946291,0.945015,0.945015,-0.001276,100.0
virchow,nct-crc-100k,linear,2,0.2,5.33,0.946291,0.945015,0.945279,-0.001012,79.32
virchow,nct-crc-100k,linear,2,0.25,4.29,0.946291,0.945015,0.945279,-0.001012,79.32
virchow,nct-crc-100k,linear,2,0.3,2.86,0.946291,0.945015,0.945517,-0.000774,60.69
virchow,nct-crc-100k,linear,2,0.35,1.39,0.946291,0.945015,0.945877,-0.000414,32.45
virchow,nct-crc-100k,linear,2,0.4,1.11,0.946291,0.945015,0.94652,0.000229,-17.95
virchow,nct-crc-100k,linear,2,0.45,0.74,0.946291,0.945015,0.947063,0.000772,-60.48
virchow,nct-crc-100k,linear,2,0.5,0.49,0.946291,0.945015,0.947219,0.000928,-72.75
virchow,nct-crc-100k,linear,2,0.55,0.31,0.946291,0.945015,0.946789,0.000498,-39.05
virchow,nct-crc-100k,linear,2,0.6,0.24,0.946291,0.945015,0.946706,0.000415,-32.54
virchow,nct-crc-100k,linear,2,0.65,0.15,0.946291,0.945015,0.94654,0.000249,-19.52
virchow,nct-crc-100k,linear,2,0.7,0.06,0.946291,0.945015,0.946374,8.3e-05,-6.51
virchow,nct-crc-100k,linear,2,0.75,0.01,0.946291,0.945015,0.946291,0.0,-0.0
virchow,nct-crc-100k,linear,2,0.8,0.0,0.946291,0.945015,0.946291,0.0,-0.0
virchow,nct-crc-100k,linear,2,0.85,0.0,0.946291,0.945015,0.946291,0.0,-0.0
virchow,nct-crc-100k,linear,2,0.9,0.0,0.946291,0.945015,0.946291,0.0,-0.0
virchow,nct-crc-100k,linear,2,0.95,0.0,0.946291,0.945015,0.946291,0.0,-0.0
virchow,nct-crc-100k,linear,2,1.0,0.0,0.946291,0.945015,0.946291,0.0,-0.0
virchow,nct-crc-100k,linear,3,0.0,100.0,0.944012,0.943024,0.943024,-0.000988,100.0
virchow,nct-crc-100k,linear,3,0.05,11.96,0.944012,0.943024,0.943024,-0.000988,100.0
virchow,nct-crc-100k,linear,3,0.1,8.55,0.944012,0.943024,0.943024,-0.000988,100.0
virchow,nct-crc-100k,linear,3,0.15,6.62,0.944012,0.943024,0.943024,-0.000988,100.0
virchow,nct-crc-100k,linear,3,0.2,5.32,0.944012,0.943024,0.943024,-0.000988,100.0
virchow,nct-crc-100k,linear,3,0.25,4.25,0.944012,0.943024,0.943271,-0.00074,74.96
virchow,nct-crc-100k,linear,3,0.3,3.08,0.944012,0.943024,0.94407,5.9e-05,-5.93
virchow,nct-crc-100k,linear,3,0.35,1.5,0.944012,0.943024,0.944074,6.2e-05,-6.28
virchow,nct-crc-100k,linear,3,0.4,1.11,0.944012,0.943024,0.944585,0.000573,-58.05
virchow,nct-crc-100k,linear,3,0.45,0.77,0.944012,0.943024,0.944141,0.000129,-13.1
virchow,nct-crc-100k,linear,3,0.5,0.47,0.944012,0.943024,0.943982,-3e-05,3.0
virchow,nct-crc-100k,linear,3,0.55,0.21,0.944012,0.943024,0.943914,-9.8e-05,9.91
virchow,nct-crc-100k,linear,3,0.6,0.13,0.944012,0.943024,0.944178,0.000166,-16.82
virchow,nct-crc-100k,linear,3,0.65,0.08,0.944012,0.943024,0.944178,0.000166,-16.82
virchow,nct-crc-100k,linear,3,0.7,0.04,0.944012,0.943024,0.944095,8.3e-05,-8.41
virchow,nct-crc-100k,linear,3,0.75,0.0,0.944012,0.943024,0.944012,0.0,-0.0
virchow,nct-crc-100k,linear,3,0.8,0.0,0.944012,0.943024,0.944012,0.0,-0.0
virchow,nct-crc-100k,linear,3,0.85,0.0,0.944012,0.943024,0.944012,0.0,-0.0
virchow,nct-crc-100k,linear,3,0.9,0.0,0.944012,0.943024,0.944012,0.0,-0.0
virchow,nct-crc-100k,linear,3,0.95,0.0,0.944012,0.943024,0.944012,0.0,-0.0
virchow,nct-crc-100k,linear,3,1.0,0.0,0.944012,0.943024,0.944012,0.0,-0.0
virchow,nct-crc-100k,linear,42,0.0,100.0,0.943013,0.944245,0.944245,0.001232,100.0
virchow,nct-crc-100k,linear,42,0.05,16.45,0.943013,0.944245,0.944245,0.001232,100.0
virchow,nct-crc-100k,linear,42,0.1,11.78,0.943013,0.944245,0.944245,0.001232,100.0
virchow,nct-crc-100k,linear,42,0.15,8.68,0.943013,0.944245,0.944245,0.001232,100.0
virchow,nct-crc-100k,linear,42,0.2,6.81,0.943013,0.944245,0.944245,0.001232,100.0
virchow,nct-crc-100k,linear,42,0.25,5.18,0.943013,0.944245,0.944154,0.001142,92.68
virchow,nct-crc-100k,linear,42,0.3,3.62,0.943013,0.944245,0.944155,0.001142,92.74
virchow,nct-crc-100k,linear,42,0.35,1.92,0.943013,0.944245,0.942833,-0.00018,-14.61
virchow,nct-crc-100k,linear,42,0.4,1.34,0.943013,0.944245,0.94351,0.000498,40.4
virchow,nct-crc-100k,linear,42,0.45,0.99,0.943013,0.944245,0.943948,0.000935,75.94
virchow,nct-crc-100k,linear,42,0.5,0.61,0.943013,0.944245,0.943337,0.000324,26.34
virchow,nct-crc-100k,linear,42,0.55,0.49,0.943013,0.944245,0.943601,0.000588,47.77
virchow,nct-crc-100k,linear,42,0.6,0.29,0.943013,0.944245,0.943518,0.000505,41.03
virchow,nct-crc-100k,linear,42,0.65,0.17,0.943013,0.944245,0.943262,0.000249,20.23
virchow,nct-crc-100k,linear,42,0.7,0.08,0.943013,0.944245,0.943096,8.3e-05,6.74
virchow,nct-crc-100k,linear,42,0.75,0.01,0.943013,0.944245,0.943096,8.3e-05,6.74
virchow,nct-crc-100k,linear,42,0.8,0.01,0.943013,0.944245,0.943096,8.3e-05,6.74
virchow,nct-crc-100k,linear,42,0.85,0.0,0.943013,0.944245,0.943013,0.0,0.0
virchow,nct-crc-100k,linear,42,0.9,0.0,0.943013,0.944245,0.943013,0.0,0.0
virchow,nct-crc-100k,linear,42,0.95,0.0,0.943013,0.944245,0.943013,0.0,0.0
virchow,nct-crc-100k,linear,42,1.0,0.0,0.943013,0.944245,0.943013,0.0,0.0
convnextv2_base,nct-crc-nonorm,linear,0,0.0,100.0,0.696918,0.693272,0.693272,-0.003647,100.0
convnextv2_base,nct-crc-nonorm,linear,0,0.05,53.04,0.696918,0.693272,0.693272,-0.003647,100.0
convnextv2_base,nct-crc-nonorm,linear,0,0.1,42.67,0.696918,0.693272,0.693379,-0.003539,97.06
convnextv2_base,nct-crc-nonorm,linear,0,0.15,35.81,0.696918,0.693272,0.693289,-0.003629,99.53
convnextv2_base,nct-crc-nonorm,linear,0,0.2,30.21,0.696918,0.693272,0.694134,-0.002784,76.34
convnextv2_base,nct-crc-nonorm,linear,0,0.25,25.46,0.696918,0.693272,0.69514,-0.001779,48.77
convnextv2_base,nct-crc-nonorm,linear,0,0.3,19.96,0.696918,0.693272,0.695586,-0.001333,36.54
convnextv2_base,nct-crc-nonorm,linear,0,0.35,13.77,0.696918,0.693272,0.69804,0.001122,-30.77
convnextv2_base,nct-crc-nonorm,linear,0,0.4,9.28,0.696918,0.693272,0.699347,0.002428,-66.59
convnextv2_base,nct-crc-nonorm,linear,0,0.45,6.31,0.696918,0.693272,0.699583,0.002665,-73.07
convnextv2_base,nct-crc-nonorm,linear,0,0.5,4.16,0.696918,0.693272,0.699867,0.002948,-80.84
convnextv2_base,nct-crc-nonorm,linear,0,0.55,2.41,0.696918,0.693272,0.697824,0.000906,-24.84
convnextv2_base,nct-crc-nonorm,linear,0,0.6,1.32,0.696918,0.693272,0.698167,0.001249,-34.25
convnextv2_base,nct-crc-nonorm,linear,0,0.65,0.74,0.696918,0.693272,0.697557,0.000638,-17.5
convnextv2_base,nct-crc-nonorm,linear,0,0.7,0.4,0.696918,0.693272,0.697116,0.000197,-5.42
convnextv2_base,nct-crc-nonorm,linear,0,0.75,0.14,0.696918,0.693272,0.696743,-0.000175,4.81
convnextv2_base,nct-crc-nonorm,linear,0,0.8,0.06,0.696918,0.693272,0.696743,-0.000175,4.81
convnextv2_base,nct-crc-nonorm,linear,0,0.85,0.0,0.696918,0.693272,0.696918,0.0,-0.0
convnextv2_base,nct-crc-nonorm,linear,0,0.9,0.0,0.696918,0.693272,0.696918,0.0,-0.0
convnextv2_base,nct-crc-nonorm,linear,0,0.95,0.0,0.696918,0.693272,0.696918,0.0,-0.0
convnextv2_base,nct-crc-nonorm,linear,0,1.0,0.0,0.696918,0.693272,0.696918,0.0,-0.0
convnextv2_base,nct-crc-nonorm,linear,1,0.0,100.0,0.678424,0.675435,0.675435,-0.00299,100.0
convnextv2_base,nct-crc-nonorm,linear,1,0.05,50.17,0.678424,0.675435,0.675435,-0.00299,100.0
convnextv2_base,nct-crc-nonorm,linear,1,0.1,40.06,0.678424,0.675435,0.675435,-0.002989,99.98
convnextv2_base,nct-crc-nonorm,linear,1,0.15,33.97,0.678424,0.675435,0.676827,-0.001597,53.43
convnextv2_base,nct-crc-nonorm,linear,1,0.2,28.76,0.678424,0.675435,0.676959,-0.001465,49.02
convnextv2_base,nct-crc-nonorm,linear,1,0.25,24.15,0.678424,0.675435,0.676946,-0.001479,49.46
convnextv2_base,nct-crc-nonorm,linear,1,0.3,19.08,0.678424,0.675435,0.67809,-0.000334,11.18
convnextv2_base,nct-crc-nonorm,linear,1,0.35,13.18,0.678424,0.675435,0.681894,0.003469,-116.04
convnextv2_base,nct-crc-nonorm,linear,1,0.4,9.14,0.678424,0.675435,0.681493,0.003069,-102.65
convnextv2_base,nct-crc-nonorm,linear,1,0.45,6.2,0.678424,0.675435,0.682114,0.00369,-123.42
convnextv2_base,nct-crc-nonorm,linear,1,0.5,4.0,0.678424,0.675435,0.679785,0.001361,-45.52
convnextv2_base,nct-crc-nonorm,linear,1,0.55,2.4,0.678424,0.675435,0.678895,0.00047,-15.73
convnextv2_base,nct-crc-nonorm,linear,1,0.6,1.28,0.678424,0.675435,0.678622,0.000197,-6.6
convnextv2_base,nct-crc-nonorm,linear,1,0.65,0.64,0.678424,0.675435,0.6786,0.000175,-5.86
convnextv2_base,nct-crc-nonorm,linear,1,0.7,0.33,0.678424,0.675435,0.678424,0.0,-0.0
convnextv2_base,nct-crc-nonorm,linear,1,0.75,0.08,0.678424,0.675435,0.678074,-0.000351,11.72
convnextv2_base,nct-crc-nonorm,linear,1,0.8,0.03,0.678424,0.675435,0.678249,-0.000175,5.86
convnextv2_base,nct-crc-nonorm,linear,1,0.85,0.0,0.678424,0.675435,0.678424,0.0,-0.0
convnextv2_base,nct-crc-nonorm,linear,1,0.9,0.0,0.678424,0.675435,0.678424,0.0,-0.0
convnextv2_base,nct-crc-nonorm,linear,1,0.95,0.0,0.678424,0.675435,0.678424,0.0,-0.0
convnextv2_base,nct-crc-nonorm,linear,1,1.0,0.0,0.678424,0.675435,0.678424,0.0,-0.0
convnextv2_base,nct-crc-nonorm,linear,2,0.0,100.0,0.700466,0.69756,0.69756,-0.002907,100.0
convnextv2_base,nct-crc-nonorm,linear,2,0.05,50.57,0.700466,0.69756,0.69756,-0.002907,100.0
convnextv2_base,nct-crc-nonorm,linear,2,0.1,41.25,0.700466,0.69756,0.697957,-0.002509,86.33
convnextv2_base,nct-crc-nonorm,linear,2,0.15,34.05,0.700466,0.69756,0.698695,-0.001771,60.92
convnextv2_base,nct-crc-nonorm,linear,2,0.2,29.07,0.700466,0.69756,0.698395,-0.002071,71.25
convnextv2_base,nct-crc-nonorm,linear,2,0.25,23.94,0.700466,0.69756,0.697599,-0.002867,98.64
convnextv2_base,nct-crc-nonorm,linear,2,0.3,19.08,0.700466,0.69756,0.699182,-0.001284,44.18
convnextv2_base,nct-crc-nonorm,linear,2,0.35,12.76,0.700466,0.69756,0.702645,0.002179,-74.97
convnextv2_base,nct-crc-nonorm,linear,2,0.4,8.7,0.700466,0.69756,0.70236,0.001894,-65.15
convnextv2_base,nct-crc-nonorm,linear,2,0.45,5.6,0.700466,0.69756,0.702707,0.00224,-77.08
convnextv2_base,nct-crc-nonorm,linear,2,0.5,3.41,0.700466,0.69756,0.70255,0.002084,-71.69
convnextv2_base,nct-crc-nonorm,linear,2,0.55,2.1,0.700466,0.69756,0.702646,0.002179,-74.98
convnextv2_base,nct-crc-nonorm,linear,2,0.6,1.2,0.700466,0.69756,0.701426,0.00096,-33.02
convnextv2_base,nct-crc-nonorm,linear,2,0.65,0.67,0.700466,0.69756,0.701102,0.000636,-21.88
convnextv2_base,nct-crc-nonorm,linear,2,0.7,0.29,0.700466,0.69756,0.700641,0.000175,-6.03
convnextv2_base,nct-crc-nonorm,linear,2,0.75,0.13,0.700466,0.69756,0.700641,0.000175,-6.03
convnextv2_base,nct-crc-nonorm,linear,2,0.8,0.01,0.700466,0.69756,0.700466,0.0,-0.0
convnextv2_base,nct-crc-nonorm,linear,2,0.85,0.01,0.700466,0.69756,0.700466,0.0,-0.0
convnextv2_base,nct-crc-nonorm,linear,2,0.9,0.0,0.700466,0.69756,0.700466,0.0,-0.0
convnextv2_base,nct-crc-nonorm,linear,2,0.95,0.0,0.700466,0.69756,0.700466,0.0,-0.0
convnextv2_base,nct-crc-nonorm,linear,2,1.0,0.0,0.700466,0.69756,0.700466,0.0,-0.0
convnextv2_base,nct-crc-nonorm,linear,3,0.0,100.0,0.700467,0.69976,0.69976,-0.000707,100.0
convnextv2_base,nct-crc-nonorm,linear,3,0.05,55.14,0.700467,0.69976,0.69976,-0.000707,100.0
convnextv2_base,nct-crc-nonorm,linear,3,0.1,45.0,0.700467,0.69976,0.699958,-0.00051,72.07
convnextv2_base,nct-crc-nonorm,linear,3,0.15,37.94,0.700467,0.69976,0.700462,-5e-06,0.72
convnextv2_base,nct-crc-nonorm,linear,3,0.2,31.88,0.700467,0.69976,0.700635,0.000168,-23.77
convnextv2_base,nct-crc-nonorm,linear,3,0.25,26.87,0.700467,0.69976,0.70198,0.001513,-213.98
convnextv2_base,nct-crc-nonorm,linear,3,0.3,21.56,0.700467,0.69976,0.702337,0.00187,-264.42
convnextv2_base,nct-crc-nonorm,linear,3,0.35,15.03,0.700467,0.69976,0.703276,0.002809,-397.21
convnextv2_base,nct-crc-nonorm,linear,3,0.4,10.46,0.700467,0.69976,0.702481,0.002013,-284.72
convnextv2_base,nct-crc-nonorm,linear,3,0.45,7.24,0.700467,0.69976,0.70244,0.001973,-279.04
convnextv2_base,nct-crc-nonorm,linear,3,0.5,4.68,0.700467,0.69976,0.701365,0.000898,-126.97
convnextv2_base,nct-crc-nonorm,linear,3,0.55,2.79,0.700467,0.69976,0.701955,0.001488,-210.38
convnextv2_base,nct-crc-nonorm,linear,3,0.6,1.5,0.700467,0.69976,0.700763,0.000296,-41.85
convnextv2_base,nct-crc-nonorm,linear,3,0.65,0.81,0.700467,0.69976,0.700533,6.6e-05,-9.31
convnextv2_base,nct-crc-nonorm,linear,3,0.7,0.47,0.700467,0.69976,0.70073,0.000263,-37.17
convnextv2_base,nct-crc-nonorm,linear,3,0.75,0.14,0.700467,0.69976,0.700643,0.000175,-24.78
convnextv2_base,nct-crc-nonorm,linear,3,0.8,0.03,0.700467,0.69976,0.700467,0.0,-0.0
convnextv2_base,nct-crc-nonorm,linear,3,0.85,0.0,0.700467,0.69976,0.700467,0.0,-0.0
convnextv2_base,nct-crc-nonorm,linear,3,0.9,0.0,0.700467,0.69976,0.700467,0.0,-0.0
convnextv2_base,nct-crc-nonorm,linear,3,0.95,0.0,0.700467,0.69976,0.700467,0.0,-0.0
convnextv2_base,nct-crc-nonorm,linear,3,1.0,0.0,0.700467,0.69976,0.700467,0.0,-0.0
convnextv2_base,nct-crc-nonorm,linear,42,0.0,100.0,0.688033,0.686199,0.686199,-0.001835,100.0
convnextv2_base,nct-crc-nonorm,linear,42,0.05,51.8,0.688033,0.686199,0.686199,-0.001835,100.0
convnextv2_base,nct-crc-nonorm,linear,42,0.1,41.85,0.688033,0.686199,0.686306,-0.001728,94.15
convnextv2_base,nct-crc-nonorm,linear,42,0.15,35.13,0.688033,0.686199,0.687377,-0.000657,35.79
convnextv2_base,nct-crc-nonorm,linear,42,0.2,29.48,0.688033,0.686199,0.68768,-0.000354,19.28
convnextv2_base,nct-crc-nonorm,linear,42,0.25,24.64,0.688033,0.686199,0.688611,0.000577,-31.45
convnextv2_base,nct-crc-nonorm,linear,42,0.3,19.14,0.688033,0.686199,0.692005,0.003971,-216.43
convnextv2_base,nct-crc-nonorm,linear,42,0.35,12.73,0.688033,0.686199,0.69367,0.005636,-307.16
convnextv2_base,nct-crc-nonorm,linear,42,0.4,9.16,0.688033,0.686199,0.693109,0.005075,-276.6
convnextv2_base,nct-crc-nonorm,linear,42,0.45,6.07,0.688033,0.686199,0.691467,0.003434,-187.13
convnextv2_base,nct-crc-nonorm,linear,42,0.5,4.01,0.688033,0.686199,0.690668,0.002635,-143.6
convnextv2_base,nct-crc-nonorm,linear,42,0.55,2.47,0.688033,0.686199,0.689475,0.001441,-78.55
convnextv2_base,nct-crc-nonorm,linear,42,0.6,1.41,0.688033,0.686199,0.688699,0.000666,-36.29
convnextv2_base,nct-crc-nonorm,linear,42,0.65,0.75,0.688033,0.686199,0.689022,0.000989,-53.88
convnextv2_base,nct-crc-nonorm,linear,42,0.7,0.32,0.688033,0.686199,0.688667,0.000633,-34.5
convnextv2_base,nct-crc-nonorm,linear,42,0.75,0.14,0.688033,0.686199,0.688384,0.000351,-19.1
convnextv2_base,nct-crc-nonorm,linear,42,0.8,0.03,0.688033,0.686199,0.688033,0.0,-0.0
convnextv2_base,nct-crc-nonorm,linear,42,0.85,0.0,0.688033,0.686199,0.688033,0.0,-0.0
convnextv2_base,nct-crc-nonorm,linear,42,0.9,0.0,0.688033,0.686199,0.688033,0.0,-0.0
convnextv2_base,nct-crc-nonorm,linear,42,0.95,0.0,0.688033,0.686199,0.688033,0.0,-0.0
convnextv2_base,nct-crc-nonorm,linear,42,1.0,0.0,0.688033,0.686199,0.688033,0.0,-0.0
convnextv2_tiny,nct-crc-nonorm,linear,0,0.0,100.0,0.700753,0.709548,0.709548,0.008794,100.0
convnextv2_tiny,nct-crc-nonorm,linear,0,0.05,58.58,0.700753,0.709548,0.709548,0.008794,100.0
convnextv2_tiny,nct-crc-nonorm,linear,0,0.1,48.66,0.700753,0.709548,0.709296,0.008543,97.14
convnextv2_tiny,nct-crc-nonorm,linear,0,0.15,41.57,0.700753,0.709548,0.709385,0.008631,98.15
convnextv2_tiny,nct-crc-nonorm,linear,0,0.2,35.99,0.700753,0.709548,0.709479,0.008725,99.22
convnextv2_tiny,nct-crc-nonorm,linear,0,0.25,30.72,0.700753,0.709548,0.70904,0.008286,94.23
convnextv2_tiny,nct-crc-nonorm,linear,0,0.3,25.53,0.700753,0.709548,0.709312,0.008558,97.32
convnextv2_tiny,nct-crc-nonorm,linear,0,0.35,18.94,0.700753,0.709548,0.70495,0.004196,47.72
convnextv2_tiny,nct-crc-nonorm,linear,0,0.4,13.59,0.700753,0.709548,0.704276,0.003522,40.05
convnextv2_tiny,nct-crc-nonorm,linear,0,0.45,9.75,0.700753,0.709548,0.703865,0.003111,35.38
convnextv2_tiny,nct-crc-nonorm,linear,0,0.5,6.3,0.700753,0.709548,0.703481,0.002727,31.01
convnextv2_tiny,nct-crc-nonorm,linear,0,0.55,3.82,0.700753,0.709548,0.701816,0.001062,12.08
convnextv2_tiny,nct-crc-nonorm,linear,0,0.6,1.99,0.700753,0.709548,0.70178,0.001027,11.68
convnextv2_tiny,nct-crc-nonorm,linear,0,0.65,0.88,0.700753,0.709548,0.701148,0.000394,4.48
convnextv2_tiny,nct-crc-nonorm,linear,0,0.7,0.38,0.700753,0.709548,0.701348,0.000594,6.76
convnextv2_tiny,nct-crc-nonorm,linear,0,0.75,0.07,0.700753,0.709548,0.700753,0.0,0.0
convnextv2_tiny,nct-crc-nonorm,linear,0,0.8,0.0,0.700753,0.709548,0.700753,0.0,0.0
convnextv2_tiny,nct-crc-nonorm,linear,0,0.85,0.0,0.700753,0.709548,0.700753,0.0,0.0
convnextv2_tiny,nct-crc-nonorm,linear,0,0.9,0.0,0.700753,0.709548,0.700753,0.0,0.0
convnextv2_tiny,nct-crc-nonorm,linear,0,0.95,0.0,0.700753,0.709548,0.700753,0.0,0.0
convnextv2_tiny,nct-crc-nonorm,linear,0,1.0,0.0,0.700753,0.709548,0.700753,0.0,0.0
convnextv2_tiny,nct-crc-nonorm,linear,1,0.0,100.0,0.706338,0.716674,0.716674,0.010336,100.0
convnextv2_tiny,nct-crc-nonorm,linear,1,0.05,57.92,0.706338,0.716674,0.71641,0.010072,97.45
convnextv2_tiny,nct-crc-nonorm,linear,1,0.1,48.13,0.706338,0.716674,0.716373,0.010035,97.09
convnextv2_tiny,nct-crc-nonorm,linear,1,0.15,41.36,0.706338,0.716674,0.716932,0.010594,102.5
convnextv2_tiny,nct-crc-nonorm,linear,1,0.2,35.53,0.706338,0.716674,0.716774,0.010436,100.97
convnextv2_tiny,nct-crc-nonorm,linear,1,0.25,30.5,0.706338,0.716674,0.716757,0.010418,100.8
convnextv2_tiny,nct-crc-nonorm,linear,1,0.3,25.43,0.706338,0.716674,0.716012,0.009674,93.6
convnextv2_tiny,nct-crc-nonorm,linear,1,0.35,18.68,0.706338,0.716674,0.712599,0.006261,60.58
convnextv2_tiny,nct-crc-nonorm,linear,1,0.4,13.76,0.706338,0.716674,0.711637,0.005299,51.27
convnextv2_tiny,nct-crc-nonorm,linear,1,0.45,9.99,0.706338,0.716674,0.710719,0.00438,42.38
convnextv2_tiny,nct-crc-nonorm,linear,1,0.5,6.16,0.706338,0.716674,0.709123,0.002785,26.95
convnextv2_tiny,nct-crc-nonorm,linear,1,0.55,3.45,0.706338,0.716674,0.707364,0.001026,9.92
convnextv2_tiny,nct-crc-nonorm,linear,1,0.6,1.78,0.706338,0.716674,0.706874,0.000535,5.18
convnextv2_tiny,nct-crc-nonorm,linear,1,0.65,0.82,0.706338,0.716674,0.706863,0.000525,5.08
convnextv2_tiny,nct-crc-nonorm,linear,1,0.7,0.4,0.706338,0.716674,0.706727,0.000389,3.76
convnextv2_tiny,nct-crc-nonorm,linear,1,0.75,0.13,0.706338,0.716674,0.706692,0.000354,3.43
convnextv2_tiny,nct-crc-nonorm,linear,1,0.8,0.03,0.706338,0.716674,0.706338,0.0,0.0
convnextv2_tiny,nct-crc-nonorm,linear,1,0.85,0.01,0.706338,0.716674,0.706338,0.0,0.0
convnextv2_tiny,nct-crc-nonorm,linear,1,0.9,0.0,0.706338,0.716674,0.706338,0.0,0.0
convnextv2_tiny,nct-crc-nonorm,linear,1,0.95,0.0,0.706338,0.716674,0.706338,0.0,0.0
convnextv2_tiny,nct-crc-nonorm,linear,1,1.0,0.0,0.706338,0.716674,0.706338,0.0,0.0
convnextv2_tiny,nct-crc-nonorm,linear,2,0.0,100.0,0.713118,0.72083,0.72083,0.007711,100.0
convnextv2_tiny,nct-crc-nonorm,linear,2,0.05,62.37,0.713118,0.72083,0.72083,0.007711,100.0
convnextv2_tiny,nct-crc-nonorm,linear,2,0.1,51.45,0.713118,0.72083,0.720615,0.007497,97.22
convnextv2_tiny,nct-crc-nonorm,linear,2,0.15,44.36,0.713118,0.72083,0.719844,0.006726,87.22
convnextv2_tiny,nct-crc-nonorm,linear,2,0.2,38.31,0.713118,0.72083,0.719684,0.006566,85.15
convnextv2_tiny,nct-crc-nonorm,linear,2,0.25,32.9,0.713118,0.72083,0.718737,0.005619,72.86
convnextv2_tiny,nct-crc-nonorm,linear,2,0.3,27.51,0.713118,0.72083,0.718534,0.005415,70.22
convnextv2_tiny,nct-crc-nonorm,linear,2,0.35,21.16,0.713118,0.72083,0.716582,0.003464,44.92
convnextv2_tiny,nct-crc-nonorm,linear,2,0.4,16.13,0.713118,0.72083,0.716657,0.003538,45.88
convnextv2_tiny,nct-crc-nonorm,linear,2,0.45,11.35,0.713118,0.72083,0.715468,0.002349,30.46
convnextv2_tiny,nct-crc-nonorm,linear,2,0.5,7.4,0.713118,0.72083,0.715647,0.002528,32.79
convnextv2_tiny,nct-crc-nonorm,linear,2,0.55,4.39,0.713118,0.72083,0.714712,0.001594,20.67
convnextv2_tiny,nct-crc-nonorm,linear,2,0.6,2.58,0.713118,0.72083,0.714733,0.001615,20.94
convnextv2_tiny,nct-crc-nonorm,linear,2,0.65,1.32,0.713118,0.72083,0.713761,0.000643,8.34
convnextv2_tiny,nct-crc-nonorm,linear,2,0.7,0.49,0.713118,0.72083,0.713046,-7.2e-05,-0.94
convnextv2_tiny,nct-crc-nonorm,linear,2,0.75,0.13,0.713118,0.72083,0.713136,1.7e-05,0.22
convnextv2_tiny,nct-crc-nonorm,linear,2,0.8,0.04,0.713118,0.72083,0.712938,-0.00018,-2.34
convnextv2_tiny,nct-crc-nonorm,linear,2,0.85,0.01,0.713118,0.72083,0.713028,-9e-05,-1.17
convnextv2_tiny,nct-crc-nonorm,linear,2,0.9,0.0,0.713118,0.72083,0.713118,0.0,0.0
convnextv2_tiny,nct-crc-nonorm,linear,2,0.95,0.0,0.713118,0.72083,0.713118,0.0,0.0
convnextv2_tiny,nct-crc-nonorm,linear,2,1.0,0.0,0.713118,0.72083,0.713118,0.0,0.0
convnextv2_tiny,nct-crc-nonorm,linear,3,0.0,100.0,0.705714,0.718133,0.718133,0.012419,100.0
convnextv2_tiny,nct-crc-nonorm,linear,3,0.05,59.51,0.705714,0.718133,0.717869,0.012155,97.87
convnextv2_tiny,nct-crc-nonorm,linear,3,0.1,48.98,0.705714,0.718133,0.717283,0.011569,93.16
convnextv2_tiny,nct-crc-nonorm,linear,3,0.15,42.2,0.705714,0.718133,0.717041,0.011328,91.21
convnextv2_tiny,nct-crc-nonorm,linear,3,0.2,36.45,0.705714,0.718133,0.716773,0.011059,89.05
convnextv2_tiny,nct-crc-nonorm,linear,3,0.25,30.95,0.705714,0.718133,0.716586,0.010872,87.54
convnextv2_tiny,nct-crc-nonorm,linear,3,0.3,25.21,0.705714,0.718133,0.715588,0.009874,79.51
convnextv2_tiny,nct-crc-nonorm,linear,3,0.35,19.33,0.705714,0.718133,0.712336,0.006622,53.32
convnextv2_tiny,nct-crc-nonorm,linear,3,0.4,14.08,0.705714,0.718133,0.710587,0.004873,39.24
convnextv2_tiny,nct-crc-nonorm,linear,3,0.45,9.89,0.705714,0.718133,0.711017,0.005303,42.7
convnextv2_tiny,nct-crc-nonorm,linear,3,0.5,6.57,0.705714,0.718133,0.710005,0.004291,34.55
convnextv2_tiny,nct-crc-nonorm,linear,3,0.55,3.84,0.705714,0.718133,0.708156,0.002442,19.66
convnextv2_tiny,nct-crc-nonorm,linear,3,0.6,1.96,0.705714,0.718133,0.706745,0.001032,8.31
convnextv2_tiny,nct-crc-nonorm,linear,3,0.65,0.99,0.705714,0.718133,0.707019,0.001306,10.51
convnextv2_tiny,nct-crc-nonorm,linear,3,0.7,0.35,0.705714,0.718133,0.706035,0.000322,2.59
convnextv2_tiny,nct-crc-nonorm,linear,3,0.75,0.13,0.705714,0.718133,0.705889,0.000175,1.41
convnextv2_tiny,nct-crc-nonorm,linear,3,0.8,0.0,0.705714,0.718133,0.705714,0.0,0.0
convnextv2_tiny,nct-crc-nonorm,linear,3,0.85,0.0,0.705714,0.718133,0.705714,0.0,0.0
convnextv2_tiny,nct-crc-nonorm,linear,3,0.9,0.0,0.705714,0.718133,0.705714,0.0,0.0
convnextv2_tiny,nct-crc-nonorm,linear,3,0.95,0.0,0.705714,0.718133,0.705714,0.0,0.0
convnextv2_tiny,nct-crc-nonorm,linear,3,1.0,0.0,0.705714,0.718133,0.705714,0.0,0.0
convnextv2_tiny,nct-crc-nonorm,linear,42,0.0,100.0,0.69655,0.709819,0.709819,0.013269,100.0
convnextv2_tiny,nct-crc-nonorm,linear,42,0.05,57.59,0.69655,0.709819,0.709712,0.013162,99.19
convnextv2_tiny,nct-crc-nonorm,linear,42,0.1,47.58,0.69655,0.709819,0.709156,0.012606,95.0
convnextv2_tiny,nct-crc-nonorm,linear,42,0.15,41.03,0.69655,0.709819,0.708873,0.012323,92.87
convnextv2_tiny,nct-crc-nonorm,linear,42,0.2,34.9,0.69655,0.709819,0.709147,0.012596,94.93
convnextv2_tiny,nct-crc-nonorm,linear,42,0.25,29.74,0.69655,0.709819,0.708482,0.011931,89.92
convnextv2_tiny,nct-crc-nonorm,linear,42,0.3,23.62,0.69655,0.709819,0.708106,0.011555,87.09
convnextv2_tiny,nct-crc-nonorm,linear,42,0.35,16.94,0.69655,0.709819,0.703294,0.006744,50.83
convnextv2_tiny,nct-crc-nonorm,linear,42,0.4,12.45,0.69655,0.709819,0.700923,0.004373,32.96
convnextv2_tiny,nct-crc-nonorm,linear,42,0.45,8.96,0.69655,0.709819,0.701827,0.005277,39.77
convnextv2_tiny,nct-crc-nonorm,linear,42,0.5,5.53,0.69655,0.709819,0.69959,0.00304,22.91
convnextv2_tiny,nct-crc-nonorm,linear,42,0.55,3.34,0.69655,0.709819,0.698365,0.001815,13.68
convnextv2_tiny,nct-crc-nonorm,linear,42,0.6,1.84,0.69655,0.709819,0.69803,0.001479,11.15
convnextv2_tiny,nct-crc-nonorm,linear,42,0.65,0.79,0.69655,0.709819,0.697253,0.000702,5.29
convnextv2_tiny,nct-crc-nonorm,linear,42,0.7,0.28,0.69655,0.709819,0.696921,0.000371,2.8
convnextv2_tiny,nct-crc-nonorm,linear,42,0.75,0.04,0.69655,0.709819,0.69631,-0.00024,-1.81
convnextv2_tiny,nct-crc-nonorm,linear,42,0.8,0.03,0.69655,0.709819,0.69646,-9e-05,-0.68
convnextv2_tiny,nct-crc-nonorm,linear,42,0.85,0.0,0.69655,0.709819,0.69655,0.0,0.0
convnextv2_tiny,nct-crc-nonorm,linear,42,0.9,0.0,0.69655,0.709819,0.69655,0.0,0.0
convnextv2_tiny,nct-crc-nonorm,linear,42,0.95,0.0,0.69655,0.709819,0.69655,0.0,0.0
convnextv2_tiny,nct-crc-nonorm,linear,42,1.0,0.0,0.69655,0.709819,0.69655,0.0,0.0
ctranspath,nct-crc-nonorm,linear,0,0.0,100.0,0.800624,0.800542,0.800542,-8.2e-05,100.0
ctranspath,nct-crc-nonorm,linear,0,0.05,63.65,0.800624,0.800542,0.800542,-8.2e-05,100.0
ctranspath,nct-crc-nonorm,linear,0,0.1,50.35,0.800624,0.800542,0.800542,-8.2e-05,100.0
ctranspath,nct-crc-nonorm,linear,0,0.15,41.49,0.800624,0.800542,0.800542,-8.2e-05,100.0
ctranspath,nct-crc-nonorm,linear,0,0.2,34.33,0.800624,0.800542,0.800542,-8.2e-05,100.0
ctranspath,nct-crc-nonorm,linear,0,0.25,28.79,0.800624,0.800542,0.800542,-8.2e-05,100.0
ctranspath,nct-crc-nonorm,linear,0,0.3,23.96,0.800624,0.800542,0.800649,2.5e-05,-30.15
ctranspath,nct-crc-nonorm,linear,0,0.35,18.94,0.800624,0.800542,0.802265,0.001641,-1989.11
ctranspath,nct-crc-nonorm,linear,0,0.4,14.92,0.800624,0.800542,0.801978,0.001354,-1641.03
ctranspath,nct-crc-nonorm,linear,0,0.45,11.56,0.800624,0.800542,0.800675,5.1e-05,-61.69
ctranspath,nct-crc-nonorm,linear,0,0.5,8.64,0.800624,0.800542,0.80084,0.000216,-261.67
ctranspath,nct-crc-nonorm,linear,0,0.55,6.04,0.800624,0.800542,0.800627,3e-06,-3.27
ctranspath,nct-crc-nonorm,linear,0,0.6,3.48,0.800624,0.800542,0.801745,0.001121,-1358.59
ctranspath,nct-crc-nonorm,linear,0,0.65,1.74,0.800624,0.800542,0.801181,0.000557,-674.79
ctranspath,nct-crc-nonorm,linear,0,0.7,1.0,0.800624,0.800542,0.800792,0.000167,-202.72
ctranspath,nct-crc-nonorm,linear,0,0.75,0.38,0.800624,0.800542,0.800766,0.000142,-171.95
ctranspath,nct-crc-nonorm,linear,0,0.8,0.1,0.800624,0.800542,0.800839,0.000215,-260.3
ctranspath,nct-crc-nonorm,linear,0,0.85,0.03,0.800624,0.800542,0.800624,0.0,-0.0
ctranspath,nct-crc-nonorm,linear,0,0.9,0.0,0.800624,0.800542,0.800624,0.0,-0.0
ctranspath,nct-crc-nonorm,linear,0,0.95,0.0,0.800624,0.800542,0.800624,0.0,-0.0
ctranspath,nct-crc-nonorm,linear,0,1.0,0.0,0.800624,0.800542,0.800624,0.0,-0.0
ctranspath,nct-crc-nonorm,linear,1,0.0,100.0,0.798542,0.797465,0.797465,-0.001076,100.0
ctranspath,nct-crc-nonorm,linear,1,0.05,62.72,0.798542,0.797465,0.797465,-0.001076,100.0
ctranspath,nct-crc-nonorm,linear,1,0.1,49.78,0.798542,0.797465,0.797465,-0.001076,100.0
ctranspath,nct-crc-nonorm,linear,1,0.15,40.75,0.798542,0.797465,0.797465,-0.001076,100.0
ctranspath,nct-crc-nonorm,linear,1,0.2,33.97,0.798542,0.797465,0.797465,-0.001076,100.0
ctranspath,nct-crc-nonorm,linear,1,0.25,28.55,0.798542,0.797465,0.797465,-0.001076,100.0
ctranspath,nct-crc-nonorm,linear,1,0.3,23.91,0.798542,0.797465,0.797658,-0.000884,82.11
ctranspath,nct-crc-nonorm,linear,1,0.35,19.0,0.798542,0.797465,0.798068,-0.000474,44.04
ctranspath,nct-crc-nonorm,linear,1,0.4,15.04,0.798542,0.797465,0.798123,-0.000419,38.94
ctranspath,nct-crc-nonorm,linear,1,0.45,11.74,0.798542,0.797465,0.797318,-0.001224,113.72
ctranspath,nct-crc-nonorm,linear,1,0.5,9.09,0.798542,0.797465,0.797153,-0.001389,129.07
ctranspath,nct-crc-nonorm,linear,1,0.55,6.55,0.798542,0.797465,0.798218,-0.000324,30.1
ctranspath,nct-crc-nonorm,linear,1,0.6,3.94,0.798542,0.797465,0.799312,0.000771,-71.61
ctranspath,nct-crc-nonorm,linear,1,0.65,1.99,0.798542,0.797465,0.79862,7.8e-05,-7.29
ctranspath,nct-crc-nonorm,linear,1,0.7,1.09,0.798542,0.797465,0.798182,-0.000359,33.37
ctranspath,nct-crc-nonorm,linear,1,0.75,0.33,0.798542,0.797465,0.798378,-0.000163,15.16
ctranspath,nct-crc-nonorm,linear,1,0.8,0.07,0.798542,0.797465,0.798756,0.000215,-19.95
ctranspath,nct-crc-nonorm,linear,1,0.85,0.01,0.798542,0.797465,0.798542,0.0,-0.0
ctranspath,nct-crc-nonorm,linear,1,0.9,0.0,0.798542,0.797465,0.798542,0.0,-0.0
ctranspath,nct-crc-nonorm,linear,1,0.95,0.0,0.798542,0.797465,0.798542,0.0,-0.0
ctranspath,nct-crc-nonorm,linear,1,1.0,0.0,0.798542,0.797465,0.798542,0.0,-0.0
ctranspath,nct-crc-nonorm,linear,2,0.0,100.0,0.800049,0.798446,0.798446,-0.001603,100.0
ctranspath,nct-crc-nonorm,linear,2,0.05,62.38,0.800049,0.798446,0.798446,-0.001603,100.0
ctranspath,nct-crc-nonorm,linear,2,0.1,49.37,0.800049,0.798446,0.798446,-0.001603,100.0
ctranspath,nct-crc-nonorm,linear,2,0.15,40.22,0.800049,0.798446,0.798446,-0.001603,100.0
ctranspath,nct-crc-nonorm,linear,2,0.2,33.48,0.800049,0.798446,0.798446,-0.001603,100.0
ctranspath,nct-crc-nonorm,linear,2,0.25,28.19,0.800049,0.798446,0.798536,-0.001513,94.38
ctranspath,nct-crc-nonorm,linear,2,0.3,23.33,0.800049,0.798446,0.798734,-0.001315,82.06
ctranspath,nct-crc-nonorm,linear,2,0.35,18.27,0.800049,0.798446,0.800077,2.8e-05,-1.76
ctranspath,nct-crc-nonorm,linear,2,0.4,14.47,0.800049,0.798446,0.798634,-0.001415,88.26
ctranspath,nct-crc-nonorm,linear,2,0.45,11.28,0.800049,0.798446,0.798899,-0.001151,71.78
ctranspath,nct-crc-nonorm,linear,2,0.5,8.52,0.800049,0.798446,0.79951,-0.000539,33.65
ctranspath,nct-crc-nonorm,linear,2,0.55,6.06,0.800049,0.798446,0.799303,-0.000746,46.55
ctranspath,nct-crc-nonorm,linear,2,0.6,3.52,0.800049,0.798446,0.800031,-1.8e-05,1.11
ctranspath,nct-crc-nonorm,linear,2,0.65,1.84,0.800049,0.798446,0.800194,0.000144,-9.0
ctranspath,nct-crc-nonorm,linear,2,0.7,1.02,0.800049,0.798446,0.800307,0.000257,-16.05
ctranspath,nct-crc-nonorm,linear,2,0.75,0.4,0.800049,0.798446,0.800174,0.000125,-7.77
ctranspath,nct-crc-nonorm,linear,2,0.8,0.14,0.800049,0.798446,0.800264,0.000215,-13.39
ctranspath,nct-crc-nonorm,linear,2,0.85,0.03,0.800049,0.798446,0.800049,0.0,-0.0
ctranspath,nct-crc-nonorm,linear,2,0.9,0.0,0.800049,0.798446,0.800049,0.0,-0.0
ctranspath,nct-crc-nonorm,linear,2,0.95,0.0,0.800049,0.798446,0.800049,0.0,-0.0
ctranspath,nct-crc-nonorm,linear,2,1.0,0.0,0.800049,0.798446,0.800049,0.0,-0.0
ctranspath,nct-crc-nonorm,linear,3,0.0,100.0,0.806858,0.807746,0.807746,0.000889,100.0
ctranspath,nct-crc-nonorm,linear,3,0.05,62.91,0.806858,0.807746,0.807746,0.000889,100.0
ctranspath,nct-crc-nonorm,linear,3,0.1,49.48,0.806858,0.807746,0.807746,0.000889,100.0
ctranspath,nct-crc-nonorm,linear,3,0.15,40.86,0.806858,0.807746,0.807746,0.000889,100.0
ctranspath,nct-crc-nonorm,linear,3,0.2,33.54,0.806858,0.807746,0.807746,0.000889,100.0
ctranspath,nct-crc-nonorm,linear,3,0.25,28.19,0.806858,0.807746,0.807746,0.000889,100.0
ctranspath,nct-crc-nonorm,linear,3,0.3,23.23,0.806858,0.807746,0.808007,0.001149,129.3
ctranspath,nct-crc-nonorm,linear,3,0.35,18.37,0.806858,0.807746,0.809273,0.002415,271.8
ctranspath,nct-crc-nonorm,linear,3,0.4,14.53,0.806858,0.807746,0.809051,0.002193,246.8
ctranspath,nct-crc-nonorm,linear,3,0.45,11.32,0.806858,0.807746,0.80792,0.001062,119.55
ctranspath,nct-crc-nonorm,linear,3,0.5,8.72,0.806858,0.807746,0.808014,0.001157,130.17
ctranspath,nct-crc-nonorm,linear,3,0.55,6.1,0.806858,0.807746,0.807133,0.000275,30.96
ctranspath,nct-crc-nonorm,linear,3,0.6,3.64,0.806858,0.807746,0.807748,0.00089,100.14
ctranspath,nct-crc-nonorm,linear,3,0.65,1.89,0.806858,0.807746,0.807719,0.000861,96.94
ctranspath,nct-crc-nonorm,linear,3,0.7,1.03,0.806858,0.807746,0.807388,0.00053,59.66
ctranspath,nct-crc-nonorm,linear,3,0.75,0.45,0.806858,0.807746,0.807197,0.000339,38.18
ctranspath,nct-crc-nonorm,linear,3,0.8,0.11,0.806858,0.807746,0.807072,0.000215,24.16
ctranspath,nct-crc-nonorm,linear,3,0.85,0.01,0.806858,0.807746,0.806858,0.0,0.0
ctranspath,nct-crc-nonorm,linear,3,0.9,0.0,0.806858,0.807746,0.806858,0.0,0.0
ctranspath,nct-crc-nonorm,linear,3,0.95,0.0,0.806858,0.807746,0.806858,0.0,0.0
ctranspath,nct-crc-nonorm,linear,3,1.0,0.0,0.806858,0.807746,0.806858,0.0,0.0
ctranspath,nct-crc-nonorm,linear,42,0.0,100.0,0.802283,0.804041,0.804041,0.001758,100.0
ctranspath,nct-crc-nonorm,linear,42,0.05,63.16,0.802283,0.804041,0.804041,0.001758,100.0
ctranspath,nct-crc-nonorm,linear,42,0.1,50.22,0.802283,0.804041,0.804041,0.001758,100.0
ctranspath,nct-crc-nonorm,linear,42,0.15,41.17,0.802283,0.804041,0.804041,0.001758,100.0
ctranspath,nct-crc-nonorm,linear,42,0.2,34.07,0.802283,0.804041,0.804041,0.001758,100.0
ctranspath,nct-crc-nonorm,linear,42,0.25,28.68,0.802283,0.804041,0.804041,0.001758,100.0
ctranspath,nct-crc-nonorm,linear,42,0.3,23.83,0.802283,0.804041,0.804234,0.001951,110.95
ctranspath,nct-crc-nonorm,linear,42,0.35,18.89,0.802283,0.804041,0.806262,0.003979,226.32
ctranspath,nct-crc-nonorm,linear,42,0.4,15.04,0.802283,0.804041,0.806104,0.003821,217.3
ctranspath,nct-crc-nonorm,linear,42,0.45,11.71,0.802283,0.804041,0.804562,0.002279,129.61
ctranspath,nct-crc-nonorm,linear,42,0.5,8.83,0.802283,0.804041,0.803903,0.00162,92.15
ctranspath,nct-crc-nonorm,linear,42,0.55,6.43,0.802283,0.804041,0.803748,0.001465,83.34
ctranspath,nct-crc-nonorm,linear,42,0.6,4.04,0.802283,0.804041,0.804176,0.001893,107.65
ctranspath,nct-crc-nonorm,linear,42,0.65,1.99,0.802283,0.804041,0.803207,0.000925,52.59
ctranspath,nct-crc-nonorm,linear,42,0.7,1.03,0.802283,0.804041,0.802384,0.000101,5.73
ctranspath,nct-crc-nonorm,linear,42,0.75,0.38,0.802283,0.804041,0.8023,1.7e-05,0.98
ctranspath,nct-crc-nonorm,linear,42,0.8,0.11,0.802283,0.804041,0.80239,0.000107,6.11
ctranspath,nct-crc-nonorm,linear,42,0.85,0.01,0.802283,0.804041,0.802283,0.0,0.0
ctranspath,nct-crc-nonorm,linear,42,0.9,0.0,0.802283,0.804041,0.802283,0.0,0.0
ctranspath,nct-crc-nonorm,linear,42,0.95,0.0,0.802283,0.804041,0.802283,0.0,0.0
ctranspath,nct-crc-nonorm,linear,42,1.0,0.0,0.802283,0.804041,0.802283,0.0,0.0
dinov2_b,nct-crc-nonorm,linear,0,0.0,100.0,0.822393,0.827319,0.827319,0.004926,100.0
dinov2_b,nct-crc-nonorm,linear,0,0.05,46.95,0.822393,0.827319,0.827319,0.004926,100.0
dinov2_b,nct-crc-nonorm,linear,0,0.1,35.47,0.822393,0.827319,0.827533,0.00514,104.35
dinov2_b,nct-crc-nonorm,linear,0,0.15,28.43,0.822393,0.827319,0.82795,0.005557,112.81
dinov2_b,nct-crc-nonorm,linear,0,0.2,23.23,0.822393,0.827319,0.827901,0.005508,111.81
dinov2_b,nct-crc-nonorm,linear,0,0.25,18.19,0.822393,0.827319,0.827116,0.004723,95.88
dinov2_b,nct-crc-nonorm,linear,0,0.3,12.59,0.822393,0.827319,0.827812,0.005419,110.0
dinov2_b,nct-crc-nonorm,linear,0,0.35,7.08,0.822393,0.827319,0.825551,0.003158,64.11
dinov2_b,nct-crc-nonorm,linear,0,0.4,4.62,0.822393,0.827319,0.823509,0.001116,22.66
dinov2_b,nct-crc-nonorm,linear,0,0.45,2.99,0.822393,0.827319,0.821986,-0.000406,-8.25
dinov2_b,nct-crc-nonorm,linear,0,0.5,1.73,0.822393,0.827319,0.823086,0.000693,14.07
dinov2_b,nct-crc-nonorm,linear,0,0.55,0.89,0.822393,0.827319,0.822831,0.000438,8.89
dinov2_b,nct-crc-nonorm,linear,0,0.6,0.43,0.822393,0.827319,0.822223,-0.00017,-3.45
dinov2_b,nct-crc-nonorm,linear,0,0.65,0.26,0.822393,0.827319,0.822214,-0.000179,-3.63
dinov2_b,nct-crc-nonorm,linear,0,0.7,0.11,0.822393,0.827319,0.822542,0.000149,3.02
dinov2_b,nct-crc-nonorm,linear,0,0.75,0.03,0.822393,0.827319,0.822369,-2.4e-05,-0.49
dinov2_b,nct-crc-nonorm,linear,0,0.8,0.01,0.822393,0.827319,0.822285,-0.000107,-2.18
dinov2_b,nct-crc-nonorm,linear,0,0.85,0.01,0.822393,0.827319,0.822285,-0.000107,-2.18
dinov2_b,nct-crc-nonorm,linear,0,0.9,0.0,0.822393,0.827319,0.822393,0.0,0.0
dinov2_b,nct-crc-nonorm,linear,0,0.95,0.0,0.822393,0.827319,0.822393,0.0,0.0
dinov2_b,nct-crc-nonorm,linear,0,1.0,0.0,0.822393,0.827319,0.822393,0.0,0.0
dinov2_b,nct-crc-nonorm,linear,1,0.0,100.0,0.804765,0.810458,0.810458,0.005692,100.0
dinov2_b,nct-crc-nonorm,linear,1,0.05,42.87,0.804765,0.810458,0.810541,0.005775,101.46
dinov2_b,nct-crc-nonorm,linear,1,0.1,33.34,0.804765,0.810458,0.81091,0.006144,107.94
dinov2_b,nct-crc-nonorm,linear,1,0.15,26.91,0.804765,0.810458,0.810752,0.005987,105.17
dinov2_b,nct-crc-nonorm,linear,1,0.2,21.88,0.804765,0.810458,0.811092,0.006327,111.15
dinov2_b,nct-crc-nonorm,linear,1,0.25,16.66,0.804765,0.810458,0.810769,0.006004,105.47
dinov2_b,nct-crc-nonorm,linear,1,0.3,11.66,0.804765,0.810458,0.81042,0.005655,99.34
dinov2_b,nct-crc-nonorm,linear,1,0.35,6.38,0.804765,0.810458,0.809199,0.004433,77.88
dinov2_b,nct-crc-nonorm,linear,1,0.4,4.16,0.804765,0.810458,0.806849,0.002083,36.6
dinov2_b,nct-crc-nonorm,linear,1,0.45,2.69,0.804765,0.810458,0.80629,0.001524,26.78
dinov2_b,nct-crc-nonorm,linear,1,0.5,1.5,0.804765,0.810458,0.805892,0.001127,19.8
dinov2_b,nct-crc-nonorm,linear,1,0.55,0.92,0.804765,0.810458,0.80399,-0.000775,-13.62
dinov2_b,nct-crc-nonorm,linear,1,0.6,0.5,0.804765,0.810458,0.80413,-0.000636,-11.17
dinov2_b,nct-crc-nonorm,linear,1,0.65,0.31,0.804765,0.810458,0.804524,-0.000241,-4.24
dinov2_b,nct-crc-nonorm,linear,1,0.7,0.07,0.804765,0.810458,0.805116,0.000351,6.16
dinov2_b,nct-crc-nonorm,linear,1,0.75,0.01,0.804765,0.810458,0.804941,0.000175,3.08
dinov2_b,nct-crc-nonorm,linear,1,0.8,0.0,0.804765,0.810458,0.804765,0.0,0.0
dinov2_b,nct-crc-nonorm,linear,1,0.85,0.0,0.804765,0.810458,0.804765,0.0,0.0
dinov2_b,nct-crc-nonorm,linear,1,0.9,0.0,0.804765,0.810458,0.804765,0.0,0.0
dinov2_b,nct-crc-nonorm,linear,1,0.95,0.0,0.804765,0.810458,0.804765,0.0,0.0
dinov2_b,nct-crc-nonorm,linear,1,1.0,0.0,0.804765,0.810458,0.804765,0.0,0.0
dinov2_b,nct-crc-nonorm,linear,2,0.0,100.0,0.788957,0.79399,0.79399,0.005034,100.0
dinov2_b,nct-crc-nonorm,linear,2,0.05,41.98,0.788957,0.79399,0.794205,0.005248,104.26
dinov2_b,nct-crc-nonorm,linear,2,0.1,31.92,0.788957,0.79399,0.794646,0.00569,113.03
dinov2_b,nct-crc-nonorm,linear,2,0.15,25.46,0.788957,0.79399,0.794611,0.005655,112.34
dinov2_b,nct-crc-nonorm,linear,2,0.2,20.7,0.788957,0.79399,0.795184,0.006227,123.71
dinov2_b,nct-crc-nonorm,linear,2,0.25,15.93,0.788957,0.79399,0.794698,0.005741,114.06
dinov2_b,nct-crc-nonorm,linear,2,0.3,11.31,0.788957,0.79399,0.793369,0.004413,87.66
dinov2_b,nct-crc-nonorm,linear,2,0.35,5.89,0.788957,0.79399,0.790768,0.001811,35.98
dinov2_b,nct-crc-nonorm,linear,2,0.4,3.77,0.788957,0.79399,0.788896,-6e-05,-1.2
dinov2_b,nct-crc-nonorm,linear,2,0.45,2.48,0.788957,0.79399,0.788756,-0.000201,-3.99
dinov2_b,nct-crc-nonorm,linear,2,0.5,1.42,0.788957,0.79399,0.788637,-0.00032,-6.35
dinov2_b,nct-crc-nonorm,linear,2,0.55,0.81,0.788957,0.79399,0.7885,-0.000457,-9.07
dinov2_b,nct-crc-nonorm,linear,2,0.6,0.36,0.788957,0.79399,0.787878,-0.001079,-21.43
dinov2_b,nct-crc-nonorm,linear,2,0.65,0.24,0.788957,0.79399,0.788593,-0.000363,-7.22
dinov2_b,nct-crc-nonorm,linear,2,0.7,0.06,0.788957,0.79399,0.788463,-0.000494,-9.81
dinov2_b,nct-crc-nonorm,linear,2,0.75,0.01,0.788957,0.79399,0.788629,-0.000328,-6.51
dinov2_b,nct-crc-nonorm,linear,2,0.8,0.0,0.788957,0.79399,0.788957,0.0,0.0
dinov2_b,nct-crc-nonorm,linear,2,0.85,0.0,0.788957,0.79399,0.788957,0.0,0.0
dinov2_b,nct-crc-nonorm,linear,2,0.9,0.0,0.788957,0.79399,0.788957,0.0,0.0
dinov2_b,nct-crc-nonorm,linear,2,0.95,0.0,0.788957,0.79399,0.788957,0.0,0.0
dinov2_b,nct-crc-nonorm,linear,2,1.0,0.0,0.788957,0.79399,0.788957,0.0,0.0
dinov2_b,nct-crc-nonorm,linear,3,0.0,100.0,0.808948,0.81682,0.81682,0.007873,100.0
dinov2_b,nct-crc-nonorm,linear,3,0.05,46.13,0.808948,0.81682,0.816952,0.008004,101.67
dinov2_b,nct-crc-nonorm,linear,3,0.1,35.7,0.808948,0.81682,0.817,0.008052,102.28
dinov2_b,nct-crc-nonorm,linear,3,0.15,28.54,0.808948,0.81682,0.816875,0.007927,100.69
dinov2_b,nct-crc-nonorm,linear,3,0.2,23.29,0.808948,0.81682,0.81686,0.007912,100.5
dinov2_b,nct-crc-nonorm,linear,3,0.25,18.47,0.808948,0.81682,0.8181,0.009152,116.25
dinov2_b,nct-crc-nonorm,linear,3,0.3,12.79,0.808948,0.81682,0.816461,0.007513,95.43
dinov2_b,nct-crc-nonorm,linear,3,0.35,6.28,0.808948,0.81682,0.810601,0.001653,21.0
dinov2_b,nct-crc-nonorm,linear,3,0.4,3.98,0.808948,0.81682,0.808622,-0.000326,-4.14
dinov2_b,nct-crc-nonorm,linear,3,0.45,2.6,0.808948,0.81682,0.809752,0.000804,10.22
dinov2_b,nct-crc-nonorm,linear,3,0.5,1.66,0.808948,0.81682,0.809499,0.000552,7.01
dinov2_b,nct-crc-nonorm,linear,3,0.55,1.02,0.808948,0.81682,0.80973,0.000782,9.94
dinov2_b,nct-crc-nonorm,linear,3,0.6,0.56,0.808948,0.81682,0.808832,-0.000116,-1.47
dinov2_b,nct-crc-nonorm,linear,3,0.65,0.28,0.808948,0.81682,0.808484,-0.000464,-5.9
dinov2_b,nct-crc-nonorm,linear,3,0.7,0.07,0.808948,0.81682,0.808948,0.0,0.0
dinov2_b,nct-crc-nonorm,linear,3,0.75,0.01,0.808948,0.81682,0.808948,0.0,0.0
dinov2_b,nct-crc-nonorm,linear,3,0.8,0.0,0.808948,0.81682,0.808948,0.0,0.0
dinov2_b,nct-crc-nonorm,linear,3,0.85,0.0,0.808948,0.81682,0.808948,0.0,0.0
dinov2_b,nct-crc-nonorm,linear,3,0.9,0.0,0.808948,0.81682,0.808948,0.0,0.0
dinov2_b,nct-crc-nonorm,linear,3,0.95,0.0,0.808948,0.81682,0.808948,0.0,0.0
dinov2_b,nct-crc-nonorm,linear,3,1.0,0.0,0.808948,0.81682,0.808948,0.0,0.0
dinov2_b,nct-crc-nonorm,linear,42,0.0,100.0,0.81459,0.820166,0.820166,0.005576,100.0
dinov2_b,nct-crc-nonorm,linear,42,0.05,49.96,0.81459,0.820166,0.820166,0.005576,100.0
dinov2_b,nct-crc-nonorm,linear,42,0.1,38.98,0.81459,0.820166,0.820249,0.005659,101.49
dinov2_b,nct-crc-nonorm,linear,42,0.15,32.12,0.81459,0.820166,0.819979,0.005389,96.63
dinov2_b,nct-crc-nonorm,linear,42,0.2,26.09,0.81459,0.820166,0.81936,0.004771,85.55
dinov2_b,nct-crc-nonorm,linear,42,0.25,20.68,0.81459,0.820166,0.818709,0.004119,73.87
dinov2_b,nct-crc-nonorm,linear,42,0.3,14.89,0.81459,0.820166,0.817846,0.003256,58.39
dinov2_b,nct-crc-nonorm,linear,42,0.35,8.59,0.81459,0.820166,0.816713,0.002123,38.08
dinov2_b,nct-crc-nonorm,linear,42,0.4,5.29,0.81459,0.820166,0.814779,0.000189,3.39
dinov2_b,nct-crc-nonorm,linear,42,0.45,3.47,0.81459,0.820166,0.814593,3e-06,0.05
dinov2_b,nct-crc-nonorm,linear,42,0.5,2.09,0.81459,0.820166,0.814877,0.000287,5.14
dinov2_b,nct-crc-nonorm,linear,42,0.55,1.14,0.81459,0.820166,0.81407,-0.00052,-9.33
dinov2_b,nct-crc-nonorm,linear,42,0.6,0.63,0.81459,0.820166,0.814525,-6.5e-05,-1.16
dinov2_b,nct-crc-nonorm,linear,42,0.65,0.26,0.81459,0.820166,0.814783,0.000193,3.46
dinov2_b,nct-crc-nonorm,linear,42,0.7,0.15,0.81459,0.820166,0.815114,0.000524,9.39
dinov2_b,nct-crc-nonorm,linear,42,0.75,0.08,0.81459,0.820166,0.814848,0.000258,4.63
dinov2_b,nct-crc-nonorm,linear,42,0.8,0.01,0.81459,0.820166,0.81459,0.0,0.0
dinov2_b,nct-crc-nonorm,linear,42,0.85,0.0,0.81459,0.820166,0.81459,0.0,0.0
dinov2_b,nct-crc-nonorm,linear,42,0.9,0.0,0.81459,0.820166,0.81459,0.0,0.0
dinov2_b,nct-crc-nonorm,linear,42,0.95,0.0,0.81459,0.820166,0.81459,0.0,0.0
dinov2_b,nct-crc-nonorm,linear,42,1.0,0.0,0.81459,0.820166,0.81459,0.0,0.0
dinov2_s,nct-crc-nonorm,linear,0,0.0,100.0,0.768607,0.773557,0.773557,0.004951,100.0
dinov2_s,nct-crc-nonorm,linear,0,0.05,55.53,0.768607,0.773557,0.773557,0.004951,100.0
dinov2_s,nct-crc-nonorm,linear,0,0.1,44.72,0.768607,0.773557,0.773557,0.004951,100.0
dinov2_s,nct-crc-nonorm,linear,0,0.15,37.47,0.768607,0.773557,0.773407,0.004801,96.97
dinov2_s,nct-crc-nonorm,linear,0,0.2,31.89,0.768607,0.773557,0.773744,0.005137,103.77
dinov2_s,nct-crc-nonorm,linear,0,0.25,26.38,0.768607,0.773557,0.773308,0.004701,94.96
dinov2_s,nct-crc-nonorm,linear,0,0.3,20.22,0.768607,0.773557,0.77269,0.004084,82.49
dinov2_s,nct-crc-nonorm,linear,0,0.35,13.59,0.768607,0.773557,0.772404,0.003798,76.71
dinov2_s,nct-crc-nonorm,linear,0,0.4,9.62,0.768607,0.773557,0.771,0.002394,48.35
dinov2_s,nct-crc-nonorm,linear,0,0.45,6.56,0.768607,0.773557,0.77012,0.001514,30.57
dinov2_s,nct-crc-nonorm,linear,0,0.5,4.03,0.768607,0.773557,0.768929,0.000322,6.51
dinov2_s,nct-crc-nonorm,linear,0,0.55,2.28,0.768607,0.773557,0.769469,0.000863,17.42
dinov2_s,nct-crc-nonorm,linear,0,0.6,1.21,0.768607,0.773557,0.769909,0.001303,26.31
dinov2_s,nct-crc-nonorm,linear,0,0.65,0.53,0.768607,0.773557,0.769817,0.00121,24.44
dinov2_s,nct-crc-nonorm,linear,0,0.7,0.22,0.768607,0.773557,0.768697,9e-05,1.82
dinov2_s,nct-crc-nonorm,linear,0,0.75,0.1,0.768607,0.773557,0.768697,9e-05,1.82
dinov2_s,nct-crc-nonorm,linear,0,0.8,0.01,0.768607,0.773557,0.768607,0.0,0.0
dinov2_s,nct-crc-nonorm,linear,0,0.85,0.01,0.768607,0.773557,0.768607,0.0,0.0
dinov2_s,nct-crc-nonorm,linear,0,0.9,0.0,0.768607,0.773557,0.768607,0.0,0.0
dinov2_s,nct-crc-nonorm,linear,0,0.95,0.0,0.768607,0.773557,0.768607,0.0,0.0
dinov2_s,nct-crc-nonorm,linear,0,1.0,0.0,0.768607,0.773557,0.768607,0.0,0.0
dinov2_s,nct-crc-nonorm,linear,1,0.0,100.0,0.754773,0.763371,0.763371,0.008598,100.0
dinov2_s,nct-crc-nonorm,linear,1,0.05,56.21,0.754773,0.763371,0.763371,0.008598,100.0
dinov2_s,nct-crc-nonorm,linear,1,0.1,45.81,0.754773,0.763371,0.763281,0.008508,98.95
dinov2_s,nct-crc-nonorm,linear,1,0.15,38.73,0.754773,0.763371,0.763191,0.008418,97.9
dinov2_s,nct-crc-nonorm,linear,1,0.2,32.8,0.754773,0.763371,0.763148,0.008375,97.4
dinov2_s,nct-crc-nonorm,linear,1,0.25,27.03,0.754773,0.763371,0.762988,0.008214,95.54
dinov2_s,nct-crc-nonorm,linear,1,0.3,21.0,0.754773,0.763371,0.761895,0.007122,82.83
dinov2_s,nct-crc-nonorm,linear,1,0.35,13.45,0.754773,0.763371,0.758778,0.004005,46.58
dinov2_s,nct-crc-nonorm,linear,1,0.4,9.42,0.754773,0.763371,0.758487,0.003713,43.19
dinov2_s,nct-crc-nonorm,linear,1,0.45,6.46,0.754773,0.763371,0.757985,0.003211,37.35
dinov2_s,nct-crc-nonorm,linear,1,0.5,4.03,0.754773,0.763371,0.757092,0.002319,26.97
dinov2_s,nct-crc-nonorm,linear,1,0.55,2.26,0.754773,0.763371,0.756266,0.001493,17.36
dinov2_s,nct-crc-nonorm,linear,1,0.6,1.07,0.754773,0.763371,0.754684,-9e-05,-1.04
dinov2_s,nct-crc-nonorm,linear,1,0.65,0.49,0.754773,0.763371,0.755236,0.000463,5.38
dinov2_s,nct-crc-nonorm,linear,1,0.7,0.13,0.754773,0.763371,0.754864,9e-05,1.05
dinov2_s,nct-crc-nonorm,linear,1,0.75,0.04,0.754773,0.763371,0.754598,-0.000175,-2.04
dinov2_s,nct-crc-nonorm,linear,1,0.8,0.01,0.754773,0.763371,0.754773,0.0,0.0
dinov2_s,nct-crc-nonorm,linear,1,0.85,0.0,0.754773,0.763371,0.754773,0.0,0.0
dinov2_s,nct-crc-nonorm,linear,1,0.9,0.0,0.754773,0.763371,0.754773,0.0,0.0
dinov2_s,nct-crc-nonorm,linear,1,0.95,0.0,0.754773,0.763371,0.754773,0.0,0.0
dinov2_s,nct-crc-nonorm,linear,1,1.0,0.0,0.754773,0.763371,0.754773,0.0,0.0
dinov2_s,nct-crc-nonorm,linear,2,0.0,100.0,0.751134,0.761347,0.761347,0.010213,100.0
dinov2_s,nct-crc-nonorm,linear,2,0.05,56.07,0.751134,0.761347,0.761347,0.010213,100.0
dinov2_s,nct-crc-nonorm,linear,2,0.1,45.81,0.751134,0.761347,0.761347,0.010213,100.0
dinov2_s,nct-crc-nonorm,linear,2,0.15,38.69,0.751134,0.761347,0.761287,0.010153,99.41
dinov2_s,nct-crc-nonorm,linear,2,0.2,33.04,0.751134,0.761347,0.761457,0.010324,101.08
dinov2_s,nct-crc-nonorm,linear,2,0.25,27.62,0.751134,0.761347,0.76178,0.010646,104.24
dinov2_s,nct-crc-nonorm,linear,2,0.3,21.25,0.751134,0.761347,0.761284,0.010151,99.39
dinov2_s,nct-crc-nonorm,linear,2,0.35,14.46,0.751134,0.761347,0.758876,0.007742,75.81
dinov2_s,nct-crc-nonorm,linear,2,0.4,9.86,0.751134,0.761347,0.758596,0.007462,73.06
dinov2_s,nct-crc-nonorm,linear,2,0.45,6.63,0.751134,0.761347,0.75553,0.004396,43.04
dinov2_s,nct-crc-nonorm,linear,2,0.5,4.12,0.751134,0.761347,0.751714,0.00058,5.68
dinov2_s,nct-crc-nonorm,linear,2,0.55,2.49,0.751134,0.761347,0.751832,0.000698,6.84
dinov2_s,nct-crc-nonorm,linear,2,0.6,1.23,0.751134,0.761347,0.752433,0.001299,12.72
dinov2_s,nct-crc-nonorm,linear,2,0.65,0.7,0.751134,0.761347,0.751789,0.000655,6.41
dinov2_s,nct-crc-nonorm,linear,2,0.7,0.26,0.751134,0.761347,0.751224,9e-05,0.88
dinov2_s,nct-crc-nonorm,linear,2,0.75,0.06,0.751134,0.761347,0.751309,0.000175,1.72
dinov2_s,nct-crc-nonorm,linear,2,0.8,0.01,0.751134,0.761347,0.751134,0.0,0.0
dinov2_s,nct-crc-nonorm,linear,2,0.85,0.0,0.751134,0.761347,0.751134,0.0,0.0
dinov2_s,nct-crc-nonorm,linear,2,0.9,0.0,0.751134,0.761347,0.751134,0.0,0.0
dinov2_s,nct-crc-nonorm,linear,2,0.95,0.0,0.751134,0.761347,0.751134,0.0,0.0
dinov2_s,nct-crc-nonorm,linear,2,1.0,0.0,0.751134,0.761347,0.751134,0.0,0.0
dinov2_s,nct-crc-nonorm,linear,3,0.0,100.0,0.756612,0.766883,0.766883,0.010271,100.0
dinov2_s,nct-crc-nonorm,linear,3,0.05,51.87,0.756612,0.766883,0.766883,0.010271,100.0
dinov2_s,nct-crc-nonorm,linear,3,0.1,41.66,0.756612,0.766883,0.766596,0.009984,97.2
dinov2_s,nct-crc-nonorm,linear,3,0.15,35.0,0.756612,0.766883,0.766446,0.009834,95.74
dinov2_s,nct-crc-nonorm,linear,3,0.2,29.37,0.756612,0.766883,0.766285,0.009673,94.18
dinov2_s,nct-crc-nonorm,linear,3,0.25,24.36,0.756612,0.766883,0.765993,0.009381,91.33
dinov2_s,nct-crc-nonorm,linear,3,0.3,18.76,0.756612,0.766883,0.764392,0.00778,75.75
dinov2_s,nct-crc-nonorm,linear,3,0.35,12.45,0.756612,0.766883,0.760869,0.004257,41.45
dinov2_s,nct-crc-nonorm,linear,3,0.4,9.19,0.756612,0.766883,0.759855,0.003243,31.57
dinov2_s,nct-crc-nonorm,linear,3,0.45,6.2,0.756612,0.766883,0.758733,0.002121,20.65
dinov2_s,nct-crc-nonorm,linear,3,0.5,3.73,0.756612,0.766883,0.75898,0.002368,23.06
dinov2_s,nct-crc-nonorm,linear,3,0.55,1.96,0.756612,0.766883,0.757063,0.000451,4.39
dinov2_s,nct-crc-nonorm,linear,3,0.6,0.91,0.756612,0.766883,0.75625,-0.000362,-3.53
dinov2_s,nct-crc-nonorm,linear,3,0.65,0.35,0.756612,0.766883,0.757182,0.00057,5.55
dinov2_s,nct-crc-nonorm,linear,3,0.7,0.15,0.756612,0.766883,0.757053,0.000441,4.29
dinov2_s,nct-crc-nonorm,linear,3,0.75,0.06,0.756612,0.766883,0.756787,0.000175,1.71
dinov2_s,nct-crc-nonorm,linear,3,0.8,0.0,0.756612,0.766883,0.756612,0.0,0.0
dinov2_s,nct-crc-nonorm,linear,3,0.85,0.0,0.756612,0.766883,0.756612,0.0,0.0
dinov2_s,nct-crc-nonorm,linear,3,0.9,0.0,0.756612,0.766883,0.756612,0.0,0.0
dinov2_s,nct-crc-nonorm,linear,3,0.95,0.0,0.756612,0.766883,0.756612,0.0,0.0
dinov2_s,nct-crc-nonorm,linear,3,1.0,0.0,0.756612,0.766883,0.756612,0.0,0.0
dinov2_s,nct-crc-nonorm,linear,42,0.0,100.0,0.744353,0.757277,0.757277,0.012924,100.0
dinov2_s,nct-crc-nonorm,linear,42,0.05,53.44,0.744353,0.757277,0.757277,0.012924,100.0
dinov2_s,nct-crc-nonorm,linear,42,0.1,43.52,0.744353,0.757277,0.757194,0.01284,99.36
dinov2_s,nct-crc-nonorm,linear,42,0.15,36.8,0.744353,0.757277,0.757208,0.012854,99.47
dinov2_s,nct-crc-nonorm,linear,42,0.2,30.57,0.744353,0.757277,0.757148,0.012795,99.0
dinov2_s,nct-crc-nonorm,linear,42,0.25,25.43,0.744353,0.757277,0.757006,0.012653,97.91
dinov2_s,nct-crc-nonorm,linear,42,0.3,19.16,0.744353,0.757277,0.754193,0.00984,76.14
dinov2_s,nct-crc-nonorm,linear,42,0.35,12.2,0.744353,0.757277,0.749496,0.005143,39.79
dinov2_s,nct-crc-nonorm,linear,42,0.4,8.11,0.744353,0.757277,0.748169,0.003816,29.53
dinov2_s,nct-crc-nonorm,linear,42,0.45,5.43,0.744353,0.757277,0.745567,0.001214,9.39
dinov2_s,nct-crc-nonorm,linear,42,0.5,3.29,0.744353,0.757277,0.744287,-6.6e-05,-0.51
dinov2_s,nct-crc-nonorm,linear,42,0.55,1.78,0.744353,0.757277,0.744831,0.000478,3.7
dinov2_s,nct-crc-nonorm,linear,42,0.6,0.91,0.744353,0.757277,0.745068,0.000715,5.53
dinov2_s,nct-crc-nonorm,linear,42,0.65,0.33,0.744353,0.757277,0.744544,0.00019,1.47
dinov2_s,nct-crc-nonorm,linear,42,0.7,0.1,0.744353,0.757277,0.744519,0.000166,1.29
dinov2_s,nct-crc-nonorm,linear,42,0.75,0.01,0.744353,0.757277,0.744353,0.0,0.0
dinov2_s,nct-crc-nonorm,linear,42,0.8,0.01,0.744353,0.757277,0.744353,0.0,0.0
dinov2_s,nct-crc-nonorm,linear,42,0.85,0.0,0.744353,0.757277,0.744353,0.0,0.0
dinov2_s,nct-crc-nonorm,linear,42,0.9,0.0,0.744353,0.757277,0.744353,0.0,0.0
dinov2_s,nct-crc-nonorm,linear,42,0.95,0.0,0.744353,0.757277,0.744353,0.0,0.0
dinov2_s,nct-crc-nonorm,linear,42,1.0,0.0,0.744353,0.757277,0.744353,0.0,0.0
gigapath,nct-crc-nonorm,linear,0,0.0,100.0,0.887136,0.900297,0.900297,0.013161,100.0
gigapath,nct-crc-nonorm,linear,0,0.05,42.91,0.887136,0.900297,0.900297,0.013161,100.0
gigapath,nct-crc-nonorm,linear,0,0.1,32.45,0.887136,0.900297,0.900297,0.013161,100.0
gigapath,nct-crc-nonorm,linear,0,0.15,26.17,0.887136,0.900297,0.900297,0.013161,100.0
gigapath,nct-crc-nonorm,linear,0,0.2,21.35,0.887136,0.900297,0.900297,0.013161,100.0
gigapath,nct-crc-nonorm,linear,0,0.25,17.26,0.887136,0.900297,0.900319,0.013183,100.16
gigapath,nct-crc-nonorm,linear,0,0.3,12.72,0.887136,0.900297,0.899025,0.011888,90.33
gigapath,nct-crc-nonorm,linear,0,0.35,8.31,0.887136,0.900297,0.896121,0.008985,68.27
gigapath,nct-crc-nonorm,linear,0,0.4,6.59,0.887136,0.900297,0.895371,0.008235,62.57
gigapath,nct-crc-nonorm,linear,0,0.45,5.53,0.887136,0.900297,0.894383,0.007247,55.06
gigapath,nct-crc-nonorm,linear,0,0.5,4.58,0.887136,0.900297,0.893366,0.00623,47.33
gigapath,nct-crc-nonorm,linear,0,0.55,3.86,0.887136,0.900297,0.892052,0.004916,37.35
gigapath,nct-crc-nonorm,linear,0,0.6,3.06,0.887136,0.900297,0.891224,0.004088,31.06
gigapath,nct-crc-nonorm,linear,0,0.65,2.33,0.887136,0.900297,0.890724,0.003588,27.26
gigapath,nct-crc-nonorm,linear,0,0.7,1.6,0.887136,0.900297,0.890155,0.003019,22.94
gigapath,nct-crc-nonorm,linear,0,0.75,0.82,0.887136,0.900297,0.888974,0.001838,13.97
gigapath,nct-crc-nonorm,linear,0,0.8,0.15,0.887136,0.900297,0.887136,0.0,0.0
gigapath,nct-crc-nonorm,linear,0,0.85,0.04,0.887136,0.900297,0.887267,0.000131,1.0
gigapath,nct-crc-nonorm,linear,0,0.9,0.0,0.887136,0.900297,0.887136,0.0,0.0
gigapath,nct-crc-nonorm,linear,0,0.95,0.0,0.887136,0.900297,0.887136,0.0,0.0
gigapath,nct-crc-nonorm,linear,0,1.0,0.0,0.887136,0.900297,0.887136,0.0,0.0
gigapath,nct-crc-nonorm,linear,1,0.0,100.0,0.895865,0.906663,0.906663,0.010798,100.0
gigapath,nct-crc-nonorm,linear,1,0.05,45.64,0.895865,0.906663,0.906663,0.010798,100.0
gigapath,nct-crc-nonorm,linear,1,0.1,35.17,0.895865,0.906663,0.906663,0.010798,100.0
gigapath,nct-crc-nonorm,linear,1,0.15,28.33,0.895865,0.906663,0.906663,0.010798,100.0
gigapath,nct-crc-nonorm,linear,1,0.2,22.9,0.895865,0.906663,0.906663,0.010798,100.0
gigapath,nct-crc-nonorm,linear,1,0.25,18.54,0.895865,0.906663,0.906335,0.01047,96.96
gigapath,nct-crc-nonorm,linear,1,0.3,14.01,0.895865,0.906663,0.905859,0.009994,92.55
gigapath,nct-crc-nonorm,linear,1,0.35,9.16,0.895865,0.906663,0.905858,0.009993,92.55
gigapath,nct-crc-nonorm,linear,1,0.4,7.33,0.895865,0.906663,0.903505,0.007639,70.75
gigapath,nct-crc-nonorm,linear,1,0.45,6.14,0.895865,0.906663,0.903223,0.007358,68.14
gigapath,nct-crc-nonorm,linear,1,0.5,4.92,0.895865,0.906663,0.902264,0.006399,59.26
gigapath,nct-crc-nonorm,linear,1,0.55,4.19,0.895865,0.906663,0.901263,0.005398,49.99
gigapath,nct-crc-nonorm,linear,1,0.6,3.25,0.895865,0.906663,0.899973,0.004108,38.04
gigapath,nct-crc-nonorm,linear,1,0.65,2.35,0.895865,0.906663,0.899451,0.003586,33.21
gigapath,nct-crc-nonorm,linear,1,0.7,1.5,0.895865,0.906663,0.897439,0.001574,14.58
gigapath,nct-crc-nonorm,linear,1,0.75,0.88,0.895865,0.906663,0.897483,0.001618,14.99
gigapath,nct-crc-nonorm,linear,1,0.8,0.32,0.895865,0.906663,0.896127,0.000262,2.43
gigapath,nct-crc-nonorm,linear,1,0.85,0.06,0.895865,0.906663,0.895996,0.000131,1.21
gigapath,nct-crc-nonorm,linear,1,0.9,0.01,0.895865,0.906663,0.895865,0.0,0.0
gigapath,nct-crc-nonorm,linear,1,0.95,0.0,0.895865,0.906663,0.895865,0.0,0.0
gigapath,nct-crc-nonorm,linear,1,1.0,0.0,0.895865,0.906663,0.895865,0.0,0.0
gigapath,nct-crc-nonorm,linear,2,0.0,100.0,0.893637,0.901568,0.901568,0.007931,100.0
gigapath,nct-crc-nonorm,linear,2,0.05,44.35,0.893637,0.901568,0.901568,0.007931,100.0
gigapath,nct-crc-nonorm,linear,2,0.1,33.31,0.893637,0.901568,0.901568,0.007931,100.0
gigapath,nct-crc-nonorm,linear,2,0.15,26.81,0.893637,0.901568,0.901568,0.007931,100.0
gigapath,nct-crc-nonorm,linear,2,0.2,21.73,0.893637,0.901568,0.901743,0.008106,102.21
gigapath,nct-crc-nonorm,linear,2,0.25,17.52,0.893637,0.901568,0.90175,0.008114,102.3
gigapath,nct-crc-nonorm,linear,2,0.3,13.02,0.893637,0.901568,0.900958,0.007321,92.31
gigapath,nct-crc-nonorm,linear,2,0.35,7.98,0.893637,0.901568,0.900001,0.006364,80.24
gigapath,nct-crc-nonorm,linear,2,0.4,6.45,0.893637,0.901568,0.900166,0.006529,82.32
gigapath,nct-crc-nonorm,linear,2,0.45,5.56,0.893637,0.901568,0.89946,0.005823,73.42
gigapath,nct-crc-nonorm,linear,2,0.5,4.71,0.893637,0.901568,0.898825,0.005188,65.41
gigapath,nct-crc-nonorm,linear,2,0.55,3.91,0.893637,0.901568,0.898165,0.004528,57.09
gigapath,nct-crc-nonorm,linear,2,0.6,3.04,0.893637,0.901568,0.89705,0.003413,43.03
gigapath,nct-crc-nonorm,linear,2,0.65,1.91,0.893637,0.901568,0.895915,0.002278,28.72
gigapath,nct-crc-nonorm,linear,2,0.7,1.16,0.893637,0.901568,0.895211,0.001574,19.85
gigapath,nct-crc-nonorm,linear,2,0.75,0.61,0.893637,0.901568,0.894555,0.000918,11.58
gigapath,nct-crc-nonorm,linear,2,0.8,0.19,0.893637,0.901568,0.894162,0.000525,6.62
gigapath,nct-crc-nonorm,linear,2,0.85,0.03,0.893637,0.901568,0.893768,0.000131,1.65
gigapath,nct-crc-nonorm,linear,2,0.9,0.01,0.893637,0.901568,0.893768,0.000131,1.65
gigapath,nct-crc-nonorm,linear,2,0.95,0.0,0.893637,0.901568,0.893637,0.0,0.0
gigapath,nct-crc-nonorm,linear,2,1.0,0.0,0.893637,0.901568,0.893637,0.0,0.0
gigapath,nct-crc-nonorm,linear,3,0.0,100.0,0.895098,0.908832,0.908832,0.013733,100.0
gigapath,nct-crc-nonorm,linear,3,0.05,44.6,0.895098,0.908832,0.908832,0.013733,100.0
gigapath,nct-crc-nonorm,linear,3,0.1,33.77,0.895098,0.908832,0.908832,0.013733,100.0
gigapath,nct-crc-nonorm,linear,3,0.15,27.08,0.895098,0.908832,0.908832,0.013733,100.0
gigapath,nct-crc-nonorm,linear,3,0.2,22.31,0.895098,0.908832,0.908832,0.013733,100.0
gigapath,nct-crc-nonorm,linear,3,0.25,17.95,0.895098,0.908832,0.908915,0.013816,100.6
gigapath,nct-crc-nonorm,linear,3,0.3,13.54,0.895098,0.908832,0.909086,0.013987,101.85
gigapath,nct-crc-nonorm,linear,3,0.35,8.72,0.895098,0.908832,0.90625,0.011151,81.2
gigapath,nct-crc-nonorm,linear,3,0.4,6.96,0.895098,0.908832,0.905688,0.010589,77.1
gigapath,nct-crc-nonorm,linear,3,0.45,5.96,0.895098,0.908832,0.904842,0.009743,70.95
gigapath,nct-crc-nonorm,linear,3,0.5,5.03,0.895098,0.908832,0.904355,0.009257,67.4
gigapath,nct-crc-nonorm,linear,3,0.55,4.39,0.895098,0.908832,0.903216,0.008117,59.11
gigapath,nct-crc-nonorm,linear,3,0.6,3.34,0.895098,0.908832,0.90127,0.006172,44.94
gigapath,nct-crc-nonorm,linear,3,0.65,2.33,0.895098,0.908832,0.899952,0.004854,35.34
gigapath,nct-crc-nonorm,linear,3,0.7,1.49,0.895098,0.908832,0.898247,0.003148,22.92
gigapath,nct-crc-nonorm,linear,3,0.75,0.89,0.895098,0.908832,0.89746,0.002361,17.19
gigapath,nct-crc-nonorm,linear,3,0.8,0.5,0.895098,0.908832,0.896935,0.001837,13.37
gigapath,nct-crc-nonorm,linear,3,0.85,0.14,0.895098,0.908832,0.895886,0.000787,5.73
gigapath,nct-crc-nonorm,linear,3,0.9,0.04,0.895098,0.908832,0.895361,0.000262,1.91
gigapath,nct-crc-nonorm,linear,3,0.95,0.0,0.895098,0.908832,0.895098,0.0,0.0
gigapath,nct-crc-nonorm,linear,3,1.0,0.0,0.895098,0.908832,0.895098,0.0,0.0
gigapath,nct-crc-nonorm,linear,42,0.0,100.0,0.897978,0.911256,0.911256,0.013278,100.0
gigapath,nct-crc-nonorm,linear,42,0.05,44.44,0.897978,0.911256,0.911256,0.013278,100.0
gigapath,nct-crc-nonorm,linear,42,0.1,33.13,0.897978,0.911256,0.911256,0.013278,100.0
gigapath,nct-crc-nonorm,linear,42,0.15,26.67,0.897978,0.911256,0.911256,0.013278,100.0
gigapath,nct-crc-nonorm,linear,42,0.2,21.39,0.897978,0.911256,0.910928,0.01295,97.53
gigapath,nct-crc-nonorm,linear,42,0.25,16.88,0.897978,0.911256,0.911033,0.013055,98.32
gigapath,nct-crc-nonorm,linear,42,0.3,12.51,0.897978,0.911256,0.910784,0.012806,96.44
gigapath,nct-crc-nonorm,linear,42,0.35,7.84,0.897978,0.911256,0.907568,0.00959,72.23
gigapath,nct-crc-nonorm,linear,42,0.4,6.17,0.897978,0.911256,0.907064,0.009087,68.43
gigapath,nct-crc-nonorm,linear,42,0.45,5.07,0.897978,0.911256,0.905642,0.007664,57.72
gigapath,nct-crc-nonorm,linear,42,0.5,4.04,0.897978,0.911256,0.904942,0.006964,52.45
gigapath,nct-crc-nonorm,linear,42,0.55,2.84,0.897978,0.911256,0.90369,0.005712,43.02
gigapath,nct-crc-nonorm,linear,42,0.6,1.96,0.897978,0.911256,0.902375,0.004397,33.11
gigapath,nct-crc-nonorm,linear,42,0.65,1.18,0.897978,0.911256,0.90106,0.003083,23.22
gigapath,nct-crc-nonorm,linear,42,0.7,0.77,0.897978,0.911256,0.899421,0.001443,10.87
gigapath,nct-crc-nonorm,linear,42,0.75,0.32,0.897978,0.911256,0.898503,0.000525,3.95
gigapath,nct-crc-nonorm,linear,42,0.8,0.14,0.897978,0.911256,0.898109,0.000131,0.99
gigapath,nct-crc-nonorm,linear,42,0.85,0.08,0.897978,0.911256,0.898109,0.000131,0.99
gigapath,nct-crc-nonorm,linear,42,0.9,0.0,0.897978,0.911256,0.897978,0.0,0.0
gigapath,nct-crc-nonorm,linear,42,0.95,0.0,0.897978,0.911256,0.897978,0.0,0.0
gigapath,nct-crc-nonorm,linear,42,1.0,0.0,0.897978,0.911256,0.897978,0.0,0.0
hoptimus,nct-crc-nonorm,linear,0,0.0,100.0,0.942712,0.944324,0.944324,0.001611,100.0
hoptimus,nct-crc-nonorm,linear,0,0.05,9.85,0.942712,0.944324,0.944324,0.001611,100.0
hoptimus,nct-crc-nonorm,linear,0,0.1,6.57,0.942712,0.944324,0.944324,0.001611,100.0
hoptimus,nct-crc-nonorm,linear,0,0.15,4.89,0.942712,0.944324,0.944324,0.001611,100.0
hoptimus,nct-crc-nonorm,linear,0,0.2,4.08,0.942712,0.944324,0.944324,0.001611,100.0
hoptimus,nct-crc-nonorm,linear,0,0.25,3.11,0.942712,0.944324,0.944324,0.001611,100.0
hoptimus,nct-crc-nonorm,linear,0,0.3,2.44,0.942712,0.944324,0.944324,0.001611,100.0
hoptimus,nct-crc-nonorm,linear,0,0.35,1.6,0.942712,0.944324,0.944176,0.001464,90.84
hoptimus,nct-crc-nonorm,linear,0,0.4,1.07,0.942712,0.944324,0.943995,0.001283,79.62
hoptimus,nct-crc-nonorm,linear,0,0.45,0.81,0.942712,0.944324,0.943995,0.001283,79.62
hoptimus,nct-crc-nonorm,linear,0,0.5,0.47,0.942712,0.944324,0.943213,0.000501,31.09
hoptimus,nct-crc-nonorm,linear,0,0.55,0.25,0.942712,0.944324,0.94313,0.000418,25.93
hoptimus,nct-crc-nonorm,linear,0,0.6,0.14,0.942712,0.944324,0.94313,0.000418,25.93
hoptimus,nct-crc-nonorm,linear,0,0.65,0.07,0.942712,0.944324,0.94304,0.000328,20.34
hoptimus,nct-crc-nonorm,linear,0,0.7,0.04,0.942712,0.944324,0.94304,0.000328,20.34
hoptimus,nct-crc-nonorm,linear,0,0.75,0.0,0.942712,0.944324,0.942712,0.0,0.0
hoptimus,nct-crc-nonorm,linear,0,0.8,0.0,0.942712,0.944324,0.942712,0.0,0.0
hoptimus,nct-crc-nonorm,linear,0,0.85,0.0,0.942712,0.944324,0.942712,0.0,0.0
hoptimus,nct-crc-nonorm,linear,0,0.9,0.0,0.942712,0.944324,0.942712,0.0,0.0
hoptimus,nct-crc-nonorm,linear,0,0.95,0.0,0.942712,0.944324,0.942712,0.0,0.0
hoptimus,nct-crc-nonorm,linear,0,1.0,0.0,0.942712,0.944324,0.942712,0.0,0.0
hoptimus,nct-crc-nonorm,linear,1,0.0,100.0,0.941768,0.941384,0.941384,-0.000385,100.0
hoptimus,nct-crc-nonorm,linear,1,0.05,13.77,0.941768,0.941384,0.941384,-0.000385,100.0
hoptimus,nct-crc-nonorm,linear,1,0.1,8.9,0.941768,0.941384,0.941384,-0.000385,100.0
hoptimus,nct-crc-nonorm,linear,1,0.15,6.5,0.941768,0.941384,0.941384,-0.000385,100.0
hoptimus,nct-crc-nonorm,linear,1,0.2,4.93,0.941768,0.941384,0.941384,-0.000385,100.0
hoptimus,nct-crc-nonorm,linear,1,0.25,3.76,0.941768,0.941384,0.941384,-0.000385,100.0
hoptimus,nct-crc-nonorm,linear,1,0.3,2.99,0.941768,0.941384,0.941384,-0.000385,100.0
hoptimus,nct-crc-nonorm,linear,1,0.35,2.24,0.941768,0.941384,0.94154,-0.000228,59.33
hoptimus,nct-crc-nonorm,linear,1,0.4,1.55,0.941768,0.941384,0.941276,-0.000492,127.89
hoptimus,nct-crc-nonorm,linear,1,0.45,1.1,0.941768,0.941384,0.942024,0.000255,-66.34
hoptimus,nct-crc-nonorm,linear,1,0.5,0.7,0.941768,0.941384,0.942617,0.000849,-220.41
hoptimus,nct-crc-nonorm,linear,1,0.55,0.4,0.941768,0.941384,0.942334,0.000565,-146.87
hoptimus,nct-crc-nonorm,linear,1,0.6,0.26,0.941768,0.941384,0.942334,0.000565,-146.87
hoptimus,nct-crc-nonorm,linear,1,0.65,0.17,0.941768,0.941384,0.942424,0.000656,-170.28
hoptimus,nct-crc-nonorm,linear,1,0.7,0.08,0.941768,0.941384,0.942424,0.000656,-170.28
hoptimus,nct-crc-nonorm,linear,1,0.75,0.03,0.941768,0.941384,0.942424,0.000656,-170.28
hoptimus,nct-crc-nonorm,linear,1,0.8,0.01,0.941768,0.941384,0.942096,0.000328,-85.14
hoptimus,nct-crc-nonorm,linear,1,0.85,0.0,0.941768,0.941384,0.941768,0.0,-0.0
hoptimus,nct-crc-nonorm,linear,1,0.9,0.0,0.941768,0.941384,0.941768,0.0,-0.0
hoptimus,nct-crc-nonorm,linear,1,0.95,0.0,0.941768,0.941384,0.941768,0.0,-0.0
hoptimus,nct-crc-nonorm,linear,1,1.0,0.0,0.941768,0.941384,0.941768,0.0,-0.0
hoptimus,nct-crc-nonorm,linear,2,0.0,100.0,0.946351,0.947248,0.947248,0.000898,100.0
hoptimus,nct-crc-nonorm,linear,2,0.05,10.15,0.946351,0.947248,0.947248,0.000898,100.0
hoptimus,nct-crc-nonorm,linear,2,0.1,6.82,0.946351,0.947248,0.947248,0.000898,100.0
hoptimus,nct-crc-nonorm,linear,2,0.15,4.75,0.946351,0.947248,0.947248,0.000898,100.0
hoptimus,nct-crc-nonorm,linear,2,0.2,3.62,0.946351,0.947248,0.947248,0.000898,100.0
hoptimus,nct-crc-nonorm,linear,2,0.25,2.73,0.946351,0.947248,0.947248,0.000898,100.0
hoptimus,nct-crc-nonorm,linear,2,0.3,1.99,0.946351,0.947248,0.947248,0.000898,100.0
hoptimus,nct-crc-nonorm,linear,2,0.35,1.35,0.946351,0.947248,0.947595,0.001245,138.65
hoptimus,nct-crc-nonorm,linear,2,0.4,0.82,0.946351,0.947248,0.947535,0.001185,131.99
hoptimus,nct-crc-nonorm,linear,2,0.45,0.5,0.946351,0.947248,0.947181,0.000831,92.55
hoptimus,nct-crc-nonorm,linear,2,0.5,0.24,0.946351,0.947248,0.946351,0.0,0.0
hoptimus,nct-crc-nonorm,linear,2,0.55,0.13,0.946351,0.947248,0.946351,0.0,0.0
hoptimus,nct-crc-nonorm,linear,2,0.6,0.06,0.946351,0.947248,0.946351,0.0,0.0
hoptimus,nct-crc-nonorm,linear,2,0.65,0.03,0.946351,0.947248,0.946351,0.0,0.0
hoptimus,nct-crc-nonorm,linear,2,0.7,0.0,0.946351,0.947248,0.946351,0.0,0.0
hoptimus,nct-crc-nonorm,linear,2,0.75,0.0,0.946351,0.947248,0.946351,0.0,0.0
hoptimus,nct-crc-nonorm,linear,2,0.8,0.0,0.946351,0.947248,0.946351,0.0,0.0
hoptimus,nct-crc-nonorm,linear,2,0.85,0.0,0.946351,0.947248,0.946351,0.0,0.0
hoptimus,nct-crc-nonorm,linear,2,0.9,0.0,0.946351,0.947248,0.946351,0.0,0.0
hoptimus,nct-crc-nonorm,linear,2,0.95,0.0,0.946351,0.947248,0.946351,0.0,0.0
hoptimus,nct-crc-nonorm,linear,2,1.0,0.0,0.946351,0.947248,0.946351,0.0,0.0
hoptimus,nct-crc-nonorm,linear,3,0.0,100.0,0.94335,0.943513,0.943513,0.000163,100.0
hoptimus,nct-crc-nonorm,linear,3,0.05,10.38,0.94335,0.943513,0.943513,0.000163,100.0
hoptimus,nct-crc-nonorm,linear,3,0.1,6.66,0.94335,0.943513,0.943513,0.000163,100.0
hoptimus,nct-crc-nonorm,linear,3,0.15,5.0,0.94335,0.943513,0.943513,0.000163,100.0
hoptimus,nct-crc-nonorm,linear,3,0.2,3.77,0.94335,0.943513,0.943513,0.000163,100.0
hoptimus,nct-crc-nonorm,linear,3,0.25,2.94,0.94335,0.943513,0.943513,0.000163,100.0
hoptimus,nct-crc-nonorm,linear,3,0.3,2.27,0.94335,0.943513,0.943513,0.000163,100.0
hoptimus,nct-crc-nonorm,linear,3,0.35,1.56,0.94335,0.943513,0.943495,0.000145,89.4
hoptimus,nct-crc-nonorm,linear,3,0.4,1.17,0.94335,0.943513,0.943058,-0.000292,-179.68
hoptimus,nct-crc-nonorm,linear,3,0.45,0.91,0.94335,0.943513,0.943321,-2.8e-05,-17.44
hoptimus,nct-crc-nonorm,linear,3,0.5,0.5,0.94335,0.943513,0.942905,-0.000445,-273.43
hoptimus,nct-crc-nonorm,linear,3,0.55,0.26,0.94335,0.943513,0.943086,-0.000264,-162.24
hoptimus,nct-crc-nonorm,linear,3,0.6,0.13,0.94335,0.943513,0.94335,0.0,0.0
hoptimus,nct-crc-nonorm,linear,3,0.65,0.08,0.94335,0.943513,0.94335,0.0,0.0
hoptimus,nct-crc-nonorm,linear,3,0.7,0.01,0.94335,0.943513,0.94335,0.0,0.0
hoptimus,nct-crc-nonorm,linear,3,0.75,0.0,0.94335,0.943513,0.94335,0.0,0.0
hoptimus,nct-crc-nonorm,linear,3,0.8,0.0,0.94335,0.943513,0.94335,0.0,0.0
hoptimus,nct-crc-nonorm,linear,3,0.85,0.0,0.94335,0.943513,0.94335,0.0,0.0
hoptimus,nct-crc-nonorm,linear,3,0.9,0.0,0.94335,0.943513,0.94335,0.0,0.0
hoptimus,nct-crc-nonorm,linear,3,0.95,0.0,0.94335,0.943513,0.94335,0.0,0.0
hoptimus,nct-crc-nonorm,linear,3,1.0,0.0,0.94335,0.943513,0.94335,0.0,0.0
hoptimus,nct-crc-nonorm,linear,42,0.0,100.0,0.943792,0.945041,0.945041,0.00125,100.0
hoptimus,nct-crc-nonorm,linear,42,0.05,10.25,0.943792,0.945041,0.945041,0.00125,100.0
hoptimus,nct-crc-nonorm,linear,42,0.1,6.35,0.943792,0.945041,0.945041,0.00125,100.0
hoptimus,nct-crc-nonorm,linear,42,0.15,4.61,0.943792,0.945041,0.945041,0.00125,100.0
hoptimus,nct-crc-nonorm,linear,42,0.2,3.55,0.943792,0.945041,0.945041,0.00125,100.0
hoptimus,nct-crc-nonorm,linear,42,0.25,2.73,0.943792,0.945041,0.945041,0.00125,100.0
hoptimus,nct-crc-nonorm,linear,42,0.3,2.12,0.943792,0.945041,0.945041,0.00125,100.0
hoptimus,nct-crc-nonorm,linear,42,0.35,1.3,0.943792,0.945041,0.944953,0.001161,92.91
hoptimus,nct-crc-nonorm,linear,42,0.4,0.84,0.943792,0.945041,0.944467,0.000675,54.03
hoptimus,nct-crc-nonorm,linear,42,0.45,0.57,0.943792,0.945041,0.944203,0.000411,32.92
hoptimus,nct-crc-nonorm,linear,42,0.5,0.39,0.943792,0.945041,0.944286,0.000494,39.56
hoptimus,nct-crc-nonorm,linear,42,0.55,0.19,0.943792,0.945041,0.944112,0.000321,25.66
hoptimus,nct-crc-nonorm,linear,42,0.6,0.11,0.943792,0.945041,0.944029,0.000238,19.01
hoptimus,nct-crc-nonorm,linear,42,0.65,0.07,0.943792,0.945041,0.944029,0.000238,19.01
hoptimus,nct-crc-nonorm,linear,42,0.7,0.0,0.943792,0.945041,0.943792,0.0,0.0
hoptimus,nct-crc-nonorm,linear,42,0.75,0.0,0.943792,0.945041,0.943792,0.0,0.0
hoptimus,nct-crc-nonorm,linear,42,0.8,0.0,0.943792,0.945041,0.943792,0.0,0.0
hoptimus,nct-crc-nonorm,linear,42,0.85,0.0,0.943792,0.945041,0.943792,0.0,0.0
hoptimus,nct-crc-nonorm,linear,42,0.9,0.0,0.943792,0.945041,0.943792,0.0,0.0
hoptimus,nct-crc-nonorm,linear,42,0.95,0.0,0.943792,0.945041,0.943792,0.0,0.0
hoptimus,nct-crc-nonorm,linear,42,1.0,0.0,0.943792,0.945041,0.943792,0.0,0.0
phikon2,nct-crc-nonorm,linear,0,0.0,100.0,0.889539,0.890016,0.890016,0.000477,100.0
phikon2,nct-crc-nonorm,linear,0,0.05,61.02,0.889539,0.890016,0.890016,0.000477,100.0
phikon2,nct-crc-nonorm,linear,0,0.1,46.78,0.889539,0.890016,0.890016,0.000477,100.0
phikon2,nct-crc-nonorm,linear,0,0.15,37.62,0.889539,0.890016,0.889933,0.000394,82.6
phikon2,nct-crc-nonorm,linear,0,0.2,30.57,0.889539,0.890016,0.889843,0.000304,63.72
phikon2,nct-crc-nonorm,linear,0,0.25,25.26,0.889539,0.890016,0.889579,4e-05,8.43
phikon2,nct-crc-nonorm,linear,0,0.3,21.0,0.889539,0.890016,0.889594,5.5e-05,11.53
phikon2,nct-crc-nonorm,linear,0,0.35,16.35,0.889539,0.890016,0.887046,-0.002493,-522.36
phikon2,nct-crc-nonorm,linear,0,0.4,12.21,0.889539,0.890016,0.884804,-0.004735,-992.04
phikon2,nct-crc-nonorm,linear,0,0.45,9.64,0.889539,0.890016,0.88575,-0.003789,-793.82
phikon2,nct-crc-nonorm,linear,0,0.5,7.2,0.889539,0.890016,0.886208,-0.003331,-697.85
phikon2,nct-crc-nonorm,linear,0,0.55,5.29,0.889539,0.890016,0.888648,-0.000891,-186.63
phikon2,nct-crc-nonorm,linear,0,0.6,3.89,0.889539,0.890016,0.888159,-0.00138,-289.02
phikon2,nct-crc-nonorm,linear,0,0.65,2.28,0.889539,0.890016,0.887542,-0.001997,-418.31
phikon2,nct-crc-nonorm,linear,0,0.7,1.13,0.889539,0.890016,0.888489,-0.00105,-220.04
phikon2,nct-crc-nonorm,linear,0,0.75,0.65,0.889539,0.890016,0.88839,-0.001149,-240.79
phikon2,nct-crc-nonorm,linear,0,0.8,0.28,0.889539,0.890016,0.888962,-0.000577,-120.86
phikon2,nct-crc-nonorm,linear,0,0.85,0.08,0.889539,0.890016,0.889456,-8.3e-05,-17.4
phikon2,nct-crc-nonorm,linear,0,0.9,0.01,0.889539,0.890016,0.889539,0.0,0.0
phikon2,nct-crc-nonorm,linear,0,0.95,0.0,0.889539,0.890016,0.889539,0.0,0.0
phikon2,nct-crc-nonorm,linear,0,1.0,0.0,0.889539,0.890016,0.889539,0.0,0.0
phikon2,nct-crc-nonorm,linear,1,0.0,100.0,0.894386,0.893883,0.893883,-0.000503,100.0
phikon2,nct-crc-nonorm,linear,1,0.05,62.34,0.894386,0.893883,0.893883,-0.000503,100.0
phikon2,nct-crc-nonorm,linear,1,0.1,47.86,0.894386,0.893883,0.893883,-0.000503,100.0
phikon2,nct-crc-nonorm,linear,1,0.15,38.45,0.894386,0.893883,0.893883,-0.000503,100.0
phikon2,nct-crc-nonorm,linear,1,0.2,31.6,0.894386,0.893883,0.8938,-0.000586,116.5
phikon2,nct-crc-nonorm,linear,1,0.25,26.35,0.894386,0.893883,0.89371,-0.000677,134.4
phikon2,nct-crc-nonorm,linear,1,0.3,21.28,0.894386,0.893883,0.89337,-0.001016,201.93
phikon2,nct-crc-nonorm,linear,1,0.35,17.01,0.894386,0.893883,0.89175,-0.002637,523.81
phikon2,nct-crc-nonorm,linear,1,0.4,12.98,0.894386,0.893883,0.888679,-0.005708,1133.92
phikon2,nct-crc-nonorm,linear,1,0.45,10.24,0.894386,0.893883,0.889397,-0.004989,991.24
phikon2,nct-crc-nonorm,linear,1,0.5,7.84,0.894386,0.893883,0.890444,-0.003943,783.26
phikon2,nct-crc-nonorm,linear,1,0.55,5.91,0.894386,0.893883,0.891121,-0.003265,648.7
phikon2,nct-crc-nonorm,linear,1,0.6,3.97,0.894386,0.893883,0.891006,-0.003381,671.6
phikon2,nct-crc-nonorm,linear,1,0.65,2.06,0.894386,0.893883,0.891475,-0.002911,578.36
phikon2,nct-crc-nonorm,linear,1,0.7,1.14,0.894386,0.893883,0.892719,-0.001668,331.28
phikon2,nct-crc-nonorm,linear,1,0.75,0.54,0.894386,0.893883,0.892826,-0.00156,309.95
phikon2,nct-crc-nonorm,linear,1,0.8,0.22,0.894386,0.893883,0.893399,-0.000988,196.22
phikon2,nct-crc-nonorm,linear,1,0.85,0.07,0.894386,0.893883,0.894303,-8.3e-05,16.5
phikon2,nct-crc-nonorm,linear,1,0.9,0.0,0.894386,0.893883,0.894386,0.0,-0.0
phikon2,nct-crc-nonorm,linear,1,0.95,0.0,0.894386,0.893883,0.894386,0.0,-0.0
phikon2,nct-crc-nonorm,linear,1,1.0,0.0,0.894386,0.893883,0.894386,0.0,-0.0
phikon2,nct-crc-nonorm,linear,2,0.0,100.0,0.900749,0.893284,0.893284,-0.007466,100.0
phikon2,nct-crc-nonorm,linear,2,0.05,58.79,0.900749,0.893284,0.893284,-0.007466,100.0
phikon2,nct-crc-nonorm,linear,2,0.1,43.34,0.900749,0.893284,0.893284,-0.007466,100.0
phikon2,nct-crc-nonorm,linear,2,0.15,34.15,0.900749,0.893284,0.893284,-0.007466,100.0
phikon2,nct-crc-nonorm,linear,2,0.2,27.52,0.900749,0.893284,0.893457,-0.007292,97.67
phikon2,nct-crc-nonorm,linear,2,0.25,22.81,0.900749,0.893284,0.893291,-0.007458,99.9
phikon2,nct-crc-nonorm,linear,2,0.3,18.57,0.900749,0.893284,0.893185,-0.007564,101.32
phikon2,nct-crc-nonorm,linear,2,0.35,14.99,0.900749,0.893284,0.892436,-0.008314,111.36
phikon2,nct-crc-nonorm,linear,2,0.4,11.77,0.900749,0.893284,0.891378,-0.009371,125.52
phikon2,nct-crc-nonorm,linear,2,0.45,9.42,0.900749,0.893284,0.89144,-0.00931,124.7
phikon2,nct-crc-nonorm,linear,2,0.5,7.17,0.900749,0.893284,0.893329,-0.00742,99.39
phikon2,nct-crc-nonorm,linear,2,0.55,5.25,0.900749,0.893284,0.895214,-0.005535,74.14
phikon2,nct-crc-nonorm,linear,2,0.6,3.8,0.900749,0.893284,0.896342,-0.004408,59.04
phikon2,nct-crc-nonorm,linear,2,0.65,2.3,0.900749,0.893284,0.897042,-0.003707,49.66
phikon2,nct-crc-nonorm,linear,2,0.7,1.23,0.900749,0.893284,0.899177,-0.001573,21.06
phikon2,nct-crc-nonorm,linear,2,0.75,0.71,0.900749,0.893284,0.898989,-0.00176,23.58
phikon2,nct-crc-nonorm,linear,2,0.8,0.28,0.900749,0.893284,0.899845,-0.000905,12.12
phikon2,nct-crc-nonorm,linear,2,0.85,0.04,0.900749,0.893284,0.900666,-8.3e-05,1.11
phikon2,nct-crc-nonorm,linear,2,0.9,0.0,0.900749,0.893284,0.900749,0.0,-0.0
phikon2,nct-crc-nonorm,linear,2,0.95,0.0,0.900749,0.893284,0.900749,0.0,-0.0
phikon2,nct-crc-nonorm,linear,2,1.0,0.0,0.900749,0.893284,0.900749,0.0,-0.0
phikon2,nct-crc-nonorm,linear,3,0.0,100.0,0.891332,0.892486,0.892486,0.001155,100.0
phikon2,nct-crc-nonorm,linear,3,0.05,60.38,0.891332,0.892486,0.892486,0.001155,100.0
phikon2,nct-crc-nonorm,linear,3,0.1,46.13,0.891332,0.892486,0.892486,0.001155,100.0
phikon2,nct-crc-nonorm,linear,3,0.15,36.8,0.891332,0.892486,0.892486,0.001155,100.0
phikon2,nct-crc-nonorm,linear,3,0.2,29.78,0.891332,0.892486,0.89232,0.000988,85.61
phikon2,nct-crc-nonorm,linear,3,0.25,24.53,0.891332,0.892486,0.89223,0.000898,77.81
phikon2,nct-crc-nonorm,linear,3,0.3,20.0,0.891332,0.892486,0.891038,-0.000294,-25.45
phikon2,nct-crc-nonorm,linear,3,0.35,15.32,0.891332,0.892486,0.888453,-0.002879,-249.33
phikon2,nct-crc-nonorm,linear,3,0.4,11.87,0.891332,0.892486,0.885928,-0.005404,-468.06
phikon2,nct-crc-nonorm,linear,3,0.45,9.28,0.891332,0.892486,0.88566,-0.005672,-491.24
phikon2,nct-crc-nonorm,linear,3,0.5,6.96,0.891332,0.892486,0.888103,-0.003229,-279.7
phikon2,nct-crc-nonorm,linear,3,0.55,5.03,0.891332,0.892486,0.889745,-0.001587,-137.49
phikon2,nct-crc-nonorm,linear,3,0.6,3.58,0.891332,0.892486,0.889202,-0.00213,-184.47
phikon2,nct-crc-nonorm,linear,3,0.65,2.14,0.891332,0.892486,0.890116,-0.001216,-105.34
phikon2,nct-crc-nonorm,linear,3,0.7,0.99,0.891332,0.892486,0.890168,-0.001164,-100.81
phikon2,nct-crc-nonorm,linear,3,0.75,0.46,0.891332,0.892486,0.89053,-0.000802,-69.5
phikon2,nct-crc-nonorm,linear,3,0.8,0.18,0.891332,0.892486,0.890676,-0.000656,-56.78
phikon2,nct-crc-nonorm,linear,3,0.85,0.01,0.891332,0.892486,0.891249,-8.3e-05,-7.19
phikon2,nct-crc-nonorm,linear,3,0.9,0.0,0.891332,0.892486,0.891332,0.0,0.0
phikon2,nct-crc-nonorm,linear,3,0.95,0.0,0.891332,0.892486,0.891332,0.0,0.0
phikon2,nct-crc-nonorm,linear,3,1.0,0.0,0.891332,0.892486,0.891332,0.0,0.0
phikon2,nct-crc-nonorm,linear,42,0.0,100.0,0.897263,0.89483,0.89483,-0.002432,100.0
phikon2,nct-crc-nonorm,linear,42,0.05,60.57,0.897263,0.89483,0.89483,-0.002432,100.0
phikon2,nct-crc-nonorm,linear,42,0.1,45.24,0.897263,0.89483,0.89483,-0.002432,100.0
phikon2,nct-crc-nonorm,linear,42,0.15,36.06,0.897263,0.89483,0.89483,-0.002432,100.0
phikon2,nct-crc-nonorm,linear,42,0.2,29.18,0.897263,0.89483,0.894483,-0.002779,114.27
phikon2,nct-crc-nonorm,linear,42,0.25,24.07,0.897263,0.89483,0.894574,-0.002688,110.53
phikon2,nct-crc-nonorm,linear,42,0.3,19.65,0.897263,0.89483,0.893812,-0.00345,141.87
phikon2,nct-crc-nonorm,linear,42,0.35,15.35,0.897263,0.89483,0.891264,-0.005999,246.66
phikon2,nct-crc-nonorm,linear,42,0.4,11.74,0.897263,0.89483,0.889671,-0.007592,312.15
phikon2,nct-crc-nonorm,linear,42,0.45,9.22,0.897263,0.89483,0.889728,-0.007534,309.79
phikon2,nct-crc-nonorm,linear,42,0.5,6.96,0.897263,0.89483,0.891035,-0.006228,256.08
phikon2,nct-crc-nonorm,linear,42,0.55,5.01,0.897263,0.89483,0.892081,-0.005182,213.06
phikon2,nct-crc-nonorm,linear,42,0.6,3.57,0.897263,0.89483,0.892699,-0.004564,187.65
phikon2,nct-crc-nonorm,linear,42,0.65,2.08,0.897263,0.89483,0.892334,-0.004929,202.66
phikon2,nct-crc-nonorm,linear,42,0.7,1.04,0.897263,0.89483,0.895312,-0.001951,80.2
phikon2,nct-crc-nonorm,linear,42,0.75,0.53,0.897263,0.89483,0.895951,-0.001311,53.91
phikon2,nct-crc-nonorm,linear,42,0.8,0.21,0.897263,0.89483,0.89669,-0.000572,23.54
phikon2,nct-crc-nonorm,linear,42,0.85,0.04,0.897263,0.89483,0.897263,0.0,-0.0
phikon2,nct-crc-nonorm,linear,42,0.9,0.0,0.897263,0.89483,0.897263,0.0,-0.0
phikon2,nct-crc-nonorm,linear,42,0.95,0.0,0.897263,0.89483,0.897263,0.0,-0.0
phikon2,nct-crc-nonorm,linear,42,1.0,0.0,0.897263,0.89483,0.897263,0.0,-0.0
phikon,nct-crc-nonorm,linear,0,0.0,100.0,0.763432,0.782714,0.782714,0.019281,100.0
phikon,nct-crc-nonorm,linear,0,0.05,56.3,0.763432,0.782714,0.782714,0.019281,100.0
phikon,nct-crc-nonorm,linear,0,0.1,45.46,0.763432,0.782714,0.782714,0.019281,100.0
phikon,nct-crc-nonorm,linear,0,0.15,37.87,0.763432,0.782714,0.782714,0.019281,100.0
phikon,nct-crc-nonorm,linear,0,0.2,31.75,0.763432,0.782714,0.782363,0.018931,98.18
phikon,nct-crc-nonorm,linear,0,0.25,26.32,0.763432,0.782714,0.781136,0.017704,91.82
phikon,nct-crc-nonorm,linear,0,0.3,21.48,0.763432,0.782714,0.779827,0.016395,85.03
phikon,nct-crc-nonorm,linear,0,0.35,15.89,0.763432,0.782714,0.774966,0.011534,59.82
phikon,nct-crc-nonorm,linear,0,0.4,12.09,0.763432,0.782714,0.77172,0.008288,42.99
phikon,nct-crc-nonorm,linear,0,0.45,9.39,0.763432,0.782714,0.770963,0.007531,39.06
phikon,nct-crc-nonorm,linear,0,0.5,7.05,0.763432,0.782714,0.769609,0.006177,32.04
phikon,nct-crc-nonorm,linear,0,0.55,4.76,0.763432,0.782714,0.767727,0.004295,22.28
phikon,nct-crc-nonorm,linear,0,0.6,3.18,0.763432,0.782714,0.766198,0.002766,14.35
phikon,nct-crc-nonorm,linear,0,0.65,1.84,0.763432,0.782714,0.765292,0.00186,9.65
phikon,nct-crc-nonorm,linear,0,0.7,1.13,0.763432,0.782714,0.764346,0.000913,4.74
phikon,nct-crc-nonorm,linear,0,0.75,0.54,0.763432,0.782714,0.764097,0.000664,3.45
phikon,nct-crc-nonorm,linear,0,0.8,0.28,0.763432,0.782714,0.763681,0.000249,1.29
phikon,nct-crc-nonorm,linear,0,0.85,0.07,0.763432,0.782714,0.763432,0.0,0.0
phikon,nct-crc-nonorm,linear,0,0.9,0.0,0.763432,0.782714,0.763432,0.0,0.0
phikon,nct-crc-nonorm,linear,0,0.95,0.0,0.763432,0.782714,0.763432,0.0,0.0
phikon,nct-crc-nonorm,linear,0,1.0,0.0,0.763432,0.782714,0.763432,0.0,0.0
phikon,nct-crc-nonorm,linear,1,0.0,100.0,0.794622,0.810492,0.810492,0.01587,100.0
phikon,nct-crc-nonorm,linear,1,0.05,50.58,0.794622,0.810492,0.810492,0.01587,100.0
phikon,nct-crc-nonorm,linear,1,0.1,39.64,0.794622,0.810492,0.810317,0.015695,98.9
phikon,nct-crc-nonorm,linear,1,0.15,33.09,0.794622,0.810492,0.809967,0.015345,96.69
phikon,nct-crc-nonorm,linear,1,0.2,27.77,0.794622,0.810492,0.80909,0.014468,91.17
phikon,nct-crc-nonorm,linear,1,0.25,23.65,0.794622,0.810492,0.808389,0.013767,86.75
phikon,nct-crc-nonorm,linear,1,0.3,19.58,0.794622,0.810492,0.807003,0.012382,78.02
phikon,nct-crc-nonorm,linear,1,0.35,15.5,0.794622,0.810492,0.804592,0.00997,62.82
phikon,nct-crc-nonorm,linear,1,0.4,12.42,0.794622,0.810492,0.803684,0.009063,57.1
phikon,nct-crc-nonorm,linear,1,0.45,9.33,0.794622,0.810492,0.801484,0.006862,43.24
phikon,nct-crc-nonorm,linear,1,0.5,6.85,0.794622,0.810492,0.800373,0.005751,36.24
phikon,nct-crc-nonorm,linear,1,0.55,4.54,0.794622,0.810492,0.799411,0.00479,30.18
phikon,nct-crc-nonorm,linear,1,0.6,2.9,0.794622,0.810492,0.79824,0.003618,22.8
phikon,nct-crc-nonorm,linear,1,0.65,1.92,0.794622,0.810492,0.796736,0.002114,13.32
phikon,nct-crc-nonorm,linear,1,0.7,1.21,0.794622,0.810492,0.795951,0.001329,8.37
phikon,nct-crc-nonorm,linear,1,0.75,0.56,0.794622,0.810492,0.795701,0.00108,6.8
phikon,nct-crc-nonorm,linear,1,0.8,0.25,0.794622,0.810492,0.795037,0.000415,2.62
phikon,nct-crc-nonorm,linear,1,0.85,0.08,0.794622,0.810492,0.794705,8.3e-05,0.52
phikon,nct-crc-nonorm,linear,1,0.9,0.01,0.794622,0.810492,0.794622,0.0,0.0
phikon,nct-crc-nonorm,linear,1,0.95,0.0,0.794622,0.810492,0.794622,0.0,0.0
phikon,nct-crc-nonorm,linear,1,1.0,0.0,0.794622,0.810492,0.794622,0.0,0.0
phikon,nct-crc-nonorm,linear,2,0.0,100.0,0.761244,0.777871,0.777871,0.016628,100.0
phikon,nct-crc-nonorm,linear,2,0.05,50.38,0.761244,0.777871,0.777871,0.016628,100.0
phikon,nct-crc-nonorm,linear,2,0.1,39.62,0.761244,0.777871,0.777871,0.016628,100.0
phikon,nct-crc-nonorm,linear,2,0.15,33.12,0.761244,0.777871,0.777871,0.016628,100.0
phikon,nct-crc-nonorm,linear,2,0.2,28.04,0.761244,0.777871,0.777346,0.016102,96.84
phikon,nct-crc-nonorm,linear,2,0.25,23.54,0.761244,0.777871,0.776425,0.015181,91.3
phikon,nct-crc-nonorm,linear,2,0.3,19.79,0.761244,0.777871,0.77533,0.014086,84.71
phikon,nct-crc-nonorm,linear,2,0.35,14.97,0.761244,0.777871,0.772127,0.010883,65.45
phikon,nct-crc-nonorm,linear,2,0.4,11.88,0.761244,0.777871,0.768785,0.007541,45.35
phikon,nct-crc-nonorm,linear,2,0.45,9.33,0.761244,0.777871,0.767515,0.006271,37.72
phikon,nct-crc-nonorm,linear,2,0.5,7.26,0.761244,0.777871,0.766675,0.005432,32.67
phikon,nct-crc-nonorm,linear,2,0.55,5.22,0.761244,0.777871,0.765319,0.004075,24.51
phikon,nct-crc-nonorm,linear,2,0.6,3.54,0.761244,0.777871,0.764956,0.003712,22.33
phikon,nct-crc-nonorm,linear,2,0.65,2.14,0.761244,0.777871,0.763369,0.002125,12.78
phikon,nct-crc-nonorm,linear,2,0.7,1.39,0.761244,0.777871,0.762892,0.001648,9.91
phikon,nct-crc-nonorm,linear,2,0.75,0.61,0.761244,0.777871,0.761825,0.000581,3.5
phikon,nct-crc-nonorm,linear,2,0.8,0.21,0.761244,0.777871,0.76141,0.000166,1.0
phikon,nct-crc-nonorm,linear,2,0.85,0.07,0.761244,0.777871,0.761327,8.3e-05,0.5
phikon,nct-crc-nonorm,linear,2,0.9,0.01,0.761244,0.777871,0.761244,0.0,0.0
phikon,nct-crc-nonorm,linear,2,0.95,0.01,0.761244,0.777871,0.761244,0.0,0.0
phikon,nct-crc-nonorm,linear,2,1.0,0.0,0.761244,0.777871,0.761244,0.0,0.0
phikon,nct-crc-nonorm,linear,3,0.0,100.0,0.748292,0.767364,0.767364,0.019071,100.0
phikon,nct-crc-nonorm,linear,3,0.05,52.03,0.748292,0.767364,0.767364,0.019071,100.0
phikon,nct-crc-nonorm,linear,3,0.1,41.18,0.748292,0.767364,0.766663,0.01837,96.32
phikon,nct-crc-nonorm,linear,3,0.15,34.4,0.748292,0.767364,0.766312,0.01802,94.49
phikon,nct-crc-nonorm,linear,3,0.2,28.41,0.748292,0.767364,0.764732,0.016439,86.2
phikon,nct-crc-nonorm,linear,3,0.25,23.38,0.748292,0.767364,0.763422,0.015129,79.33
phikon,nct-crc-nonorm,linear,3,0.3,18.33,0.748292,0.767364,0.761759,0.013466,70.61
phikon,nct-crc-nonorm,linear,3,0.35,12.9,0.748292,0.767364,0.758374,0.010081,52.86
phikon,nct-crc-nonorm,linear,3,0.4,9.96,0.748292,0.767364,0.756992,0.0087,45.62
phikon,nct-crc-nonorm,linear,3,0.45,7.31,0.748292,0.767364,0.754152,0.005859,30.72
phikon,nct-crc-nonorm,linear,3,0.5,5.35,0.748292,0.767364,0.752943,0.00465,24.38
phikon,nct-crc-nonorm,linear,3,0.55,3.41,0.748292,0.767364,0.75147,0.003178,16.66
phikon,nct-crc-nonorm,linear,3,0.6,2.13,0.748292,0.767364,0.751261,0.002969,15.57
phikon,nct-crc-nonorm,linear,3,0.65,1.24,0.748292,0.767364,0.750682,0.002389,12.53
phikon,nct-crc-nonorm,linear,3,0.7,0.67,0.748292,0.767364,0.749581,0.001289,6.76
phikon,nct-crc-nonorm,linear,3,0.75,0.31,0.748292,0.767364,0.748708,0.000415,2.18
phikon,nct-crc-nonorm,linear,3,0.8,0.1,0.748292,0.767364,0.748375,8.3e-05,0.44
phikon,nct-crc-nonorm,linear,3,0.85,0.03,0.748292,0.767364,0.748292,0.0,0.0
phikon,nct-crc-nonorm,linear,3,0.9,0.01,0.748292,0.767364,0.748292,0.0,0.0
phikon,nct-crc-nonorm,linear,3,0.95,0.0,0.748292,0.767364,0.748292,0.0,0.0
phikon,nct-crc-nonorm,linear,3,1.0,0.0,0.748292,0.767364,0.748292,0.0,0.0
phikon,nct-crc-nonorm,linear,42,0.0,100.0,0.754606,0.766525,0.766525,0.011919,100.0
phikon,nct-crc-nonorm,linear,42,0.05,51.82,0.754606,0.766525,0.766525,0.011919,100.0
phikon,nct-crc-nonorm,linear,42,0.1,40.52,0.754606,0.766525,0.766525,0.011919,100.0
phikon,nct-crc-nonorm,linear,42,0.15,32.97,0.754606,0.766525,0.766175,0.011568,97.06
phikon,nct-crc-nonorm,linear,42,0.2,27.19,0.754606,0.766525,0.765999,0.011393,95.59
phikon,nct-crc-nonorm,linear,42,0.25,21.99,0.754606,0.766525,0.764948,0.010342,86.77
phikon,nct-crc-nonorm,linear,42,0.3,16.3,0.754606,0.766525,0.764073,0.009466,79.42
phikon,nct-crc-nonorm,linear,42,0.35,10.68,0.754606,0.766525,0.76243,0.007824,65.65
phikon,nct-crc-nonorm,linear,42,0.4,8.02,0.754606,0.766525,0.759489,0.004883,40.97
phikon,nct-crc-nonorm,linear,42,0.45,5.97,0.754606,0.766525,0.758038,0.003432,28.79
phikon,nct-crc-nonorm,linear,42,0.5,4.37,0.754606,0.766525,0.757449,0.002842,23.85
phikon,nct-crc-nonorm,linear,42,0.55,2.92,0.754606,0.766525,0.758202,0.003596,30.17
phikon,nct-crc-nonorm,linear,42,0.6,1.75,0.754606,0.766525,0.757028,0.002422,20.32
phikon,nct-crc-nonorm,linear,42,0.65,0.96,0.754606,0.766525,0.755907,0.001301,10.91
phikon,nct-crc-nonorm,linear,42,0.7,0.54,0.754606,0.766525,0.755202,0.000596,5.0
phikon,nct-crc-nonorm,linear,42,0.75,0.28,0.754606,0.766525,0.755119,0.000513,4.3
phikon,nct-crc-nonorm,linear,42,0.8,0.13,0.754606,0.766525,0.754689,8.3e-05,0.7
phikon,nct-crc-nonorm,linear,42,0.85,0.03,0.754606,0.766525,0.754606,0.0,0.0
phikon,nct-crc-nonorm,linear,42,0.9,0.0,0.754606,0.766525,0.754606,0.0,0.0
phikon,nct-crc-nonorm,linear,42,0.95,0.0,0.754606,0.766525,0.754606,0.0,0.0
phikon,nct-crc-nonorm,linear,42,1.0,0.0,0.754606,0.766525,0.754606,0.0,0.0
resnet18,nct-crc-nonorm,linear,0,0.0,100.0,0.693909,0.700711,0.700711,0.006802,100.0
resnet18,nct-crc-nonorm,linear,0,0.05,64.65,0.693909,0.700711,0.700877,0.006968,102.44
resnet18,nct-crc-nonorm,linear,0,0.1,54.26,0.693909,0.700711,0.700747,0.006838,100.52
resnet18,nct-crc-nonorm,linear,0,0.15,46.53,0.693909,0.700711,0.700789,0.00688,101.15
resnet18,nct-crc-nonorm,linear,0,0.2,39.47,0.693909,0.700711,0.699902,0.005993,88.11
resnet18,nct-crc-nonorm,linear,0,0.25,33.38,0.693909,0.700711,0.700121,0.006212,91.32
resnet18,nct-crc-nonorm,linear,0,0.3,26.81,0.693909,0.700711,0.699156,0.005247,77.14
resnet18,nct-crc-nonorm,linear,0,0.35,19.69,0.693909,0.700711,0.698845,0.004936,72.56
resnet18,nct-crc-nonorm,linear,0,0.4,13.94,0.693909,0.700711,0.697058,0.003149,46.29
resnet18,nct-crc-nonorm,linear,0,0.45,9.74,0.693909,0.700711,0.69718,0.003271,48.08
resnet18,nct-crc-nonorm,linear,0,0.5,5.97,0.693909,0.700711,0.695952,0.002043,30.04
resnet18,nct-crc-nonorm,linear,0,0.55,3.26,0.693909,0.700711,0.69384,-6.9e-05,-1.02
resnet18,nct-crc-nonorm,linear,0,0.6,1.59,0.693909,0.700711,0.693697,-0.000212,-3.11
resnet18,nct-crc-nonorm,linear,0,0.65,0.56,0.693909,0.700711,0.694023,0.000114,1.68
resnet18,nct-crc-nonorm,linear,0,0.7,0.26,0.693909,0.700711,0.693607,-0.000302,-4.44
resnet18,nct-crc-nonorm,linear,0,0.75,0.08,0.693909,0.700711,0.693728,-0.000181,-2.66
resnet18,nct-crc-nonorm,linear,0,0.8,0.01,0.693909,0.700711,0.693909,0.0,0.0
resnet18,nct-crc-nonorm,linear,0,0.85,0.0,0.693909,0.700711,0.693909,0.0,0.0
resnet18,nct-crc-nonorm,linear,0,0.9,0.0,0.693909,0.700711,0.693909,0.0,0.0
resnet18,nct-crc-nonorm,linear,0,0.95,0.0,0.693909,0.700711,0.693909,0.0,0.0
resnet18,nct-crc-nonorm,linear,0,1.0,0.0,0.693909,0.700711,0.693909,0.0,0.0
resnet18,nct-crc-nonorm,linear,1,0.0,100.0,0.692436,0.70105,0.70105,0.008614,100.0
resnet18,nct-crc-nonorm,linear,1,0.05,64.3,0.692436,0.70105,0.701133,0.008697,100.96
resnet18,nct-crc-nonorm,linear,1,0.1,53.43,0.692436,0.70105,0.701742,0.009305,108.03
resnet18,nct-crc-nonorm,linear,1,0.15,45.84,0.692436,0.70105,0.701319,0.008883,103.12
resnet18,nct-crc-nonorm,linear,1,0.2,39.05,0.692436,0.70105,0.701533,0.009097,105.6
resnet18,nct-crc-nonorm,linear,1,0.25,32.59,0.692436,0.70105,0.700896,0.00846,98.21
resnet18,nct-crc-nonorm,linear,1,0.3,26.09,0.692436,0.70105,0.699901,0.007464,86.65
resnet18,nct-crc-nonorm,linear,1,0.35,19.01,0.692436,0.70105,0.69774,0.005303,61.57
resnet18,nct-crc-nonorm,linear,1,0.4,13.47,0.692436,0.70105,0.697332,0.004895,56.83
resnet18,nct-crc-nonorm,linear,1,0.45,9.04,0.692436,0.70105,0.696781,0.004344,50.43
resnet18,nct-crc-nonorm,linear,1,0.5,5.63,0.692436,0.70105,0.695154,0.002717,31.55
resnet18,nct-crc-nonorm,linear,1,0.55,3.02,0.692436,0.70105,0.693574,0.001137,13.2
resnet18,nct-crc-nonorm,linear,1,0.6,1.52,0.692436,0.70105,0.693573,0.001136,13.19
resnet18,nct-crc-nonorm,linear,1,0.65,0.63,0.692436,0.70105,0.692978,0.000541,6.28
resnet18,nct-crc-nonorm,linear,1,0.7,0.28,0.692436,0.70105,0.692828,0.000392,4.55
resnet18,nct-crc-nonorm,linear,1,0.75,0.1,0.692436,0.70105,0.692768,0.000332,3.86
resnet18,nct-crc-nonorm,linear,1,0.8,0.01,0.692436,0.70105,0.692436,0.0,0.0
resnet18,nct-crc-nonorm,linear,1,0.85,0.0,0.692436,0.70105,0.692436,0.0,0.0
resnet18,nct-crc-nonorm,linear,1,0.9,0.0,0.692436,0.70105,0.692436,0.0,0.0
resnet18,nct-crc-nonorm,linear,1,0.95,0.0,0.692436,0.70105,0.692436,0.0,0.0
resnet18,nct-crc-nonorm,linear,1,1.0,0.0,0.692436,0.70105,0.692436,0.0,0.0
resnet18,nct-crc-nonorm,linear,2,0.0,100.0,0.700344,0.711422,0.711422,0.011078,100.0
resnet18,nct-crc-nonorm,linear,2,0.05,63.61,0.700344,0.711422,0.711505,0.011161,100.75
resnet18,nct-crc-nonorm,linear,2,0.1,53.13,0.700344,0.711422,0.711129,0.010785,97.36
resnet18,nct-crc-nonorm,linear,2,0.15,45.6,0.700344,0.711422,0.71071,0.010366,93.57
resnet18,nct-crc-nonorm,linear,2,0.2,39.16,0.700344,0.711422,0.710506,0.010162,91.73
resnet18,nct-crc-nonorm,linear,2,0.25,32.58,0.700344,0.711422,0.709546,0.009203,83.07
resnet18,nct-crc-nonorm,linear,2,0.3,26.28,0.700344,0.711422,0.708465,0.008122,73.31
resnet18,nct-crc-nonorm,linear,2,0.35,18.98,0.700344,0.711422,0.708096,0.007752,69.98
resnet18,nct-crc-nonorm,linear,2,0.4,13.64,0.700344,0.711422,0.705814,0.00547,49.38
resnet18,nct-crc-nonorm,linear,2,0.45,9.28,0.700344,0.711422,0.703813,0.003469,31.31
resnet18,nct-crc-nonorm,linear,2,0.5,5.71,0.700344,0.711422,0.702207,0.001863,16.82
resnet18,nct-crc-nonorm,linear,2,0.55,3.15,0.700344,0.711422,0.701255,0.000911,8.22
resnet18,nct-crc-nonorm,linear,2,0.6,1.62,0.700344,0.711422,0.699854,-0.00049,-4.43
resnet18,nct-crc-nonorm,linear,2,0.65,0.63,0.700344,0.711422,0.700736,0.000392,3.54
resnet18,nct-crc-nonorm,linear,2,0.7,0.22,0.700344,0.711422,0.700389,4.5e-05,0.41
resnet18,nct-crc-nonorm,linear,2,0.75,0.08,0.700344,0.711422,0.700427,8.3e-05,0.75
resnet18,nct-crc-nonorm,linear,2,0.8,0.04,0.700344,0.711422,0.700344,0.0,0.0
resnet18,nct-crc-nonorm,linear,2,0.85,0.01,0.700344,0.711422,0.700344,0.0,0.0
resnet18,nct-crc-nonorm,linear,2,0.9,0.0,0.700344,0.711422,0.700344,0.0,0.0
resnet18,nct-crc-nonorm,linear,2,0.95,0.0,0.700344,0.711422,0.700344,0.0,0.0
resnet18,nct-crc-nonorm,linear,2,1.0,0.0,0.700344,0.711422,0.700344,0.0,0.0
resnet18,nct-crc-nonorm,linear,3,0.0,100.0,0.684221,0.686422,0.686422,0.002201,100.0
resnet18,nct-crc-nonorm,linear,3,0.05,63.11,0.684221,0.686422,0.686422,0.002201,100.0
resnet18,nct-crc-nonorm,linear,3,0.1,52.17,0.684221,0.686422,0.685867,0.001647,74.8
resnet18,nct-crc-nonorm,linear,3,0.15,44.42,0.684221,0.686422,0.685977,0.001756,79.77
resnet18,nct-crc-nonorm,linear,3,0.2,37.74,0.684221,0.686422,0.685958,0.001737,78.91
resnet18,nct-crc-nonorm,linear,3,0.25,31.6,0.684221,0.686422,0.684867,0.000647,29.38
resnet18,nct-crc-nonorm,linear,3,0.3,24.78,0.684221,0.686422,0.685084,0.000863,39.22
resnet18,nct-crc-nonorm,linear,3,0.35,17.73,0.684221,0.686422,0.686193,0.001973,89.61
resnet18,nct-crc-nonorm,linear,3,0.4,12.31,0.684221,0.686422,0.685924,0.001703,77.36
resnet18,nct-crc-nonorm,linear,3,0.45,8.06,0.684221,0.686422,0.686454,0.002233,101.45
resnet18,nct-crc-nonorm,linear,3,0.5,5.11,0.684221,0.686422,0.685084,0.000864,39.24
resnet18,nct-crc-nonorm,linear,3,0.55,2.84,0.684221,0.686422,0.685362,0.001141,51.85
resnet18,nct-crc-nonorm,linear,3,0.6,1.43,0.684221,0.686422,0.684643,0.000423,19.2
resnet18,nct-crc-nonorm,linear,3,0.65,0.53,0.684221,0.686422,0.684181,-4e-05,-1.82
resnet18,nct-crc-nonorm,linear,3,0.7,0.25,0.684221,0.686422,0.684273,5.2e-05,2.37
resnet18,nct-crc-nonorm,linear,3,0.75,0.08,0.684221,0.686422,0.684304,8.3e-05,3.77
resnet18,nct-crc-nonorm,linear,3,0.8,0.0,0.684221,0.686422,0.684221,0.0,0.0
resnet18,nct-crc-nonorm,linear,3,0.85,0.0,0.684221,0.686422,0.684221,0.0,0.0
resnet18,nct-crc-nonorm,linear,3,0.9,0.0,0.684221,0.686422,0.684221,0.0,0.0
resnet18,nct-crc-nonorm,linear,3,0.95,0.0,0.684221,0.686422,0.684221,0.0,0.0
resnet18,nct-crc-nonorm,linear,3,1.0,0.0,0.684221,0.686422,0.684221,0.0,0.0
resnet18,nct-crc-nonorm,linear,42,0.0,100.0,0.704221,0.7087,0.7087,0.004479,100.0
resnet18,nct-crc-nonorm,linear,42,0.05,63.5,0.704221,0.7087,0.708783,0.004562,101.85
resnet18,nct-crc-nonorm,linear,42,0.1,53.33,0.704221,0.7087,0.708595,0.004374,97.66
resnet18,nct-crc-nonorm,linear,42,0.15,44.94,0.704221,0.7087,0.708443,0.004222,94.27
resnet18,nct-crc-nonorm,linear,42,0.2,38.48,0.704221,0.7087,0.70886,0.004639,103.58
resnet18,nct-crc-nonorm,linear,42,0.25,32.38,0.704221,0.7087,0.708362,0.00414,92.45
resnet18,nct-crc-nonorm,linear,42,0.3,25.86,0.704221,0.7087,0.707398,0.003177,70.94
resnet18,nct-crc-nonorm,linear,42,0.35,18.79,0.704221,0.7087,0.706816,0.002594,57.93
resnet18,nct-crc-nonorm,linear,42,0.4,13.37,0.704221,0.7087,0.706571,0.00235,52.47
resnet18,nct-crc-nonorm,linear,42,0.45,8.84,0.704221,0.7087,0.70908,0.004859,108.49
resnet18,nct-crc-nonorm,linear,42,0.5,5.56,0.704221,0.7087,0.705536,0.001315,29.37
resnet18,nct-crc-nonorm,linear,42,0.55,3.25,0.704221,0.7087,0.704213,-8e-06,-0.18
resnet18,nct-crc-nonorm,linear,42,0.6,1.49,0.704221,0.7087,0.703504,-0.000717,-16.0
resnet18,nct-crc-nonorm,linear,42,0.65,0.6,0.704221,0.7087,0.703468,-0.000753,-16.82
resnet18,nct-crc-nonorm,linear,42,0.7,0.28,0.704221,0.7087,0.703812,-0.000409,-9.14
resnet18,nct-crc-nonorm,linear,42,0.75,0.06,0.704221,0.7087,0.70404,-0.000181,-4.04
resnet18,nct-crc-nonorm,linear,42,0.8,0.03,0.704221,0.7087,0.704304,8.3e-05,1.85
resnet18,nct-crc-nonorm,linear,42,0.85,0.0,0.704221,0.7087,0.704221,0.0,0.0
resnet18,nct-crc-nonorm,linear,42,0.9,0.0,0.704221,0.7087,0.704221,0.0,0.0
resnet18,nct-crc-nonorm,linear,42,0.95,0.0,0.704221,0.7087,0.704221,0.0,0.0
resnet18,nct-crc-nonorm,linear,42,1.0,0.0,0.704221,0.7087,0.704221,0.0,0.0
resnet50,nct-crc-nonorm,linear,0,0.0,100.0,0.79806,0.806633,0.806633,0.008573,100.0
resnet50,nct-crc-nonorm,linear,0,0.05,67.3,0.79806,0.806633,0.806633,0.008573,100.0
resnet50,nct-crc-nonorm,linear,0,0.1,55.78,0.79806,0.806633,0.80664,0.00858,100.08
resnet50,nct-crc-nonorm,linear,0,0.15,47.94,0.79806,0.806633,0.806444,0.008384,97.8
resnet50,nct-crc-nonorm,linear,0,0.2,41.0,0.79806,0.806633,0.806957,0.008897,103.78
resnet50,nct-crc-nonorm,linear,0,0.25,34.67,0.79806,0.806633,0.807622,0.009562,111.54
resnet50,nct-crc-nonorm,linear,0,0.3,28.15,0.79806,0.806633,0.807554,0.009494,110.75
resnet50,nct-crc-nonorm,linear,0,0.35,20.91,0.79806,0.806633,0.804527,0.006467,75.44
resnet50,nct-crc-nonorm,linear,0,0.4,15.77,0.79806,0.806633,0.804133,0.006073,70.84
resnet50,nct-crc-nonorm,linear,0,0.45,11.3,0.79806,0.806633,0.802428,0.004368,50.96
resnet50,nct-crc-nonorm,linear,0,0.5,7.63,0.79806,0.806633,0.801115,0.003055,35.64
resnet50,nct-crc-nonorm,linear,0,0.55,4.61,0.79806,0.806633,0.798766,0.000706,8.24
resnet50,nct-crc-nonorm,linear,0,0.6,2.56,0.79806,0.806633,0.797976,-8.4e-05,-0.98
resnet50,nct-crc-nonorm,linear,0,0.65,1.21,0.79806,0.806633,0.798409,0.000349,4.08
resnet50,nct-crc-nonorm,linear,0,0.7,0.46,0.79806,0.806633,0.798409,0.000349,4.07
resnet50,nct-crc-nonorm,linear,0,0.75,0.17,0.79806,0.806633,0.798122,6.2e-05,0.73
resnet50,nct-crc-nonorm,linear,0,0.8,0.04,0.79806,0.806633,0.79806,0.0,0.0
resnet50,nct-crc-nonorm,linear,0,0.85,0.0,0.79806,0.806633,0.79806,0.0,0.0
resnet50,nct-crc-nonorm,linear,0,0.9,0.0,0.79806,0.806633,0.79806,0.0,0.0
resnet50,nct-crc-nonorm,linear,0,0.95,0.0,0.79806,0.806633,0.79806,0.0,0.0
resnet50,nct-crc-nonorm,linear,0,1.0,0.0,0.79806,0.806633,0.79806,0.0,0.0
resnet50,nct-crc-nonorm,linear,1,0.0,100.0,0.807729,0.81407,0.81407,0.006341,100.0
resnet50,nct-crc-nonorm,linear,1,0.05,66.87,0.807729,0.81407,0.81407,0.006341,100.0
resnet50,nct-crc-nonorm,linear,1,0.1,55.36,0.807729,0.81407,0.81407,0.006341,100.0
resnet50,nct-crc-nonorm,linear,1,0.15,47.16,0.807729,0.81407,0.813867,0.006138,96.8
resnet50,nct-crc-nonorm,linear,1,0.2,40.4,0.807729,0.81407,0.8143,0.00657,103.62
resnet50,nct-crc-nonorm,linear,1,0.25,33.98,0.807729,0.81407,0.814653,0.006923,109.19
resnet50,nct-crc-nonorm,linear,1,0.3,27.52,0.807729,0.81407,0.814711,0.006981,110.11
resnet50,nct-crc-nonorm,linear,1,0.35,19.76,0.807729,0.81407,0.812676,0.004946,78.01
resnet50,nct-crc-nonorm,linear,1,0.4,14.85,0.807729,0.81407,0.814247,0.006517,102.79
resnet50,nct-crc-nonorm,linear,1,0.45,10.7,0.807729,0.81407,0.812265,0.004535,71.53
resnet50,nct-crc-nonorm,linear,1,0.5,7.19,0.807729,0.81407,0.810585,0.002855,45.03
resnet50,nct-crc-nonorm,linear,1,0.55,4.61,0.807729,0.81407,0.808949,0.00122,19.24
resnet50,nct-crc-nonorm,linear,1,0.6,2.41,0.807729,0.81407,0.808264,0.000534,8.43
resnet50,nct-crc-nonorm,linear,1,0.65,1.13,0.807729,0.81407,0.808961,0.001232,19.43
resnet50,nct-crc-nonorm,linear,1,0.7,0.5,0.807729,0.81407,0.807603,-0.000126,-1.99
resnet50,nct-crc-nonorm,linear,1,0.75,0.11,0.807729,0.81407,0.807644,-8.5e-05,-1.34
resnet50,nct-crc-nonorm,linear,1,0.8,0.03,0.807729,0.81407,0.807729,0.0,0.0
resnet50,nct-crc-nonorm,linear,1,0.85,0.0,0.807729,0.81407,0.807729,0.0,0.0
resnet50,nct-crc-nonorm,linear,1,0.9,0.0,0.807729,0.81407,0.807729,0.0,0.0
resnet50,nct-crc-nonorm,linear,1,0.95,0.0,0.807729,0.81407,0.807729,0.0,0.0
resnet50,nct-crc-nonorm,linear,1,1.0,0.0,0.807729,0.81407,0.807729,0.0,0.0
resnet50,nct-crc-nonorm,linear,2,0.0,100.0,0.807878,0.817119,0.817119,0.009241,100.0
resnet50,nct-crc-nonorm,linear,2,0.05,66.3,0.807878,0.817119,0.817119,0.009241,100.0
resnet50,nct-crc-nonorm,linear,2,0.1,54.28,0.807878,0.817119,0.817119,0.009241,100.0
resnet50,nct-crc-nonorm,linear,2,0.15,46.11,0.807878,0.817119,0.816879,0.009001,97.41
resnet50,nct-crc-nonorm,linear,2,0.2,39.12,0.807878,0.817119,0.817097,0.009219,99.76
resnet50,nct-crc-nonorm,linear,2,0.25,32.47,0.807878,0.817119,0.816734,0.008856,95.84
resnet50,nct-crc-nonorm,linear,2,0.3,26.32,0.807878,0.817119,0.815574,0.007696,83.28
resnet50,nct-crc-nonorm,linear,2,0.35,18.98,0.807878,0.817119,0.813088,0.00521,56.38
resnet50,nct-crc-nonorm,linear,2,0.4,14.03,0.807878,0.817119,0.811239,0.003361,36.37
resnet50,nct-crc-nonorm,linear,2,0.45,10.28,0.807878,0.817119,0.811389,0.003511,38.0
resnet50,nct-crc-nonorm,linear,2,0.5,6.67,0.807878,0.817119,0.808628,0.000749,8.11
resnet50,nct-crc-nonorm,linear,2,0.55,4.26,0.807878,0.817119,0.80825,0.000371,4.02
resnet50,nct-crc-nonorm,linear,2,0.6,2.38,0.807878,0.817119,0.807306,-0.000572,-6.2
resnet50,nct-crc-nonorm,linear,2,0.65,1.04,0.807878,0.817119,0.808622,0.000743,8.05
resnet50,nct-crc-nonorm,linear,2,0.7,0.39,0.807878,0.817119,0.808257,0.000379,4.1
resnet50,nct-crc-nonorm,linear,2,0.75,0.07,0.807878,0.817119,0.807834,-4.4e-05,-0.48
resnet50,nct-crc-nonorm,linear,2,0.8,0.03,0.807878,0.817119,0.807878,0.0,0.0
resnet50,nct-crc-nonorm,linear,2,0.85,0.0,0.807878,0.817119,0.807878,0.0,0.0
resnet50,nct-crc-nonorm,linear,2,0.9,0.0,0.807878,0.817119,0.807878,0.0,0.0
resnet50,nct-crc-nonorm,linear,2,0.95,0.0,0.807878,0.817119,0.807878,0.0,0.0
resnet50,nct-crc-nonorm,linear,2,1.0,0.0,0.807878,0.817119,0.807878,0.0,0.0
resnet50,nct-crc-nonorm,linear,3,0.0,100.0,0.802609,0.81091,0.81091,0.008301,100.0
resnet50,nct-crc-nonorm,linear,3,0.05,67.97,0.802609,0.81091,0.81091,0.008301,100.0
resnet50,nct-crc-nonorm,linear,3,0.1,56.17,0.802609,0.81091,0.811024,0.008415,101.38
resnet50,nct-crc-nonorm,linear,3,0.15,47.67,0.802609,0.81091,0.811283,0.008674,104.49
resnet50,nct-crc-nonorm,linear,3,0.2,40.67,0.802609,0.81091,0.810721,0.008112,97.72
resnet50,nct-crc-nonorm,linear,3,0.25,34.05,0.802609,0.81091,0.810958,0.00835,100.58
resnet50,nct-crc-nonorm,linear,3,0.3,27.42,0.802609,0.81091,0.809358,0.006749,81.3
resnet50,nct-crc-nonorm,linear,3,0.35,19.68,0.802609,0.81091,0.806645,0.004036,48.62
resnet50,nct-crc-nonorm,linear,3,0.4,14.3,0.802609,0.81091,0.80912,0.006511,78.43
resnet50,nct-crc-nonorm,linear,3,0.45,10.36,0.802609,0.81091,0.806915,0.004306,51.88
resnet50,nct-crc-nonorm,linear,3,0.5,7.08,0.802609,0.81091,0.80527,0.002661,32.06
resnet50,nct-crc-nonorm,linear,3,0.55,4.37,0.802609,0.81091,0.804045,0.001436,17.3
resnet50,nct-crc-nonorm,linear,3,0.6,2.48,0.802609,0.81091,0.803092,0.000483,5.82
resnet50,nct-crc-nonorm,linear,3,0.65,1.0,0.802609,0.81091,0.804335,0.001726,20.79
resnet50,nct-crc-nonorm,linear,3,0.7,0.35,0.802609,0.81091,0.803723,0.001114,13.43
resnet50,nct-crc-nonorm,linear,3,0.75,0.11,0.802609,0.81091,0.802937,0.000328,3.95
resnet50,nct-crc-nonorm,linear,3,0.8,0.04,0.802609,0.81091,0.802609,0.0,0.0
resnet50,nct-crc-nonorm,linear,3,0.85,0.0,0.802609,0.81091,0.802609,0.0,0.0
resnet50,nct-crc-nonorm,linear,3,0.9,0.0,0.802609,0.81091,0.802609,0.0,0.0
resnet50,nct-crc-nonorm,linear,3,0.95,0.0,0.802609,0.81091,0.802609,0.0,0.0
resnet50,nct-crc-nonorm,linear,3,1.0,0.0,0.802609,0.81091,0.802609,0.0,0.0
resnet50,nct-crc-nonorm,linear,42,0.0,100.0,0.802016,0.810675,0.810675,0.00866,100.0
resnet50,nct-crc-nonorm,linear,42,0.05,67.48,0.802016,0.810675,0.810675,0.00866,100.0
resnet50,nct-crc-nonorm,linear,42,0.1,55.79,0.802016,0.810675,0.810675,0.00866,100.0
resnet50,nct-crc-nonorm,linear,42,0.15,47.33,0.802016,0.810675,0.810675,0.00866,100.0
resnet50,nct-crc-nonorm,linear,42,0.2,40.15,0.802016,0.810675,0.810021,0.008005,92.44
resnet50,nct-crc-nonorm,linear,42,0.25,33.7,0.802016,0.810675,0.810548,0.008532,98.53
resnet50,nct-crc-nonorm,linear,42,0.3,26.91,0.802016,0.810675,0.808691,0.006675,77.08
resnet50,nct-crc-nonorm,linear,42,0.35,19.33,0.802016,0.810675,0.807029,0.005013,57.89
resnet50,nct-crc-nonorm,linear,42,0.4,14.43,0.802016,0.810675,0.807527,0.005512,63.65
resnet50,nct-crc-nonorm,linear,42,0.45,10.33,0.802016,0.810675,0.805212,0.003196,36.91
resnet50,nct-crc-nonorm,linear,42,0.5,6.73,0.802016,0.810675,0.804033,0.002017,23.29
resnet50,nct-crc-nonorm,linear,42,0.55,4.36,0.802016,0.810675,0.80354,0.001524,17.6
resnet50,nct-crc-nonorm,linear,42,0.6,2.35,0.802016,0.810675,0.801949,-6.7e-05,-0.77
resnet50,nct-crc-nonorm,linear,42,0.65,1.0,0.802016,0.810675,0.80275,0.000734,8.48
resnet50,nct-crc-nonorm,linear,42,0.7,0.32,0.802016,0.810675,0.802433,0.000418,4.83
resnet50,nct-crc-nonorm,linear,42,0.75,0.11,0.802016,0.810675,0.802237,0.000221,2.56
resnet50,nct-crc-nonorm,linear,42,0.8,0.04,0.802016,0.810675,0.802016,0.0,0.0
resnet50,nct-crc-nonorm,linear,42,0.85,0.0,0.802016,0.810675,0.802016,0.0,0.0
resnet50,nct-crc-nonorm,linear,42,0.9,0.0,0.802016,0.810675,0.802016,0.0,0.0
resnet50,nct-crc-nonorm,linear,42,0.95,0.0,0.802016,0.810675,0.802016,0.0,0.0
resnet50,nct-crc-nonorm,linear,42,1.0,0.0,0.802016,0.810675,0.802016,0.0,0.0
uni2,nct-crc-nonorm,linear,0,0.0,100.0,0.918439,0.91834,0.91834,-9.9e-05,100.0
uni2,nct-crc-nonorm,linear,0,0.05,37.3,0.918439,0.91834,0.91834,-9.9e-05,100.0
uni2,nct-crc-nonorm,linear,0,0.1,28.06,0.918439,0.91834,0.91834,-9.9e-05,100.0
uni2,nct-crc-nonorm,linear,0,0.15,23.83,0.918439,0.91834,0.91834,-9.9e-05,100.0
uni2,nct-crc-nonorm,linear,0,0.2,20.39,0.918439,0.91834,0.91834,-9.9e-05,100.0
uni2,nct-crc-nonorm,linear,0,0.25,17.98,0.918439,0.91834,0.918257,-0.000182,183.69
uni2,nct-crc-nonorm,linear,0,0.3,15.4,0.918439,0.91834,0.917885,-0.000554,557.87
uni2,nct-crc-nonorm,linear,0,0.35,12.76,0.918439,0.91834,0.917071,-0.001368,1378.56
uni2,nct-crc-nonorm,linear,0,0.4,10.63,0.918439,0.91834,0.916628,-0.001811,1825.4
uni2,nct-crc-nonorm,linear,0,0.45,8.26,0.918439,0.91834,0.916699,-0.00174,1753.35
uni2,nct-crc-nonorm,linear,0,0.5,5.93,0.918439,0.91834,0.915783,-0.002656,2676.77
uni2,nct-crc-nonorm,linear,0,0.55,3.84,0.918439,0.91834,0.916467,-0.001972,1987.0
uni2,nct-crc-nonorm,linear,0,0.6,2.08,0.918439,0.91834,0.917981,-0.000458,461.75
uni2,nct-crc-nonorm,linear,0,0.65,1.18,0.918439,0.91834,0.919205,0.000767,-772.55
uni2,nct-crc-nonorm,linear,0,0.7,0.47,0.918439,0.91834,0.919379,0.00094,-947.61
uni2,nct-crc-nonorm,linear,0,0.75,0.21,0.918439,0.91834,0.918527,8.8e-05,-88.83
uni2,nct-crc-nonorm,linear,0,0.8,0.08,0.918439,0.91834,0.918308,-0.000131,132.21
uni2,nct-crc-nonorm,linear,0,0.85,0.04,0.918439,0.91834,0.918439,0.0,-0.0
uni2,nct-crc-nonorm,linear,0,0.9,0.01,0.918439,0.91834,0.918439,0.0,-0.0
uni2,nct-crc-nonorm,linear,0,0.95,0.0,0.918439,0.91834,0.918439,0.0,-0.0
uni2,nct-crc-nonorm,linear,0,1.0,0.0,0.918439,0.91834,0.918439,0.0,-0.0
uni2,nct-crc-nonorm,linear,1,0.0,100.0,0.9301,0.930235,0.930235,0.000135,100.0
uni2,nct-crc-nonorm,linear,1,0.05,39.25,0.9301,0.930235,0.930235,0.000135,100.0
uni2,nct-crc-nonorm,linear,1,0.1,30.0,0.9301,0.930235,0.930235,0.000135,100.0
uni2,nct-crc-nonorm,linear,1,0.15,24.44,0.9301,0.930235,0.930235,0.000135,100.0
uni2,nct-crc-nonorm,linear,1,0.2,20.64,0.9301,0.930235,0.930235,0.000135,100.0
uni2,nct-crc-nonorm,linear,1,0.25,17.31,0.9301,0.930235,0.930343,0.000243,179.33
uni2,nct-crc-nonorm,linear,1,0.3,14.14,0.9301,0.930235,0.93054,0.00044,325.26
uni2,nct-crc-nonorm,linear,1,0.35,11.07,0.9301,0.930235,0.929399,-0.000701,-518.37
uni2,nct-crc-nonorm,linear,1,0.4,8.89,0.9301,0.930235,0.929696,-0.000404,-298.33
uni2,nct-crc-nonorm,linear,1,0.45,7.03,0.9301,0.930235,0.928933,-0.001167,-862.75
uni2,nct-crc-nonorm,linear,1,0.5,4.79,0.9301,0.930235,0.929459,-0.000641,-473.83
uni2,nct-crc-nonorm,linear,1,0.55,3.01,0.9301,0.930235,0.929916,-0.000184,-136.19
uni2,nct-crc-nonorm,linear,1,0.6,1.85,0.9301,0.930235,0.930446,0.000346,255.74
uni2,nct-crc-nonorm,linear,1,0.65,1.09,0.9301,0.930235,0.930709,0.000608,449.62
uni2,nct-crc-nonorm,linear,1,0.7,0.57,0.9301,0.930235,0.930954,0.000854,630.75
uni2,nct-crc-nonorm,linear,1,0.75,0.26,0.9301,0.930235,0.931106,0.001006,743.45
uni2,nct-crc-nonorm,linear,1,0.8,0.1,0.9301,0.930235,0.9301,0.0,0.0
uni2,nct-crc-nonorm,linear,1,0.85,0.04,0.9301,0.930235,0.9301,0.0,0.0
uni2,nct-crc-nonorm,linear,1,0.9,0.0,0.9301,0.930235,0.9301,0.0,0.0
uni2,nct-crc-nonorm,linear,1,0.95,0.0,0.9301,0.930235,0.9301,0.0,0.0
uni2,nct-crc-nonorm,linear,1,1.0,0.0,0.9301,0.930235,0.9301,0.0,0.0
uni2,nct-crc-nonorm,linear,2,0.0,100.0,0.938492,0.936557,0.936557,-0.001935,100.0
uni2,nct-crc-nonorm,linear,2,0.05,39.5,0.938492,0.936557,0.936557,-0.001935,100.0
uni2,nct-crc-nonorm,linear,2,0.1,29.62,0.938492,0.936557,0.936557,-0.001935,100.0
uni2,nct-crc-nonorm,linear,2,0.15,24.23,0.938492,0.936557,0.936557,-0.001935,100.0
uni2,nct-crc-nonorm,linear,2,0.2,20.21,0.938492,0.936557,0.936557,-0.001935,100.0
uni2,nct-crc-nonorm,linear,2,0.25,16.95,0.938492,0.936557,0.936664,-0.001828,94.45
uni2,nct-crc-nonorm,linear,2,0.3,13.79,0.938492,0.936557,0.9364,-0.002091,108.09
uni2,nct-crc-nonorm,linear,2,0.35,10.79,0.938492,0.936557,0.936171,-0.00232,119.91
uni2,nct-crc-nonorm,linear,2,0.4,8.64,0.938492,0.936557,0.935925,-0.002567,132.65
uni2,nct-crc-nonorm,linear,2,0.45,6.7,0.938492,0.936557,0.935663,-0.002828,146.16
uni2,nct-crc-nonorm,linear,2,0.5,4.92,0.938492,0.936557,0.935795,-0.002697,139.38
uni2,nct-crc-nonorm,linear,2,0.55,3.01,0.938492,0.936557,0.93713,-0.001361,70.34
uni2,nct-crc-nonorm,linear,2,0.6,1.7,0.938492,0.936557,0.937698,-0.000794,41.02
uni2,nct-crc-nonorm,linear,2,0.65,0.99,0.938492,0.936557,0.938771,0.00028,-14.45
uni2,nct-crc-nonorm,linear,2,0.7,0.56,0.938492,0.936557,0.93827,-0.000221,11.44
uni2,nct-crc-nonorm,linear,2,0.75,0.26,0.938492,0.936557,0.938555,6.4e-05,-3.3
uni2,nct-crc-nonorm,linear,2,0.8,0.07,0.938492,0.936557,0.938492,0.0,-0.0
uni2,nct-crc-nonorm,linear,2,0.85,0.03,0.938492,0.936557,0.938492,0.0,-0.0
uni2,nct-crc-nonorm,linear,2,0.9,0.0,0.938492,0.936557,0.938492,0.0,-0.0
uni2,nct-crc-nonorm,linear,2,0.95,0.0,0.938492,0.936557,0.938492,0.0,-0.0
uni2,nct-crc-nonorm,linear,2,1.0,0.0,0.938492,0.936557,0.938492,0.0,-0.0
uni2,nct-crc-nonorm,linear,3,0.0,100.0,0.930135,0.931756,0.931756,0.001621,100.0
uni2,nct-crc-nonorm,linear,3,0.05,38.44,0.930135,0.931756,0.931756,0.001621,100.0
uni2,nct-crc-nonorm,linear,3,0.1,29.07,0.930135,0.931756,0.931756,0.001621,100.0
uni2,nct-crc-nonorm,linear,3,0.15,23.91,0.930135,0.931756,0.931756,0.001621,100.0
uni2,nct-crc-nonorm,linear,3,0.2,20.03,0.930135,0.931756,0.931756,0.001621,100.0
uni2,nct-crc-nonorm,linear,3,0.25,16.75,0.930135,0.931756,0.931649,0.001514,93.38
uni2,nct-crc-nonorm,linear,3,0.3,13.93,0.930135,0.931756,0.930983,0.000847,52.27
uni2,nct-crc-nonorm,linear,3,0.35,11.32,0.930135,0.931756,0.930515,0.000379,23.39
uni2,nct-crc-nonorm,linear,3,0.4,9.01,0.930135,0.931756,0.930451,0.000315,19.45
uni2,nct-crc-nonorm,linear,3,0.45,7.01,0.930135,0.931756,0.929806,-0.000329,-20.3
uni2,nct-crc-nonorm,linear,3,0.5,4.94,0.930135,0.931756,0.929958,-0.000177,-10.93
uni2,nct-crc-nonorm,linear,3,0.55,3.13,0.930135,0.931756,0.930507,0.000371,22.91
uni2,nct-crc-nonorm,linear,3,0.6,1.87,0.930135,0.931756,0.931953,0.001818,112.12
uni2,nct-crc-nonorm,linear,3,0.65,1.17,0.930135,0.931756,0.931666,0.001531,94.44
uni2,nct-crc-nonorm,linear,3,0.7,0.58,0.930135,0.931756,0.931469,0.001334,82.28
uni2,nct-crc-nonorm,linear,3,0.75,0.31,0.930135,0.931756,0.931097,0.000962,59.34
uni2,nct-crc-nonorm,linear,3,0.8,0.14,0.930135,0.931756,0.930638,0.000503,31.03
uni2,nct-crc-nonorm,linear,3,0.85,0.03,0.930135,0.931756,0.930135,0.0,0.0
uni2,nct-crc-nonorm,linear,3,0.9,0.01,0.930135,0.931756,0.930135,0.0,0.0
uni2,nct-crc-nonorm,linear,3,0.95,0.0,0.930135,0.931756,0.930135,0.0,0.0
uni2,nct-crc-nonorm,linear,3,1.0,0.0,0.930135,0.931756,0.930135,0.0,0.0
uni2,nct-crc-nonorm,linear,42,0.0,100.0,0.931276,0.931884,0.931884,0.000608,100.0
uni2,nct-crc-nonorm,linear,42,0.05,41.92,0.931276,0.931884,0.931884,0.000608,100.0
uni2,nct-crc-nonorm,linear,42,0.1,32.12,0.931276,0.931884,0.931884,0.000608,100.0
uni2,nct-crc-nonorm,linear,42,0.15,26.34,0.931276,0.931884,0.931884,0.000608,100.0
uni2,nct-crc-nonorm,linear,42,0.2,21.84,0.931276,0.931884,0.931991,0.000715,117.67
uni2,nct-crc-nonorm,linear,42,0.25,18.11,0.931276,0.931884,0.931884,0.000608,100.0
uni2,nct-crc-nonorm,linear,42,0.3,14.69,0.931276,0.931884,0.931759,0.000483,79.49
uni2,nct-crc-nonorm,linear,42,0.35,10.74,0.931276,0.931884,0.931068,-0.000208,-34.18
uni2,nct-crc-nonorm,linear,42,0.4,8.23,0.931276,0.931884,0.930252,-0.001024,-168.47
uni2,nct-crc-nonorm,linear,42,0.45,6.2,0.931276,0.931884,0.92951,-0.001766,-290.7
uni2,nct-crc-nonorm,linear,42,0.5,4.14,0.931276,0.931884,0.929229,-0.002047,-336.87
uni2,nct-crc-nonorm,linear,42,0.55,2.67,0.931276,0.931884,0.930543,-0.000733,-120.58
uni2,nct-crc-nonorm,linear,42,0.6,1.67,0.931276,0.931884,0.93154,0.000264,43.44
uni2,nct-crc-nonorm,linear,42,0.65,1.0,0.931276,0.931884,0.931458,0.000182,30.03
uni2,nct-crc-nonorm,linear,42,0.7,0.61,0.931276,0.931884,0.931341,6.5e-05,10.76
uni2,nct-crc-nonorm,linear,42,0.75,0.36,0.931276,0.931884,0.931604,0.000328,53.95
uni2,nct-crc-nonorm,linear,42,0.8,0.13,0.931276,0.931884,0.931101,-0.000175,-28.85
uni2,nct-crc-nonorm,linear,42,0.85,0.03,0.931276,0.931884,0.931276,0.0,0.0
uni2,nct-crc-nonorm,linear,42,0.9,0.0,0.931276,0.931884,0.931276,0.0,0.0
uni2,nct-crc-nonorm,linear,42,0.95,0.0,0.931276,0.931884,0.931276,0.0,0.0
uni2,nct-crc-nonorm,linear,42,1.0,0.0,0.931276,0.931884,0.931276,0.0,0.0
uni,nct-crc-nonorm,linear,0,0.0,100.0,0.83477,0.829713,0.829713,-0.005057,100.0
uni,nct-crc-nonorm,linear,0,0.05,44.32,0.83477,0.829713,0.829713,-0.005057,100.0
uni,nct-crc-nonorm,linear,0,0.1,35.31,0.83477,0.829713,0.829713,-0.005057,100.0
uni,nct-crc-nonorm,linear,0,0.15,29.5,0.83477,0.829713,0.829713,-0.005057,100.0
uni,nct-crc-nonorm,linear,0,0.2,25.47,0.83477,0.829713,0.8299,-0.004869,96.29
uni,nct-crc-nonorm,linear,0,0.25,20.79,0.83477,0.829713,0.830934,-0.003836,75.86
uni,nct-crc-nonorm,linear,0,0.3,16.57,0.83477,0.829713,0.832704,-0.002066,40.85
uni,nct-crc-nonorm,linear,0,0.35,11.64,0.83477,0.829713,0.835213,0.000444,-8.77
uni,nct-crc-nonorm,linear,0,0.4,8.65,0.83477,0.829713,0.836355,0.001585,-31.34
uni,nct-crc-nonorm,linear,0,0.45,6.75,0.83477,0.829713,0.837973,0.003203,-63.34
uni,nct-crc-nonorm,linear,0,0.5,4.89,0.83477,0.829713,0.836986,0.002216,-43.82
uni,nct-crc-nonorm,linear,0,0.55,3.2,0.83477,0.829713,0.837014,0.002245,-44.39
uni,nct-crc-nonorm,linear,0,0.6,2.05,0.83477,0.829713,0.836037,0.001267,-25.06
uni,nct-crc-nonorm,linear,0,0.65,1.24,0.83477,0.829713,0.835645,0.000875,-17.31
uni,nct-crc-nonorm,linear,0,0.7,0.58,0.83477,0.829713,0.835466,0.000696,-13.76
uni,nct-crc-nonorm,linear,0,0.75,0.19,0.83477,0.829713,0.83496,0.00019,-3.76
uni,nct-crc-nonorm,linear,0,0.8,0.07,0.83477,0.829713,0.834877,0.000107,-2.12
uni,nct-crc-nonorm,linear,0,0.85,0.01,0.83477,0.829713,0.83477,0.0,-0.0
uni,nct-crc-nonorm,linear,0,0.9,0.0,0.83477,0.829713,0.83477,0.0,-0.0
uni,nct-crc-nonorm,linear,0,0.95,0.0,0.83477,0.829713,0.83477,0.0,-0.0
uni,nct-crc-nonorm,linear,0,1.0,0.0,0.83477,0.829713,0.83477,0.0,-0.0
uni,nct-crc-nonorm,linear,1,0.0,100.0,0.846137,0.840609,0.840609,-0.005528,100.0
uni,nct-crc-nonorm,linear,1,0.05,43.97,0.846137,0.840609,0.840609,-0.005528,100.0
uni,nct-crc-nonorm,linear,1,0.1,35.07,0.846137,0.840609,0.840609,-0.005528,100.0
uni,nct-crc-nonorm,linear,1,0.15,29.23,0.846137,0.840609,0.840937,-0.0052,94.07
uni,nct-crc-nonorm,linear,1,0.2,24.46,0.846137,0.840609,0.8413,-0.004837,87.51
uni,nct-crc-nonorm,linear,1,0.25,20.01,0.846137,0.840609,0.84121,-0.004927,89.14
uni,nct-crc-nonorm,linear,1,0.3,15.46,0.846137,0.840609,0.842722,-0.003415,61.78
uni,nct-crc-nonorm,linear,1,0.35,10.14,0.846137,0.840609,0.847418,0.001281,-23.17
uni,nct-crc-nonorm,linear,1,0.4,7.13,0.846137,0.840609,0.847921,0.001784,-32.27
uni,nct-crc-nonorm,linear,1,0.45,5.0,0.846137,0.840609,0.847877,0.00174,-31.48
uni,nct-crc-nonorm,linear,1,0.5,2.91,0.846137,0.840609,0.848135,0.001998,-36.14
uni,nct-crc-nonorm,linear,1,0.55,1.46,0.846137,0.840609,0.847472,0.001335,-24.16
uni,nct-crc-nonorm,linear,1,0.6,0.89,0.846137,0.840609,0.847143,0.001006,-18.2
uni,nct-crc-nonorm,linear,1,0.65,0.38,0.846137,0.840609,0.846948,0.000811,-14.67
uni,nct-crc-nonorm,linear,1,0.7,0.17,0.846137,0.840609,0.847031,0.000894,-16.17
uni,nct-crc-nonorm,linear,1,0.75,0.06,0.846137,0.840609,0.846793,0.000656,-11.86
uni,nct-crc-nonorm,linear,1,0.8,0.03,0.846137,0.840609,0.846465,0.000328,-5.93
uni,nct-crc-nonorm,linear,1,0.85,0.0,0.846137,0.840609,0.846137,0.0,-0.0
uni,nct-crc-nonorm,linear,1,0.9,0.0,0.846137,0.840609,0.846137,0.0,-0.0
uni,nct-crc-nonorm,linear,1,0.95,0.0,0.846137,0.840609,0.846137,0.0,-0.0
uni,nct-crc-nonorm,linear,1,1.0,0.0,0.846137,0.840609,0.846137,0.0,-0.0
uni,nct-crc-nonorm,linear,2,0.0,100.0,0.877137,0.873141,0.873141,-0.003997,100.0
uni,nct-crc-nonorm,linear,2,0.05,41.92,0.877137,0.873141,0.873141,-0.003997,100.0
uni,nct-crc-nonorm,linear,2,0.1,32.03,0.877137,0.873141,0.873328,-0.003809,95.3
uni,nct-crc-nonorm,linear,2,0.15,26.27,0.877137,0.873141,0.873328,-0.003809,95.3
uni,nct-crc-nonorm,linear,2,0.2,21.66,0.877137,0.873141,0.873504,-0.003634,90.92
uni,nct-crc-nonorm,linear,2,0.25,17.94,0.877137,0.873141,0.874235,-0.002902,72.62
uni,nct-crc-nonorm,linear,2,0.3,13.83,0.877137,0.873141,0.875818,-0.00132,33.02
uni,nct-crc-nonorm,linear,2,0.35,8.87,0.877137,0.873141,0.878646,0.001509,-37.75
uni,nct-crc-nonorm,linear,2,0.4,5.63,0.877137,0.873141,0.879554,0.002416,-60.46
uni,nct-crc-nonorm,linear,2,0.45,3.57,0.877137,0.873141,0.879729,0.002592,-64.85
uni,nct-crc-nonorm,linear,2,0.5,2.2,0.877137,0.873141,0.87778,0.000643,-16.08
uni,nct-crc-nonorm,linear,2,0.55,1.21,0.877137,0.873141,0.877097,-4.1e-05,1.01
uni,nct-crc-nonorm,linear,2,0.6,0.57,0.877137,0.873141,0.876751,-0.000386,9.66
uni,nct-crc-nonorm,linear,2,0.65,0.28,0.877137,0.873141,0.877177,4e-05,-1.0
uni,nct-crc-nonorm,linear,2,0.7,0.13,0.877137,0.873141,0.876981,-0.000157,3.92
uni,nct-crc-nonorm,linear,2,0.75,0.06,0.877137,0.873141,0.876981,-0.000157,3.92
uni,nct-crc-nonorm,linear,2,0.8,0.01,0.877137,0.873141,0.876873,-0.000264,6.6
uni,nct-crc-nonorm,linear,2,0.85,0.0,0.877137,0.873141,0.877137,0.0,-0.0
uni,nct-crc-nonorm,linear,2,0.9,0.0,0.877137,0.873141,0.877137,0.0,-0.0
uni,nct-crc-nonorm,linear,2,0.95,0.0,0.877137,0.873141,0.877137,0.0,-0.0
uni,nct-crc-nonorm,linear,2,1.0,0.0,0.877137,0.873141,0.877137,0.0,-0.0
uni,nct-crc-nonorm,linear,3,0.0,100.0,0.872235,0.872616,0.872616,0.000381,100.0
uni,nct-crc-nonorm,linear,3,0.05,39.6,0.872235,0.872616,0.872616,0.000381,100.0
uni,nct-crc-nonorm,linear,3,0.1,30.6,0.872235,0.872616,0.872616,0.000381,100.0
uni,nct-crc-nonorm,linear,3,0.15,25.1,0.872235,0.872616,0.872616,0.000381,100.0
uni,nct-crc-nonorm,linear,3,0.2,21.17,0.872235,0.872616,0.872616,0.000381,100.0
uni,nct-crc-nonorm,linear,3,0.25,17.77,0.872235,0.872616,0.872832,0.000597,156.58
uni,nct-crc-nonorm,linear,3,0.3,13.86,0.872235,0.872616,0.87391,0.001675,439.34
uni,nct-crc-nonorm,linear,3,0.35,8.83,0.872235,0.872616,0.875617,0.003382,886.95
uni,nct-crc-nonorm,linear,3,0.4,5.88,0.872235,0.872616,0.875515,0.00328,860.17
uni,nct-crc-nonorm,linear,3,0.45,3.66,0.872235,0.872616,0.874976,0.002741,718.84
uni,nct-crc-nonorm,linear,3,0.5,2.05,0.872235,0.872616,0.873314,0.001079,282.94
uni,nct-crc-nonorm,linear,3,0.55,0.95,0.872235,0.872616,0.872505,0.00027,70.81
uni,nct-crc-nonorm,linear,3,0.6,0.43,0.872235,0.872616,0.872484,0.000249,65.37
uni,nct-crc-nonorm,linear,3,0.65,0.28,0.872235,0.872616,0.872727,0.000492,128.98
uni,nct-crc-nonorm,linear,3,0.7,0.13,0.872235,0.872616,0.872734,0.000499,130.84
uni,nct-crc-nonorm,linear,3,0.75,0.07,0.872235,0.872616,0.872406,0.000171,44.89
uni,nct-crc-nonorm,linear,3,0.8,0.03,0.872235,0.872616,0.872078,-0.000157,-41.06
uni,nct-crc-nonorm,linear,3,0.85,0.0,0.872235,0.872616,0.872235,0.0,0.0
uni,nct-crc-nonorm,linear,3,0.9,0.0,0.872235,0.872616,0.872235,0.0,0.0
uni,nct-crc-nonorm,linear,3,0.95,0.0,0.872235,0.872616,0.872235,0.0,0.0
uni,nct-crc-nonorm,linear,3,1.0,0.0,0.872235,0.872616,0.872235,0.0,0.0
uni,nct-crc-nonorm,linear,42,0.0,100.0,0.861654,0.856893,0.856893,-0.004761,100.0
uni,nct-crc-nonorm,linear,42,0.05,40.68,0.861654,0.856893,0.856893,-0.004761,100.0
uni,nct-crc-nonorm,linear,42,0.1,32.14,0.861654,0.856893,0.856893,-0.004761,100.0
uni,nct-crc-nonorm,linear,42,0.15,26.28,0.861654,0.856893,0.856893,-0.004761,100.0
uni,nct-crc-nonorm,linear,42,0.2,21.32,0.861654,0.856893,0.857171,-0.004483,94.17
uni,nct-crc-nonorm,linear,42,0.25,17.14,0.861654,0.856893,0.857751,-0.003903,81.97
uni,nct-crc-nonorm,linear,42,0.3,13.11,0.861654,0.856893,0.859854,-0.0018,37.8
uni,nct-crc-nonorm,linear,42,0.35,7.35,0.861654,0.856893,0.864073,0.002419,-50.8
uni,nct-crc-nonorm,linear,42,0.4,5.15,0.861654,0.856893,0.864065,0.002411,-50.63
uni,nct-crc-nonorm,linear,42,0.45,3.23,0.861654,0.856893,0.863946,0.002292,-48.13
uni,nct-crc-nonorm,linear,42,0.5,1.81,0.861654,0.856893,0.863493,0.001839,-38.63
uni,nct-crc-nonorm,linear,42,0.55,1.09,0.861654,0.856893,0.862851,0.001197,-25.14
uni,nct-crc-nonorm,linear,42,0.6,0.63,0.861654,0.856893,0.86213,0.000476,-9.99
uni,nct-crc-nonorm,linear,42,0.65,0.26,0.861654,0.856893,0.862039,0.000385,-8.09
uni,nct-crc-nonorm,linear,42,0.7,0.08,0.861654,0.856893,0.861718,6.4e-05,-1.34
uni,nct-crc-nonorm,linear,42,0.75,0.04,0.861654,0.856893,0.861718,6.4e-05,-1.34
uni,nct-crc-nonorm,linear,42,0.8,0.0,0.861654,0.856893,0.861654,0.0,-0.0
uni,nct-crc-nonorm,linear,42,0.85,0.0,0.861654,0.856893,0.861654,0.0,-0.0
uni,nct-crc-nonorm,linear,42,0.9,0.0,0.861654,0.856893,0.861654,0.0,-0.0
uni,nct-crc-nonorm,linear,42,0.95,0.0,0.861654,0.856893,0.861654,0.0,-0.0
uni,nct-crc-nonorm,linear,42,1.0,0.0,0.861654,0.856893,0.861654,0.0,-0.0
virchow2,nct-crc-nonorm,linear,0,0.0,100.0,0.921859,0.919444,0.919444,-0.002415,100.0
virchow2,nct-crc-nonorm,linear,0,0.05,27.65,0.921859,0.919444,0.919444,-0.002415,100.0
virchow2,nct-crc-nonorm,linear,0,0.1,20.28,0.921859,0.919444,0.919444,-0.002415,100.0
virchow2,nct-crc-nonorm,linear,0,0.15,15.81,0.921859,0.919444,0.919444,-0.002415,100.0
virchow2,nct-crc-nonorm,linear,0,0.2,12.67,0.921859,0.919444,0.919444,-0.002415,100.0
virchow2,nct-crc-nonorm,linear,0,0.25,9.72,0.921859,0.919444,0.919116,-0.002742,113.57
virchow2,nct-crc-nonorm,linear,0,0.3,6.75,0.921859,0.919444,0.919037,-0.002822,116.87
virchow2,nct-crc-nonorm,linear,0,0.35,3.59,0.921859,0.919444,0.918649,-0.00321,132.92
virchow2,nct-crc-nonorm,linear,0,0.4,2.45,0.921859,0.919444,0.919254,-0.002604,107.85
virchow2,nct-crc-nonorm,linear,0,0.45,1.85,0.921859,0.919444,0.920994,-0.000865,35.81
virchow2,nct-crc-nonorm,linear,0,0.5,1.48,0.921859,0.919444,0.92178,-7.9e-05,3.26
virchow2,nct-crc-nonorm,linear,0,0.55,1.2,0.921859,0.919444,0.922108,0.000249,-10.32
virchow2,nct-crc-nonorm,linear,0,0.6,0.95,0.921859,0.919444,0.921697,-0.000162,6.7
virchow2,nct-crc-nonorm,linear,0,0.65,0.7,0.921859,0.919444,0.921614,-0.000245,10.13
virchow2,nct-crc-nonorm,linear,0,0.7,0.31,0.921859,0.919444,0.921859,0.0,-0.0
virchow2,nct-crc-nonorm,linear,0,0.75,0.01,0.921859,0.919444,0.921859,0.0,-0.0
virchow2,nct-crc-nonorm,linear,0,0.8,0.0,0.921859,0.919444,0.921859,0.0,-0.0
virchow2,nct-crc-nonorm,linear,0,0.85,0.0,0.921859,0.919444,0.921859,0.0,-0.0
virchow2,nct-crc-nonorm,linear,0,0.9,0.0,0.921859,0.919444,0.921859,0.0,-0.0
virchow2,nct-crc-nonorm,linear,0,0.95,0.0,0.921859,0.919444,0.921859,0.0,-0.0
virchow2,nct-crc-nonorm,linear,0,1.0,0.0,0.921859,0.919444,0.921859,0.0,-0.0
virchow2,nct-crc-nonorm,linear,1,0.0,100.0,0.903622,0.905735,0.905735,0.002113,100.0
virchow2,nct-crc-nonorm,linear,1,0.05,29.94,0.903622,0.905735,0.905735,0.002113,100.0
virchow2,nct-crc-nonorm,linear,1,0.1,22.72,0.903622,0.905735,0.905735,0.002113,100.0
virchow2,nct-crc-nonorm,linear,1,0.15,17.8,0.903622,0.905735,0.905735,0.002113,100.0
virchow2,nct-crc-nonorm,linear,1,0.2,14.23,0.903622,0.905735,0.90552,0.001898,89.84
virchow2,nct-crc-nonorm,linear,1,0.25,11.3,0.903622,0.905735,0.905305,0.001683,79.68
virchow2,nct-crc-nonorm,linear,1,0.3,7.7,0.903622,0.905735,0.904339,0.000717,33.95
virchow2,nct-crc-nonorm,linear,1,0.35,3.61,0.903622,0.905735,0.901727,-0.001895,-89.69
virchow2,nct-crc-nonorm,linear,1,0.4,2.53,0.903622,0.905735,0.90303,-0.000592,-28.0
virchow2,nct-crc-nonorm,linear,1,0.45,1.8,0.903622,0.905735,0.903533,-8.9e-05,-4.2
virchow2,nct-crc-nonorm,linear,1,0.5,1.35,0.903622,0.905735,0.903867,0.000245,11.58
virchow2,nct-crc-nonorm,linear,1,0.55,1.0,0.903622,0.905735,0.903622,0.0,0.0
virchow2,nct-crc-nonorm,linear,1,0.6,0.71,0.903622,0.905735,0.903622,0.0,0.0
virchow2,nct-crc-nonorm,linear,1,0.65,0.45,0.903622,0.905735,0.903622,0.0,0.0
virchow2,nct-crc-nonorm,linear,1,0.7,0.1,0.903622,0.905735,0.903705,8.3e-05,3.93
virchow2,nct-crc-nonorm,linear,1,0.75,0.04,0.903622,0.905735,0.903622,0.0,0.0
virchow2,nct-crc-nonorm,linear,1,0.8,0.0,0.903622,0.905735,0.903622,0.0,0.0
virchow2,nct-crc-nonorm,linear,1,0.85,0.0,0.903622,0.905735,0.903622,0.0,0.0
virchow2,nct-crc-nonorm,linear,1,0.9,0.0,0.903622,0.905735,0.903622,0.0,0.0
virchow2,nct-crc-nonorm,linear,1,0.95,0.0,0.903622,0.905735,0.903622,0.0,0.0
virchow2,nct-crc-nonorm,linear,1,1.0,0.0,0.903622,0.905735,0.903622,0.0,0.0
virchow2,nct-crc-nonorm,linear,2,0.0,100.0,0.915492,0.916519,0.916519,0.001027,100.0
virchow2,nct-crc-nonorm,linear,2,0.05,27.34,0.915492,0.916519,0.916519,0.001027,100.0
virchow2,nct-crc-nonorm,linear,2,0.1,20.38,0.915492,0.916519,0.916519,0.001027,100.0
virchow2,nct-crc-nonorm,linear,2,0.15,16.59,0.915492,0.916519,0.916519,0.001027,100.0
virchow2,nct-crc-nonorm,linear,2,0.2,13.02,0.915492,0.916519,0.916519,0.001027,100.0
virchow2,nct-crc-nonorm,linear,2,0.25,10.06,0.915492,0.916519,0.916412,0.00092,89.55
virchow2,nct-crc-nonorm,linear,2,0.3,6.75,0.915492,0.916519,0.916544,0.001052,102.43
virchow2,nct-crc-nonorm,linear,2,0.35,3.18,0.915492,0.916519,0.914505,-0.000987,-96.16
virchow2,nct-crc-nonorm,linear,2,0.4,2.47,0.915492,0.916519,0.915014,-0.000479,-46.62
virchow2,nct-crc-nonorm,linear,2,0.45,1.87,0.915492,0.916519,0.916295,0.000802,78.14
virchow2,nct-crc-nonorm,linear,2,0.5,1.43,0.915492,0.916519,0.916314,0.000822,80.01
virchow2,nct-crc-nonorm,linear,2,0.55,1.02,0.915492,0.916519,0.916397,0.000905,88.09
virchow2,nct-crc-nonorm,linear,2,0.6,0.5,0.915492,0.916519,0.916069,0.000577,56.18
virchow2,nct-crc-nonorm,linear,2,0.65,0.33,0.915492,0.916519,0.916397,0.000905,88.09
virchow2,nct-crc-nonorm,linear,2,0.7,0.1,0.915492,0.916519,0.915575,8.3e-05,8.09
virchow2,nct-crc-nonorm,linear,2,0.75,0.07,0.915492,0.916519,0.915575,8.3e-05,8.09
virchow2,nct-crc-nonorm,linear,2,0.8,0.0,0.915492,0.916519,0.915492,0.0,0.0
virchow2,nct-crc-nonorm,linear,2,0.85,0.0,0.915492,0.916519,0.915492,0.0,0.0
virchow2,nct-crc-nonorm,linear,2,0.9,0.0,0.915492,0.916519,0.915492,0.0,0.0
virchow2,nct-crc-nonorm,linear,2,0.95,0.0,0.915492,0.916519,0.915492,0.0,0.0
virchow2,nct-crc-nonorm,linear,2,1.0,0.0,0.915492,0.916519,0.915492,0.0,0.0
virchow2,nct-crc-nonorm,linear,3,0.0,100.0,0.913331,0.916454,0.916454,0.003123,100.0
virchow2,nct-crc-nonorm,linear,3,0.05,32.09,0.913331,0.916454,0.916454,0.003123,100.0
virchow2,nct-crc-nonorm,linear,3,0.1,23.83,0.913331,0.916454,0.916454,0.003123,100.0
virchow2,nct-crc-nonorm,linear,3,0.15,19.35,0.913331,0.916454,0.916454,0.003123,100.0
virchow2,nct-crc-nonorm,linear,3,0.2,15.77,0.913331,0.916454,0.916454,0.003123,100.0
virchow2,nct-crc-nonorm,linear,3,0.25,12.17,0.913331,0.916454,0.91624,0.002908,93.12
virchow2,nct-crc-nonorm,linear,3,0.3,7.99,0.913331,0.916454,0.915838,0.002506,80.26
virchow2,nct-crc-nonorm,linear,3,0.35,3.77,0.913331,0.916454,0.915531,0.0022,70.44
virchow2,nct-crc-nonorm,linear,3,0.4,2.48,0.913331,0.916454,0.915591,0.002259,72.34
virchow2,nct-crc-nonorm,linear,3,0.45,1.67,0.913331,0.916454,0.914319,0.000988,31.63
virchow2,nct-crc-nonorm,linear,3,0.5,1.41,0.913331,0.916454,0.914583,0.001252,40.08
virchow2,nct-crc-nonorm,linear,3,0.55,1.07,0.913331,0.916454,0.913908,0.000577,18.47
virchow2,nct-crc-nonorm,linear,3,0.6,0.65,0.913331,0.916454,0.913825,0.000494,15.81
virchow2,nct-crc-nonorm,linear,3,0.65,0.43,0.913331,0.916454,0.913498,0.000166,5.32
virchow2,nct-crc-nonorm,linear,3,0.7,0.14,0.913331,0.916454,0.913414,8.3e-05,2.66
virchow2,nct-crc-nonorm,linear,3,0.75,0.04,0.913331,0.916454,0.913331,0.0,0.0
virchow2,nct-crc-nonorm,linear,3,0.8,0.0,0.913331,0.916454,0.913331,0.0,0.0
virchow2,nct-crc-nonorm,linear,3,0.85,0.0,0.913331,0.916454,0.913331,0.0,0.0
virchow2,nct-crc-nonorm,linear,3,0.9,0.0,0.913331,0.916454,0.913331,0.0,0.0
virchow2,nct-crc-nonorm,linear,3,0.95,0.0,0.913331,0.916454,0.913331,0.0,0.0
virchow2,nct-crc-nonorm,linear,3,1.0,0.0,0.913331,0.916454,0.913331,0.0,0.0
virchow2,nct-crc-nonorm,linear,42,0.0,100.0,0.925436,0.928415,0.928415,0.002978,100.0
virchow2,nct-crc-nonorm,linear,42,0.05,30.71,0.925436,0.928415,0.928415,0.002978,100.0
virchow2,nct-crc-nonorm,linear,42,0.1,22.6,0.925436,0.928415,0.928415,0.002978,100.0
virchow2,nct-crc-nonorm,linear,42,0.15,17.8,0.925436,0.928415,0.928415,0.002978,100.0
virchow2,nct-crc-nonorm,linear,42,0.2,14.23,0.925436,0.928415,0.928415,0.002978,100.0
virchow2,nct-crc-nonorm,linear,42,0.25,10.71,0.925436,0.928415,0.9282,0.002764,92.79
virchow2,nct-crc-nonorm,linear,42,0.3,6.98,0.925436,0.928415,0.92777,0.002334,78.37
virchow2,nct-crc-nonorm,linear,42,0.35,2.9,0.925436,0.928415,0.926394,0.000958,32.15
virchow2,nct-crc-nonorm,linear,42,0.4,2.14,0.925436,0.928415,0.925387,-4.9e-05,-1.66
virchow2,nct-crc-nonorm,linear,42,0.45,1.57,0.925436,0.928415,0.925788,0.000352,11.82
virchow2,nct-crc-nonorm,linear,42,0.5,1.27,0.925436,0.928415,0.9259,0.000463,15.56
virchow2,nct-crc-nonorm,linear,42,0.55,0.99,0.925436,0.928415,0.925817,0.00038,12.77
virchow2,nct-crc-nonorm,linear,42,0.6,0.7,0.925436,0.928415,0.926144,0.000708,23.78
virchow2,nct-crc-nonorm,linear,42,0.65,0.5,0.925436,0.928415,0.926144,0.000708,23.78
virchow2,nct-crc-nonorm,linear,42,0.7,0.25,0.925436,0.928415,0.926013,0.000577,19.37
virchow2,nct-crc-nonorm,linear,42,0.75,0.04,0.925436,0.928415,0.925519,8.3e-05,2.79
virchow2,nct-crc-nonorm,linear,42,0.8,0.01,0.925436,0.928415,0.925436,0.0,0.0
virchow2,nct-crc-nonorm,linear,42,0.85,0.0,0.925436,0.928415,0.925436,0.0,0.0
virchow2,nct-crc-nonorm,linear,42,0.9,0.0,0.925436,0.928415,0.925436,0.0,0.0
virchow2,nct-crc-nonorm,linear,42,0.95,0.0,0.925436,0.928415,0.925436,0.0,0.0
virchow2,nct-crc-nonorm,linear,42,1.0,0.0,0.925436,0.928415,0.925436,0.0,0.0
virchow,nct-crc-nonorm,linear,0,0.0,100.0,0.831144,0.835704,0.835704,0.004559,100.0
virchow,nct-crc-nonorm,linear,0,0.05,39.6,0.831144,0.835704,0.835704,0.004559,100.0
virchow,nct-crc-nonorm,linear,0,0.1,30.95,0.831144,0.835704,0.835787,0.004643,101.82
virchow,nct-crc-nonorm,linear,0,0.15,25.42,0.831144,0.835704,0.83587,0.004726,103.64
virchow,nct-crc-nonorm,linear,0,0.2,20.36,0.831144,0.835704,0.836306,0.005162,113.22
virchow,nct-crc-nonorm,linear,0,0.25,15.49,0.831144,0.835704,0.836901,0.005757,126.26
virchow,nct-crc-nonorm,linear,0,0.3,10.03,0.831144,0.835704,0.837995,0.006851,150.26
virchow,nct-crc-nonorm,linear,0,0.35,4.89,0.831144,0.835704,0.840736,0.009592,210.37
virchow,nct-crc-nonorm,linear,0,0.4,3.87,0.831144,0.835704,0.840489,0.009345,204.96
virchow,nct-crc-nonorm,linear,0,0.45,3.02,0.831144,0.835704,0.839391,0.008247,180.86
virchow,nct-crc-nonorm,linear,0,0.5,2.41,0.831144,0.835704,0.839117,0.007973,174.87
virchow,nct-crc-nonorm,linear,0,0.55,1.67,0.831144,0.835704,0.838703,0.007559,165.78
virchow,nct-crc-nonorm,linear,0,0.6,0.99,0.831144,0.835704,0.836061,0.004916,107.83
virchow,nct-crc-nonorm,linear,0,0.65,0.45,0.831144,0.835704,0.833111,0.001967,43.13
virchow,nct-crc-nonorm,linear,0,0.7,0.1,0.831144,0.835704,0.8318,0.000656,14.38
virchow,nct-crc-nonorm,linear,0,0.75,0.04,0.831144,0.835704,0.831472,0.000328,7.19
virchow,nct-crc-nonorm,linear,0,0.8,0.0,0.831144,0.835704,0.831144,0.0,0.0
virchow,nct-crc-nonorm,linear,0,0.85,0.0,0.831144,0.835704,0.831144,0.0,0.0
virchow,nct-crc-nonorm,linear,0,0.9,0.0,0.831144,0.835704,0.831144,0.0,0.0
virchow,nct-crc-nonorm,linear,0,0.95,0.0,0.831144,0.835704,0.831144,0.0,0.0
virchow,nct-crc-nonorm,linear,0,1.0,0.0,0.831144,0.835704,0.831144,0.0,0.0
virchow,nct-crc-nonorm,linear,1,0.0,100.0,0.810285,0.80513,0.80513,-0.005155,100.0
virchow,nct-crc-nonorm,linear,1,0.05,41.67,0.810285,0.80513,0.80513,-0.005155,100.0
virchow,nct-crc-nonorm,linear,1,0.1,33.43,0.810285,0.80513,0.80513,-0.005155,100.0
virchow,nct-crc-nonorm,linear,1,0.15,27.42,0.810285,0.80513,0.805082,-0.005203,100.93
virchow,nct-crc-nonorm,linear,1,0.2,22.24,0.810285,0.80513,0.805907,-0.004378,84.93
virchow,nct-crc-nonorm,linear,1,0.25,17.42,0.810285,0.80513,0.806336,-0.00395,76.62
virchow,nct-crc-nonorm,linear,1,0.3,12.08,0.810285,0.80513,0.807848,-0.002437,47.28
virchow,nct-crc-nonorm,linear,1,0.35,5.84,0.810285,0.80513,0.81105,0.000764,-14.83
virchow,nct-crc-nonorm,linear,1,0.4,4.33,0.810285,0.80513,0.811722,0.001436,-27.87
virchow,nct-crc-nonorm,linear,1,0.45,3.4,0.810285,0.80513,0.811283,0.000998,-19.36
virchow,nct-crc-nonorm,linear,1,0.5,2.52,0.810285,0.80513,0.811259,0.000974,-18.89
virchow,nct-crc-nonorm,linear,1,0.55,1.75,0.810285,0.80513,0.810854,0.000568,-11.03
virchow,nct-crc-nonorm,linear,1,0.6,1.13,0.810285,0.80513,0.810368,8.3e-05,-1.61
virchow,nct-crc-nonorm,linear,1,0.65,0.71,0.810285,0.80513,0.809957,-0.000328,6.36
virchow,nct-crc-nonorm,linear,1,0.7,0.4,0.810285,0.80513,0.809957,-0.000328,6.36
virchow,nct-crc-nonorm,linear,1,0.75,0.19,0.810285,0.80513,0.810285,0.0,-0.0
virchow,nct-crc-nonorm,linear,1,0.8,0.01,0.810285,0.80513,0.810285,0.0,-0.0
virchow,nct-crc-nonorm,linear,1,0.85,0.0,0.810285,0.80513,0.810285,0.0,-0.0
virchow,nct-crc-nonorm,linear,1,0.9,0.0,0.810285,0.80513,0.810285,0.0,-0.0
virchow,nct-crc-nonorm,linear,1,0.95,0.0,0.810285,0.80513,0.810285,0.0,-0.0
virchow,nct-crc-nonorm,linear,1,1.0,0.0,0.810285,0.80513,0.810285,0.0,-0.0
virchow,nct-crc-nonorm,linear,2,0.0,100.0,0.80942,0.815966,0.815966,0.006546,100.0
virchow,nct-crc-nonorm,linear,2,0.05,40.08,0.80942,0.815966,0.815966,0.006546,100.0
virchow,nct-crc-nonorm,linear,2,0.1,32.03,0.80942,0.815966,0.815918,0.006498,99.26
virchow,nct-crc-nonorm,linear,2,0.15,26.38,0.80942,0.815966,0.81666,0.00724,110.6
virchow,nct-crc-nonorm,linear,2,0.2,21.69,0.80942,0.815966,0.816686,0.007266,111.01
virchow,nct-crc-nonorm,linear,2,0.25,16.62,0.80942,0.815966,0.816627,0.007207,110.1
virchow,nct-crc-nonorm,linear,2,0.3,11.41,0.80942,0.815966,0.818078,0.008658,132.27
virchow,nct-crc-nonorm,linear,2,0.35,6.03,0.80942,0.815966,0.820355,0.010935,167.05
virchow,nct-crc-nonorm,linear,2,0.4,4.76,0.80942,0.815966,0.820488,0.011068,169.09
virchow,nct-crc-nonorm,linear,2,0.45,3.64,0.80942,0.815966,0.820505,0.011085,169.34
virchow,nct-crc-nonorm,linear,2,0.5,2.66,0.80942,0.815966,0.818282,0.008862,135.38
virchow,nct-crc-nonorm,linear,2,0.55,1.81,0.80942,0.815966,0.817662,0.008242,125.91
virchow,nct-crc-nonorm,linear,2,0.6,1.11,0.80942,0.815966,0.816175,0.006755,103.19
virchow,nct-crc-nonorm,linear,2,0.65,0.63,0.80942,0.815966,0.814337,0.004916,75.11
virchow,nct-crc-nonorm,linear,2,0.7,0.28,0.80942,0.815966,0.81237,0.00295,45.06
virchow,nct-crc-nonorm,linear,2,0.75,0.08,0.80942,0.815966,0.811059,0.001639,25.04
virchow,nct-crc-nonorm,linear,2,0.8,0.01,0.80942,0.815966,0.809748,0.000328,5.01
virchow,nct-crc-nonorm,linear,2,0.85,0.01,0.80942,0.815966,0.809748,0.000328,5.01
virchow,nct-crc-nonorm,linear,2,0.9,0.0,0.80942,0.815966,0.80942,0.0,0.0
virchow,nct-crc-nonorm,linear,2,0.95,0.0,0.80942,0.815966,0.80942,0.0,0.0
virchow,nct-crc-nonorm,linear,2,1.0,0.0,0.80942,0.815966,0.80942,0.0,0.0
virchow,nct-crc-nonorm,linear,3,0.0,100.0,0.823362,0.830826,0.830826,0.007464,100.0
virchow,nct-crc-nonorm,linear,3,0.05,41.48,0.823362,0.830826,0.830826,0.007464,100.0
virchow,nct-crc-nonorm,linear,3,0.1,32.95,0.823362,0.830826,0.830826,0.007464,100.0
virchow,nct-crc-nonorm,linear,3,0.15,27.08,0.823362,0.830826,0.831075,0.007713,103.34
virchow,nct-crc-nonorm,linear,3,0.2,22.13,0.823362,0.830826,0.831551,0.008189,109.72
virchow,nct-crc-nonorm,linear,3,0.25,17.2,0.823362,0.830826,0.831658,0.008296,111.16
virchow,nct-crc-nonorm,linear,3,0.3,12.28,0.823362,0.830826,0.834196,0.010835,145.16
virchow,nct-crc-nonorm,linear,3,0.35,6.38,0.823362,0.830826,0.838022,0.01466,196.42
virchow,nct-crc-nonorm,linear,3,0.4,4.83,0.823362,0.830826,0.837634,0.014272,191.22
virchow,nct-crc-nonorm,linear,3,0.45,3.52,0.823362,0.830826,0.836639,0.013277,177.89
virchow,nct-crc-nonorm,linear,3,0.5,2.45,0.823362,0.830826,0.83523,0.011868,159.01
virchow,nct-crc-nonorm,linear,3,0.55,1.78,0.823362,0.830826,0.834447,0.011085,148.52
virchow,nct-crc-nonorm,linear,3,0.6,1.17,0.823362,0.830826,0.832701,0.009339,125.13
virchow,nct-crc-nonorm,linear,3,0.65,0.82,0.823362,0.830826,0.831228,0.007866,105.39
virchow,nct-crc-nonorm,linear,3,0.7,0.49,0.823362,0.830826,0.828606,0.005244,70.26
virchow,nct-crc-nonorm,linear,3,0.75,0.21,0.823362,0.830826,0.825328,0.001967,26.35
virchow,nct-crc-nonorm,linear,3,0.8,0.04,0.823362,0.830826,0.824017,0.000656,8.78
virchow,nct-crc-nonorm,linear,3,0.85,0.0,0.823362,0.830826,0.823362,0.0,0.0
virchow,nct-crc-nonorm,linear,3,0.9,0.0,0.823362,0.830826,0.823362,0.0,0.0
virchow,nct-crc-nonorm,linear,3,0.95,0.0,0.823362,0.830826,0.823362,0.0,0.0
virchow,nct-crc-nonorm,linear,3,1.0,0.0,0.823362,0.830826,0.823362,0.0,0.0
virchow,nct-crc-nonorm,linear,42,0.0,100.0,0.805077,0.803939,0.803939,-0.001138,100.0
virchow,nct-crc-nonorm,linear,42,0.05,40.21,0.805077,0.803939,0.803939,-0.001138,100.0
virchow,nct-crc-nonorm,linear,42,0.1,32.9,0.805077,0.803939,0.803939,-0.001138,100.0
virchow,nct-crc-nonorm,linear,42,0.15,27.59,0.805077,0.803939,0.80405,-0.001027,90.23
virchow,nct-crc-nonorm,linear,42,0.2,23.12,0.805077,0.803939,0.804306,-0.000771,67.78
virchow,nct-crc-nonorm,linear,42,0.25,18.29,0.805077,0.803939,0.804612,-0.000465,40.86
virchow,nct-crc-nonorm,linear,42,0.3,12.69,0.805077,0.803939,0.806724,0.001647,-144.72
virchow,nct-crc-nonorm,linear,42,0.35,7.17,0.805077,0.803939,0.811018,0.005941,-522.11
virchow,nct-crc-nonorm,linear,42,0.4,5.33,0.805077,0.803939,0.811218,0.006141,-539.65
virchow,nct-crc-nonorm,linear,42,0.45,4.05,0.805077,0.803939,0.811024,0.005947,-522.61
virchow,nct-crc-nonorm,linear,42,0.5,2.73,0.805077,0.803939,0.810016,0.004939,-434.0
virchow,nct-crc-nonorm,linear,42,0.55,1.5,0.805077,0.803939,0.809494,0.004418,-388.2
virchow,nct-crc-nonorm,linear,42,0.6,0.97,0.805077,0.803939,0.80904,0.003963,-348.27
virchow,nct-crc-nonorm,linear,42,0.65,0.56,0.805077,0.803939,0.808682,0.003605,-316.83
virchow,nct-crc-nonorm,linear,42,0.7,0.35,0.805077,0.803939,0.808027,0.00295,-259.23
virchow,nct-crc-nonorm,linear,42,0.75,0.1,0.805077,0.803939,0.805405,0.000328,-28.8
virchow,nct-crc-nonorm,linear,42,0.8,0.03,0.805077,0.803939,0.804749,-0.000328,28.8
virchow,nct-crc-nonorm,linear,42,0.85,0.01,0.805077,0.803939,0.804749,-0.000328,28.8
virchow,nct-crc-nonorm,linear,42,0.9,0.0,0.805077,0.803939,0.805077,0.0,-0.0
virchow,nct-crc-nonorm,linear,42,0.95,0.0,0.805077,0.803939,0.805077,0.0,-0.0
virchow,nct-crc-nonorm,linear,42,1.0,0.0,0.805077,0.803939,0.805077,0.0,-0.0
convnextv2_base,tcga-ut,linear,0,0.0,100.0,0.494971,0.507088,0.507088,0.012117,100.0
convnextv2_base,tcga-ut,linear,0,0.05,85.07,0.494971,0.507088,0.507088,0.012117,100.0
convnextv2_base,tcga-ut,linear,0,0.1,78.72,0.494971,0.507088,0.507088,0.012117,100.0
convnextv2_base,tcga-ut,linear,0,0.15,73.62,0.494971,0.507088,0.507096,0.012126,100.07
convnextv2_base,tcga-ut,linear,0,0.2,68.65,0.494971,0.507088,0.506951,0.01198,98.87
convnextv2_base,tcga-ut,linear,0,0.25,63.64,0.494971,0.507088,0.506109,0.011139,91.92
convnextv2_base,tcga-ut,linear,0,0.3,58.77,0.494971,0.507088,0.505504,0.010533,86.92
convnextv2_base,tcga-ut,linear,0,0.35,53.82,0.494971,0.507088,0.504711,0.009741,80.39
convnextv2_base,tcga-ut,linear,0,0.4,48.3,0.494971,0.507088,0.504133,0.009162,75.61
convnextv2_base,tcga-ut,linear,0,0.45,42.11,0.494971,0.507088,0.503302,0.008331,68.75
convnextv2_base,tcga-ut,linear,0,0.5,35.29,0.494971,0.507088,0.502148,0.007177,59.23
convnextv2_base,tcga-ut,linear,0,0.55,27.7,0.494971,0.507088,0.500666,0.005696,47.01
convnextv2_base,tcga-ut,linear,0,0.6,20.0,0.494971,0.507088,0.499157,0.004186,34.55
convnextv2_base,tcga-ut,linear,0,0.65,12.52,0.494971,0.507088,0.497217,0.002246,18.54
convnextv2_base,tcga-ut,linear,0,0.7,6.26,0.494971,0.507088,0.496042,0.001071,8.84
convnextv2_base,tcga-ut,linear,0,0.75,2.3,0.494971,0.507088,0.495637,0.000667,5.5
convnextv2_base,tcga-ut,linear,0,0.8,0.43,0.494971,0.507088,0.495166,0.000195,1.61
convnextv2_base,tcga-ut,linear,0,0.85,0.03,0.494971,0.507088,0.49503,6e-05,0.49
convnextv2_base,tcga-ut,linear,0,0.9,0.0,0.494971,0.507088,0.494971,0.0,0.0
convnextv2_base,tcga-ut,linear,0,0.95,0.0,0.494971,0.507088,0.494971,0.0,0.0
convnextv2_base,tcga-ut,linear,0,1.0,0.0,0.494971,0.507088,0.494971,0.0,0.0
convnextv2_base,tcga-ut,linear,1,0.0,100.0,0.49609,0.513462,0.513462,0.017372,100.0
convnextv2_base,tcga-ut,linear,1,0.05,84.98,0.49609,0.513462,0.513462,0.017372,100.0
convnextv2_base,tcga-ut,linear,1,0.1,78.92,0.49609,0.513462,0.513462,0.017372,100.0
convnextv2_base,tcga-ut,linear,1,0.15,74.07,0.49609,0.513462,0.513453,0.017363,99.95
convnextv2_base,tcga-ut,linear,1,0.2,69.31,0.49609,0.513462,0.513405,0.017315,99.67
convnextv2_base,tcga-ut,linear,1,0.25,64.49,0.49609,0.513462,0.512537,0.016447,94.68
convnextv2_base,tcga-ut,linear,1,0.3,59.81,0.49609,0.513462,0.511698,0.015608,89.84
convnextv2_base,tcga-ut,linear,1,0.35,55.03,0.49609,0.513462,0.510495,0.014405,82.92
convnextv2_base,tcga-ut,linear,1,0.4,49.65,0.49609,0.513462,0.509787,0.013697,78.84
convnextv2_base,tcga-ut,linear,1,0.45,43.7,0.49609,0.513462,0.508744,0.012654,72.84
convnextv2_base,tcga-ut,linear,1,0.5,37.05,0.49609,0.513462,0.507325,0.011235,64.67
convnextv2_base,tcga-ut,linear,1,0.55,29.64,0.49609,0.513462,0.505035,0.008945,51.49
convnextv2_base,tcga-ut,linear,1,0.6,21.89,0.49609,0.513462,0.503388,0.007298,42.01
convnextv2_base,tcga-ut,linear,1,0.65,14.19,0.49609,0.513462,0.500319,0.00423,24.35
convnextv2_base,tcga-ut,linear,1,0.7,7.53,0.49609,0.513462,0.498193,0.002103,12.11
convnextv2_base,tcga-ut,linear,1,0.75,2.83,0.49609,0.513462,0.496887,0.000797,4.59
convnextv2_base,tcga-ut,linear,1,0.8,0.49,0.49609,0.513462,0.49605,-4e-05,-0.23
convnextv2_base,tcga-ut,linear,1,0.85,0.02,0.49609,0.513462,0.49609,0.0,0.0
convnextv2_base,tcga-ut,linear,1,0.9,0.0,0.49609,0.513462,0.49609,0.0,0.0
convnextv2_base,tcga-ut,linear,1,0.95,0.0,0.49609,0.513462,0.49609,0.0,0.0
convnextv2_base,tcga-ut,linear,1,1.0,0.0,0.49609,0.513462,0.49609,0.0,0.0
convnextv2_base,tcga-ut,linear,2,0.0,100.0,0.499261,0.511681,0.511681,0.01242,100.0
convnextv2_base,tcga-ut,linear,2,0.05,84.88,0.499261,0.511681,0.511681,0.01242,100.0
convnextv2_base,tcga-ut,linear,2,0.1,78.73,0.499261,0.511681,0.511717,0.012456,100.29
convnextv2_base,tcga-ut,linear,2,0.15,73.8,0.499261,0.511681,0.511717,0.012456,100.29
convnextv2_base,tcga-ut,linear,2,0.2,69.06,0.499261,0.511681,0.511653,0.012393,99.78
convnextv2_base,tcga-ut,linear,2,0.25,64.21,0.499261,0.511681,0.511043,0.011782,94.87
convnextv2_base,tcga-ut,linear,2,0.3,59.6,0.499261,0.511681,0.51029,0.011029,88.8
convnextv2_base,tcga-ut,linear,2,0.35,54.57,0.499261,0.511681,0.509529,0.010268,82.68
convnextv2_base,tcga-ut,linear,2,0.4,48.82,0.499261,0.511681,0.509006,0.009745,78.46
convnextv2_base,tcga-ut,linear,2,0.45,42.62,0.499261,0.511681,0.508473,0.009212,74.17
convnextv2_base,tcga-ut,linear,2,0.5,35.74,0.499261,0.511681,0.507258,0.007998,64.39
convnextv2_base,tcga-ut,linear,2,0.55,28.25,0.499261,0.511681,0.50616,0.006899,55.55
convnextv2_base,tcga-ut,linear,2,0.6,20.57,0.499261,0.511681,0.504932,0.005671,45.66
convnextv2_base,tcga-ut,linear,2,0.65,12.9,0.499261,0.511681,0.50262,0.003359,27.04
convnextv2_base,tcga-ut,linear,2,0.7,6.36,0.499261,0.511681,0.500674,0.001413,11.38
convnextv2_base,tcga-ut,linear,2,0.75,2.25,0.499261,0.511681,0.500587,0.001326,10.68
convnextv2_base,tcga-ut,linear,2,0.8,0.36,0.499261,0.511681,0.499537,0.000276,2.22
convnextv2_base,tcga-ut,linear,2,0.85,0.01,0.499261,0.511681,0.499261,0.0,0.0
convnextv2_base,tcga-ut,linear,2,0.9,0.0,0.499261,0.511681,0.499261,0.0,0.0
convnextv2_base,tcga-ut,linear,2,0.95,0.0,0.499261,0.511681,0.499261,0.0,0.0
convnextv2_base,tcga-ut,linear,2,1.0,0.0,0.499261,0.511681,0.499261,0.0,0.0
convnextv2_base,tcga-ut,linear,3,0.0,100.0,0.493645,0.504866,0.504866,0.011221,100.0
convnextv2_base,tcga-ut,linear,3,0.05,84.71,0.493645,0.504866,0.504866,0.011221,100.0
convnextv2_base,tcga-ut,linear,3,0.1,78.54,0.493645,0.504866,0.504902,0.011256,100.32
convnextv2_base,tcga-ut,linear,3,0.15,73.48,0.493645,0.504866,0.504893,0.011247,100.24
convnextv2_base,tcga-ut,linear,3,0.2,68.71,0.493645,0.504866,0.504643,0.010998,98.02
convnextv2_base,tcga-ut,linear,3,0.25,63.74,0.493645,0.504866,0.504019,0.010374,92.45
convnextv2_base,tcga-ut,linear,3,0.3,59.05,0.493645,0.504866,0.503584,0.009939,88.58
convnextv2_base,tcga-ut,linear,3,0.35,53.95,0.493645,0.504866,0.503397,0.009752,86.91
convnextv2_base,tcga-ut,linear,3,0.4,48.35,0.493645,0.504866,0.502862,0.009216,82.14
convnextv2_base,tcga-ut,linear,3,0.45,42.07,0.493645,0.504866,0.502493,0.008848,78.85
convnextv2_base,tcga-ut,linear,3,0.5,35.02,0.493645,0.504866,0.501388,0.007742,69.0
convnextv2_base,tcga-ut,linear,3,0.55,27.32,0.493645,0.504866,0.498794,0.005148,45.88
convnextv2_base,tcga-ut,linear,3,0.6,19.55,0.493645,0.504866,0.497437,0.003791,33.79
convnextv2_base,tcga-ut,linear,3,0.65,12.02,0.493645,0.504866,0.496034,0.002388,21.28
convnextv2_base,tcga-ut,linear,3,0.7,6.06,0.493645,0.504866,0.494967,0.001321,11.78
convnextv2_base,tcga-ut,linear,3,0.75,2.1,0.493645,0.504866,0.494863,0.001218,10.85
convnextv2_base,tcga-ut,linear,3,0.8,0.36,0.493645,0.504866,0.493775,0.00013,1.16
convnextv2_base,tcga-ut,linear,3,0.85,0.01,0.493645,0.504866,0.493645,0.0,0.0
convnextv2_base,tcga-ut,linear,3,0.9,0.0,0.493645,0.504866,0.493645,0.0,0.0
convnextv2_base,tcga-ut,linear,3,0.95,0.0,0.493645,0.504866,0.493645,0.0,0.0
convnextv2_base,tcga-ut,linear,3,1.0,0.0,0.493645,0.504866,0.493645,0.0,0.0
convnextv2_base,tcga-ut,linear,42,0.0,100.0,0.498147,0.510856,0.510856,0.012709,100.0
convnextv2_base,tcga-ut,linear,42,0.05,84.99,0.498147,0.510856,0.510856,0.012709,100.0
convnextv2_base,tcga-ut,linear,42,0.1,79.06,0.498147,0.510856,0.510856,0.012709,100.0
convnextv2_base,tcga-ut,linear,42,0.15,74.14,0.498147,0.510856,0.51091,0.012763,100.43
convnextv2_base,tcga-ut,linear,42,0.2,69.45,0.498147,0.510856,0.510774,0.012626,99.35
convnextv2_base,tcga-ut,linear,42,0.25,64.58,0.498147,0.510856,0.509922,0.011775,92.65
convnextv2_base,tcga-ut,linear,42,0.3,59.97,0.498147,0.510856,0.509198,0.011051,86.95
convnextv2_base,tcga-ut,linear,42,0.35,54.91,0.498147,0.510856,0.50884,0.010693,84.14
convnextv2_base,tcga-ut,linear,42,0.4,49.24,0.498147,0.510856,0.507936,0.009789,77.02
convnextv2_base,tcga-ut,linear,42,0.45,42.79,0.498147,0.510856,0.506786,0.008639,67.97
convnextv2_base,tcga-ut,linear,42,0.5,35.73,0.498147,0.510856,0.505149,0.007002,55.09
convnextv2_base,tcga-ut,linear,42,0.55,27.9,0.498147,0.510856,0.504277,0.006129,48.23
convnextv2_base,tcga-ut,linear,42,0.6,19.72,0.498147,0.510856,0.502316,0.004169,32.8
convnextv2_base,tcga-ut,linear,42,0.65,11.87,0.498147,0.510856,0.500968,0.002821,22.2
convnextv2_base,tcga-ut,linear,42,0.7,5.6,0.498147,0.510856,0.499946,0.001799,14.15
convnextv2_base,tcga-ut,linear,42,0.75,1.77,0.498147,0.510856,0.498563,0.000416,3.27
convnextv2_base,tcga-ut,linear,42,0.8,0.33,0.498147,0.510856,0.498154,7e-06,0.05
convnextv2_base,tcga-ut,linear,42,0.85,0.01,0.498147,0.510856,0.498135,-1.2e-05,-0.1
convnextv2_base,tcga-ut,linear,42,0.9,0.0,0.498147,0.510856,0.498147,0.0,0.0
convnextv2_base,tcga-ut,linear,42,0.95,0.0,0.498147,0.510856,0.498147,0.0,0.0
convnextv2_base,tcga-ut,linear,42,1.0,0.0,0.498147,0.510856,0.498147,0.0,0.0
convnextv2_tiny,tcga-ut,linear,0,0.0,100.0,0.482037,0.499411,0.499411,0.017374,100.0
convnextv2_tiny,tcga-ut,linear,0,0.05,87.35,0.482037,0.499411,0.499411,0.017374,100.0
convnextv2_tiny,tcga-ut,linear,0,0.1,81.17,0.482037,0.499411,0.499398,0.017361,99.93
convnextv2_tiny,tcga-ut,linear,0,0.15,76.15,0.482037,0.499411,0.49951,0.017474,100.57
convnextv2_tiny,tcga-ut,linear,0,0.2,71.47,0.482037,0.499411,0.499452,0.017415,100.24
convnextv2_tiny,tcga-ut,linear,0,0.25,66.81,0.482037,0.499411,0.499013,0.016977,97.71
convnextv2_tiny,tcga-ut,linear,0,0.3,62.06,0.482037,0.499411,0.498688,0.016651,95.84
convnextv2_tiny,tcga-ut,linear,0,0.35,57.18,0.482037,0.499411,0.497377,0.01534,88.29
convnextv2_tiny,tcga-ut,linear,0,0.4,51.99,0.482037,0.499411,0.496794,0.014757,84.94
convnextv2_tiny,tcga-ut,linear,0,0.45,45.92,0.482037,0.499411,0.495724,0.013687,78.78
convnextv2_tiny,tcga-ut,linear,0,0.5,38.9,0.482037,0.499411,0.493771,0.011735,67.54
convnextv2_tiny,tcga-ut,linear,0,0.55,30.81,0.482037,0.499411,0.491142,0.009106,52.41
convnextv2_tiny,tcga-ut,linear,0,0.6,21.9,0.482037,0.499411,0.490033,0.007997,46.03
convnextv2_tiny,tcga-ut,linear,0,0.65,13.02,0.482037,0.499411,0.485824,0.003787,21.8
convnextv2_tiny,tcga-ut,linear,0,0.7,5.8,0.482037,0.499411,0.484656,0.002619,15.07
convnextv2_tiny,tcga-ut,linear,0,0.75,1.57,0.482037,0.499411,0.483232,0.001195,6.88
convnextv2_tiny,tcga-ut,linear,0,0.8,0.18,0.482037,0.499411,0.482137,0.000101,0.58
convnextv2_tiny,tcga-ut,linear,0,0.85,0.0,0.482037,0.499411,0.482037,0.0,0.0
convnextv2_tiny,tcga-ut,linear,0,0.9,0.0,0.482037,0.499411,0.482037,0.0,0.0
convnextv2_tiny,tcga-ut,linear,0,0.95,0.0,0.482037,0.499411,0.482037,0.0,0.0
convnextv2_tiny,tcga-ut,linear,0,1.0,0.0,0.482037,0.499411,0.482037,0.0,0.0
convnextv2_tiny,tcga-ut,linear,1,0.0,100.0,0.480172,0.49966,0.49966,0.019489,100.0
convnextv2_tiny,tcga-ut,linear,1,0.05,87.85,0.480172,0.49966,0.49966,0.019489,100.0
convnextv2_tiny,tcga-ut,linear,1,0.1,81.65,0.480172,0.49966,0.499647,0.019476,99.93
convnextv2_tiny,tcga-ut,linear,1,0.15,76.72,0.480172,0.49966,0.499693,0.019522,100.17
convnextv2_tiny,tcga-ut,linear,1,0.2,71.98,0.480172,0.49966,0.499863,0.019691,101.04
convnextv2_tiny,tcga-ut,linear,1,0.25,67.21,0.480172,0.49966,0.499425,0.019253,98.79
convnextv2_tiny,tcga-ut,linear,1,0.3,62.56,0.480172,0.49966,0.499313,0.019141,98.22
convnextv2_tiny,tcga-ut,linear,1,0.35,57.6,0.480172,0.49966,0.498773,0.018601,95.45
convnextv2_tiny,tcga-ut,linear,1,0.4,51.8,0.480172,0.49966,0.497847,0.017676,90.7
convnextv2_tiny,tcga-ut,linear,1,0.45,45.42,0.480172,0.49966,0.49581,0.015639,80.25
convnextv2_tiny,tcga-ut,linear,1,0.5,38.09,0.480172,0.49966,0.493701,0.01353,69.42
convnextv2_tiny,tcga-ut,linear,1,0.55,29.23,0.480172,0.49966,0.492484,0.012313,63.18
convnextv2_tiny,tcga-ut,linear,1,0.6,19.72,0.480172,0.49966,0.487958,0.007786,39.95
convnextv2_tiny,tcga-ut,linear,1,0.65,11.19,0.480172,0.49966,0.484471,0.004299,22.06
convnextv2_tiny,tcga-ut,linear,1,0.7,4.57,0.480172,0.49966,0.482684,0.002513,12.89
convnextv2_tiny,tcga-ut,linear,1,0.75,1.15,0.480172,0.49966,0.480954,0.000782,4.02
convnextv2_tiny,tcga-ut,linear,1,0.8,0.11,0.480172,0.49966,0.480452,0.000281,1.44
convnextv2_tiny,tcga-ut,linear,1,0.85,0.0,0.480172,0.49966,0.480181,9e-06,0.05
convnextv2_tiny,tcga-ut,linear,1,0.9,0.0,0.480172,0.49966,0.480172,0.0,0.0
convnextv2_tiny,tcga-ut,linear,1,0.95,0.0,0.480172,0.49966,0.480172,0.0,0.0
convnextv2_tiny,tcga-ut,linear,1,1.0,0.0,0.480172,0.49966,0.480172,0.0,0.0
convnextv2_tiny,tcga-ut,linear,2,0.0,100.0,0.481301,0.502595,0.502595,0.021294,100.0
convnextv2_tiny,tcga-ut,linear,2,0.05,87.66,0.481301,0.502595,0.502595,0.021294,100.0
convnextv2_tiny,tcga-ut,linear,2,0.1,81.5,0.481301,0.502595,0.502582,0.021281,99.94
convnextv2_tiny,tcga-ut,linear,2,0.15,76.68,0.481301,0.502595,0.502564,0.021263,99.85
convnextv2_tiny,tcga-ut,linear,2,0.2,72.1,0.481301,0.502595,0.502366,0.021065,98.93
convnextv2_tiny,tcga-ut,linear,2,0.25,67.31,0.481301,0.502595,0.50197,0.020669,97.07
convnextv2_tiny,tcga-ut,linear,2,0.3,62.81,0.481301,0.502595,0.501528,0.020227,94.99
convnextv2_tiny,tcga-ut,linear,2,0.35,57.92,0.481301,0.502595,0.500448,0.019147,89.92
convnextv2_tiny,tcga-ut,linear,2,0.4,52.48,0.481301,0.502595,0.498903,0.017602,82.66
convnextv2_tiny,tcga-ut,linear,2,0.45,46.38,0.481301,0.502595,0.497621,0.01632,76.64
convnextv2_tiny,tcga-ut,linear,2,0.5,39.37,0.481301,0.502595,0.495591,0.01429,67.11
convnextv2_tiny,tcga-ut,linear,2,0.55,31.09,0.481301,0.502595,0.494172,0.012871,60.45
convnextv2_tiny,tcga-ut,linear,2,0.6,22.04,0.481301,0.502595,0.491392,0.010091,47.39
convnextv2_tiny,tcga-ut,linear,2,0.65,13.1,0.481301,0.502595,0.487349,0.006048,28.4
convnextv2_tiny,tcga-ut,linear,2,0.7,6.05,0.481301,0.502595,0.485006,0.003705,17.4
convnextv2_tiny,tcga-ut,linear,2,0.75,1.75,0.481301,0.502595,0.482805,0.001504,7.07
convnextv2_tiny,tcga-ut,linear,2,0.8,0.2,0.481301,0.502595,0.481457,0.000156,0.73
convnextv2_tiny,tcga-ut,linear,2,0.85,0.0,0.481301,0.502595,0.481301,0.0,0.0
convnextv2_tiny,tcga-ut,linear,2,0.9,0.0,0.481301,0.502595,0.481301,0.0,0.0
convnextv2_tiny,tcga-ut,linear,2,0.95,0.0,0.481301,0.502595,0.481301,0.0,0.0
convnextv2_tiny,tcga-ut,linear,2,1.0,0.0,0.481301,0.502595,0.481301,0.0,0.0
convnextv2_tiny,tcga-ut,linear,3,0.0,100.0,0.483506,0.501802,0.501802,0.018295,100.0
convnextv2_tiny,tcga-ut,linear,3,0.05,86.92,0.483506,0.501802,0.501789,0.018282,99.93
convnextv2_tiny,tcga-ut,linear,3,0.1,80.6,0.483506,0.501802,0.50178,0.018273,99.88
convnextv2_tiny,tcga-ut,linear,3,0.15,75.36,0.483506,0.501802,0.50189,0.018383,100.48
convnextv2_tiny,tcga-ut,linear,3,0.2,70.41,0.483506,0.501802,0.501743,0.018236,99.68
convnextv2_tiny,tcga-ut,linear,3,0.25,65.51,0.483506,0.501802,0.501731,0.018224,99.61
convnextv2_tiny,tcga-ut,linear,3,0.3,60.61,0.483506,0.501802,0.501286,0.01778,97.18
convnextv2_tiny,tcga-ut,linear,3,0.35,55.55,0.483506,0.501802,0.499261,0.015755,86.11
convnextv2_tiny,tcga-ut,linear,3,0.4,49.83,0.483506,0.501802,0.497946,0.014439,78.92
convnextv2_tiny,tcga-ut,linear,3,0.45,43.25,0.483506,0.501802,0.496132,0.012625,69.01
convnextv2_tiny,tcga-ut,linear,3,0.5,35.87,0.483506,0.501802,0.494271,0.010765,58.84
convnextv2_tiny,tcga-ut,linear,3,0.55,27.58,0.483506,0.501802,0.49203,0.008524,46.59
convnextv2_tiny,tcga-ut,linear,3,0.6,18.62,0.483506,0.501802,0.489978,0.006472,35.38
convnextv2_tiny,tcga-ut,linear,3,0.65,10.84,0.483506,0.501802,0.487629,0.004123,22.53
convnextv2_tiny,tcga-ut,linear,3,0.7,4.64,0.483506,0.501802,0.48597,0.002463,13.46
convnextv2_tiny,tcga-ut,linear,3,0.75,1.31,0.483506,0.501802,0.484348,0.000842,4.6
convnextv2_tiny,tcga-ut,linear,3,0.8,0.15,0.483506,0.501802,0.483705,0.000199,1.09
convnextv2_tiny,tcga-ut,linear,3,0.85,0.0,0.483506,0.501802,0.483506,0.0,0.0
convnextv2_tiny,tcga-ut,linear,3,0.9,0.0,0.483506,0.501802,0.483506,0.0,0.0
convnextv2_tiny,tcga-ut,linear,3,0.95,0.0,0.483506,0.501802,0.483506,0.0,0.0
convnextv2_tiny,tcga-ut,linear,3,1.0,0.0,0.483506,0.501802,0.483506,0.0,0.0
convnextv2_tiny,tcga-ut,linear,42,0.0,100.0,0.488229,0.507735,0.507735,0.019506,100.0
convnextv2_tiny,tcga-ut,linear,42,0.05,87.06,0.488229,0.507735,0.507735,0.019506,100.0
convnextv2_tiny,tcga-ut,linear,42,0.1,80.83,0.488229,0.507735,0.507722,0.019493,99.93
convnextv2_tiny,tcga-ut,linear,42,0.15,75.91,0.488229,0.507735,0.507722,0.019493,99.93
convnextv2_tiny,tcga-ut,linear,42,0.2,71.18,0.488229,0.507735,0.507639,0.01941,99.51
convnextv2_tiny,tcga-ut,linear,42,0.25,66.28,0.488229,0.507735,0.507087,0.018857,96.68
convnextv2_tiny,tcga-ut,linear,42,0.3,61.63,0.488229,0.507735,0.506448,0.018218,93.4
convnextv2_tiny,tcga-ut,linear,42,0.35,56.56,0.488229,0.507735,0.504806,0.016576,84.98
convnextv2_tiny,tcga-ut,linear,42,0.4,50.89,0.488229,0.507735,0.503008,0.014778,75.76
convnextv2_tiny,tcga-ut,linear,42,0.45,44.53,0.488229,0.507735,0.502187,0.013958,71.56
convnextv2_tiny,tcga-ut,linear,42,0.5,37.09,0.488229,0.507735,0.499782,0.011553,59.23
convnextv2_tiny,tcga-ut,linear,42,0.55,28.58,0.488229,0.507735,0.497621,0.009391,48.15
convnextv2_tiny,tcga-ut,linear,42,0.6,19.67,0.488229,0.507735,0.494837,0.006607,33.87
convnextv2_tiny,tcga-ut,linear,42,0.65,11.27,0.488229,0.507735,0.493156,0.004926,25.26
convnextv2_tiny,tcga-ut,linear,42,0.7,4.83,0.488229,0.507735,0.490792,0.002562,13.14
convnextv2_tiny,tcga-ut,linear,42,0.75,1.3,0.488229,0.507735,0.489477,0.001247,6.39
convnextv2_tiny,tcga-ut,linear,42,0.8,0.13,0.488229,0.507735,0.488452,0.000223,1.14
convnextv2_tiny,tcga-ut,linear,42,0.85,0.0,0.488229,0.507735,0.488229,0.0,0.0
convnextv2_tiny,tcga-ut,linear,42,0.9,0.0,0.488229,0.507735,0.488229,0.0,0.0
convnextv2_tiny,tcga-ut,linear,42,0.95,0.0,0.488229,0.507735,0.488229,0.0,0.0
convnextv2_tiny,tcga-ut,linear,42,1.0,0.0,0.488229,0.507735,0.488229,0.0,0.0
ctranspath,tcga-ut,linear,0,0.0,100.0,0.579858,0.5895,0.5895,0.009642,100.0
ctranspath,tcga-ut,linear,0,0.05,83.84,0.579858,0.5895,0.5895,0.009642,100.0
ctranspath,tcga-ut,linear,0,0.1,75.53,0.579858,0.5895,0.5895,0.009642,100.0
ctranspath,tcga-ut,linear,0,0.15,69.53,0.579858,0.5895,0.5895,0.009642,100.0
ctranspath,tcga-ut,linear,0,0.2,64.18,0.579858,0.5895,0.589531,0.009673,100.32
ctranspath,tcga-ut,linear,0,0.25,58.57,0.579858,0.5895,0.589453,0.009596,99.52
ctranspath,tcga-ut,linear,0,0.3,53.53,0.579858,0.5895,0.589394,0.009536,98.9
ctranspath,tcga-ut,linear,0,0.35,48.39,0.579858,0.5895,0.589214,0.009356,97.03
ctranspath,tcga-ut,linear,0,0.4,43.02,0.579858,0.5895,0.588137,0.00828,85.87
ctranspath,tcga-ut,linear,0,0.45,37.37,0.579858,0.5895,0.58685,0.006993,72.52
ctranspath,tcga-ut,linear,0,0.5,31.23,0.579858,0.5895,0.585599,0.005741,59.54
ctranspath,tcga-ut,linear,0,0.55,24.58,0.579858,0.5895,0.584186,0.004328,44.89
ctranspath,tcga-ut,linear,0,0.6,17.91,0.579858,0.5895,0.582583,0.002726,28.27
ctranspath,tcga-ut,linear,0,0.65,11.27,0.579858,0.5895,0.581694,0.001836,19.05
ctranspath,tcga-ut,linear,0,0.7,5.61,0.579858,0.5895,0.580791,0.000934,9.68
ctranspath,tcga-ut,linear,0,0.75,1.99,0.579858,0.5895,0.579792,-6.6e-05,-0.68
ctranspath,tcga-ut,linear,0,0.8,0.36,0.579858,0.5895,0.579918,6e-05,0.62
ctranspath,tcga-ut,linear,0,0.85,0.03,0.579858,0.5895,0.579998,0.000141,1.46
ctranspath,tcga-ut,linear,0,0.9,0.0,0.579858,0.5895,0.579858,0.0,0.0
ctranspath,tcga-ut,linear,0,0.95,0.0,0.579858,0.5895,0.579858,0.0,0.0
ctranspath,tcga-ut,linear,0,1.0,0.0,0.579858,0.5895,0.579858,0.0,0.0
ctranspath,tcga-ut,linear,1,0.0,100.0,0.579249,0.589743,0.589743,0.010493,100.0
ctranspath,tcga-ut,linear,1,0.05,83.64,0.579249,0.589743,0.589743,0.010493,100.0
ctranspath,tcga-ut,linear,1,0.1,75.31,0.579249,0.589743,0.589743,0.010493,100.0
ctranspath,tcga-ut,linear,1,0.15,69.48,0.579249,0.589743,0.589743,0.010493,100.0
ctranspath,tcga-ut,linear,1,0.2,64.01,0.579249,0.589743,0.589743,0.010493,100.0
ctranspath,tcga-ut,linear,1,0.25,58.35,0.579249,0.589743,0.589495,0.010245,97.64
ctranspath,tcga-ut,linear,1,0.3,53.38,0.579249,0.589743,0.589279,0.01003,95.58
ctranspath,tcga-ut,linear,1,0.35,48.23,0.579249,0.589743,0.588665,0.009416,89.73
ctranspath,tcga-ut,linear,1,0.4,42.81,0.579249,0.589743,0.587875,0.008625,82.2
ctranspath,tcga-ut,linear,1,0.45,37.34,0.579249,0.589743,0.586961,0.007711,73.49
ctranspath,tcga-ut,linear,1,0.5,31.25,0.579249,0.589743,0.585681,0.006432,61.29
ctranspath,tcga-ut,linear,1,0.55,24.7,0.579249,0.589743,0.584129,0.00488,46.5
ctranspath,tcga-ut,linear,1,0.6,18.09,0.579249,0.589743,0.582766,0.003517,33.51
ctranspath,tcga-ut,linear,1,0.65,11.33,0.579249,0.589743,0.581684,0.002435,23.2
ctranspath,tcga-ut,linear,1,0.7,5.86,0.579249,0.589743,0.580408,0.001159,11.04
ctranspath,tcga-ut,linear,1,0.75,2.12,0.579249,0.589743,0.579496,0.000246,2.35
ctranspath,tcga-ut,linear,1,0.8,0.41,0.579249,0.589743,0.579245,-4e-06,-0.04
ctranspath,tcga-ut,linear,1,0.85,0.03,0.579249,0.589743,0.579411,0.000162,1.54
ctranspath,tcga-ut,linear,1,0.9,0.0,0.579249,0.589743,0.579249,0.0,0.0
ctranspath,tcga-ut,linear,1,0.95,0.0,0.579249,0.589743,0.579249,0.0,0.0
ctranspath,tcga-ut,linear,1,1.0,0.0,0.579249,0.589743,0.579249,0.0,0.0
ctranspath,tcga-ut,linear,2,0.0,100.0,0.579553,0.587644,0.587644,0.008091,100.0
ctranspath,tcga-ut,linear,2,0.05,83.93,0.579553,0.587644,0.587644,0.008091,100.0
ctranspath,tcga-ut,linear,2,0.1,75.49,0.579553,0.587644,0.587644,0.008091,100.0
ctranspath,tcga-ut,linear,2,0.15,69.5,0.579553,0.587644,0.587644,0.008091,100.0
ctranspath,tcga-ut,linear,2,0.2,63.99,0.579553,0.587644,0.587675,0.008122,100.38
ctranspath,tcga-ut,linear,2,0.25,58.21,0.579553,0.587644,0.5878,0.008247,101.93
ctranspath,tcga-ut,linear,2,0.3,53.15,0.579553,0.587644,0.587386,0.007833,96.81
ctranspath,tcga-ut,linear,2,0.35,48.16,0.579553,0.587644,0.587356,0.007803,96.44
ctranspath,tcga-ut,linear,2,0.4,42.72,0.579553,0.587644,0.586541,0.006988,86.37
ctranspath,tcga-ut,linear,2,0.45,37.1,0.579553,0.587644,0.585428,0.005875,72.61
ctranspath,tcga-ut,linear,2,0.5,31.05,0.579553,0.587644,0.5847,0.005147,63.61
ctranspath,tcga-ut,linear,2,0.55,24.59,0.579553,0.587644,0.582864,0.003311,40.93
ctranspath,tcga-ut,linear,2,0.6,17.9,0.579553,0.587644,0.582178,0.002625,32.44
ctranspath,tcga-ut,linear,2,0.65,11.21,0.579553,0.587644,0.581281,0.001728,21.35
ctranspath,tcga-ut,linear,2,0.7,5.71,0.579553,0.587644,0.580321,0.000768,9.49
ctranspath,tcga-ut,linear,2,0.75,2.03,0.579553,0.587644,0.579421,-0.000132,-1.63
ctranspath,tcga-ut,linear,2,0.8,0.38,0.579553,0.587644,0.579544,-9e-06,-0.11
ctranspath,tcga-ut,linear,2,0.85,0.03,0.579553,0.587644,0.579694,0.000141,1.74
ctranspath,tcga-ut,linear,2,0.9,0.0,0.579553,0.587644,0.579553,0.0,0.0
ctranspath,tcga-ut,linear,2,0.95,0.0,0.579553,0.587644,0.579553,0.0,0.0
ctranspath,tcga-ut,linear,2,1.0,0.0,0.579553,0.587644,0.579553,0.0,0.0
ctranspath,tcga-ut,linear,3,0.0,100.0,0.57729,0.586624,0.586624,0.009334,100.0
ctranspath,tcga-ut,linear,3,0.05,83.56,0.57729,0.586624,0.586624,0.009334,100.0
ctranspath,tcga-ut,linear,3,0.1,75.18,0.57729,0.586624,0.586624,0.009334,100.0
ctranspath,tcga-ut,linear,3,0.15,69.22,0.57729,0.586624,0.586624,0.009334,100.0
ctranspath,tcga-ut,linear,3,0.2,63.93,0.57729,0.586624,0.586645,0.009355,100.22
ctranspath,tcga-ut,linear,3,0.25,58.26,0.57729,0.586624,0.586601,0.00931,99.75
ctranspath,tcga-ut,linear,3,0.3,53.16,0.57729,0.586624,0.586411,0.009121,97.72
ctranspath,tcga-ut,linear,3,0.35,48.06,0.57729,0.586624,0.58591,0.00862,92.35
ctranspath,tcga-ut,linear,3,0.4,42.7,0.57729,0.586624,0.584895,0.007605,81.48
ctranspath,tcga-ut,linear,3,0.45,37.17,0.57729,0.586624,0.583619,0.006329,67.81
ctranspath,tcga-ut,linear,3,0.5,31.15,0.57729,0.586624,0.58257,0.00528,56.57
ctranspath,tcga-ut,linear,3,0.55,24.67,0.57729,0.586624,0.581175,0.003885,41.62
ctranspath,tcga-ut,linear,3,0.6,18.05,0.57729,0.586624,0.57996,0.00267,28.6
ctranspath,tcga-ut,linear,3,0.65,11.54,0.57729,0.586624,0.579608,0.002318,24.84
ctranspath,tcga-ut,linear,3,0.7,5.88,0.57729,0.586624,0.577665,0.000374,4.01
ctranspath,tcga-ut,linear,3,0.75,2.16,0.57729,0.586624,0.576742,-0.000548,-5.87
ctranspath,tcga-ut,linear,3,0.8,0.41,0.57729,0.586624,0.576984,-0.000307,-3.29
ctranspath,tcga-ut,linear,3,0.85,0.04,0.57729,0.586624,0.577256,-3.5e-05,-0.37
ctranspath,tcga-ut,linear,3,0.9,0.0,0.57729,0.586624,0.57729,0.0,0.0
ctranspath,tcga-ut,linear,3,0.95,0.0,0.57729,0.586624,0.57729,0.0,0.0
ctranspath,tcga-ut,linear,3,1.0,0.0,0.57729,0.586624,0.57729,0.0,0.0
ctranspath,tcga-ut,linear,42,0.0,100.0,0.578182,0.58576,0.58576,0.007578,100.0
ctranspath,tcga-ut,linear,42,0.05,83.68,0.578182,0.58576,0.58576,0.007578,100.0
ctranspath,tcga-ut,linear,42,0.1,75.29,0.578182,0.58576,0.58576,0.007578,100.0
ctranspath,tcga-ut,linear,42,0.15,69.26,0.578182,0.58576,0.58576,0.007578,100.0
ctranspath,tcga-ut,linear,42,0.2,63.94,0.578182,0.58576,0.585773,0.007591,100.17
ctranspath,tcga-ut,linear,42,0.25,58.2,0.578182,0.58576,0.585773,0.007591,100.17
ctranspath,tcga-ut,linear,42,0.3,53.14,0.578182,0.58576,0.585782,0.0076,100.28
ctranspath,tcga-ut,linear,42,0.35,48.12,0.578182,0.58576,0.585448,0.007266,95.88
ctranspath,tcga-ut,linear,42,0.4,42.64,0.578182,0.58576,0.584629,0.006447,85.07
ctranspath,tcga-ut,linear,42,0.45,37.14,0.578182,0.58576,0.583456,0.005274,69.6
ctranspath,tcga-ut,linear,42,0.5,31.08,0.578182,0.58576,0.583099,0.004917,64.88
ctranspath,tcga-ut,linear,42,0.55,24.58,0.578182,0.58576,0.580905,0.002723,35.93
ctranspath,tcga-ut,linear,42,0.6,17.91,0.578182,0.58576,0.580445,0.002263,29.86
ctranspath,tcga-ut,linear,42,0.65,11.28,0.578182,0.58576,0.580104,0.001922,25.36
ctranspath,tcga-ut,linear,42,0.7,5.71,0.578182,0.58576,0.578999,0.000817,10.78
ctranspath,tcga-ut,linear,42,0.75,2.1,0.578182,0.58576,0.578043,-0.000139,-1.83
ctranspath,tcga-ut,linear,42,0.8,0.38,0.578182,0.58576,0.578021,-0.000162,-2.13
ctranspath,tcga-ut,linear,42,0.85,0.04,0.578182,0.58576,0.578169,-1.3e-05,-0.17
ctranspath,tcga-ut,linear,42,0.9,0.0,0.578182,0.58576,0.578182,0.0,0.0
ctranspath,tcga-ut,linear,42,0.95,0.0,0.578182,0.58576,0.578182,0.0,0.0
ctranspath,tcga-ut,linear,42,1.0,0.0,0.578182,0.58576,0.578182,0.0,0.0
dinov2_b,tcga-ut,linear,0,0.0,100.0,0.511621,0.525748,0.525748,0.014128,100.0
dinov2_b,tcga-ut,linear,0,0.05,83.93,0.511621,0.525748,0.525748,0.014128,100.0
dinov2_b,tcga-ut,linear,0,0.1,77.08,0.511621,0.525748,0.525748,0.014128,100.0
dinov2_b,tcga-ut,linear,0,0.15,71.93,0.511621,0.525748,0.525758,0.014137,100.06
dinov2_b,tcga-ut,linear,0,0.2,67.26,0.511621,0.525748,0.525779,0.014159,100.22
dinov2_b,tcga-ut,linear,0,0.25,62.39,0.511621,0.525748,0.525891,0.014271,101.01
dinov2_b,tcga-ut,linear,0,0.3,57.7,0.511621,0.525748,0.52537,0.01375,97.32
dinov2_b,tcga-ut,linear,0,0.35,52.54,0.511621,0.525748,0.524389,0.012768,90.38
dinov2_b,tcga-ut,linear,0,0.4,46.96,0.511621,0.525748,0.523249,0.011628,82.31
dinov2_b,tcga-ut,linear,0,0.45,40.64,0.511621,0.525748,0.522183,0.010563,74.77
dinov2_b,tcga-ut,linear,0,0.5,33.31,0.511621,0.525748,0.521128,0.009507,67.29
dinov2_b,tcga-ut,linear,0,0.55,25.73,0.511621,0.525748,0.519963,0.008342,59.05
dinov2_b,tcga-ut,linear,0,0.6,17.25,0.511621,0.525748,0.518473,0.006852,48.5
dinov2_b,tcga-ut,linear,0,0.65,9.8,0.511621,0.525748,0.517005,0.005385,38.12
dinov2_b,tcga-ut,linear,0,0.7,4.07,0.511621,0.525748,0.514042,0.002421,17.14
dinov2_b,tcga-ut,linear,0,0.75,0.98,0.511621,0.525748,0.511821,0.0002,1.42
dinov2_b,tcga-ut,linear,0,0.8,0.08,0.511621,0.525748,0.511687,6.6e-05,0.47
dinov2_b,tcga-ut,linear,0,0.85,0.0,0.511621,0.525748,0.511621,0.0,0.0
dinov2_b,tcga-ut,linear,0,0.9,0.0,0.511621,0.525748,0.511621,0.0,0.0
dinov2_b,tcga-ut,linear,0,0.95,0.0,0.511621,0.525748,0.511621,0.0,0.0
dinov2_b,tcga-ut,linear,0,1.0,0.0,0.511621,0.525748,0.511621,0.0,0.0
dinov2_b,tcga-ut,linear,1,0.0,100.0,0.514258,0.528934,0.528934,0.014676,100.0
dinov2_b,tcga-ut,linear,1,0.05,84.13,0.514258,0.528934,0.528934,0.014676,100.0
dinov2_b,tcga-ut,linear,1,0.1,77.44,0.514258,0.528934,0.528934,0.014676,100.0
dinov2_b,tcga-ut,linear,1,0.15,72.18,0.514258,0.528934,0.528934,0.014676,100.0
dinov2_b,tcga-ut,linear,1,0.2,67.54,0.514258,0.528934,0.52865,0.014392,98.07
dinov2_b,tcga-ut,linear,1,0.25,62.83,0.514258,0.528934,0.528882,0.014624,99.65
dinov2_b,tcga-ut,linear,1,0.3,58.11,0.514258,0.528934,0.528089,0.01383,94.24
dinov2_b,tcga-ut,linear,1,0.35,53.16,0.514258,0.528934,0.527184,0.012926,88.08
dinov2_b,tcga-ut,linear,1,0.4,47.44,0.514258,0.528934,0.526366,0.012108,82.51
dinov2_b,tcga-ut,linear,1,0.45,41.17,0.514258,0.528934,0.525703,0.011445,77.99
dinov2_b,tcga-ut,linear,1,0.5,34.06,0.514258,0.528934,0.524526,0.010267,69.96
dinov2_b,tcga-ut,linear,1,0.55,26.05,0.514258,0.528934,0.521974,0.007715,52.57
dinov2_b,tcga-ut,linear,1,0.6,17.7,0.514258,0.528934,0.520119,0.005861,39.94
dinov2_b,tcga-ut,linear,1,0.65,10.17,0.514258,0.528934,0.518761,0.004503,30.68
dinov2_b,tcga-ut,linear,1,0.7,4.31,0.514258,0.528934,0.516364,0.002106,14.35
dinov2_b,tcga-ut,linear,1,0.75,1.05,0.514258,0.528934,0.514971,0.000713,4.86
dinov2_b,tcga-ut,linear,1,0.8,0.09,0.514258,0.528934,0.514332,7.4e-05,0.5
dinov2_b,tcga-ut,linear,1,0.85,0.0,0.514258,0.528934,0.514258,0.0,0.0
dinov2_b,tcga-ut,linear,1,0.9,0.0,0.514258,0.528934,0.514258,0.0,0.0
dinov2_b,tcga-ut,linear,1,0.95,0.0,0.514258,0.528934,0.514258,0.0,0.0
dinov2_b,tcga-ut,linear,1,1.0,0.0,0.514258,0.528934,0.514258,0.0,0.0
dinov2_b,tcga-ut,linear,2,0.0,100.0,0.494563,0.506946,0.506946,0.012383,100.0
dinov2_b,tcga-ut,linear,2,0.05,85.17,0.494563,0.506946,0.506946,0.012383,100.0
dinov2_b,tcga-ut,linear,2,0.1,78.55,0.494563,0.506946,0.506946,0.012383,100.0
dinov2_b,tcga-ut,linear,2,0.15,73.29,0.494563,0.506946,0.50693,0.012367,99.87
dinov2_b,tcga-ut,linear,2,0.2,68.61,0.494563,0.506946,0.506972,0.012409,100.21
dinov2_b,tcga-ut,linear,2,0.25,63.72,0.494563,0.506946,0.506775,0.012212,98.62
dinov2_b,tcga-ut,linear,2,0.3,59.12,0.494563,0.506946,0.506622,0.012059,97.38
dinov2_b,tcga-ut,linear,2,0.35,54.35,0.494563,0.506946,0.505864,0.011301,91.26
dinov2_b,tcga-ut,linear,2,0.4,48.87,0.494563,0.506946,0.504761,0.010199,82.36
dinov2_b,tcga-ut,linear,2,0.45,43.02,0.494563,0.506946,0.503768,0.009205,74.34
dinov2_b,tcga-ut,linear,2,0.5,36.0,0.494563,0.506946,0.503353,0.00879,70.98
dinov2_b,tcga-ut,linear,2,0.55,28.28,0.494563,0.506946,0.502083,0.00752,60.73
dinov2_b,tcga-ut,linear,2,0.6,20.12,0.494563,0.506946,0.499878,0.005316,42.93
dinov2_b,tcga-ut,linear,2,0.65,12.29,0.494563,0.506946,0.498323,0.00376,30.36
dinov2_b,tcga-ut,linear,2,0.7,5.8,0.494563,0.506946,0.496408,0.001845,14.9
dinov2_b,tcga-ut,linear,2,0.75,1.67,0.494563,0.506946,0.494853,0.000291,2.35
dinov2_b,tcga-ut,linear,2,0.8,0.2,0.494563,0.506946,0.494669,0.000106,0.85
dinov2_b,tcga-ut,linear,2,0.85,0.01,0.494563,0.506946,0.494579,1.6e-05,0.13
dinov2_b,tcga-ut,linear,2,0.9,0.0,0.494563,0.506946,0.494563,0.0,0.0
dinov2_b,tcga-ut,linear,2,0.95,0.0,0.494563,0.506946,0.494563,0.0,0.0
dinov2_b,tcga-ut,linear,2,1.0,0.0,0.494563,0.506946,0.494563,0.0,0.0
dinov2_b,tcga-ut,linear,3,0.0,100.0,0.520936,0.531163,0.531163,0.010226,100.0
dinov2_b,tcga-ut,linear,3,0.05,83.78,0.520936,0.531163,0.531163,0.010226,100.0
dinov2_b,tcga-ut,linear,3,0.1,77.02,0.520936,0.531163,0.531163,0.010226,100.0
dinov2_b,tcga-ut,linear,3,0.15,71.84,0.520936,0.531163,0.531287,0.01035,101.21
dinov2_b,tcga-ut,linear,3,0.2,67.1,0.520936,0.531163,0.531307,0.01037,101.41
dinov2_b,tcga-ut,linear,3,0.25,62.34,0.520936,0.531163,0.531537,0.0106,103.66
dinov2_b,tcga-ut,linear,3,0.3,57.74,0.520936,0.531163,0.531104,0.010167,99.43
dinov2_b,tcga-ut,linear,3,0.35,52.76,0.520936,0.531163,0.530552,0.009615,94.03
dinov2_b,tcga-ut,linear,3,0.4,46.99,0.520936,0.531163,0.529982,0.009045,88.45
dinov2_b,tcga-ut,linear,3,0.45,40.81,0.520936,0.531163,0.529867,0.008931,87.33
dinov2_b,tcga-ut,linear,3,0.5,33.72,0.520936,0.531163,0.528863,0.007926,77.51
dinov2_b,tcga-ut,linear,3,0.55,26.08,0.520936,0.531163,0.526549,0.005612,54.88
dinov2_b,tcga-ut,linear,3,0.6,18.04,0.520936,0.531163,0.52441,0.003473,33.96
dinov2_b,tcga-ut,linear,3,0.65,10.72,0.520936,0.531163,0.523864,0.002927,28.63
dinov2_b,tcga-ut,linear,3,0.7,4.84,0.520936,0.531163,0.522378,0.001442,14.1
dinov2_b,tcga-ut,linear,3,0.75,1.38,0.520936,0.531163,0.521457,0.000521,5.09
dinov2_b,tcga-ut,linear,3,0.8,0.2,0.520936,0.531163,0.520835,-0.000102,-0.99
dinov2_b,tcga-ut,linear,3,0.85,0.01,0.520936,0.531163,0.520962,2.6e-05,0.25
dinov2_b,tcga-ut,linear,3,0.9,0.0,0.520936,0.531163,0.520936,0.0,0.0
dinov2_b,tcga-ut,linear,3,0.95,0.0,0.520936,0.531163,0.520936,0.0,0.0
dinov2_b,tcga-ut,linear,3,1.0,0.0,0.520936,0.531163,0.520936,0.0,0.0
dinov2_b,tcga-ut,linear,42,0.0,100.0,0.495368,0.505231,0.505231,0.009863,100.0
dinov2_b,tcga-ut,linear,42,0.05,85.37,0.495368,0.505231,0.505231,0.009863,100.0
dinov2_b,tcga-ut,linear,42,0.1,78.58,0.495368,0.505231,0.505231,0.009863,100.0
dinov2_b,tcga-ut,linear,42,0.15,73.31,0.495368,0.505231,0.505364,0.009996,101.35
dinov2_b,tcga-ut,linear,42,0.2,68.55,0.495368,0.505231,0.505209,0.009841,99.78
dinov2_b,tcga-ut,linear,42,0.25,63.75,0.495368,0.505231,0.504851,0.009483,96.15
dinov2_b,tcga-ut,linear,42,0.3,58.98,0.495368,0.505231,0.505005,0.009637,97.71
dinov2_b,tcga-ut,linear,42,0.35,54.03,0.495368,0.505231,0.503691,0.008322,84.38
dinov2_b,tcga-ut,linear,42,0.4,48.41,0.495368,0.505231,0.503248,0.007879,79.89
dinov2_b,tcga-ut,linear,42,0.45,41.97,0.495368,0.505231,0.502667,0.007299,74.01
dinov2_b,tcga-ut,linear,42,0.5,34.8,0.495368,0.505231,0.502103,0.006735,68.28
dinov2_b,tcga-ut,linear,42,0.55,26.61,0.495368,0.505231,0.500559,0.005191,52.63
dinov2_b,tcga-ut,linear,42,0.6,18.04,0.495368,0.505231,0.499581,0.004213,42.72
dinov2_b,tcga-ut,linear,42,0.65,10.21,0.495368,0.505231,0.497335,0.001967,19.95
dinov2_b,tcga-ut,linear,42,0.7,4.3,0.495368,0.505231,0.496387,0.001019,10.33
dinov2_b,tcga-ut,linear,42,0.75,1.0,0.495368,0.505231,0.495997,0.000629,6.38
dinov2_b,tcga-ut,linear,42,0.8,0.13,0.495368,0.505231,0.495431,6.3e-05,0.64
dinov2_b,tcga-ut,linear,42,0.85,0.0,0.495368,0.505231,0.495368,0.0,0.0
dinov2_b,tcga-ut,linear,42,0.9,0.0,0.495368,0.505231,0.495368,0.0,0.0
dinov2_b,tcga-ut,linear,42,0.95,0.0,0.495368,0.505231,0.495368,0.0,0.0
dinov2_b,tcga-ut,linear,42,1.0,0.0,0.495368,0.505231,0.495368,0.0,0.0
dinov2_s,tcga-ut,linear,0,0.0,100.0,0.494903,0.509932,0.509932,0.01503,100.0
dinov2_s,tcga-ut,linear,0,0.05,88.46,0.494903,0.509932,0.509932,0.01503,100.0
dinov2_s,tcga-ut,linear,0,0.1,82.28,0.494903,0.509932,0.509932,0.01503,100.0
dinov2_s,tcga-ut,linear,0,0.15,77.31,0.494903,0.509932,0.509954,0.015051,100.15
dinov2_s,tcga-ut,linear,0,0.2,72.56,0.494903,0.509932,0.509906,0.015004,99.83
dinov2_s,tcga-ut,linear,0,0.25,67.84,0.494903,0.509932,0.509785,0.014883,99.02
dinov2_s,tcga-ut,linear,0,0.3,63.25,0.494903,0.509932,0.508387,0.013484,89.72
dinov2_s,tcga-ut,linear,0,0.35,58.39,0.494903,0.509932,0.507231,0.012328,82.03
dinov2_s,tcga-ut,linear,0,0.4,53.1,0.494903,0.509932,0.506345,0.011442,76.13
dinov2_s,tcga-ut,linear,0,0.45,46.69,0.494903,0.509932,0.505136,0.010234,68.09
dinov2_s,tcga-ut,linear,0,0.5,39.4,0.494903,0.509932,0.504648,0.009745,64.84
dinov2_s,tcga-ut,linear,0,0.55,31.51,0.494903,0.509932,0.502217,0.007314,48.67
dinov2_s,tcga-ut,linear,0,0.6,22.84,0.494903,0.509932,0.501474,0.006571,43.72
dinov2_s,tcga-ut,linear,0,0.65,14.4,0.494903,0.509932,0.498996,0.004093,27.24
dinov2_s,tcga-ut,linear,0,0.7,7.09,0.494903,0.509932,0.497327,0.002424,16.13
dinov2_s,tcga-ut,linear,0,0.75,2.42,0.494903,0.509932,0.495479,0.000576,3.83
dinov2_s,tcga-ut,linear,0,0.8,0.39,0.494903,0.509932,0.495064,0.000161,1.07
dinov2_s,tcga-ut,linear,0,0.85,0.01,0.494903,0.509932,0.494903,0.0,0.0
dinov2_s,tcga-ut,linear,0,0.9,0.0,0.494903,0.509932,0.494903,0.0,0.0
dinov2_s,tcga-ut,linear,0,0.95,0.0,0.494903,0.509932,0.494903,0.0,0.0
dinov2_s,tcga-ut,linear,0,1.0,0.0,0.494903,0.509932,0.494903,0.0,0.0
dinov2_s,tcga-ut,linear,1,0.0,100.0,0.499494,0.519571,0.519571,0.020077,100.0
dinov2_s,tcga-ut,linear,1,0.05,87.01,0.499494,0.519571,0.519571,0.020077,100.0
dinov2_s,tcga-ut,linear,1,0.1,80.39,0.499494,0.519571,0.519528,0.020034,99.79
dinov2_s,tcga-ut,linear,1,0.15,75.26,0.499494,0.519571,0.519476,0.019982,99.53
dinov2_s,tcga-ut,linear,1,0.2,70.51,0.499494,0.519571,0.519072,0.019578,97.51
dinov2_s,tcga-ut,linear,1,0.25,65.61,0.499494,0.519571,0.518697,0.019203,95.64
dinov2_s,tcga-ut,linear,1,0.3,60.89,0.499494,0.519571,0.518229,0.018735,93.31
dinov2_s,tcga-ut,linear,1,0.35,55.79,0.499494,0.519571,0.517151,0.017657,87.95
dinov2_s,tcga-ut,linear,1,0.4,49.83,0.499494,0.519571,0.515341,0.015847,78.93
dinov2_s,tcga-ut,linear,1,0.45,43.35,0.499494,0.519571,0.513986,0.014492,72.18
dinov2_s,tcga-ut,linear,1,0.5,35.94,0.499494,0.519571,0.512109,0.012615,62.83
dinov2_s,tcga-ut,linear,1,0.55,28.14,0.499494,0.519571,0.509564,0.01007,50.16
dinov2_s,tcga-ut,linear,1,0.6,19.75,0.499494,0.519571,0.507021,0.007527,37.49
dinov2_s,tcga-ut,linear,1,0.65,11.72,0.499494,0.519571,0.504653,0.005159,25.7
dinov2_s,tcga-ut,linear,1,0.7,5.29,0.499494,0.519571,0.502006,0.002512,12.51
dinov2_s,tcga-ut,linear,1,0.75,1.57,0.499494,0.519571,0.500369,0.000875,4.36
dinov2_s,tcga-ut,linear,1,0.8,0.19,0.499494,0.519571,0.499598,0.000103,0.52
dinov2_s,tcga-ut,linear,1,0.85,0.0,0.499494,0.519571,0.499494,0.0,0.0
dinov2_s,tcga-ut,linear,1,0.9,0.0,0.499494,0.519571,0.499494,0.0,0.0
dinov2_s,tcga-ut,linear,1,0.95,0.0,0.499494,0.519571,0.499494,0.0,0.0
dinov2_s,tcga-ut,linear,1,1.0,0.0,0.499494,0.519571,0.499494,0.0,0.0
dinov2_s,tcga-ut,linear,2,0.0,100.0,0.502714,0.521575,0.521575,0.018861,100.0
dinov2_s,tcga-ut,linear,2,0.05,86.31,0.502714,0.521575,0.521575,0.018861,100.0
dinov2_s,tcga-ut,linear,2,0.1,79.81,0.502714,0.521575,0.521532,0.018818,99.77
dinov2_s,tcga-ut,linear,2,0.15,74.81,0.502714,0.521575,0.5216,0.018886,100.13
dinov2_s,tcga-ut,linear,2,0.2,70.27,0.502714,0.521575,0.521274,0.018559,98.4
dinov2_s,tcga-ut,linear,2,0.25,65.46,0.502714,0.521575,0.520898,0.018183,96.41
dinov2_s,tcga-ut,linear,2,0.3,60.67,0.502714,0.521575,0.520174,0.017459,92.57
dinov2_s,tcga-ut,linear,2,0.35,55.54,0.502714,0.521575,0.519391,0.016677,88.42
dinov2_s,tcga-ut,linear,2,0.4,49.8,0.502714,0.521575,0.519016,0.016302,86.43
dinov2_s,tcga-ut,linear,2,0.45,43.31,0.502714,0.521575,0.516765,0.01405,74.5
dinov2_s,tcga-ut,linear,2,0.5,35.97,0.502714,0.521575,0.51538,0.012666,67.15
dinov2_s,tcga-ut,linear,2,0.55,28.09,0.502714,0.521575,0.513371,0.010657,56.5
dinov2_s,tcga-ut,linear,2,0.6,19.79,0.502714,0.521575,0.510732,0.008017,42.51
dinov2_s,tcga-ut,linear,2,0.65,12.02,0.502714,0.521575,0.508089,0.005375,28.5
dinov2_s,tcga-ut,linear,2,0.7,5.35,0.502714,0.521575,0.506162,0.003447,18.28
dinov2_s,tcga-ut,linear,2,0.75,1.57,0.502714,0.521575,0.50372,0.001006,5.33
dinov2_s,tcga-ut,linear,2,0.8,0.2,0.502714,0.521575,0.502782,6.8e-05,0.36
dinov2_s,tcga-ut,linear,2,0.85,0.0,0.502714,0.521575,0.502732,1.7e-05,0.09
dinov2_s,tcga-ut,linear,2,0.9,0.0,0.502714,0.521575,0.502714,0.0,0.0
dinov2_s,tcga-ut,linear,2,0.95,0.0,0.502714,0.521575,0.502714,0.0,0.0
dinov2_s,tcga-ut,linear,2,1.0,0.0,0.502714,0.521575,0.502714,0.0,0.0
dinov2_s,tcga-ut,linear,3,0.0,100.0,0.496141,0.514786,0.514786,0.018645,100.0
dinov2_s,tcga-ut,linear,3,0.05,87.89,0.496141,0.514786,0.514786,0.018645,100.0
dinov2_s,tcga-ut,linear,3,0.1,81.29,0.496141,0.514786,0.514764,0.018623,99.88
dinov2_s,tcga-ut,linear,3,0.15,76.15,0.496141,0.514786,0.514812,0.018671,100.14
dinov2_s,tcga-ut,linear,3,0.2,71.18,0.496141,0.514786,0.514636,0.018495,99.19
dinov2_s,tcga-ut,linear,3,0.25,66.1,0.496141,0.514786,0.513801,0.01766,94.72
dinov2_s,tcga-ut,linear,3,0.3,61.08,0.496141,0.514786,0.51266,0.016519,88.6
dinov2_s,tcga-ut,linear,3,0.35,56.07,0.496141,0.514786,0.511447,0.015306,82.09
dinov2_s,tcga-ut,linear,3,0.4,50.35,0.496141,0.514786,0.510393,0.014252,76.44
dinov2_s,tcga-ut,linear,3,0.45,43.81,0.496141,0.514786,0.508819,0.012678,68.0
dinov2_s,tcga-ut,linear,3,0.5,36.61,0.496141,0.514786,0.507517,0.011376,61.01
dinov2_s,tcga-ut,linear,3,0.55,28.91,0.496141,0.514786,0.506129,0.009988,53.57
dinov2_s,tcga-ut,linear,3,0.6,20.54,0.496141,0.514786,0.502786,0.006645,35.64
dinov2_s,tcga-ut,linear,3,0.65,12.46,0.496141,0.514786,0.499826,0.003685,19.77
dinov2_s,tcga-ut,linear,3,0.7,5.92,0.496141,0.514786,0.497646,0.001505,8.07
dinov2_s,tcga-ut,linear,3,0.75,1.78,0.496141,0.514786,0.496584,0.000443,2.38
dinov2_s,tcga-ut,linear,3,0.8,0.23,0.496141,0.514786,0.4963,0.000159,0.85
dinov2_s,tcga-ut,linear,3,0.85,0.01,0.496141,0.514786,0.496141,0.0,0.0
dinov2_s,tcga-ut,linear,3,0.9,0.0,0.496141,0.514786,0.496141,0.0,0.0
dinov2_s,tcga-ut,linear,3,0.95,0.0,0.496141,0.514786,0.496141,0.0,0.0
dinov2_s,tcga-ut,linear,3,1.0,0.0,0.496141,0.514786,0.496141,0.0,0.0
dinov2_s,tcga-ut,linear,42,0.0,100.0,0.499137,0.520403,0.520403,0.021266,100.0
dinov2_s,tcga-ut,linear,42,0.05,86.2,0.499137,0.520403,0.520403,0.021266,100.0
dinov2_s,tcga-ut,linear,42,0.1,79.66,0.499137,0.520403,0.520403,0.021266,100.0
dinov2_s,tcga-ut,linear,42,0.15,74.56,0.499137,0.520403,0.520369,0.021232,99.84
dinov2_s,tcga-ut,linear,42,0.2,69.86,0.499137,0.520403,0.520038,0.0209,98.28
dinov2_s,tcga-ut,linear,42,0.25,64.97,0.499137,0.520403,0.519601,0.020464,96.23
dinov2_s,tcga-ut,linear,42,0.3,60.14,0.499137,0.520403,0.517976,0.018839,88.59
dinov2_s,tcga-ut,linear,42,0.35,55.09,0.499137,0.520403,0.517046,0.017908,84.21
dinov2_s,tcga-ut,linear,42,0.4,49.21,0.499137,0.520403,0.515517,0.016379,77.02
dinov2_s,tcga-ut,linear,42,0.45,42.52,0.499137,0.520403,0.513582,0.014444,67.92
dinov2_s,tcga-ut,linear,42,0.5,35.33,0.499137,0.520403,0.511959,0.012822,60.29
dinov2_s,tcga-ut,linear,42,0.55,27.6,0.499137,0.520403,0.509126,0.009988,46.97
dinov2_s,tcga-ut,linear,42,0.6,19.33,0.499137,0.520403,0.507175,0.008037,37.79
dinov2_s,tcga-ut,linear,42,0.65,11.74,0.499137,0.520403,0.505212,0.006075,28.57
dinov2_s,tcga-ut,linear,42,0.7,5.56,0.499137,0.520403,0.502314,0.003176,14.94
dinov2_s,tcga-ut,linear,42,0.75,1.7,0.499137,0.520403,0.500319,0.001181,5.56
dinov2_s,tcga-ut,linear,42,0.8,0.25,0.499137,0.520403,0.49949,0.000352,1.66
dinov2_s,tcga-ut,linear,42,0.85,0.0,0.499137,0.520403,0.499137,0.0,0.0
dinov2_s,tcga-ut,linear,42,0.9,0.0,0.499137,0.520403,0.499137,0.0,0.0
dinov2_s,tcga-ut,linear,42,0.95,0.0,0.499137,0.520403,0.499137,0.0,0.0
dinov2_s,tcga-ut,linear,42,1.0,0.0,0.499137,0.520403,0.499137,0.0,0.0
gigapath,tcga-ut,linear,0,0.0,100.0,0.737689,0.740372,0.740372,0.002683,100.0
gigapath,tcga-ut,linear,0,0.05,39.56,0.737689,0.740372,0.740372,0.002683,100.0
gigapath,tcga-ut,linear,0,0.1,31.73,0.737689,0.740372,0.740347,0.002659,99.09
gigapath,tcga-ut,linear,0,0.15,25.85,0.737689,0.740372,0.740445,0.002756,102.73
gigapath,tcga-ut,linear,0,0.2,20.16,0.737689,0.740372,0.740377,0.002688,100.2
gigapath,tcga-ut,linear,0,0.25,14.63,0.737689,0.740372,0.739737,0.002048,76.35
gigapath,tcga-ut,linear,0,0.3,10.55,0.737689,0.740372,0.740209,0.00252,93.93
gigapath,tcga-ut,linear,0,0.35,6.95,0.737689,0.740372,0.740093,0.002405,89.62
gigapath,tcga-ut,linear,0,0.4,4.14,0.737689,0.740372,0.739106,0.001417,52.81
gigapath,tcga-ut,linear,0,0.45,2.24,0.737689,0.740372,0.738303,0.000614,22.87
gigapath,tcga-ut,linear,0,0.5,1.04,0.737689,0.740372,0.737916,0.000227,8.48
gigapath,tcga-ut,linear,0,0.55,0.41,0.737689,0.740372,0.737923,0.000235,8.74
gigapath,tcga-ut,linear,0,0.6,0.09,0.737689,0.740372,0.737715,2.6e-05,0.98
gigapath,tcga-ut,linear,0,0.65,0.01,0.737689,0.740372,0.737689,0.0,0.0
gigapath,tcga-ut,linear,0,0.7,0.0,0.737689,0.740372,0.737689,0.0,0.0
gigapath,tcga-ut,linear,0,0.75,0.0,0.737689,0.740372,0.737689,0.0,0.0
gigapath,tcga-ut,linear,0,0.8,0.0,0.737689,0.740372,0.737689,0.0,0.0
gigapath,tcga-ut,linear,0,0.85,0.0,0.737689,0.740372,0.737689,0.0,0.0
gigapath,tcga-ut,linear,0,0.9,0.0,0.737689,0.740372,0.737689,0.0,0.0
gigapath,tcga-ut,linear,0,0.95,0.0,0.737689,0.740372,0.737689,0.0,0.0
gigapath,tcga-ut,linear,0,1.0,0.0,0.737689,0.740372,0.737689,0.0,0.0
gigapath,tcga-ut,linear,1,0.0,100.0,0.736055,0.739428,0.739428,0.003373,100.0
gigapath,tcga-ut,linear,1,0.05,41.38,0.736055,0.739428,0.739428,0.003373,100.0
gigapath,tcga-ut,linear,1,0.1,33.11,0.736055,0.739428,0.739472,0.003417,101.29
gigapath,tcga-ut,linear,1,0.15,27.21,0.736055,0.739428,0.739276,0.003221,95.48
gigapath,tcga-ut,linear,1,0.2,21.28,0.736055,0.739428,0.738594,0.002539,75.27
gigapath,tcga-ut,linear,1,0.25,15.7,0.736055,0.739428,0.738777,0.002722,80.7
gigapath,tcga-ut,linear,1,0.3,11.45,0.736055,0.739428,0.738174,0.002119,62.81
gigapath,tcga-ut,linear,1,0.35,7.59,0.736055,0.739428,0.737591,0.001536,45.54
gigapath,tcga-ut,linear,1,0.4,4.67,0.736055,0.739428,0.737196,0.001141,33.83
gigapath,tcga-ut,linear,1,0.45,2.62,0.736055,0.739428,0.736573,0.000518,15.36
gigapath,tcga-ut,linear,1,0.5,1.28,0.736055,0.739428,0.736478,0.000423,12.53
gigapath,tcga-ut,linear,1,0.55,0.55,0.736055,0.739428,0.736461,0.000406,12.03
gigapath,tcga-ut,linear,1,0.6,0.12,0.736055,0.739428,0.736063,8e-06,0.25
gigapath,tcga-ut,linear,1,0.65,0.03,0.736055,0.739428,0.736055,0.0,0.0
gigapath,tcga-ut,linear,1,0.7,0.01,0.736055,0.739428,0.736055,0.0,0.0
gigapath,tcga-ut,linear,1,0.75,0.0,0.736055,0.739428,0.736055,0.0,0.0
gigapath,tcga-ut,linear,1,0.8,0.0,0.736055,0.739428,0.736055,0.0,0.0
gigapath,tcga-ut,linear,1,0.85,0.0,0.736055,0.739428,0.736055,0.0,0.0
gigapath,tcga-ut,linear,1,0.9,0.0,0.736055,0.739428,0.736055,0.0,0.0
gigapath,tcga-ut,linear,1,0.95,0.0,0.736055,0.739428,0.736055,0.0,0.0
gigapath,tcga-ut,linear,1,1.0,0.0,0.736055,0.739428,0.736055,0.0,0.0
gigapath,tcga-ut,linear,2,0.0,100.0,0.736267,0.74069,0.74069,0.004422,100.0
gigapath,tcga-ut,linear,2,0.05,38.57,0.736267,0.74069,0.740742,0.004474,101.18
gigapath,tcga-ut,linear,2,0.1,30.77,0.736267,0.74069,0.740815,0.004548,102.84
gigapath,tcga-ut,linear,2,0.15,25.17,0.736267,0.74069,0.741016,0.004749,107.38
gigapath,tcga-ut,linear,2,0.2,19.07,0.736267,0.74069,0.741026,0.004759,107.62
gigapath,tcga-ut,linear,2,0.25,13.37,0.736267,0.74069,0.740403,0.004136,93.52
gigapath,tcga-ut,linear,2,0.3,9.39,0.736267,0.74069,0.739274,0.003006,67.98
gigapath,tcga-ut,linear,2,0.35,6.03,0.736267,0.74069,0.738333,0.002066,46.72
gigapath,tcga-ut,linear,2,0.4,3.61,0.736267,0.74069,0.737218,0.000951,21.51
gigapath,tcga-ut,linear,2,0.45,1.89,0.736267,0.74069,0.737094,0.000827,18.7
gigapath,tcga-ut,linear,2,0.5,0.86,0.736267,0.74069,0.736548,0.000281,6.35
gigapath,tcga-ut,linear,2,0.55,0.31,0.736267,0.74069,0.736433,0.000165,3.74
gigapath,tcga-ut,linear,2,0.6,0.08,0.736267,0.74069,0.736352,8.5e-05,1.93
gigapath,tcga-ut,linear,2,0.65,0.01,0.736267,0.74069,0.73625,-1.7e-05,-0.39
gigapath,tcga-ut,linear,2,0.7,0.01,0.736267,0.74069,0.73625,-1.7e-05,-0.39
gigapath,tcga-ut,linear,2,0.75,0.0,0.736267,0.74069,0.736267,0.0,0.0
gigapath,tcga-ut,linear,2,0.8,0.0,0.736267,0.74069,0.736267,0.0,0.0
gigapath,tcga-ut,linear,2,0.85,0.0,0.736267,0.74069,0.736267,0.0,0.0
gigapath,tcga-ut,linear,2,0.9,0.0,0.736267,0.74069,0.736267,0.0,0.0
gigapath,tcga-ut,linear,2,0.95,0.0,0.736267,0.74069,0.736267,0.0,0.0
gigapath,tcga-ut,linear,2,1.0,0.0,0.736267,0.74069,0.736267,0.0,0.0
gigapath,tcga-ut,linear,3,0.0,100.0,0.734014,0.736487,0.736487,0.002474,100.0
gigapath,tcga-ut,linear,3,0.05,38.96,0.734014,0.736487,0.736487,0.002474,100.0
gigapath,tcga-ut,linear,3,0.1,31.12,0.734014,0.736487,0.73651,0.002496,100.9
gigapath,tcga-ut,linear,3,0.15,25.51,0.734014,0.736487,0.736254,0.00224,90.57
gigapath,tcga-ut,linear,3,0.2,19.81,0.734014,0.736487,0.736005,0.001992,80.51
gigapath,tcga-ut,linear,3,0.25,14.16,0.734014,0.736487,0.735249,0.001236,49.95
gigapath,tcga-ut,linear,3,0.3,9.98,0.734014,0.736487,0.735036,0.001023,41.35
gigapath,tcga-ut,linear,3,0.35,6.39,0.734014,0.736487,0.735195,0.001181,47.75
gigapath,tcga-ut,linear,3,0.4,3.81,0.734014,0.736487,0.735154,0.00114,46.1
gigapath,tcga-ut,linear,3,0.45,2.09,0.734014,0.736487,0.734219,0.000206,8.31
gigapath,tcga-ut,linear,3,0.5,0.92,0.734014,0.736487,0.733743,-0.00027,-10.92
gigapath,tcga-ut,linear,3,0.55,0.37,0.734014,0.736487,0.734131,0.000117,4.73
gigapath,tcga-ut,linear,3,0.6,0.08,0.734014,0.736487,0.734025,1.2e-05,0.47
gigapath,tcga-ut,linear,3,0.65,0.01,0.734014,0.736487,0.733996,-1.7e-05,-0.7
gigapath,tcga-ut,linear,3,0.7,0.0,0.734014,0.736487,0.734014,0.0,0.0
gigapath,tcga-ut,linear,3,0.75,0.0,0.734014,0.736487,0.734014,0.0,0.0
gigapath,tcga-ut,linear,3,0.8,0.0,0.734014,0.736487,0.734014,0.0,0.0
gigapath,tcga-ut,linear,3,0.85,0.0,0.734014,0.736487,0.734014,0.0,0.0
gigapath,tcga-ut,linear,3,0.9,0.0,0.734014,0.736487,0.734014,0.0,0.0
gigapath,tcga-ut,linear,3,0.95,0.0,0.734014,0.736487,0.734014,0.0,0.0
gigapath,tcga-ut,linear,3,1.0,0.0,0.734014,0.736487,0.734014,0.0,0.0
gigapath,tcga-ut,linear,42,0.0,100.0,0.740126,0.744033,0.744033,0.003907,100.0
gigapath,tcga-ut,linear,42,0.05,39.29,0.740126,0.744033,0.744033,0.003907,100.0
gigapath,tcga-ut,linear,42,0.1,31.26,0.740126,0.744033,0.744076,0.00395,101.1
gigapath,tcga-ut,linear,42,0.15,25.49,0.740126,0.744033,0.744216,0.00409,104.7
gigapath,tcga-ut,linear,42,0.2,19.81,0.740126,0.744033,0.743146,0.00302,77.29
gigapath,tcga-ut,linear,42,0.25,14.3,0.740126,0.744033,0.742519,0.002393,61.25
gigapath,tcga-ut,linear,42,0.3,10.17,0.740126,0.744033,0.742008,0.001882,48.17
gigapath,tcga-ut,linear,42,0.35,6.62,0.740126,0.744033,0.741924,0.001798,46.01
gigapath,tcga-ut,linear,42,0.4,3.9,0.740126,0.744033,0.741512,0.001386,35.48
gigapath,tcga-ut,linear,42,0.45,2.12,0.740126,0.744033,0.740708,0.000582,14.9
gigapath,tcga-ut,linear,42,0.5,1.0,0.740126,0.744033,0.740503,0.000377,9.64
gigapath,tcga-ut,linear,42,0.55,0.38,0.740126,0.744033,0.740241,0.000114,2.93
gigapath,tcga-ut,linear,42,0.6,0.07,0.740126,0.744033,0.740188,6.2e-05,1.59
gigapath,tcga-ut,linear,42,0.65,0.02,0.740126,0.744033,0.740218,9.2e-05,2.37
gigapath,tcga-ut,linear,42,0.7,0.0,0.740126,0.744033,0.74025,0.000124,3.18
gigapath,tcga-ut,linear,42,0.75,0.0,0.740126,0.744033,0.74025,0.000124,3.18
gigapath,tcga-ut,linear,42,0.8,0.0,0.740126,0.744033,0.740126,0.0,0.0
gigapath,tcga-ut,linear,42,0.85,0.0,0.740126,0.744033,0.740126,0.0,0.0
gigapath,tcga-ut,linear,42,0.9,0.0,0.740126,0.744033,0.740126,0.0,0.0
gigapath,tcga-ut,linear,42,0.95,0.0,0.740126,0.744033,0.740126,0.0,0.0
gigapath,tcga-ut,linear,42,1.0,0.0,0.740126,0.744033,0.740126,0.0,0.0
hoptimus,tcga-ut,linear,0,0.0,100.0,0.793991,0.796489,0.796489,0.002497,100.0
hoptimus,tcga-ut,linear,0,0.05,30.95,0.793991,0.796489,0.796489,0.002497,100.0
hoptimus,tcga-ut,linear,0,0.1,24.32,0.793991,0.796489,0.796506,0.002515,100.69
hoptimus,tcga-ut,linear,0,0.15,19.36,0.793991,0.796489,0.796406,0.002415,96.7
hoptimus,tcga-ut,linear,0,0.2,14.38,0.793991,0.796489,0.796975,0.002984,119.48
hoptimus,tcga-ut,linear,0,0.25,10.05,0.793991,0.796489,0.795795,0.001804,72.24
hoptimus,tcga-ut,linear,0,0.3,6.98,0.793991,0.796489,0.795589,0.001598,63.99
hoptimus,tcga-ut,linear,0,0.35,4.52,0.793991,0.796489,0.795232,0.001241,49.7
hoptimus,tcga-ut,linear,0,0.4,2.61,0.793991,0.796489,0.794632,0.000641,25.65
hoptimus,tcga-ut,linear,0,0.45,1.38,0.793991,0.796489,0.79438,0.000389,15.57
hoptimus,tcga-ut,linear,0,0.5,0.58,0.793991,0.796489,0.793876,-0.000115,-4.6
hoptimus,tcga-ut,linear,0,0.55,0.2,0.793991,0.796489,0.793971,-2.1e-05,-0.83
hoptimus,tcga-ut,linear,0,0.6,0.05,0.793991,0.796489,0.793983,-8e-06,-0.33
hoptimus,tcga-ut,linear,0,0.65,0.02,0.793991,0.796489,0.793991,0.0,0.0
hoptimus,tcga-ut,linear,0,0.7,0.0,0.793991,0.796489,0.793991,0.0,0.0
hoptimus,tcga-ut,linear,0,0.75,0.0,0.793991,0.796489,0.793991,0.0,0.0
hoptimus,tcga-ut,linear,0,0.8,0.0,0.793991,0.796489,0.793991,0.0,0.0
hoptimus,tcga-ut,linear,0,0.85,0.0,0.793991,0.796489,0.793991,0.0,0.0
hoptimus,tcga-ut,linear,0,0.9,0.0,0.793991,0.796489,0.793991,0.0,0.0
hoptimus,tcga-ut,linear,0,0.95,0.0,0.793991,0.796489,0.793991,0.0,0.0
hoptimus,tcga-ut,linear,0,1.0,0.0,0.793991,0.796489,0.793991,0.0,0.0
hoptimus,tcga-ut,linear,1,0.0,100.0,0.793264,0.795209,0.795209,0.001945,100.0
hoptimus,tcga-ut,linear,1,0.05,31.15,0.793264,0.795209,0.795209,0.001945,100.0
hoptimus,tcga-ut,linear,1,0.1,24.4,0.793264,0.795209,0.795222,0.001958,100.67
hoptimus,tcga-ut,linear,1,0.15,19.36,0.793264,0.795209,0.795159,0.001895,97.42
hoptimus,tcga-ut,linear,1,0.2,14.29,0.793264,0.795209,0.795291,0.002027,104.21
hoptimus,tcga-ut,linear,1,0.25,9.8,0.793264,0.795209,0.794948,0.001684,86.58
hoptimus,tcga-ut,linear,1,0.3,6.83,0.793264,0.795209,0.794429,0.001165,59.89
hoptimus,tcga-ut,linear,1,0.35,4.28,0.793264,0.795209,0.793312,4.8e-05,2.47
hoptimus,tcga-ut,linear,1,0.4,2.52,0.793264,0.795209,0.794043,0.000779,40.07
hoptimus,tcga-ut,linear,1,0.45,1.31,0.793264,0.795209,0.793038,-0.000225,-11.58
hoptimus,tcga-ut,linear,1,0.5,0.58,0.793264,0.795209,0.793132,-0.000131,-6.75
hoptimus,tcga-ut,linear,1,0.55,0.2,0.793264,0.795209,0.793416,0.000153,7.84
hoptimus,tcga-ut,linear,1,0.6,0.06,0.793264,0.795209,0.793264,0.0,0.0
hoptimus,tcga-ut,linear,1,0.65,0.01,0.793264,0.795209,0.793264,0.0,0.0
hoptimus,tcga-ut,linear,1,0.7,0.0,0.793264,0.795209,0.793264,0.0,0.0
hoptimus,tcga-ut,linear,1,0.75,0.0,0.793264,0.795209,0.793264,0.0,0.0
hoptimus,tcga-ut,linear,1,0.8,0.0,0.793264,0.795209,0.793264,0.0,0.0
hoptimus,tcga-ut,linear,1,0.85,0.0,0.793264,0.795209,0.793264,0.0,0.0
hoptimus,tcga-ut,linear,1,0.9,0.0,0.793264,0.795209,0.793264,0.0,0.0
hoptimus,tcga-ut,linear,1,0.95,0.0,0.793264,0.795209,0.793264,0.0,0.0
hoptimus,tcga-ut,linear,1,1.0,0.0,0.793264,0.795209,0.793264,0.0,0.0
hoptimus,tcga-ut,linear,2,0.0,100.0,0.790082,0.79235,0.79235,0.002268,100.0
hoptimus,tcga-ut,linear,2,0.05,31.84,0.790082,0.79235,0.79235,0.002268,100.0
hoptimus,tcga-ut,linear,2,0.1,24.94,0.790082,0.79235,0.79235,0.002268,100.0
hoptimus,tcga-ut,linear,2,0.15,19.98,0.790082,0.79235,0.7923,0.002218,97.77
hoptimus,tcga-ut,linear,2,0.2,14.84,0.790082,0.79235,0.792465,0.002383,105.05
hoptimus,tcga-ut,linear,2,0.25,10.33,0.790082,0.79235,0.791277,0.001195,52.67
hoptimus,tcga-ut,linear,2,0.3,7.24,0.790082,0.79235,0.790995,0.000912,40.23
hoptimus,tcga-ut,linear,2,0.35,4.64,0.790082,0.79235,0.790869,0.000787,34.69
hoptimus,tcga-ut,linear,2,0.4,2.67,0.790082,0.79235,0.790664,0.000582,25.66
hoptimus,tcga-ut,linear,2,0.45,1.46,0.790082,0.79235,0.790474,0.000392,17.29
hoptimus,tcga-ut,linear,2,0.5,0.63,0.790082,0.79235,0.790111,2.9e-05,1.3
hoptimus,tcga-ut,linear,2,0.55,0.24,0.790082,0.79235,0.790151,6.9e-05,3.04
hoptimus,tcga-ut,linear,2,0.6,0.06,0.790082,0.79235,0.790171,8.9e-05,3.91
hoptimus,tcga-ut,linear,2,0.65,0.02,0.790082,0.79235,0.790082,0.0,0.0
hoptimus,tcga-ut,linear,2,0.7,0.0,0.790082,0.79235,0.790082,0.0,0.0
hoptimus,tcga-ut,linear,2,0.75,0.0,0.790082,0.79235,0.790082,0.0,0.0
hoptimus,tcga-ut,linear,2,0.8,0.0,0.790082,0.79235,0.790082,0.0,0.0
hoptimus,tcga-ut,linear,2,0.85,0.0,0.790082,0.79235,0.790082,0.0,0.0
hoptimus,tcga-ut,linear,2,0.9,0.0,0.790082,0.79235,0.790082,0.0,0.0
hoptimus,tcga-ut,linear,2,0.95,0.0,0.790082,0.79235,0.790082,0.0,0.0
hoptimus,tcga-ut,linear,2,1.0,0.0,0.790082,0.79235,0.790082,0.0,0.0
hoptimus,tcga-ut,linear,3,0.0,100.0,0.796773,0.800575,0.800575,0.003803,100.0
hoptimus,tcga-ut,linear,3,0.05,31.22,0.796773,0.800575,0.800575,0.003803,100.0
hoptimus,tcga-ut,linear,3,0.1,24.54,0.796773,0.800575,0.800575,0.003803,100.0
hoptimus,tcga-ut,linear,3,0.15,19.6,0.796773,0.800575,0.800514,0.003742,98.39
hoptimus,tcga-ut,linear,3,0.2,14.57,0.796773,0.800575,0.800505,0.003732,98.15
hoptimus,tcga-ut,linear,3,0.25,10.23,0.796773,0.800575,0.799717,0.002944,77.43
hoptimus,tcga-ut,linear,3,0.3,7.09,0.796773,0.800575,0.798813,0.00204,53.65
hoptimus,tcga-ut,linear,3,0.35,4.5,0.796773,0.800575,0.798254,0.001482,38.96
hoptimus,tcga-ut,linear,3,0.4,2.64,0.796773,0.800575,0.798121,0.001348,35.45
hoptimus,tcga-ut,linear,3,0.45,1.33,0.796773,0.800575,0.797289,0.000516,13.57
hoptimus,tcga-ut,linear,3,0.5,0.64,0.796773,0.800575,0.796956,0.000184,4.83
hoptimus,tcga-ut,linear,3,0.55,0.21,0.796773,0.800575,0.796993,0.00022,5.79
hoptimus,tcga-ut,linear,3,0.6,0.06,0.796773,0.800575,0.796786,1.3e-05,0.34
hoptimus,tcga-ut,linear,3,0.65,0.01,0.796773,0.800575,0.796773,0.0,0.0
hoptimus,tcga-ut,linear,3,0.7,0.0,0.796773,0.800575,0.796773,0.0,0.0
hoptimus,tcga-ut,linear,3,0.75,0.0,0.796773,0.800575,0.796773,0.0,0.0
hoptimus,tcga-ut,linear,3,0.8,0.0,0.796773,0.800575,0.796773,0.0,0.0
hoptimus,tcga-ut,linear,3,0.85,0.0,0.796773,0.800575,0.796773,0.0,0.0
hoptimus,tcga-ut,linear,3,0.9,0.0,0.796773,0.800575,0.796773,0.0,0.0
hoptimus,tcga-ut,linear,3,0.95,0.0,0.796773,0.800575,0.796773,0.0,0.0
hoptimus,tcga-ut,linear,3,1.0,0.0,0.796773,0.800575,0.796773,0.0,0.0
hoptimus,tcga-ut,linear,42,0.0,100.0,0.79655,0.798446,0.798446,0.001896,100.0
hoptimus,tcga-ut,linear,42,0.05,31.5,0.79655,0.798446,0.798446,0.001896,100.0
hoptimus,tcga-ut,linear,42,0.1,24.93,0.79655,0.798446,0.798428,0.001877,99.03
hoptimus,tcga-ut,linear,42,0.15,19.97,0.79655,0.798446,0.798422,0.001872,98.75
hoptimus,tcga-ut,linear,42,0.2,14.99,0.79655,0.798446,0.798804,0.002254,118.88
hoptimus,tcga-ut,linear,42,0.25,10.6,0.79655,0.798446,0.798487,0.001937,102.17
hoptimus,tcga-ut,linear,42,0.3,7.39,0.79655,0.798446,0.798384,0.001834,96.73
hoptimus,tcga-ut,linear,42,0.35,4.92,0.79655,0.798446,0.797949,0.001398,73.76
hoptimus,tcga-ut,linear,42,0.4,2.99,0.79655,0.798446,0.797586,0.001035,54.62
hoptimus,tcga-ut,linear,42,0.45,1.58,0.79655,0.798446,0.797209,0.000658,34.73
hoptimus,tcga-ut,linear,42,0.5,0.77,0.79655,0.798446,0.796895,0.000345,18.2
hoptimus,tcga-ut,linear,42,0.55,0.28,0.79655,0.798446,0.796624,7.4e-05,3.91
hoptimus,tcga-ut,linear,42,0.6,0.07,0.79655,0.798446,0.796622,7.1e-05,3.77
hoptimus,tcga-ut,linear,42,0.65,0.0,0.79655,0.798446,0.79655,0.0,0.0
hoptimus,tcga-ut,linear,42,0.7,0.0,0.79655,0.798446,0.79655,0.0,0.0
hoptimus,tcga-ut,linear,42,0.75,0.0,0.79655,0.798446,0.79655,0.0,0.0
hoptimus,tcga-ut,linear,42,0.8,0.0,0.79655,0.798446,0.79655,0.0,0.0
hoptimus,tcga-ut,linear,42,0.85,0.0,0.79655,0.798446,0.79655,0.0,0.0
hoptimus,tcga-ut,linear,42,0.9,0.0,0.79655,0.798446,0.79655,0.0,0.0
hoptimus,tcga-ut,linear,42,0.95,0.0,0.79655,0.798446,0.79655,0.0,0.0
hoptimus,tcga-ut,linear,42,1.0,0.0,0.79655,0.798446,0.79655,0.0,0.0
phikon2,tcga-ut,linear,0,0.0,100.0,0.766247,0.769318,0.769318,0.003072,100.0
phikon2,tcga-ut,linear,0,0.05,51.81,0.766247,0.769318,0.769318,0.003072,100.0
phikon2,tcga-ut,linear,0,0.1,42.57,0.766247,0.769318,0.769285,0.003038,98.91
phikon2,tcga-ut,linear,0,0.15,36.41,0.766247,0.769318,0.769263,0.003016,98.19
phikon2,tcga-ut,linear,0,0.2,30.72,0.766247,0.769318,0.769235,0.002989,97.3
phikon2,tcga-ut,linear,0,0.25,25.26,0.766247,0.769318,0.769022,0.002775,90.35
phikon2,tcga-ut,linear,0,0.3,20.68,0.766247,0.769318,0.768943,0.002697,87.8
phikon2,tcga-ut,linear,0,0.35,16.44,0.766247,0.769318,0.768299,0.002052,66.8
phikon2,tcga-ut,linear,0,0.4,12.67,0.766247,0.769318,0.767616,0.001369,44.58
phikon2,tcga-ut,linear,0,0.45,9.2,0.766247,0.769318,0.766842,0.000595,19.38
phikon2,tcga-ut,linear,0,0.5,6.27,0.766247,0.769318,0.766336,9e-05,2.92
phikon2,tcga-ut,linear,0,0.55,3.8,0.766247,0.769318,0.766163,-8.4e-05,-2.74
phikon2,tcga-ut,linear,0,0.6,2.02,0.766247,0.769318,0.766517,0.00027,8.8
phikon2,tcga-ut,linear,0,0.65,0.88,0.766247,0.769318,0.766193,-5.4e-05,-1.76
phikon2,tcga-ut,linear,0,0.7,0.36,0.766247,0.769318,0.766236,-1.1e-05,-0.35
phikon2,tcga-ut,linear,0,0.75,0.07,0.766247,0.769318,0.766252,6e-06,0.18
phikon2,tcga-ut,linear,0,0.8,0.01,0.766247,0.769318,0.766247,0.0,0.0
phikon2,tcga-ut,linear,0,0.85,0.0,0.766247,0.769318,0.766247,0.0,0.0
phikon2,tcga-ut,linear,0,0.9,0.0,0.766247,0.769318,0.766247,0.0,0.0
phikon2,tcga-ut,linear,0,0.95,0.0,0.766247,0.769318,0.766247,0.0,0.0
phikon2,tcga-ut,linear,0,1.0,0.0,0.766247,0.769318,0.766247,0.0,0.0
phikon2,tcga-ut,linear,1,0.0,100.0,0.76847,0.773515,0.773515,0.005046,100.0
phikon2,tcga-ut,linear,1,0.05,51.75,0.76847,0.773515,0.773515,0.005046,100.0
phikon2,tcga-ut,linear,1,0.1,42.47,0.76847,0.773515,0.773482,0.005012,99.33
phikon2,tcga-ut,linear,1,0.15,36.35,0.76847,0.773515,0.773482,0.005012,99.33
phikon2,tcga-ut,linear,1,0.2,30.83,0.76847,0.773515,0.773437,0.004967,98.44
phikon2,tcga-ut,linear,1,0.25,25.41,0.76847,0.773515,0.772511,0.004041,80.09
phikon2,tcga-ut,linear,1,0.3,20.83,0.76847,0.773515,0.771696,0.003226,63.94
phikon2,tcga-ut,linear,1,0.35,16.53,0.76847,0.773515,0.770994,0.002524,50.03
phikon2,tcga-ut,linear,1,0.4,12.73,0.76847,0.773515,0.769721,0.001251,24.8
phikon2,tcga-ut,linear,1,0.45,9.29,0.76847,0.773515,0.768251,-0.000219,-4.34
phikon2,tcga-ut,linear,1,0.5,6.22,0.76847,0.773515,0.768348,-0.000122,-2.41
phikon2,tcga-ut,linear,1,0.55,3.86,0.76847,0.773515,0.767652,-0.000818,-16.21
phikon2,tcga-ut,linear,1,0.6,2.04,0.76847,0.773515,0.767945,-0.000525,-10.4
phikon2,tcga-ut,linear,1,0.65,0.89,0.76847,0.773515,0.768365,-0.000105,-2.07
phikon2,tcga-ut,linear,1,0.7,0.33,0.76847,0.773515,0.768201,-0.000269,-5.32
phikon2,tcga-ut,linear,1,0.75,0.05,0.76847,0.773515,0.768362,-0.000108,-2.13
phikon2,tcga-ut,linear,1,0.8,0.01,0.76847,0.773515,0.76847,0.0,0.0
phikon2,tcga-ut,linear,1,0.85,0.0,0.76847,0.773515,0.76847,0.0,0.0
phikon2,tcga-ut,linear,1,0.9,0.0,0.76847,0.773515,0.76847,0.0,0.0
phikon2,tcga-ut,linear,1,0.95,0.0,0.76847,0.773515,0.76847,0.0,0.0
phikon2,tcga-ut,linear,1,1.0,0.0,0.76847,0.773515,0.76847,0.0,0.0
phikon2,tcga-ut,linear,2,0.0,100.0,0.76839,0.773441,0.773441,0.005051,100.0
phikon2,tcga-ut,linear,2,0.05,51.79,0.76839,0.773441,0.773441,0.005051,100.0
phikon2,tcga-ut,linear,2,0.1,42.52,0.76839,0.773441,0.773407,0.005017,99.33
phikon2,tcga-ut,linear,2,0.15,36.38,0.76839,0.773441,0.773394,0.005004,99.08
phikon2,tcga-ut,linear,2,0.2,30.87,0.76839,0.773441,0.773391,0.005001,99.02
phikon2,tcga-ut,linear,2,0.25,25.38,0.76839,0.773441,0.773164,0.004774,94.52
phikon2,tcga-ut,linear,2,0.3,20.83,0.76839,0.773441,0.772367,0.003977,78.75
phikon2,tcga-ut,linear,2,0.35,16.52,0.76839,0.773441,0.772585,0.004195,83.07
phikon2,tcga-ut,linear,2,0.4,12.67,0.76839,0.773441,0.771291,0.002901,57.44
phikon2,tcga-ut,linear,2,0.45,9.31,0.76839,0.773441,0.771039,0.002649,52.44
phikon2,tcga-ut,linear,2,0.5,6.46,0.76839,0.773441,0.770314,0.001924,38.09
phikon2,tcga-ut,linear,2,0.55,3.96,0.76839,0.773441,0.768955,0.000565,11.19
phikon2,tcga-ut,linear,2,0.6,2.12,0.76839,0.773441,0.768965,0.000575,11.39
phikon2,tcga-ut,linear,2,0.65,1.01,0.76839,0.773441,0.768547,0.000157,3.1
phikon2,tcga-ut,linear,2,0.7,0.42,0.76839,0.773441,0.768381,-9e-06,-0.18
phikon2,tcga-ut,linear,2,0.75,0.11,0.76839,0.773441,0.768373,-1.7e-05,-0.34
phikon2,tcga-ut,linear,2,0.8,0.01,0.76839,0.773441,0.76839,0.0,0.0
phikon2,tcga-ut,linear,2,0.85,0.0,0.76839,0.773441,0.76839,0.0,0.0
phikon2,tcga-ut,linear,2,0.9,0.0,0.76839,0.773441,0.76839,0.0,0.0
phikon2,tcga-ut,linear,2,0.95,0.0,0.76839,0.773441,0.76839,0.0,0.0
phikon2,tcga-ut,linear,2,1.0,0.0,0.76839,0.773441,0.76839,0.0,0.0
phikon2,tcga-ut,linear,3,0.0,100.0,0.767731,0.771382,0.771382,0.003651,100.0
phikon2,tcga-ut,linear,3,0.05,51.75,0.767731,0.771382,0.771382,0.003651,100.0
phikon2,tcga-ut,linear,3,0.1,42.51,0.767731,0.771382,0.771349,0.003618,99.08
phikon2,tcga-ut,linear,3,0.15,36.31,0.767731,0.771382,0.771336,0.003605,98.72
phikon2,tcga-ut,linear,3,0.2,30.81,0.767731,0.771382,0.771375,0.003644,99.81
phikon2,tcga-ut,linear,3,0.25,25.38,0.767731,0.771382,0.771151,0.003419,93.65
phikon2,tcga-ut,linear,3,0.3,20.74,0.767731,0.771382,0.770828,0.003096,84.81
phikon2,tcga-ut,linear,3,0.35,16.39,0.767731,0.771382,0.769545,0.001813,49.67
phikon2,tcga-ut,linear,3,0.4,12.66,0.767731,0.771382,0.768165,0.000434,11.88
phikon2,tcga-ut,linear,3,0.45,9.2,0.767731,0.771382,0.768103,0.000372,10.19
phikon2,tcga-ut,linear,3,0.5,6.23,0.767731,0.771382,0.767461,-0.00027,-7.4
phikon2,tcga-ut,linear,3,0.55,3.84,0.767731,0.771382,0.767829,9.8e-05,2.68
phikon2,tcga-ut,linear,3,0.6,2.13,0.767731,0.771382,0.768176,0.000445,12.18
phikon2,tcga-ut,linear,3,0.65,0.97,0.767731,0.771382,0.767919,0.000188,5.14
phikon2,tcga-ut,linear,3,0.7,0.38,0.767731,0.771382,0.767891,0.00016,4.38
phikon2,tcga-ut,linear,3,0.75,0.08,0.767731,0.771382,0.767772,4e-05,1.11
phikon2,tcga-ut,linear,3,0.8,0.01,0.767731,0.771382,0.767731,0.0,0.0
phikon2,tcga-ut,linear,3,0.85,0.0,0.767731,0.771382,0.767731,0.0,0.0
phikon2,tcga-ut,linear,3,0.9,0.0,0.767731,0.771382,0.767731,0.0,0.0
phikon2,tcga-ut,linear,3,0.95,0.0,0.767731,0.771382,0.767731,0.0,0.0
phikon2,tcga-ut,linear,3,1.0,0.0,0.767731,0.771382,0.767731,0.0,0.0
phikon2,tcga-ut,linear,42,0.0,100.0,0.769023,0.774226,0.774226,0.005202,100.0
phikon2,tcga-ut,linear,42,0.05,51.67,0.769023,0.774226,0.774226,0.005202,100.0
phikon2,tcga-ut,linear,42,0.1,42.29,0.769023,0.774226,0.774226,0.005202,100.0
phikon2,tcga-ut,linear,42,0.15,36.2,0.769023,0.774226,0.774179,0.005156,99.1
phikon2,tcga-ut,linear,42,0.2,30.54,0.769023,0.774226,0.774175,0.005152,99.04
phikon2,tcga-ut,linear,42,0.25,25.05,0.769023,0.774226,0.774131,0.005108,98.19
phikon2,tcga-ut,linear,42,0.3,20.47,0.769023,0.774226,0.773195,0.004172,80.18
phikon2,tcga-ut,linear,42,0.35,16.08,0.769023,0.774226,0.772423,0.0034,65.36
phikon2,tcga-ut,linear,42,0.4,12.49,0.769023,0.774226,0.771685,0.002662,51.17
phikon2,tcga-ut,linear,42,0.45,9.11,0.769023,0.774226,0.771192,0.002169,41.69
phikon2,tcga-ut,linear,42,0.5,6.16,0.769023,0.774226,0.770665,0.001642,31.56
phikon2,tcga-ut,linear,42,0.55,3.92,0.769023,0.774226,0.769248,0.000225,4.33
phikon2,tcga-ut,linear,42,0.6,2.05,0.769023,0.774226,0.769589,0.000566,10.88
phikon2,tcga-ut,linear,42,0.65,0.96,0.769023,0.774226,0.769301,0.000277,5.33
phikon2,tcga-ut,linear,42,0.7,0.36,0.769023,0.774226,0.769047,2.4e-05,0.46
phikon2,tcga-ut,linear,42,0.75,0.08,0.769023,0.774226,0.768987,-3.6e-05,-0.69
phikon2,tcga-ut,linear,42,0.8,0.01,0.769023,0.774226,0.769023,0.0,0.0
phikon2,tcga-ut,linear,42,0.85,0.0,0.769023,0.774226,0.769023,0.0,0.0
phikon2,tcga-ut,linear,42,0.9,0.0,0.769023,0.774226,0.769023,0.0,0.0
phikon2,tcga-ut,linear,42,0.95,0.0,0.769023,0.774226,0.769023,0.0,0.0
phikon2,tcga-ut,linear,42,1.0,0.0,0.769023,0.774226,0.769023,0.0,0.0
phikon,tcga-ut,linear,0,0.0,100.0,0.738409,0.746014,0.746014,0.007606,100.0
phikon,tcga-ut,linear,0,0.05,37.52,0.738409,0.746014,0.746023,0.007614,100.11
phikon,tcga-ut,linear,0,0.1,30.12,0.738409,0.746014,0.745977,0.007568,99.51
phikon,tcga-ut,linear,0,0.15,24.62,0.738409,0.746014,0.746002,0.007594,99.84
phikon,tcga-ut,linear,0,0.2,18.86,0.738409,0.746014,0.745323,0.006915,90.92
phikon,tcga-ut,linear,0,0.25,13.46,0.738409,0.746014,0.744132,0.005723,75.25
phikon,tcga-ut,linear,0,0.3,9.67,0.738409,0.746014,0.742613,0.004205,55.28
phikon,tcga-ut,linear,0,0.35,6.35,0.738409,0.746014,0.741847,0.003438,45.2
phikon,tcga-ut,linear,0,0.4,3.8,0.738409,0.746014,0.74088,0.002471,32.49
phikon,tcga-ut,linear,0,0.45,2.15,0.738409,0.746014,0.74045,0.002041,26.83
phikon,tcga-ut,linear,0,0.5,0.95,0.738409,0.746014,0.73927,0.000861,11.32
phikon,tcga-ut,linear,0,0.55,0.32,0.738409,0.746014,0.73903,0.000621,8.16
phikon,tcga-ut,linear,0,0.6,0.09,0.738409,0.746014,0.738413,5e-06,0.06
phikon,tcga-ut,linear,0,0.65,0.01,0.738409,0.746014,0.738396,-1.2e-05,-0.16
phikon,tcga-ut,linear,0,0.7,0.0,0.738409,0.746014,0.738409,0.0,0.0
phikon,tcga-ut,linear,0,0.75,0.0,0.738409,0.746014,0.738409,0.0,0.0
phikon,tcga-ut,linear,0,0.8,0.0,0.738409,0.746014,0.738409,0.0,0.0
phikon,tcga-ut,linear,0,0.85,0.0,0.738409,0.746014,0.738409,0.0,0.0
phikon,tcga-ut,linear,0,0.9,0.0,0.738409,0.746014,0.738409,0.0,0.0
phikon,tcga-ut,linear,0,0.95,0.0,0.738409,0.746014,0.738409,0.0,0.0
phikon,tcga-ut,linear,0,1.0,0.0,0.738409,0.746014,0.738409,0.0,0.0
phikon,tcga-ut,linear,1,0.0,100.0,0.738926,0.747235,0.747235,0.008309,100.0
phikon,tcga-ut,linear,1,0.05,37.22,0.738926,0.747235,0.747219,0.008293,99.81
phikon,tcga-ut,linear,1,0.1,29.99,0.738926,0.747235,0.747162,0.008235,99.11
phikon,tcga-ut,linear,1,0.15,24.5,0.738926,0.747235,0.747025,0.008099,97.47
phikon,tcga-ut,linear,1,0.2,18.79,0.738926,0.747235,0.746995,0.008069,97.11
phikon,tcga-ut,linear,1,0.25,13.43,0.738926,0.747235,0.745938,0.007012,84.39
phikon,tcga-ut,linear,1,0.3,9.67,0.738926,0.747235,0.745155,0.006229,74.96
phikon,tcga-ut,linear,1,0.35,6.3,0.738926,0.747235,0.743456,0.00453,54.51
phikon,tcga-ut,linear,1,0.4,3.89,0.738926,0.747235,0.74202,0.003093,37.23
phikon,tcga-ut,linear,1,0.45,2.12,0.738926,0.747235,0.740887,0.001961,23.6
phikon,tcga-ut,linear,1,0.5,0.93,0.738926,0.747235,0.739534,0.000608,7.32
phikon,tcga-ut,linear,1,0.55,0.34,0.738926,0.747235,0.739347,0.000421,5.06
phikon,tcga-ut,linear,1,0.6,0.12,0.738926,0.747235,0.738916,-1e-05,-0.12
phikon,tcga-ut,linear,1,0.65,0.02,0.738926,0.747235,0.738896,-3e-05,-0.36
phikon,tcga-ut,linear,1,0.7,0.0,0.738926,0.747235,0.738926,0.0,0.0
phikon,tcga-ut,linear,1,0.75,0.0,0.738926,0.747235,0.738926,0.0,0.0
phikon,tcga-ut,linear,1,0.8,0.0,0.738926,0.747235,0.738926,0.0,0.0
phikon,tcga-ut,linear,1,0.85,0.0,0.738926,0.747235,0.738926,0.0,0.0
phikon,tcga-ut,linear,1,0.9,0.0,0.738926,0.747235,0.738926,0.0,0.0
phikon,tcga-ut,linear,1,0.95,0.0,0.738926,0.747235,0.738926,0.0,0.0
phikon,tcga-ut,linear,1,1.0,0.0,0.738926,0.747235,0.738926,0.0,0.0
phikon,tcga-ut,linear,2,0.0,100.0,0.743003,0.7476,0.7476,0.004597,100.0
phikon,tcga-ut,linear,2,0.05,39.34,0.743003,0.7476,0.747583,0.00458,99.62
phikon,tcga-ut,linear,2,0.1,31.69,0.743003,0.7476,0.747557,0.004554,99.05
phikon,tcga-ut,linear,2,0.15,26.07,0.743003,0.7476,0.747695,0.004693,102.08
phikon,tcga-ut,linear,2,0.2,20.6,0.743003,0.7476,0.746548,0.003545,77.11
phikon,tcga-ut,linear,2,0.25,15.1,0.743003,0.7476,0.746418,0.003415,74.29
phikon,tcga-ut,linear,2,0.3,11.02,0.743003,0.7476,0.745928,0.002925,63.62
phikon,tcga-ut,linear,2,0.35,7.48,0.743003,0.7476,0.744515,0.001512,32.89
phikon,tcga-ut,linear,2,0.4,4.84,0.743003,0.7476,0.743571,0.000568,12.36
phikon,tcga-ut,linear,2,0.45,2.71,0.743003,0.7476,0.744015,0.001012,22.01
phikon,tcga-ut,linear,2,0.5,1.29,0.743003,0.7476,0.743329,0.000326,7.1
phikon,tcga-ut,linear,2,0.55,0.48,0.743003,0.7476,0.743026,2.3e-05,0.51
phikon,tcga-ut,linear,2,0.6,0.16,0.743003,0.7476,0.743147,0.000145,3.14
phikon,tcga-ut,linear,2,0.65,0.03,0.743003,0.7476,0.74271,-0.000293,-6.37
phikon,tcga-ut,linear,2,0.7,0.0,0.743003,0.7476,0.742951,-5.2e-05,-1.13
phikon,tcga-ut,linear,2,0.75,0.0,0.743003,0.7476,0.743003,0.0,0.0
phikon,tcga-ut,linear,2,0.8,0.0,0.743003,0.7476,0.743003,0.0,0.0
phikon,tcga-ut,linear,2,0.85,0.0,0.743003,0.7476,0.743003,0.0,0.0
phikon,tcga-ut,linear,2,0.9,0.0,0.743003,0.7476,0.743003,0.0,0.0
phikon,tcga-ut,linear,2,0.95,0.0,0.743003,0.7476,0.743003,0.0,0.0
phikon,tcga-ut,linear,2,1.0,0.0,0.743003,0.7476,0.743003,0.0,0.0
phikon,tcga-ut,linear,3,0.0,100.0,0.736415,0.742009,0.742009,0.005594,100.0
phikon,tcga-ut,linear,3,0.05,37.4,0.736415,0.742009,0.741983,0.005568,99.53
phikon,tcga-ut,linear,3,0.1,30.07,0.736415,0.742009,0.741963,0.005548,99.17
phikon,tcga-ut,linear,3,0.15,24.45,0.736415,0.742009,0.741879,0.005464,97.66
phikon,tcga-ut,linear,3,0.2,18.94,0.736415,0.742009,0.741659,0.005243,93.73
phikon,tcga-ut,linear,3,0.25,13.7,0.736415,0.742009,0.741263,0.004848,86.66
phikon,tcga-ut,linear,3,0.3,9.86,0.736415,0.742009,0.740558,0.004143,74.06
phikon,tcga-ut,linear,3,0.35,6.53,0.736415,0.742009,0.73864,0.002224,39.76
phikon,tcga-ut,linear,3,0.4,4.01,0.736415,0.742009,0.737019,0.000604,10.8
phikon,tcga-ut,linear,3,0.45,2.21,0.736415,0.742009,0.736986,0.000571,10.2
phikon,tcga-ut,linear,3,0.5,1.04,0.736415,0.742009,0.73685,0.000434,7.77
phikon,tcga-ut,linear,3,0.55,0.37,0.736415,0.742009,0.736935,0.000519,9.28
phikon,tcga-ut,linear,3,0.6,0.1,0.736415,0.742009,0.736463,4.8e-05,0.85
phikon,tcga-ut,linear,3,0.65,0.02,0.736415,0.742009,0.736382,-3.4e-05,-0.6
phikon,tcga-ut,linear,3,0.7,0.0,0.736415,0.742009,0.736415,0.0,0.0
phikon,tcga-ut,linear,3,0.75,0.0,0.736415,0.742009,0.736415,0.0,0.0
phikon,tcga-ut,linear,3,0.8,0.0,0.736415,0.742009,0.736415,0.0,0.0
phikon,tcga-ut,linear,3,0.85,0.0,0.736415,0.742009,0.736415,0.0,0.0
phikon,tcga-ut,linear,3,0.9,0.0,0.736415,0.742009,0.736415,0.0,0.0
phikon,tcga-ut,linear,3,0.95,0.0,0.736415,0.742009,0.736415,0.0,0.0
phikon,tcga-ut,linear,3,1.0,0.0,0.736415,0.742009,0.736415,0.0,0.0
phikon,tcga-ut,linear,42,0.0,100.0,0.745019,0.751402,0.751402,0.006383,100.0
phikon,tcga-ut,linear,42,0.05,37.76,0.745019,0.751402,0.751376,0.006357,99.59
phikon,tcga-ut,linear,42,0.1,30.59,0.745019,0.751402,0.751357,0.006338,99.29
phikon,tcga-ut,linear,42,0.15,25.11,0.745019,0.751402,0.751199,0.00618,96.82
phikon,tcga-ut,linear,42,0.2,19.62,0.745019,0.751402,0.750649,0.00563,88.21
phikon,tcga-ut,linear,42,0.25,14.34,0.745019,0.751402,0.749072,0.004053,63.5
phikon,tcga-ut,linear,42,0.3,10.36,0.745019,0.751402,0.747517,0.002498,39.13
phikon,tcga-ut,linear,42,0.35,7.02,0.745019,0.751402,0.746959,0.00194,30.4
phikon,tcga-ut,linear,42,0.4,4.44,0.745019,0.751402,0.746285,0.001266,19.83
phikon,tcga-ut,linear,42,0.45,2.53,0.745019,0.751402,0.746048,0.001029,16.11
phikon,tcga-ut,linear,42,0.5,1.16,0.745019,0.751402,0.745392,0.000373,5.84
phikon,tcga-ut,linear,42,0.55,0.44,0.745019,0.751402,0.744705,-0.000314,-4.92
phikon,tcga-ut,linear,42,0.6,0.16,0.745019,0.751402,0.744763,-0.000256,-4.01
phikon,tcga-ut,linear,42,0.65,0.03,0.745019,0.751402,0.745003,-1.6e-05,-0.25
phikon,tcga-ut,linear,42,0.7,0.0,0.745019,0.751402,0.745019,0.0,0.0
phikon,tcga-ut,linear,42,0.75,0.0,0.745019,0.751402,0.745019,0.0,0.0
phikon,tcga-ut,linear,42,0.8,0.0,0.745019,0.751402,0.745019,0.0,0.0
phikon,tcga-ut,linear,42,0.85,0.0,0.745019,0.751402,0.745019,0.0,0.0
phikon,tcga-ut,linear,42,0.9,0.0,0.745019,0.751402,0.745019,0.0,0.0
phikon,tcga-ut,linear,42,0.95,0.0,0.745019,0.751402,0.745019,0.0,0.0
phikon,tcga-ut,linear,42,1.0,0.0,0.745019,0.751402,0.745019,0.0,0.0
resnet18,tcga-ut,linear,0,0.0,100.0,0.377754,0.409916,0.409916,0.032162,100.0
resnet18,tcga-ut,linear,0,0.05,93.99,0.377754,0.409916,0.409916,0.032162,100.0
resnet18,tcga-ut,linear,0,0.1,89.45,0.377754,0.409916,0.409907,0.032153,99.97
resnet18,tcga-ut,linear,0,0.15,85.76,0.377754,0.409916,0.409911,0.032157,99.98
resnet18,tcga-ut,linear,0,0.2,82.48,0.377754,0.409916,0.410027,0.032273,100.35
resnet18,tcga-ut,linear,0,0.25,79.01,0.377754,0.409916,0.409771,0.032017,99.55
resnet18,tcga-ut,linear,0,0.3,75.65,0.377754,0.409916,0.409006,0.031252,97.17
resnet18,tcga-ut,linear,0,0.35,71.62,0.377754,0.409916,0.408759,0.031005,96.4
resnet18,tcga-ut,linear,0,0.4,67.25,0.377754,0.409916,0.407151,0.029397,91.4
resnet18,tcga-ut,linear,0,0.45,62.25,0.377754,0.409916,0.406053,0.028299,87.99
resnet18,tcga-ut,linear,0,0.5,56.22,0.377754,0.409916,0.404474,0.02672,83.08
resnet18,tcga-ut,linear,0,0.55,48.93,0.377754,0.409916,0.401126,0.023372,72.67
resnet18,tcga-ut,linear,0,0.6,39.54,0.377754,0.409916,0.396868,0.019115,59.43
resnet18,tcga-ut,linear,0,0.65,29.0,0.377754,0.409916,0.390611,0.012857,39.98
resnet18,tcga-ut,linear,0,0.7,17.75,0.377754,0.409916,0.386338,0.008584,26.69
resnet18,tcga-ut,linear,0,0.75,7.99,0.377754,0.409916,0.380848,0.003094,9.62
resnet18,tcga-ut,linear,0,0.8,1.88,0.377754,0.409916,0.377914,0.00016,0.5
resnet18,tcga-ut,linear,0,0.85,0.13,0.377754,0.409916,0.377781,2.8e-05,0.09
resnet18,tcga-ut,linear,0,0.9,0.0,0.377754,0.409916,0.377754,0.0,0.0
resnet18,tcga-ut,linear,0,0.95,0.0,0.377754,0.409916,0.377754,0.0,0.0
resnet18,tcga-ut,linear,0,1.0,0.0,0.377754,0.409916,0.377754,0.0,0.0
resnet18,tcga-ut,linear,1,0.0,100.0,0.368162,0.401103,0.401103,0.032941,100.0
resnet18,tcga-ut,linear,1,0.05,94.02,0.368162,0.401103,0.401103,0.032941,100.0
resnet18,tcga-ut,linear,1,0.1,89.53,0.368162,0.401103,0.401104,0.032942,100.0
resnet18,tcga-ut,linear,1,0.15,85.86,0.368162,0.401103,0.401126,0.032964,100.07
resnet18,tcga-ut,linear,1,0.2,82.53,0.368162,0.401103,0.401228,0.033066,100.38
resnet18,tcga-ut,linear,1,0.25,79.18,0.368162,0.401103,0.400782,0.03262,99.03
resnet18,tcga-ut,linear,1,0.3,75.76,0.368162,0.401103,0.40048,0.032318,98.11
resnet18,tcga-ut,linear,1,0.35,71.76,0.368162,0.401103,0.400315,0.032153,97.61
resnet18,tcga-ut,linear,1,0.4,67.38,0.368162,0.401103,0.399161,0.031,94.11
resnet18,tcga-ut,linear,1,0.45,62.33,0.368162,0.401103,0.397955,0.029793,90.44
resnet18,tcga-ut,linear,1,0.5,56.15,0.368162,0.401103,0.395724,0.027562,83.67
resnet18,tcga-ut,linear,1,0.55,48.56,0.368162,0.401103,0.393013,0.024851,75.44
resnet18,tcga-ut,linear,1,0.6,39.18,0.368162,0.401103,0.387515,0.019353,58.75
resnet18,tcga-ut,linear,1,0.65,28.22,0.368162,0.401103,0.381172,0.01301,39.49
resnet18,tcga-ut,linear,1,0.7,16.98,0.368162,0.401103,0.375459,0.007297,22.15
resnet18,tcga-ut,linear,1,0.75,7.32,0.368162,0.401103,0.371144,0.002982,9.05
resnet18,tcga-ut,linear,1,0.8,1.63,0.368162,0.401103,0.36907,0.000908,2.76
resnet18,tcga-ut,linear,1,0.85,0.1,0.368162,0.401103,0.368245,8.3e-05,0.25
resnet18,tcga-ut,linear,1,0.9,0.0,0.368162,0.401103,0.368162,0.0,0.0
resnet18,tcga-ut,linear,1,0.95,0.0,0.368162,0.401103,0.368162,0.0,0.0
resnet18,tcga-ut,linear,1,1.0,0.0,0.368162,0.401103,0.368162,0.0,0.0
resnet18,tcga-ut,linear,2,0.0,100.0,0.372288,0.401808,0.401808,0.02952,100.0
resnet18,tcga-ut,linear,2,0.05,93.95,0.372288,0.401808,0.401808,0.02952,100.0
resnet18,tcga-ut,linear,2,0.1,89.46,0.372288,0.401808,0.401808,0.02952,100.0
resnet18,tcga-ut,linear,2,0.15,85.94,0.372288,0.401808,0.401772,0.029484,99.88
resnet18,tcga-ut,linear,2,0.2,82.45,0.372288,0.401808,0.401729,0.029441,99.73
resnet18,tcga-ut,linear,2,0.25,79.11,0.372288,0.401808,0.401413,0.029125,98.66
resnet18,tcga-ut,linear,2,0.3,75.59,0.372288,0.401808,0.400841,0.028553,96.72
resnet18,tcga-ut,linear,2,0.35,71.54,0.372288,0.401808,0.400832,0.028544,96.69
resnet18,tcga-ut,linear,2,0.4,67.19,0.372288,0.401808,0.399812,0.027524,93.24
resnet18,tcga-ut,linear,2,0.45,61.91,0.372288,0.401808,0.398202,0.025914,87.78
resnet18,tcga-ut,linear,2,0.5,55.86,0.372288,0.401808,0.396036,0.023748,80.45
resnet18,tcga-ut,linear,2,0.55,48.12,0.372288,0.401808,0.393346,0.021058,71.33
resnet18,tcga-ut,linear,2,0.6,38.82,0.372288,0.401808,0.388141,0.015853,53.7
resnet18,tcga-ut,linear,2,0.65,28.3,0.372288,0.401808,0.384859,0.01257,42.58
resnet18,tcga-ut,linear,2,0.7,17.09,0.372288,0.401808,0.380613,0.008325,28.2
resnet18,tcga-ut,linear,2,0.75,7.47,0.372288,0.401808,0.376636,0.004348,14.73
resnet18,tcga-ut,linear,2,0.8,1.73,0.372288,0.401808,0.373139,0.000851,2.88
resnet18,tcga-ut,linear,2,0.85,0.1,0.372288,0.401808,0.372298,1e-05,0.03
resnet18,tcga-ut,linear,2,0.9,0.0,0.372288,0.401808,0.372288,0.0,0.0
resnet18,tcga-ut,linear,2,0.95,0.0,0.372288,0.401808,0.372288,0.0,0.0
resnet18,tcga-ut,linear,2,1.0,0.0,0.372288,0.401808,0.372288,0.0,0.0
resnet18,tcga-ut,linear,3,0.0,100.0,0.377297,0.411648,0.411648,0.034351,100.0
resnet18,tcga-ut,linear,3,0.05,94.38,0.377297,0.411648,0.411648,0.034351,100.0
resnet18,tcga-ut,linear,3,0.1,89.91,0.377297,0.411648,0.411639,0.034342,99.97
resnet18,tcga-ut,linear,3,0.15,86.4,0.377297,0.411648,0.411652,0.034355,100.01
resnet18,tcga-ut,linear,3,0.2,83.11,0.377297,0.411648,0.411642,0.034346,99.98
resnet18,tcga-ut,linear,3,0.25,79.72,0.377297,0.411648,0.411274,0.033977,98.91
resnet18,tcga-ut,linear,3,0.3,76.38,0.377297,0.411648,0.410654,0.033357,97.11
resnet18,tcga-ut,linear,3,0.35,72.49,0.377297,0.411648,0.410453,0.033156,96.52
resnet18,tcga-ut,linear,3,0.4,68.25,0.377297,0.411648,0.409353,0.032056,93.32
resnet18,tcga-ut,linear,3,0.45,63.32,0.377297,0.411648,0.407534,0.030237,88.02
resnet18,tcga-ut,linear,3,0.5,57.08,0.377297,0.411648,0.405739,0.028443,82.8
resnet18,tcga-ut,linear,3,0.55,49.63,0.377297,0.411648,0.402113,0.024816,72.24
resnet18,tcga-ut,linear,3,0.6,40.59,0.377297,0.411648,0.397719,0.020422,59.45
resnet18,tcga-ut,linear,3,0.65,29.34,0.377297,0.411648,0.391421,0.014124,41.12
resnet18,tcga-ut,linear,3,0.7,17.74,0.377297,0.411648,0.38631,0.009013,26.24
resnet18,tcga-ut,linear,3,0.75,7.67,0.377297,0.411648,0.381254,0.003957,11.52
resnet18,tcga-ut,linear,3,0.8,1.67,0.377297,0.411648,0.377728,0.000431,1.25
resnet18,tcga-ut,linear,3,0.85,0.09,0.377297,0.411648,0.377336,3.9e-05,0.11
resnet18,tcga-ut,linear,3,0.9,0.0,0.377297,0.411648,0.377297,0.0,0.0
resnet18,tcga-ut,linear,3,0.95,0.0,0.377297,0.411648,0.377297,0.0,0.0
resnet18,tcga-ut,linear,3,1.0,0.0,0.377297,0.411648,0.377297,0.0,0.0
resnet18,tcga-ut,linear,42,0.0,100.0,0.378877,0.411154,0.411154,0.032277,100.0
resnet18,tcga-ut,linear,42,0.05,94.3,0.378877,0.411154,0.411154,0.032277,100.0
resnet18,tcga-ut,linear,42,0.1,89.8,0.378877,0.411154,0.411136,0.032259,99.94
resnet18,tcga-ut,linear,42,0.15,86.18,0.378877,0.411154,0.411127,0.03225,99.92
resnet18,tcga-ut,linear,42,0.2,82.92,0.378877,0.411154,0.411054,0.032177,99.69
resnet18,tcga-ut,linear,42,0.25,79.66,0.378877,0.411154,0.410892,0.032015,99.19
resnet18,tcga-ut,linear,42,0.3,76.22,0.378877,0.411154,0.410184,0.031307,96.99
resnet18,tcga-ut,linear,42,0.35,72.26,0.378877,0.411154,0.409645,0.030767,95.32
resnet18,tcga-ut,linear,42,0.4,67.99,0.378877,0.411154,0.408297,0.02942,91.15
resnet18,tcga-ut,linear,42,0.45,62.94,0.378877,0.411154,0.406453,0.027576,85.43
resnet18,tcga-ut,linear,42,0.5,56.95,0.378877,0.411154,0.405493,0.026616,82.46
resnet18,tcga-ut,linear,42,0.55,49.31,0.378877,0.411154,0.402569,0.023692,73.4
resnet18,tcga-ut,linear,42,0.6,40.03,0.378877,0.411154,0.398295,0.019418,60.16
resnet18,tcga-ut,linear,42,0.65,29.15,0.378877,0.411154,0.392057,0.01318,40.83
resnet18,tcga-ut,linear,42,0.7,17.5,0.378877,0.411154,0.386812,0.007935,24.58
resnet18,tcga-ut,linear,42,0.75,7.36,0.378877,0.411154,0.38225,0.003373,10.45
resnet18,tcga-ut,linear,42,0.8,1.58,0.378877,0.411154,0.379617,0.00074,2.29
resnet18,tcga-ut,linear,42,0.85,0.07,0.378877,0.411154,0.378871,-6e-06,-0.02
resnet18,tcga-ut,linear,42,0.9,0.0,0.378877,0.411154,0.378877,0.0,0.0
resnet18,tcga-ut,linear,42,0.95,0.0,0.378877,0.411154,0.378877,0.0,0.0
resnet18,tcga-ut,linear,42,1.0,0.0,0.378877,0.411154,0.378877,0.0,0.0
resnet50,tcga-ut,linear,0,0.0,100.0,0.426999,0.45056,0.45056,0.023561,100.0
resnet50,tcga-ut,linear,0,0.05,92.31,0.426999,0.45056,0.45056,0.023561,100.0
resnet50,tcga-ut,linear,0,0.1,87.21,0.426999,0.45056,0.45056,0.023561,100.0
resnet50,tcga-ut,linear,0,0.15,83.05,0.426999,0.45056,0.450591,0.023592,100.13
resnet50,tcga-ut,linear,0,0.2,79.17,0.426999,0.45056,0.450578,0.023579,100.08
resnet50,tcga-ut,linear,0,0.25,75.18,0.426999,0.45056,0.450532,0.023533,99.88
resnet50,tcga-ut,linear,0,0.3,71.16,0.426999,0.45056,0.449716,0.022717,96.42
resnet50,tcga-ut,linear,0,0.35,66.84,0.426999,0.45056,0.449489,0.02249,95.45
resnet50,tcga-ut,linear,0,0.4,62.04,0.426999,0.45056,0.448906,0.021907,92.98
resnet50,tcga-ut,linear,0,0.45,56.35,0.426999,0.45056,0.447648,0.020649,87.64
resnet50,tcga-ut,linear,0,0.5,49.74,0.426999,0.45056,0.446048,0.019049,80.85
resnet50,tcga-ut,linear,0,0.55,41.98,0.426999,0.45056,0.443781,0.016782,71.23
resnet50,tcga-ut,linear,0,0.6,32.91,0.426999,0.45056,0.439635,0.012636,53.63
resnet50,tcga-ut,linear,0,0.65,23.11,0.426999,0.45056,0.436297,0.009298,39.46
resnet50,tcga-ut,linear,0,0.7,13.35,0.426999,0.45056,0.431754,0.004754,20.18
resnet50,tcga-ut,linear,0,0.75,5.63,0.426999,0.45056,0.428926,0.001927,8.18
resnet50,tcga-ut,linear,0,0.8,1.38,0.426999,0.45056,0.42771,0.000711,3.02
resnet50,tcga-ut,linear,0,0.85,0.1,0.426999,0.45056,0.427032,3.3e-05,0.14
resnet50,tcga-ut,linear,0,0.9,0.0,0.426999,0.45056,0.426999,0.0,0.0
resnet50,tcga-ut,linear,0,0.95,0.0,0.426999,0.45056,0.426999,0.0,0.0
resnet50,tcga-ut,linear,0,1.0,0.0,0.426999,0.45056,0.426999,0.0,0.0
resnet50,tcga-ut,linear,1,0.0,100.0,0.420747,0.4437,0.4437,0.022953,100.0
resnet50,tcga-ut,linear,1,0.05,92.71,0.420747,0.4437,0.4437,0.022953,100.0
resnet50,tcga-ut,linear,1,0.1,87.58,0.420747,0.4437,0.4437,0.022953,100.0
resnet50,tcga-ut,linear,1,0.15,83.26,0.420747,0.4437,0.443691,0.022943,99.96
resnet50,tcga-ut,linear,1,0.2,79.26,0.420747,0.4437,0.443771,0.023024,100.31
resnet50,tcga-ut,linear,1,0.25,75.23,0.420747,0.4437,0.443678,0.02293,99.9
resnet50,tcga-ut,linear,1,0.3,70.98,0.420747,0.4437,0.443083,0.022336,97.31
resnet50,tcga-ut,linear,1,0.35,66.8,0.420747,0.4437,0.442957,0.022209,96.76
resnet50,tcga-ut,linear,1,0.4,61.88,0.420747,0.4437,0.441908,0.02116,92.19
resnet50,tcga-ut,linear,1,0.45,56.12,0.420747,0.4437,0.441465,0.020718,90.27
resnet50,tcga-ut,linear,1,0.5,49.26,0.420747,0.4437,0.439298,0.018551,80.82
resnet50,tcga-ut,linear,1,0.55,41.17,0.420747,0.4437,0.436765,0.016018,69.79
resnet50,tcga-ut,linear,1,0.6,31.97,0.420747,0.4437,0.433852,0.013104,57.09
resnet50,tcga-ut,linear,1,0.65,22.34,0.420747,0.4437,0.429846,0.009099,39.64
resnet50,tcga-ut,linear,1,0.7,12.72,0.420747,0.4437,0.426333,0.005585,24.33
resnet50,tcga-ut,linear,1,0.75,5.23,0.420747,0.4437,0.423135,0.002388,10.4
resnet50,tcga-ut,linear,1,0.8,1.31,0.420747,0.4437,0.421148,0.0004,1.74
resnet50,tcga-ut,linear,1,0.85,0.1,0.420747,0.4437,0.420587,-0.000161,-0.7
resnet50,tcga-ut,linear,1,0.9,0.0,0.420747,0.4437,0.420747,0.0,0.0
resnet50,tcga-ut,linear,1,0.95,0.0,0.420747,0.4437,0.420747,0.0,0.0
resnet50,tcga-ut,linear,1,1.0,0.0,0.420747,0.4437,0.420747,0.0,0.0
resnet50,tcga-ut,linear,2,0.0,100.0,0.425602,0.448974,0.448974,0.023372,100.0
resnet50,tcga-ut,linear,2,0.05,92.48,0.425602,0.448974,0.448974,0.023372,100.0
resnet50,tcga-ut,linear,2,0.1,87.25,0.425602,0.448974,0.448974,0.023372,100.0
resnet50,tcga-ut,linear,2,0.15,83.05,0.425602,0.448974,0.448983,0.023381,100.04
resnet50,tcga-ut,linear,2,0.2,79.14,0.425602,0.448974,0.449064,0.023462,100.38
resnet50,tcga-ut,linear,2,0.25,75.05,0.425602,0.448974,0.448882,0.02328,99.61
resnet50,tcga-ut,linear,2,0.3,70.9,0.425602,0.448974,0.448292,0.02269,97.08
resnet50,tcga-ut,linear,2,0.35,66.81,0.425602,0.448974,0.447706,0.022104,94.57
resnet50,tcga-ut,linear,2,0.4,61.83,0.425602,0.448974,0.447137,0.021535,92.14
resnet50,tcga-ut,linear,2,0.45,56.42,0.425602,0.448974,0.446336,0.020735,88.71
resnet50,tcga-ut,linear,2,0.5,49.81,0.425602,0.448974,0.444371,0.018769,80.31
resnet50,tcga-ut,linear,2,0.55,42.15,0.425602,0.448974,0.44149,0.015889,67.98
resnet50,tcga-ut,linear,2,0.6,33.33,0.425602,0.448974,0.438418,0.012817,54.84
resnet50,tcga-ut,linear,2,0.65,23.72,0.425602,0.448974,0.434631,0.009029,38.63
resnet50,tcga-ut,linear,2,0.7,14.21,0.425602,0.448974,0.431549,0.005948,25.45
resnet50,tcga-ut,linear,2,0.75,6.19,0.425602,0.448974,0.428263,0.002661,11.38
resnet50,tcga-ut,linear,2,0.8,1.65,0.425602,0.448974,0.426254,0.000652,2.79
resnet50,tcga-ut,linear,2,0.85,0.15,0.425602,0.448974,0.425589,-1.3e-05,-0.06
resnet50,tcga-ut,linear,2,0.9,0.0,0.425602,0.448974,0.425602,0.0,0.0
resnet50,tcga-ut,linear,2,0.95,0.0,0.425602,0.448974,0.425602,0.0,0.0
resnet50,tcga-ut,linear,2,1.0,0.0,0.425602,0.448974,0.425602,0.0,0.0
resnet50,tcga-ut,linear,3,0.0,100.0,0.42315,0.446681,0.446681,0.023531,100.0
resnet50,tcga-ut,linear,3,0.05,92.27,0.42315,0.446681,0.446681,0.023531,100.0
resnet50,tcga-ut,linear,3,0.1,87.11,0.42315,0.446681,0.446681,0.023531,100.0
resnet50,tcga-ut,linear,3,0.15,82.88,0.42315,0.446681,0.446693,0.023543,100.05
resnet50,tcga-ut,linear,3,0.2,78.97,0.42315,0.446681,0.446689,0.023539,100.04
resnet50,tcga-ut,linear,3,0.25,74.91,0.42315,0.446681,0.446648,0.023498,99.86
resnet50,tcga-ut,linear,3,0.3,70.79,0.42315,0.446681,0.446107,0.022957,97.56
resnet50,tcga-ut,linear,3,0.35,66.5,0.42315,0.446681,0.445672,0.022522,95.71
resnet50,tcga-ut,linear,3,0.4,61.48,0.42315,0.446681,0.445111,0.021961,93.33
resnet50,tcga-ut,linear,3,0.45,55.82,0.42315,0.446681,0.443871,0.020721,88.06
resnet50,tcga-ut,linear,3,0.5,49.1,0.42315,0.446681,0.442041,0.018891,80.28
resnet50,tcga-ut,linear,3,0.55,41.22,0.42315,0.446681,0.439851,0.016701,70.98
resnet50,tcga-ut,linear,3,0.6,32.11,0.42315,0.446681,0.43575,0.012599,53.55
resnet50,tcga-ut,linear,3,0.65,22.6,0.42315,0.446681,0.432312,0.009162,38.94
resnet50,tcga-ut,linear,3,0.7,13.19,0.42315,0.446681,0.428716,0.005566,23.65
resnet50,tcga-ut,linear,3,0.75,5.59,0.42315,0.446681,0.425404,0.002254,9.58
resnet50,tcga-ut,linear,3,0.8,1.42,0.42315,0.446681,0.423738,0.000588,2.5
resnet50,tcga-ut,linear,3,0.85,0.12,0.42315,0.446681,0.423129,-2.2e-05,-0.09
resnet50,tcga-ut,linear,3,0.9,0.0,0.42315,0.446681,0.42315,0.0,0.0
resnet50,tcga-ut,linear,3,0.95,0.0,0.42315,0.446681,0.42315,0.0,0.0
resnet50,tcga-ut,linear,3,1.0,0.0,0.42315,0.446681,0.42315,0.0,0.0
resnet50,tcga-ut,linear,42,0.0,100.0,0.426293,0.449801,0.449801,0.023509,100.0
resnet50,tcga-ut,linear,42,0.05,92.3,0.426293,0.449801,0.449801,0.023509,100.0
resnet50,tcga-ut,linear,42,0.1,87.17,0.426293,0.449801,0.449801,0.023509,100.0
resnet50,tcga-ut,linear,42,0.15,82.88,0.426293,0.449801,0.44982,0.023528,100.08
resnet50,tcga-ut,linear,42,0.2,78.91,0.426293,0.449801,0.449703,0.02341,99.58
resnet50,tcga-ut,linear,42,0.25,74.8,0.426293,0.449801,0.44964,0.023347,99.31
resnet50,tcga-ut,linear,42,0.3,70.67,0.426293,0.449801,0.448942,0.022649,96.34
resnet50,tcga-ut,linear,42,0.35,66.34,0.426293,0.449801,0.449051,0.022758,96.81
resnet50,tcga-ut,linear,42,0.4,61.32,0.426293,0.449801,0.448367,0.022074,93.9
resnet50,tcga-ut,linear,42,0.45,55.48,0.426293,0.449801,0.446617,0.020324,86.45
resnet50,tcga-ut,linear,42,0.5,48.97,0.426293,0.449801,0.444904,0.018611,79.17
resnet50,tcga-ut,linear,42,0.55,41.0,0.426293,0.449801,0.441893,0.015601,66.36
resnet50,tcga-ut,linear,42,0.6,32.19,0.426293,0.449801,0.43951,0.013217,56.22
resnet50,tcga-ut,linear,42,0.65,22.67,0.426293,0.449801,0.435794,0.009502,40.42
resnet50,tcga-ut,linear,42,0.7,13.14,0.426293,0.449801,0.432171,0.005878,25.0
resnet50,tcga-ut,linear,42,0.75,5.68,0.426293,0.449801,0.428562,0.002269,9.65
resnet50,tcga-ut,linear,42,0.8,1.43,0.426293,0.449801,0.426754,0.000461,1.96
resnet50,tcga-ut,linear,42,0.85,0.12,0.426293,0.449801,0.426191,-0.000102,-0.43
resnet50,tcga-ut,linear,42,0.9,0.0,0.426293,0.449801,0.426293,0.0,0.0
resnet50,tcga-ut,linear,42,0.95,0.0,0.426293,0.449801,0.426293,0.0,0.0
resnet50,tcga-ut,linear,42,1.0,0.0,0.426293,0.449801,0.426293,0.0,0.0
uni2,tcga-ut,linear,0,0.0,100.0,0.783328,0.788934,0.788934,0.005607,100.0
uni2,tcga-ut,linear,0,0.05,38.39,0.783328,0.788934,0.788934,0.005607,100.0
uni2,tcga-ut,linear,0,0.1,30.54,0.783328,0.788934,0.788925,0.005598,99.84
uni2,tcga-ut,linear,0,0.15,25.11,0.783328,0.788934,0.788775,0.005448,97.16
uni2,tcga-ut,linear,0,0.2,19.82,0.783328,0.788934,0.788631,0.005303,94.59
uni2,tcga-ut,linear,0,0.25,15.05,0.783328,0.788934,0.787776,0.004448,79.34
uni2,tcga-ut,linear,0,0.3,11.28,0.783328,0.788934,0.787026,0.003698,65.96
uni2,tcga-ut,linear,0,0.35,8.09,0.783328,0.788934,0.786251,0.002924,52.15
uni2,tcga-ut,linear,0,0.4,5.36,0.783328,0.788934,0.785587,0.002259,40.29
uni2,tcga-ut,linear,0,0.45,3.22,0.783328,0.788934,0.785014,0.001686,30.08
uni2,tcga-ut,linear,0,0.5,1.8,0.783328,0.788934,0.784134,0.000806,14.38
uni2,tcga-ut,linear,0,0.55,0.89,0.783328,0.788934,0.783514,0.000186,3.32
uni2,tcga-ut,linear,0,0.6,0.35,0.783328,0.788934,0.783302,-2.6e-05,-0.46
uni2,tcga-ut,linear,0,0.65,0.12,0.783328,0.788934,0.783412,8.5e-05,1.51
uni2,tcga-ut,linear,0,0.7,0.03,0.783328,0.788934,0.783375,4.8e-05,0.85
uni2,tcga-ut,linear,0,0.75,0.0,0.783328,0.788934,0.783328,0.0,0.0
uni2,tcga-ut,linear,0,0.8,0.0,0.783328,0.788934,0.783328,0.0,0.0
uni2,tcga-ut,linear,0,0.85,0.0,0.783328,0.788934,0.783328,0.0,0.0
uni2,tcga-ut,linear,0,0.9,0.0,0.783328,0.788934,0.783328,0.0,0.0
uni2,tcga-ut,linear,0,0.95,0.0,0.783328,0.788934,0.783328,0.0,0.0
uni2,tcga-ut,linear,0,1.0,0.0,0.783328,0.788934,0.783328,0.0,0.0
uni2,tcga-ut,linear,1,0.0,100.0,0.785349,0.791202,0.791202,0.005853,100.0
uni2,tcga-ut,linear,1,0.05,38.22,0.785349,0.791202,0.791202,0.005853,100.0
uni2,tcga-ut,linear,1,0.1,30.47,0.785349,0.791202,0.791129,0.005781,98.76
uni2,tcga-ut,linear,1,0.15,24.96,0.785349,0.791202,0.791026,0.005678,97.0
uni2,tcga-ut,linear,1,0.2,19.73,0.785349,0.791202,0.790663,0.005314,90.79
uni2,tcga-ut,linear,1,0.25,14.81,0.785349,0.791202,0.788775,0.003426,58.54
uni2,tcga-ut,linear,1,0.3,11.07,0.785349,0.791202,0.78804,0.002691,45.98
uni2,tcga-ut,linear,1,0.35,7.97,0.785349,0.791202,0.788069,0.00272,46.47
uni2,tcga-ut,linear,1,0.4,5.23,0.785349,0.791202,0.787839,0.002491,42.56
uni2,tcga-ut,linear,1,0.45,3.19,0.785349,0.791202,0.787029,0.00168,28.7
uni2,tcga-ut,linear,1,0.5,1.78,0.785349,0.791202,0.786235,0.000886,15.14
uni2,tcga-ut,linear,1,0.55,0.9,0.785349,0.791202,0.785691,0.000342,5.84
uni2,tcga-ut,linear,1,0.6,0.34,0.785349,0.791202,0.785413,6.5e-05,1.11
uni2,tcga-ut,linear,1,0.65,0.09,0.785349,0.791202,0.785414,6.5e-05,1.11
uni2,tcga-ut,linear,1,0.7,0.02,0.785349,0.791202,0.785349,0.0,0.0
uni2,tcga-ut,linear,1,0.75,0.0,0.785349,0.791202,0.785349,0.0,0.0
uni2,tcga-ut,linear,1,0.8,0.0,0.785349,0.791202,0.785349,0.0,0.0
uni2,tcga-ut,linear,1,0.85,0.0,0.785349,0.791202,0.785349,0.0,0.0
uni2,tcga-ut,linear,1,0.9,0.0,0.785349,0.791202,0.785349,0.0,0.0
uni2,tcga-ut,linear,1,0.95,0.0,0.785349,0.791202,0.785349,0.0,0.0
uni2,tcga-ut,linear,1,1.0,0.0,0.785349,0.791202,0.785349,0.0,0.0
uni2,tcga-ut,linear,2,0.0,100.0,0.784942,0.790681,0.790681,0.005738,100.0
uni2,tcga-ut,linear,2,0.05,38.25,0.784942,0.790681,0.790681,0.005738,100.0
uni2,tcga-ut,linear,2,0.1,30.52,0.784942,0.790681,0.790671,0.005729,99.84
uni2,tcga-ut,linear,2,0.15,24.93,0.784942,0.790681,0.790533,0.005591,97.43
uni2,tcga-ut,linear,2,0.2,19.7,0.784942,0.790681,0.790101,0.005159,89.9
uni2,tcga-ut,linear,2,0.25,14.75,0.784942,0.790681,0.789338,0.004396,76.61
uni2,tcga-ut,linear,2,0.3,11.18,0.784942,0.790681,0.788016,0.003074,53.56
uni2,tcga-ut,linear,2,0.35,7.94,0.784942,0.790681,0.786864,0.001921,33.49
uni2,tcga-ut,linear,2,0.4,5.21,0.784942,0.790681,0.786657,0.001715,29.89
uni2,tcga-ut,linear,2,0.45,3.16,0.784942,0.790681,0.785627,0.000684,11.93
uni2,tcga-ut,linear,2,0.5,1.78,0.784942,0.790681,0.785155,0.000213,3.7
uni2,tcga-ut,linear,2,0.55,0.87,0.784942,0.790681,0.784876,-6.6e-05,-1.15
uni2,tcga-ut,linear,2,0.6,0.36,0.784942,0.790681,0.784881,-6.1e-05,-1.07
uni2,tcga-ut,linear,2,0.65,0.12,0.784942,0.790681,0.784946,4e-06,0.07
uni2,tcga-ut,linear,2,0.7,0.02,0.784942,0.790681,0.784958,1.6e-05,0.28
uni2,tcga-ut,linear,2,0.75,0.0,0.784942,0.790681,0.784942,0.0,0.0
uni2,tcga-ut,linear,2,0.8,0.0,0.784942,0.790681,0.784942,0.0,0.0
uni2,tcga-ut,linear,2,0.85,0.0,0.784942,0.790681,0.784942,0.0,0.0
uni2,tcga-ut,linear,2,0.9,0.0,0.784942,0.790681,0.784942,0.0,0.0
uni2,tcga-ut,linear,2,0.95,0.0,0.784942,0.790681,0.784942,0.0,0.0
uni2,tcga-ut,linear,2,1.0,0.0,0.784942,0.790681,0.784942,0.0,0.0
uni2,tcga-ut,linear,3,0.0,100.0,0.786003,0.791742,0.791742,0.005739,100.0
uni2,tcga-ut,linear,3,0.05,38.38,0.786003,0.791742,0.791742,0.005739,100.0
uni2,tcga-ut,linear,3,0.1,30.78,0.786003,0.791742,0.791651,0.005648,98.41
uni2,tcga-ut,linear,3,0.15,25.09,0.786003,0.791742,0.791588,0.005585,97.32
uni2,tcga-ut,linear,3,0.2,19.83,0.786003,0.791742,0.791357,0.005354,93.29
uni2,tcga-ut,linear,3,0.25,15.02,0.786003,0.791742,0.790288,0.004285,74.66
uni2,tcga-ut,linear,3,0.3,11.33,0.786003,0.791742,0.788757,0.002754,47.99
uni2,tcga-ut,linear,3,0.35,8.15,0.786003,0.791742,0.787742,0.001739,30.31
uni2,tcga-ut,linear,3,0.4,5.31,0.786003,0.791742,0.787073,0.001071,18.66
uni2,tcga-ut,linear,3,0.45,3.25,0.786003,0.791742,0.786789,0.000787,13.7
uni2,tcga-ut,linear,3,0.5,1.81,0.786003,0.791742,0.786238,0.000236,4.11
uni2,tcga-ut,linear,3,0.55,0.91,0.786003,0.791742,0.786079,7.6e-05,1.32
uni2,tcga-ut,linear,3,0.6,0.37,0.786003,0.791742,0.786061,5.8e-05,1.02
uni2,tcga-ut,linear,3,0.65,0.11,0.786003,0.791742,0.78598,-2.3e-05,-0.4
uni2,tcga-ut,linear,3,0.7,0.01,0.786003,0.791742,0.785951,-5.2e-05,-0.91
uni2,tcga-ut,linear,3,0.75,0.0,0.786003,0.791742,0.786003,0.0,0.0
uni2,tcga-ut,linear,3,0.8,0.0,0.786003,0.791742,0.786003,0.0,0.0
uni2,tcga-ut,linear,3,0.85,0.0,0.786003,0.791742,0.786003,0.0,0.0
uni2,tcga-ut,linear,3,0.9,0.0,0.786003,0.791742,0.786003,0.0,0.0
uni2,tcga-ut,linear,3,0.95,0.0,0.786003,0.791742,0.786003,0.0,0.0
uni2,tcga-ut,linear,3,1.0,0.0,0.786003,0.791742,0.786003,0.0,0.0
uni2,tcga-ut,linear,42,0.0,100.0,0.784395,0.792316,0.792316,0.007921,100.0
uni2,tcga-ut,linear,42,0.05,38.45,0.784395,0.792316,0.792316,0.007921,100.0
uni2,tcga-ut,linear,42,0.1,30.47,0.784395,0.792316,0.792235,0.00784,98.97
uni2,tcga-ut,linear,42,0.15,25.04,0.784395,0.792316,0.792073,0.007678,96.93
uni2,tcga-ut,linear,42,0.2,19.71,0.784395,0.792316,0.791802,0.007407,93.51
uni2,tcga-ut,linear,42,0.25,14.8,0.784395,0.792316,0.790346,0.005951,75.13
uni2,tcga-ut,linear,42,0.3,11.15,0.784395,0.792316,0.788851,0.004456,56.26
uni2,tcga-ut,linear,42,0.35,7.98,0.784395,0.792316,0.788055,0.00366,46.21
uni2,tcga-ut,linear,42,0.4,5.29,0.784395,0.792316,0.786978,0.002583,32.61
uni2,tcga-ut,linear,42,0.45,3.17,0.784395,0.792316,0.786924,0.002529,31.92
uni2,tcga-ut,linear,42,0.5,1.74,0.784395,0.792316,0.78555,0.001155,14.58
uni2,tcga-ut,linear,42,0.55,0.84,0.784395,0.792316,0.784957,0.000562,7.09
uni2,tcga-ut,linear,42,0.6,0.4,0.784395,0.792316,0.784774,0.000379,4.79
uni2,tcga-ut,linear,42,0.65,0.1,0.784395,0.792316,0.784388,-7e-06,-0.09
uni2,tcga-ut,linear,42,0.7,0.03,0.784395,0.792316,0.784395,0.0,0.0
uni2,tcga-ut,linear,42,0.75,0.0,0.784395,0.792316,0.784395,0.0,0.0
uni2,tcga-ut,linear,42,0.8,0.0,0.784395,0.792316,0.784395,0.0,0.0
uni2,tcga-ut,linear,42,0.85,0.0,0.784395,0.792316,0.784395,0.0,0.0
uni2,tcga-ut,linear,42,0.9,0.0,0.784395,0.792316,0.784395,0.0,0.0
uni2,tcga-ut,linear,42,0.95,0.0,0.784395,0.792316,0.784395,0.0,0.0
uni2,tcga-ut,linear,42,1.0,0.0,0.784395,0.792316,0.784395,0.0,0.0
uni,tcga-ut,linear,0,0.0,100.0,0.727882,0.732955,0.732955,0.005073,100.0
uni,tcga-ut,linear,0,0.05,42.95,0.727882,0.732955,0.732955,0.005073,100.0
uni,tcga-ut,linear,0,0.1,34.72,0.727882,0.732955,0.73292,0.005038,99.31
uni,tcga-ut,linear,0,0.15,28.69,0.727882,0.732955,0.73304,0.005158,101.67
uni,tcga-ut,linear,0,0.2,22.61,0.727882,0.732955,0.732368,0.004487,88.44
uni,tcga-ut,linear,0,0.25,16.9,0.727882,0.732955,0.732735,0.004854,95.67
uni,tcga-ut,linear,0,0.3,12.39,0.727882,0.732955,0.732104,0.004222,83.23
uni,tcga-ut,linear,0,0.35,8.42,0.727882,0.732955,0.731199,0.003318,65.39
uni,tcga-ut,linear,0,0.4,5.26,0.727882,0.732955,0.730312,0.00243,47.9
uni,tcga-ut,linear,0,0.45,2.91,0.727882,0.732955,0.72948,0.001598,31.51
uni,tcga-ut,linear,0,0.5,1.37,0.727882,0.732955,0.728944,0.001062,20.93
uni,tcga-ut,linear,0,0.55,0.5,0.727882,0.732955,0.728835,0.000953,18.78
uni,tcga-ut,linear,0,0.6,0.14,0.727882,0.732955,0.72811,0.000228,4.5
uni,tcga-ut,linear,0,0.65,0.02,0.727882,0.732955,0.727882,0.0,0.0
uni,tcga-ut,linear,0,0.7,0.0,0.727882,0.732955,0.727882,0.0,0.0
uni,tcga-ut,linear,0,0.75,0.0,0.727882,0.732955,0.727882,0.0,0.0
uni,tcga-ut,linear,0,0.8,0.0,0.727882,0.732955,0.727882,0.0,0.0
uni,tcga-ut,linear,0,0.85,0.0,0.727882,0.732955,0.727882,0.0,0.0
uni,tcga-ut,linear,0,0.9,0.0,0.727882,0.732955,0.727882,0.0,0.0
uni,tcga-ut,linear,0,0.95,0.0,0.727882,0.732955,0.727882,0.0,0.0
uni,tcga-ut,linear,0,1.0,0.0,0.727882,0.732955,0.727882,0.0,0.0
uni,tcga-ut,linear,1,0.0,100.0,0.732799,0.73876,0.73876,0.005961,100.0
uni,tcga-ut,linear,1,0.05,41.42,0.732799,0.73876,0.73876,0.005961,100.0
uni,tcga-ut,linear,1,0.1,33.63,0.732799,0.73876,0.738806,0.006007,100.78
uni,tcga-ut,linear,1,0.15,27.79,0.732799,0.73876,0.738953,0.006154,103.23
uni,tcga-ut,linear,1,0.2,21.81,0.732799,0.73876,0.73914,0.006341,106.37
uni,tcga-ut,linear,1,0.25,16.27,0.732799,0.73876,0.738112,0.005313,89.14
uni,tcga-ut,linear,1,0.3,11.83,0.732799,0.73876,0.737805,0.005006,83.98
uni,tcga-ut,linear,1,0.35,8.2,0.732799,0.73876,0.737007,0.004208,70.59
uni,tcga-ut,linear,1,0.4,5.05,0.732799,0.73876,0.735549,0.002749,46.12
uni,tcga-ut,linear,1,0.45,2.8,0.732799,0.73876,0.735173,0.002374,39.82
uni,tcga-ut,linear,1,0.5,1.29,0.732799,0.73876,0.734022,0.001223,20.52
uni,tcga-ut,linear,1,0.55,0.46,0.732799,0.73876,0.7336,0.000801,13.43
uni,tcga-ut,linear,1,0.6,0.14,0.732799,0.73876,0.732752,-4.7e-05,-0.78
uni,tcga-ut,linear,1,0.65,0.01,0.732799,0.73876,0.732719,-8.1e-05,-1.35
uni,tcga-ut,linear,1,0.7,0.0,0.732799,0.73876,0.732799,0.0,0.0
uni,tcga-ut,linear,1,0.75,0.0,0.732799,0.73876,0.732799,0.0,0.0
uni,tcga-ut,linear,1,0.8,0.0,0.732799,0.73876,0.732799,0.0,0.0
uni,tcga-ut,linear,1,0.85,0.0,0.732799,0.73876,0.732799,0.0,0.0
uni,tcga-ut,linear,1,0.9,0.0,0.732799,0.73876,0.732799,0.0,0.0
uni,tcga-ut,linear,1,0.95,0.0,0.732799,0.73876,0.732799,0.0,0.0
uni,tcga-ut,linear,1,1.0,0.0,0.732799,0.73876,0.732799,0.0,0.0
uni,tcga-ut,linear,2,0.0,100.0,0.727731,0.734382,0.734382,0.006651,100.0
uni,tcga-ut,linear,2,0.05,41.55,0.727731,0.734382,0.734382,0.006651,100.0
uni,tcga-ut,linear,2,0.1,33.68,0.727731,0.734382,0.734464,0.006733,101.24
uni,tcga-ut,linear,2,0.15,27.76,0.727731,0.734382,0.734303,0.006572,98.82
uni,tcga-ut,linear,2,0.2,21.74,0.727731,0.734382,0.734073,0.006343,95.36
uni,tcga-ut,linear,2,0.25,16.01,0.727731,0.734382,0.733448,0.005717,85.95
uni,tcga-ut,linear,2,0.3,11.57,0.727731,0.734382,0.733037,0.005306,79.78
uni,tcga-ut,linear,2,0.35,7.86,0.727731,0.734382,0.731518,0.003787,56.94
uni,tcga-ut,linear,2,0.4,4.85,0.727731,0.734382,0.730193,0.002462,37.02
uni,tcga-ut,linear,2,0.45,2.63,0.727731,0.734382,0.729992,0.002261,34.0
uni,tcga-ut,linear,2,0.5,1.19,0.727731,0.734382,0.729281,0.00155,23.3
uni,tcga-ut,linear,2,0.55,0.45,0.727731,0.734382,0.72858,0.000849,12.77
uni,tcga-ut,linear,2,0.6,0.11,0.727731,0.734382,0.727924,0.000194,2.91
uni,tcga-ut,linear,2,0.65,0.02,0.727731,0.734382,0.727731,0.0,0.0
uni,tcga-ut,linear,2,0.7,0.0,0.727731,0.734382,0.727731,0.0,0.0
uni,tcga-ut,linear,2,0.75,0.0,0.727731,0.734382,0.727731,0.0,0.0
uni,tcga-ut,linear,2,0.8,0.0,0.727731,0.734382,0.727731,0.0,0.0
uni,tcga-ut,linear,2,0.85,0.0,0.727731,0.734382,0.727731,0.0,0.0
uni,tcga-ut,linear,2,0.9,0.0,0.727731,0.734382,0.727731,0.0,0.0
uni,tcga-ut,linear,2,0.95,0.0,0.727731,0.734382,0.727731,0.0,0.0
uni,tcga-ut,linear,2,1.0,0.0,0.727731,0.734382,0.727731,0.0,0.0
uni,tcga-ut,linear,3,0.0,100.0,0.726727,0.732327,0.732327,0.005601,100.0
uni,tcga-ut,linear,3,0.05,41.53,0.726727,0.732327,0.732345,0.005618,100.31
uni,tcga-ut,linear,3,0.1,33.49,0.726727,0.732327,0.732302,0.005576,99.56
uni,tcga-ut,linear,3,0.15,27.65,0.726727,0.732327,0.732491,0.005765,102.93
uni,tcga-ut,linear,3,0.2,21.59,0.726727,0.732327,0.731741,0.005014,89.53
uni,tcga-ut,linear,3,0.25,15.88,0.726727,0.732327,0.730803,0.004077,72.79
uni,tcga-ut,linear,3,0.3,11.4,0.726727,0.732327,0.730168,0.003442,61.45
uni,tcga-ut,linear,3,0.35,7.68,0.726727,0.732327,0.728808,0.002082,37.17
uni,tcga-ut,linear,3,0.4,4.62,0.726727,0.732327,0.728435,0.001709,30.51
uni,tcga-ut,linear,3,0.45,2.5,0.726727,0.732327,0.727679,0.000952,17.0
uni,tcga-ut,linear,3,0.5,1.11,0.726727,0.732327,0.727511,0.000784,14.0
uni,tcga-ut,linear,3,0.55,0.43,0.726727,0.732327,0.727493,0.000766,13.68
uni,tcga-ut,linear,3,0.6,0.1,0.726727,0.732327,0.726694,-3.2e-05,-0.57
uni,tcga-ut,linear,3,0.65,0.01,0.726727,0.732327,0.726711,-1.6e-05,-0.28
uni,tcga-ut,linear,3,0.7,0.0,0.726727,0.732327,0.726727,0.0,0.0
uni,tcga-ut,linear,3,0.75,0.0,0.726727,0.732327,0.726727,0.0,0.0
uni,tcga-ut,linear,3,0.8,0.0,0.726727,0.732327,0.726727,0.0,0.0
uni,tcga-ut,linear,3,0.85,0.0,0.726727,0.732327,0.726727,0.0,0.0
uni,tcga-ut,linear,3,0.9,0.0,0.726727,0.732327,0.726727,0.0,0.0
uni,tcga-ut,linear,3,0.95,0.0,0.726727,0.732327,0.726727,0.0,0.0
uni,tcga-ut,linear,3,1.0,0.0,0.726727,0.732327,0.726727,0.0,0.0
uni,tcga-ut,linear,42,0.0,100.0,0.731517,0.735659,0.735659,0.004142,100.0
uni,tcga-ut,linear,42,0.05,42.0,0.731517,0.735659,0.735659,0.004142,100.0
uni,tcga-ut,linear,42,0.1,34.0,0.731517,0.735659,0.735732,0.004215,101.76
uni,tcga-ut,linear,42,0.15,28.01,0.731517,0.735659,0.735678,0.004161,100.45
uni,tcga-ut,linear,42,0.2,22.17,0.731517,0.735659,0.735753,0.004236,102.26
uni,tcga-ut,linear,42,0.25,16.31,0.731517,0.735659,0.735827,0.00431,104.04
uni,tcga-ut,linear,42,0.3,11.91,0.731517,0.735659,0.735542,0.004024,97.16
uni,tcga-ut,linear,42,0.35,8.11,0.731517,0.735659,0.734585,0.003068,74.07
uni,tcga-ut,linear,42,0.4,5.1,0.731517,0.735659,0.734161,0.002644,63.83
uni,tcga-ut,linear,42,0.45,2.79,0.731517,0.735659,0.733057,0.00154,37.18
uni,tcga-ut,linear,42,0.5,1.3,0.731517,0.735659,0.732836,0.001319,31.85
uni,tcga-ut,linear,42,0.55,0.49,0.731517,0.735659,0.731666,0.000149,3.59
uni,tcga-ut,linear,42,0.6,0.13,0.731517,0.735659,0.731538,2.1e-05,0.5
uni,tcga-ut,linear,42,0.65,0.01,0.731517,0.735659,0.731517,0.0,0.0
uni,tcga-ut,linear,42,0.7,0.0,0.731517,0.735659,0.731517,0.0,0.0
uni,tcga-ut,linear,42,0.75,0.0,0.731517,0.735659,0.731517,0.0,0.0
uni,tcga-ut,linear,42,0.8,0.0,0.731517,0.735659,0.731517,0.0,0.0
uni,tcga-ut,linear,42,0.85,0.0,0.731517,0.735659,0.731517,0.0,0.0
uni,tcga-ut,linear,42,0.9,0.0,0.731517,0.735659,0.731517,0.0,0.0
uni,tcga-ut,linear,42,0.95,0.0,0.731517,0.735659,0.731517,0.0,0.0
uni,tcga-ut,linear,42,1.0,0.0,0.731517,0.735659,0.731517,0.0,0.0
virchow2,tcga-ut,linear,0,0.0,100.0,0.777219,0.781031,0.781031,0.003812,100.0
virchow2,tcga-ut,linear,0,0.05,37.09,0.777219,0.781031,0.781031,0.003812,100.0
virchow2,tcga-ut,linear,0,0.1,29.46,0.777219,0.781031,0.781031,0.003812,100.0
virchow2,tcga-ut,linear,0,0.15,23.8,0.777219,0.781031,0.781053,0.003834,100.58
virchow2,tcga-ut,linear,0,0.2,18.14,0.777219,0.781031,0.780472,0.003253,85.34
virchow2,tcga-ut,linear,0,0.25,13.26,0.777219,0.781031,0.780217,0.002998,78.63
virchow2,tcga-ut,linear,0,0.3,9.48,0.777219,0.781031,0.779343,0.002124,55.73
virchow2,tcga-ut,linear,0,0.35,6.31,0.777219,0.781031,0.779074,0.001854,48.65
virchow2,tcga-ut,linear,0,0.4,3.88,0.777219,0.781031,0.778222,0.001002,26.3
virchow2,tcga-ut,linear,0,0.45,2.11,0.777219,0.781031,0.777596,0.000377,9.89
virchow2,tcga-ut,linear,0,0.5,0.96,0.777219,0.781031,0.77686,-0.00036,-9.43
virchow2,tcga-ut,linear,0,0.55,0.31,0.777219,0.781031,0.776783,-0.000436,-11.44
virchow2,tcga-ut,linear,0,0.6,0.08,0.777219,0.781031,0.777198,-2.1e-05,-0.54
virchow2,tcga-ut,linear,0,0.65,0.01,0.777219,0.781031,0.777251,3.2e-05,0.83
virchow2,tcga-ut,linear,0,0.7,0.0,0.777219,0.781031,0.777219,0.0,0.0
virchow2,tcga-ut,linear,0,0.75,0.0,0.777219,0.781031,0.777219,0.0,0.0
virchow2,tcga-ut,linear,0,0.8,0.0,0.777219,0.781031,0.777219,0.0,0.0
virchow2,tcga-ut,linear,0,0.85,0.0,0.777219,0.781031,0.777219,0.0,0.0
virchow2,tcga-ut,linear,0,0.9,0.0,0.777219,0.781031,0.777219,0.0,0.0
virchow2,tcga-ut,linear,0,0.95,0.0,0.777219,0.781031,0.777219,0.0,0.0
virchow2,tcga-ut,linear,0,1.0,0.0,0.777219,0.781031,0.777219,0.0,0.0
virchow2,tcga-ut,linear,1,0.0,100.0,0.778753,0.78194,0.78194,0.003187,100.0
virchow2,tcga-ut,linear,1,0.05,39.11,0.778753,0.78194,0.78194,0.003187,100.0
virchow2,tcga-ut,linear,1,0.1,31.35,0.778753,0.78194,0.78194,0.003187,100.0
virchow2,tcga-ut,linear,1,0.15,25.57,0.778753,0.78194,0.781923,0.00317,99.46
virchow2,tcga-ut,linear,1,0.2,19.82,0.778753,0.78194,0.781505,0.002751,86.33
virchow2,tcga-ut,linear,1,0.25,14.73,0.778753,0.78194,0.780755,0.002001,62.79
virchow2,tcga-ut,linear,1,0.3,10.69,0.778753,0.78194,0.780987,0.002233,70.07
virchow2,tcga-ut,linear,1,0.35,7.39,0.778753,0.78194,0.780387,0.001633,51.25
virchow2,tcga-ut,linear,1,0.4,4.57,0.778753,0.78194,0.779626,0.000873,27.39
virchow2,tcga-ut,linear,1,0.45,2.53,0.778753,0.78194,0.778995,0.000242,7.59
virchow2,tcga-ut,linear,1,0.5,1.16,0.778753,0.78194,0.778673,-8e-05,-2.52
virchow2,tcga-ut,linear,1,0.55,0.41,0.778753,0.78194,0.778546,-0.000208,-6.52
virchow2,tcga-ut,linear,1,0.6,0.12,0.778753,0.78194,0.778815,6.2e-05,1.94
virchow2,tcga-ut,linear,1,0.65,0.02,0.778753,0.78194,0.778817,6.3e-05,1.98
virchow2,tcga-ut,linear,1,0.7,0.01,0.778753,0.78194,0.778753,0.0,0.0
virchow2,tcga-ut,linear,1,0.75,0.0,0.778753,0.78194,0.778753,0.0,0.0
virchow2,tcga-ut,linear,1,0.8,0.0,0.778753,0.78194,0.778753,0.0,0.0
virchow2,tcga-ut,linear,1,0.85,0.0,0.778753,0.78194,0.778753,0.0,0.0
virchow2,tcga-ut,linear,1,0.9,0.0,0.778753,0.78194,0.778753,0.0,0.0
virchow2,tcga-ut,linear,1,0.95,0.0,0.778753,0.78194,0.778753,0.0,0.0
virchow2,tcga-ut,linear,1,1.0,0.0,0.778753,0.78194,0.778753,0.0,0.0
virchow2,tcga-ut,linear,2,0.0,100.0,0.780041,0.78199,0.78199,0.001949,100.0
virchow2,tcga-ut,linear,2,0.05,39.2,0.780041,0.78199,0.78199,0.001949,100.0
virchow2,tcga-ut,linear,2,0.1,31.28,0.780041,0.78199,0.78199,0.001949,100.0
virchow2,tcga-ut,linear,2,0.15,25.57,0.780041,0.78199,0.78199,0.001949,100.0
virchow2,tcga-ut,linear,2,0.2,19.84,0.780041,0.78199,0.781678,0.001637,83.97
virchow2,tcga-ut,linear,2,0.25,14.66,0.780041,0.78199,0.781177,0.001136,58.3
virchow2,tcga-ut,linear,2,0.3,10.62,0.780041,0.78199,0.781353,0.001312,67.31
virchow2,tcga-ut,linear,2,0.35,7.12,0.780041,0.78199,0.780378,0.000337,17.28
virchow2,tcga-ut,linear,2,0.4,4.52,0.780041,0.78199,0.780345,0.000304,15.62
virchow2,tcga-ut,linear,2,0.45,2.46,0.780041,0.78199,0.781308,0.001267,65.01
virchow2,tcga-ut,linear,2,0.5,1.1,0.780041,0.78199,0.780739,0.000698,35.8
virchow2,tcga-ut,linear,2,0.55,0.45,0.780041,0.78199,0.780562,0.000521,26.76
virchow2,tcga-ut,linear,2,0.6,0.13,0.780041,0.78199,0.780273,0.000232,11.89
virchow2,tcga-ut,linear,2,0.65,0.03,0.780041,0.78199,0.780101,6e-05,3.06
virchow2,tcga-ut,linear,2,0.7,0.01,0.780041,0.78199,0.780062,2.2e-05,1.1
virchow2,tcga-ut,linear,2,0.75,0.0,0.780041,0.78199,0.780041,0.0,0.0
virchow2,tcga-ut,linear,2,0.8,0.0,0.780041,0.78199,0.780041,0.0,0.0
virchow2,tcga-ut,linear,2,0.85,0.0,0.780041,0.78199,0.780041,0.0,0.0
virchow2,tcga-ut,linear,2,0.9,0.0,0.780041,0.78199,0.780041,0.0,0.0
virchow2,tcga-ut,linear,2,0.95,0.0,0.780041,0.78199,0.780041,0.0,0.0
virchow2,tcga-ut,linear,2,1.0,0.0,0.780041,0.78199,0.780041,0.0,0.0
virchow2,tcga-ut,linear,3,0.0,100.0,0.782716,0.785607,0.785607,0.002891,100.0
virchow2,tcga-ut,linear,3,0.05,37.44,0.782716,0.785607,0.785607,0.002891,100.0
virchow2,tcga-ut,linear,3,0.1,29.68,0.782716,0.785607,0.785607,0.002891,100.0
virchow2,tcga-ut,linear,3,0.15,24.08,0.782716,0.785607,0.785607,0.002891,100.0
virchow2,tcga-ut,linear,3,0.2,18.3,0.782716,0.785607,0.785656,0.00294,101.7
virchow2,tcga-ut,linear,3,0.25,13.25,0.782716,0.785607,0.784255,0.001539,53.24
virchow2,tcga-ut,linear,3,0.3,9.49,0.782716,0.785607,0.783924,0.001208,41.77
virchow2,tcga-ut,linear,3,0.35,6.3,0.782716,0.785607,0.783384,0.000668,23.1
virchow2,tcga-ut,linear,3,0.4,3.86,0.782716,0.785607,0.7825,-0.000216,-7.47
virchow2,tcga-ut,linear,3,0.45,2.04,0.782716,0.785607,0.782451,-0.000265,-9.16
virchow2,tcga-ut,linear,3,0.5,0.93,0.782716,0.785607,0.782499,-0.000217,-7.5
virchow2,tcga-ut,linear,3,0.55,0.32,0.782716,0.785607,0.782633,-8.3e-05,-2.88
virchow2,tcga-ut,linear,3,0.6,0.1,0.782716,0.785607,0.782759,4.2e-05,1.47
virchow2,tcga-ut,linear,3,0.65,0.02,0.782716,0.785607,0.7827,-1.6e-05,-0.55
virchow2,tcga-ut,linear,3,0.7,0.0,0.782716,0.785607,0.782716,0.0,0.0
virchow2,tcga-ut,linear,3,0.75,0.0,0.782716,0.785607,0.782716,0.0,0.0
virchow2,tcga-ut,linear,3,0.8,0.0,0.782716,0.785607,0.782716,0.0,0.0
virchow2,tcga-ut,linear,3,0.85,0.0,0.782716,0.785607,0.782716,0.0,0.0
virchow2,tcga-ut,linear,3,0.9,0.0,0.782716,0.785607,0.782716,0.0,0.0
virchow2,tcga-ut,linear,3,0.95,0.0,0.782716,0.785607,0.782716,0.0,0.0
virchow2,tcga-ut,linear,3,1.0,0.0,0.782716,0.785607,0.782716,0.0,0.0
virchow2,tcga-ut,linear,42,0.0,100.0,0.775919,0.778272,0.778272,0.002353,100.0
virchow2,tcga-ut,linear,42,0.05,38.07,0.775919,0.778272,0.778272,0.002353,100.0
virchow2,tcga-ut,linear,42,0.1,30.54,0.775919,0.778272,0.778272,0.002353,100.0
virchow2,tcga-ut,linear,42,0.15,24.84,0.775919,0.778272,0.778247,0.002327,98.91
virchow2,tcga-ut,linear,42,0.2,19.17,0.775919,0.778272,0.77832,0.002401,102.03
virchow2,tcga-ut,linear,42,0.25,14.1,0.775919,0.778272,0.778168,0.002249,95.59
virchow2,tcga-ut,linear,42,0.3,10.25,0.775919,0.778272,0.777897,0.001977,84.03
virchow2,tcga-ut,linear,42,0.35,6.88,0.775919,0.778272,0.777223,0.001303,55.39
virchow2,tcga-ut,linear,42,0.4,4.18,0.775919,0.778272,0.776665,0.000746,31.7
virchow2,tcga-ut,linear,42,0.45,2.35,0.775919,0.778272,0.775988,6.9e-05,2.93
virchow2,tcga-ut,linear,42,0.5,1.06,0.775919,0.778272,0.775643,-0.000276,-11.74
virchow2,tcga-ut,linear,42,0.55,0.35,0.775919,0.778272,0.775731,-0.000189,-8.02
virchow2,tcga-ut,linear,42,0.6,0.1,0.775919,0.778272,0.775783,-0.000137,-5.8
virchow2,tcga-ut,linear,42,0.65,0.01,0.775919,0.778272,0.775919,0.0,0.0
virchow2,tcga-ut,linear,42,0.7,0.0,0.775919,0.778272,0.775919,0.0,0.0
virchow2,tcga-ut,linear,42,0.75,0.0,0.775919,0.778272,0.775919,0.0,0.0
virchow2,tcga-ut,linear,42,0.8,0.0,0.775919,0.778272,0.775919,0.0,0.0
virchow2,tcga-ut,linear,42,0.85,0.0,0.775919,0.778272,0.775919,0.0,0.0
virchow2,tcga-ut,linear,42,0.9,0.0,0.775919,0.778272,0.775919,0.0,0.0
virchow2,tcga-ut,linear,42,0.95,0.0,0.775919,0.778272,0.775919,0.0,0.0
virchow2,tcga-ut,linear,42,1.0,0.0,0.775919,0.778272,0.775919,0.0,0.0
virchow,tcga-ut,linear,0,0.0,100.0,0.732729,0.736934,0.736934,0.004205,100.0
virchow,tcga-ut,linear,0,0.05,49.75,0.732729,0.736934,0.736934,0.004205,100.0
virchow,tcga-ut,linear,0,0.1,40.7,0.732729,0.736934,0.736973,0.004244,100.93
virchow,tcga-ut,linear,0,0.15,34.23,0.732729,0.736934,0.73693,0.004201,99.92
virchow,tcga-ut,linear,0,0.2,27.7,0.732729,0.736934,0.737128,0.004399,104.61
virchow,tcga-ut,linear,0,0.25,21.95,0.732729,0.736934,0.736461,0.003731,88.74
virchow,tcga-ut,linear,0,0.3,17.23,0.732729,0.736934,0.736171,0.003442,81.85
virchow,tcga-ut,linear,0,0.35,12.83,0.732729,0.736934,0.735397,0.002668,63.45
virchow,tcga-ut,linear,0,0.4,8.94,0.732729,0.736934,0.735237,0.002507,59.63
virchow,tcga-ut,linear,0,0.45,5.93,0.732729,0.736934,0.735143,0.002414,57.4
virchow,tcga-ut,linear,0,0.5,3.43,0.732729,0.736934,0.734119,0.00139,33.06
virchow,tcga-ut,linear,0,0.55,1.59,0.732729,0.736934,0.73358,0.000851,20.24
virchow,tcga-ut,linear,0,0.6,0.59,0.732729,0.736934,0.733108,0.000379,9.01
virchow,tcga-ut,linear,0,0.65,0.13,0.732729,0.736934,0.73282,9.1e-05,2.17
virchow,tcga-ut,linear,0,0.7,0.02,0.732729,0.736934,0.732729,0.0,0.0
virchow,tcga-ut,linear,0,0.75,0.0,0.732729,0.736934,0.732729,0.0,0.0
virchow,tcga-ut,linear,0,0.8,0.0,0.732729,0.736934,0.732729,0.0,0.0
virchow,tcga-ut,linear,0,0.85,0.0,0.732729,0.736934,0.732729,0.0,0.0
virchow,tcga-ut,linear,0,0.9,0.0,0.732729,0.736934,0.732729,0.0,0.0
virchow,tcga-ut,linear,0,0.95,0.0,0.732729,0.736934,0.732729,0.0,0.0
virchow,tcga-ut,linear,0,1.0,0.0,0.732729,0.736934,0.732729,0.0,0.0
virchow,tcga-ut,linear,1,0.0,100.0,0.731742,0.737433,0.737433,0.005691,100.0
virchow,tcga-ut,linear,1,0.05,50.06,0.731742,0.737433,0.737433,0.005691,100.0
virchow,tcga-ut,linear,1,0.1,41.38,0.731742,0.737433,0.737482,0.00574,100.86
virchow,tcga-ut,linear,1,0.15,35.07,0.731742,0.737433,0.737415,0.005673,99.69
virchow,tcga-ut,linear,1,0.2,29.03,0.731742,0.737433,0.737351,0.005609,98.57
virchow,tcga-ut,linear,1,0.25,23.24,0.731742,0.737433,0.736918,0.005176,90.95
virchow,tcga-ut,linear,1,0.3,18.4,0.731742,0.737433,0.736337,0.004595,80.75
virchow,tcga-ut,linear,1,0.35,13.93,0.731742,0.737433,0.735701,0.003959,69.57
virchow,tcga-ut,linear,1,0.4,9.87,0.731742,0.737433,0.734655,0.002913,51.19
virchow,tcga-ut,linear,1,0.45,6.49,0.731742,0.737433,0.73436,0.002618,46.0
virchow,tcga-ut,linear,1,0.5,3.68,0.731742,0.737433,0.733853,0.002111,37.09
virchow,tcga-ut,linear,1,0.55,1.75,0.731742,0.737433,0.732905,0.001162,20.43
virchow,tcga-ut,linear,1,0.6,0.72,0.731742,0.737433,0.732692,0.00095,16.69
virchow,tcga-ut,linear,1,0.65,0.17,0.731742,0.737433,0.732174,0.000432,7.59
virchow,tcga-ut,linear,1,0.7,0.02,0.731742,0.737433,0.731742,0.0,0.0
virchow,tcga-ut,linear,1,0.75,0.0,0.731742,0.737433,0.731742,0.0,0.0
virchow,tcga-ut,linear,1,0.8,0.0,0.731742,0.737433,0.731742,0.0,0.0
virchow,tcga-ut,linear,1,0.85,0.0,0.731742,0.737433,0.731742,0.0,0.0
virchow,tcga-ut,linear,1,0.9,0.0,0.731742,0.737433,0.731742,0.0,0.0
virchow,tcga-ut,linear,1,0.95,0.0,0.731742,0.737433,0.731742,0.0,0.0
virchow,tcga-ut,linear,1,1.0,0.0,0.731742,0.737433,0.731742,0.0,0.0
virchow,tcga-ut,linear,2,0.0,100.0,0.733137,0.738329,0.738329,0.005192,100.0
virchow,tcga-ut,linear,2,0.05,50.74,0.733137,0.738329,0.738329,0.005192,100.0
virchow,tcga-ut,linear,2,0.1,41.84,0.733137,0.738329,0.738329,0.005192,100.0
virchow,tcga-ut,linear,2,0.15,35.42,0.733137,0.738329,0.738319,0.005182,99.81
virchow,tcga-ut,linear,2,0.2,28.94,0.733137,0.738329,0.737846,0.004709,90.7
virchow,tcga-ut,linear,2,0.25,23.06,0.733137,0.738329,0.73815,0.005013,96.56
virchow,tcga-ut,linear,2,0.3,18.18,0.733137,0.738329,0.737641,0.004504,86.76
virchow,tcga-ut,linear,2,0.35,13.83,0.733137,0.738329,0.737139,0.004002,77.09
virchow,tcga-ut,linear,2,0.4,9.83,0.733137,0.738329,0.736568,0.003431,66.08
virchow,tcga-ut,linear,2,0.45,6.33,0.733137,0.738329,0.735621,0.002484,47.85
virchow,tcga-ut,linear,2,0.5,3.75,0.733137,0.738329,0.73534,0.002203,42.44
virchow,tcga-ut,linear,2,0.55,1.92,0.733137,0.738329,0.734728,0.001591,30.65
virchow,tcga-ut,linear,2,0.6,0.7,0.733137,0.738329,0.734185,0.001048,20.18
virchow,tcga-ut,linear,2,0.65,0.17,0.733137,0.738329,0.733436,0.000299,5.76
virchow,tcga-ut,linear,2,0.7,0.03,0.733137,0.738329,0.733137,0.0,0.0
virchow,tcga-ut,linear,2,0.75,0.0,0.733137,0.738329,0.733137,0.0,0.0
virchow,tcga-ut,linear,2,0.8,0.0,0.733137,0.738329,0.733137,0.0,0.0
virchow,tcga-ut,linear,2,0.85,0.0,0.733137,0.738329,0.733137,0.0,0.0
virchow,tcga-ut,linear,2,0.9,0.0,0.733137,0.738329,0.733137,0.0,0.0
virchow,tcga-ut,linear,2,0.95,0.0,0.733137,0.738329,0.733137,0.0,0.0
virchow,tcga-ut,linear,2,1.0,0.0,0.733137,0.738329,0.733137,0.0,0.0
virchow,tcga-ut,linear,3,0.0,100.0,0.734862,0.739367,0.739367,0.004506,100.0
virchow,tcga-ut,linear,3,0.05,49.43,0.734862,0.739367,0.739367,0.004506,100.0
virchow,tcga-ut,linear,3,0.1,40.76,0.734862,0.739367,0.73935,0.004488,99.61
virchow,tcga-ut,linear,3,0.15,34.28,0.734862,0.739367,0.739254,0.004392,97.49
virchow,tcga-ut,linear,3,0.2,28.14,0.734862,0.739367,0.739149,0.004288,95.16
virchow,tcga-ut,linear,3,0.25,22.46,0.734862,0.739367,0.738777,0.003915,86.89
virchow,tcga-ut,linear,3,0.3,17.65,0.734862,0.739367,0.737912,0.00305,67.7
virchow,tcga-ut,linear,3,0.35,13.2,0.734862,0.739367,0.736791,0.001929,42.82
virchow,tcga-ut,linear,3,0.4,9.33,0.734862,0.739367,0.736706,0.001844,40.93
virchow,tcga-ut,linear,3,0.45,5.98,0.734862,0.739367,0.736074,0.001213,26.92
virchow,tcga-ut,linear,3,0.5,3.51,0.734862,0.739367,0.735759,0.000897,19.92
virchow,tcga-ut,linear,3,0.55,1.68,0.734862,0.739367,0.734866,4e-06,0.1
virchow,tcga-ut,linear,3,0.6,0.56,0.734862,0.739367,0.734855,-6e-06,-0.14
virchow,tcga-ut,linear,3,0.65,0.13,0.734862,0.739367,0.734864,2e-06,0.05
virchow,tcga-ut,linear,3,0.7,0.02,0.734862,0.739367,0.734862,0.0,0.0
virchow,tcga-ut,linear,3,0.75,0.0,0.734862,0.739367,0.734862,0.0,0.0
virchow,tcga-ut,linear,3,0.8,0.0,0.734862,0.739367,0.734862,0.0,0.0
virchow,tcga-ut,linear,3,0.85,0.0,0.734862,0.739367,0.734862,0.0,0.0
virchow,tcga-ut,linear,3,0.9,0.0,0.734862,0.739367,0.734862,0.0,0.0
virchow,tcga-ut,linear,3,0.95,0.0,0.734862,0.739367,0.734862,0.0,0.0
virchow,tcga-ut,linear,3,1.0,0.0,0.734862,0.739367,0.734862,0.0,0.0
virchow,tcga-ut,linear,42,0.0,100.0,0.73379,0.739097,0.739097,0.005307,100.0
virchow,tcga-ut,linear,42,0.05,50.32,0.73379,0.739097,0.739097,0.005307,100.0
virchow,tcga-ut,linear,42,0.1,40.98,0.73379,0.739097,0.739088,0.005298,99.83
virchow,tcga-ut,linear,42,0.15,34.43,0.73379,0.739097,0.739068,0.005278,99.46
virchow,tcga-ut,linear,42,0.2,27.92,0.73379,0.739097,0.739003,0.005213,98.23
virchow,tcga-ut,linear,42,0.25,22.06,0.73379,0.739097,0.738682,0.004892,92.18
virchow,tcga-ut,linear,42,0.3,17.21,0.73379,0.739097,0.738029,0.004239,79.88
virchow,tcga-ut,linear,42,0.35,12.85,0.73379,0.739097,0.73711,0.00332,62.56
virchow,tcga-ut,linear,42,0.4,9.04,0.73379,0.739097,0.736591,0.002801,52.79
virchow,tcga-ut,linear,42,0.45,5.73,0.73379,0.739097,0.735585,0.001795,33.82
virchow,tcga-ut,linear,42,0.5,3.27,0.73379,0.739097,0.7354,0.001609,30.33
virchow,tcga-ut,linear,42,0.55,1.64,0.73379,0.739097,0.734847,0.001057,19.92
virchow,tcga-ut,linear,42,0.6,0.57,0.73379,0.739097,0.73427,0.00048,9.04
virchow,tcga-ut,linear,42,0.65,0.13,0.73379,0.739097,0.734001,0.000211,3.98
virchow,tcga-ut,linear,42,0.7,0.01,0.73379,0.739097,0.733843,5.3e-05,1.0
virchow,tcga-ut,linear,42,0.75,0.0,0.73379,0.739097,0.73379,0.0,0.0
virchow,tcga-ut,linear,42,0.8,0.0,0.73379,0.739097,0.73379,0.0,0.0
virchow,tcga-ut,linear,42,0.85,0.0,0.73379,0.739097,0.73379,0.0,0.0
virchow,tcga-ut,linear,42,0.9,0.0,0.73379,0.739097,0.73379,0.0,0.0
virchow,tcga-ut,linear,42,0.95,0.0,0.73379,0.739097,0.73379,0.0,0.0
virchow,tcga-ut,linear,42,1.0,0.0,0.73379,0.739097,0.73379,0.0,0.0
