model,dataset,backbone_mode,train_augment,seed,model_type,strategy,aggregation,train_subset,n_test,acc,balanced_acc,n_correct,n_wrong,n_corrected,n_corrupted,total_unc,aleatoric_unc,epistemic_unc,agreement_rate,ece
convnextv2_tiny,mhist,frozen,True,0,general,none,mean,,977,0.7952917093142272,0.8061070592472537,777,200,,,0.5380859375,0.5380859375,0.0,1.0,
convnextv2_tiny,mhist,frozen,True,0,general,flips,mean,,977,0.797338792221085,0.8117774176121015,779,198,37.0,35.0,0.54443359375,0.53662109375,0.0078125,0.8300921320915222,
convnextv2_tiny,mhist,frozen,True,0,general,flips,vote,,977,0.8116683725690891,0.8167589591211958,793,184,35.0,19.0,0.54443359375,0.53662109375,0.0078125,0.8300921320915222,
convnextv2_tiny,mhist,frozen,True,0,general,flips,confidence,,977,0.797338792221085,0.8117774176121015,779,198,37.0,35.0,0.54443359375,0.53662109375,0.0078125,0.8300921320915222,
convnextv2_tiny,mhist,frozen,True,0,general,d4,mean,,977,0.797338792221085,0.8100418692598594,779,198,44.0,42.0,0.5478515625,0.53515625,0.0126953125,0.7256909012794495,
convnextv2_tiny,mhist,frozen,True,0,general,d4,vote,,977,0.8065506653019447,0.8155996758508914,788,189,47.0,36.0,0.5478515625,0.53515625,0.0126953125,0.7256909012794495,
convnextv2_tiny,mhist,frozen,True,0,general,d4,confidence,,977,0.7983623336745138,0.8108522420313344,780,197,45.0,42.0,0.5478515625,0.53515625,0.0126953125,0.7256909012794495,
convnextv2_tiny,mhist,frozen,True,0,general,d4_color,mean,,977,0.8004094165813715,0.8147870520439402,782,195,34.0,29.0,0.5478515625,0.53515625,0.0126953125,0.6980552673339844,
convnextv2_tiny,mhist,frozen,True,0,general,d4_color,vote,,977,0.8065506653019447,0.8196492886727895,788,189,30.0,19.0,0.5478515625,0.53515625,0.0126953125,0.6980552673339844,
convnextv2_tiny,mhist,frozen,True,0,general,d4_color,confidence,,977,0.8004094165813715,0.8147870520439402,782,195,35.0,30.0,0.5478515625,0.53515625,0.0126953125,0.6980552673339844,
convnextv2_tiny,mhist,frozen,True,1,general,none,mean,,977,0.7645854657113613,0.7893165856293896,747,230,,,0.544921875,0.544921875,0.0,1.0,
convnextv2_tiny,mhist,frozen,True,1,general,flips,mean,,977,0.7697031729785057,0.7922114172519359,752,225,33.0,28.0,0.5537109375,0.546875,0.0068359375,0.8014329671859741,
convnextv2_tiny,mhist,frozen,True,1,general,flips,vote,,977,0.781985670419652,0.7967292454529082,764,213,44.0,27.0,0.5537109375,0.546875,0.0068359375,0.8014329671859741,
convnextv2_tiny,mhist,frozen,True,1,general,flips,confidence,,977,0.7697031729785057,0.7922114172519359,752,225,33.0,28.0,0.5537109375,0.546875,0.0068359375,0.8014329671859741,
convnextv2_tiny,mhist,frozen,True,1,general,d4,mean,,977,0.7727737973387923,0.7981136322708446,755,222,48.0,40.0,0.55615234375,0.54541015625,0.0107421875,0.6949846744537354,
convnextv2_tiny,mhist,frozen,True,1,general,d4,vote,,977,0.7850562947799385,0.8043670088240591,767,210,55.0,35.0,0.55615234375,0.54541015625,0.0107421875,0.6949846744537354,
convnextv2_tiny,mhist,frozen,True,1,general,d4,confidence,,977,0.7737973387922211,0.7989240050423194,756,221,48.0,39.0,0.55615234375,0.54541015625,0.0107421875,0.6949846744537354,
convnextv2_tiny,mhist,frozen,True,1,general,d4_color,mean,,977,0.7789150460593655,0.8035543850171079,761,216,39.0,25.0,0.55615234375,0.54541015625,0.0107421875,0.6704196333885193,
convnextv2_tiny,mhist,frozen,True,1,general,d4_color,vote,,977,0.7768679631525077,0.799041058887088,759,218,33.0,21.0,0.55615234375,0.54541015625,0.0107421875,0.6704196333885193,
convnextv2_tiny,mhist,frozen,True,1,general,d4_color,confidence,,977,0.7789150460593655,0.8035543850171079,761,216,41.0,27.0,0.55615234375,0.54541015625,0.0107421875,0.6704196333885193,
convnextv2_tiny,mhist,frozen,True,2,general,none,mean,,977,0.7584442169907881,0.7821402845308842,741,236,,,0.55224609375,0.55224609375,0.0,1.0,
convnextv2_tiny,mhist,frozen,True,2,general,flips,mean,,977,0.7717502558853634,0.7984602917341977,754,223,47.0,34.0,0.560546875,0.55322265625,0.00732421875,0.8014329671859741,
convnextv2_tiny,mhist,frozen,True,2,general,flips,vote,,977,0.7871033776867963,0.8030951737799388,769,208,49.0,21.0,0.560546875,0.55322265625,0.00732421875,0.8014329671859741,
convnextv2_tiny,mhist,frozen,True,2,general,flips,confidence,,977,0.7717502558853634,0.7984602917341977,754,223,47.0,34.0,0.560546875,0.55322265625,0.00732421875,0.8014329671859741,
convnextv2_tiny,mhist,frozen,True,2,general,d4,mean,,977,0.7717502558853634,0.7973032594993698,754,223,54.0,41.0,0.56201171875,0.55078125,0.01123046875,0.7052200436592102,
convnextv2_tiny,mhist,frozen,True,2,general,d4,vote,,977,0.781985670419652,0.8042499549792905,764,213,54.0,31.0,0.56201171875,0.55078125,0.01123046875,0.7052200436592102,
convnextv2_tiny,mhist,frozen,True,2,general,d4,confidence,,977,0.7707267144319345,0.7964928867278949,753,224,54.0,42.0,0.56201171875,0.55078125,0.01123046875,0.7052200436592102,
convnextv2_tiny,mhist,frozen,True,2,general,d4_color,mean,,977,0.7727737973387923,0.7992706645056726,755,222,43.0,29.0,0.5615234375,0.55029296875,0.01123046875,0.6816785931587219,
convnextv2_tiny,mhist,frozen,True,2,general,d4_color,vote,,977,0.7727737973387923,0.7986921483882586,755,222,36.0,22.0,0.5615234375,0.55029296875,0.01123046875,0.6816785931587219,
convnextv2_tiny,mhist,frozen,True,2,general,d4_color,confidence,,977,0.7707267144319345,0.7976499189627229,753,224,44.0,32.0,0.5615234375,0.55029296875,0.01123046875,0.6816785931587219,
convnextv2_tiny,mhist,frozen,True,3,general,none,mean,,977,0.7952917093142272,0.8107351881865659,777,200,,,0.53076171875,0.53076171875,0.0,1.0,
convnextv2_tiny,mhist,frozen,True,3,general,flips,mean,,977,0.7983623336745138,0.8166374032054745,780,197,31.0,28.0,0.53759765625,0.5302734375,0.00732421875,0.8290686011314392,
convnextv2_tiny,mhist,frozen,True,3,general,flips,vote,,977,0.812691914022518,0.8210404285971546,794,183,39.0,22.0,0.53759765625,0.5302734375,0.00732421875,0.8290686011314392,
convnextv2_tiny,mhist,frozen,True,3,general,flips,confidence,,977,0.7983623336745138,0.8166374032054745,780,197,31.0,28.0,0.53759765625,0.5302734375,0.00732421875,0.8290686011314392,
convnextv2_tiny,mhist,frozen,True,3,general,d4,mean,,977,0.8024564994882293,0.821035926526202,784,193,42.0,35.0,0.541015625,0.5283203125,0.0126953125,0.7308086156845093,
convnextv2_tiny,mhist,frozen,True,3,general,d4,vote,,977,0.8075742067553736,0.8193026292094363,789,188,44.0,32.0,0.541015625,0.5283203125,0.0126953125,0.7308086156845093,
convnextv2_tiny,mhist,frozen,True,3,general,d4,confidence,,977,0.8034800409416581,0.8224248154150909,785,192,42.0,34.0,0.541015625,0.5283203125,0.0126953125,0.7308086156845093,
convnextv2_tiny,mhist,frozen,True,3,general,d4_color,mean,,977,0.8106448311156602,0.828675940932829,792,185,36.0,21.0,0.54150390625,0.5283203125,0.01318359375,0.707267165184021,
convnextv2_tiny,mhist,frozen,True,3,general,d4_color,vote,,977,0.8085977482088025,0.8241626148028093,790,187,31.0,18.0,0.54150390625,0.5283203125,0.01318359375,0.707267165184021,
convnextv2_tiny,mhist,frozen,True,3,general,d4_color,confidence,,977,0.8096212896622313,0.8278655681613543,791,186,35.0,21.0,0.54150390625,0.5283203125,0.01318359375,0.707267165184021,
convnextv2_tiny,mhist,frozen,True,42,general,none,mean,,977,0.7737973387922211,0.7914032955159374,756,221,,,0.533203125,0.533203125,0.0,1.0,
convnextv2_tiny,mhist,frozen,True,42,general,flips,mean,,977,0.7942681678607983,0.8087677831802629,776,201,50.0,30.0,0.54052734375,0.53271484375,0.0078125,0.810644805431366,
convnextv2_tiny,mhist,frozen,True,42,general,flips,vote,,977,0.789150460593654,0.7931455969746084,771,206,45.0,30.0,0.54052734375,0.53271484375,0.0078125,0.810644805431366,
convnextv2_tiny,mhist,frozen,True,42,general,flips,confidence,,977,0.7942681678607983,0.8087677831802629,776,201,50.0,30.0,0.54052734375,0.53271484375,0.0078125,0.810644805431366,
convnextv2_tiny,mhist,frozen,True,42,general,d4,mean,,977,0.8014329580348004,0.8167544570502432,783,194,63.0,36.0,0.54443359375,0.53076171875,0.013671875,0.7052200436592102,
convnextv2_tiny,mhist,frozen,True,42,general,d4,vote,,977,0.7983623336745138,0.8056455969746084,780,197,57.0,33.0,0.54443359375,0.53076171875,0.013671875,0.7052200436592102,
convnextv2_tiny,mhist,frozen,True,42,general,d4,confidence,,977,0.8004094165813715,0.8153655681613543,782,195,63.0,37.0,0.54443359375,0.53076171875,0.013671875,0.7052200436592102,
convnextv2_tiny,mhist,frozen,True,42,general,d4_color,mean,,977,0.8034800409416581,0.8160611381235369,785,192,52.0,23.0,0.54345703125,0.52978515625,0.013671875,0.6816785931587219,
convnextv2_tiny,mhist,frozen,True,42,general,d4_color,vote,,977,0.7901740020470829,0.8037907437421213,772,205,39.0,23.0,0.54345703125,0.52978515625,0.013671875,0.6816785931587219,
convnextv2_tiny,mhist,frozen,True,42,general,d4_color,confidence,,977,0.8024564994882293,0.815250765352062,784,193,52.0,24.0,0.54345703125,0.52978515625,0.013671875,0.6816785931587219,
dinov2_s,mhist,frozen,True,0,general,none,mean,,977,0.7410440122824974,0.756215108950117,724,253,,,0.52685546875,0.52685546875,0.0,1.0,
dinov2_s,mhist,frozen,True,0,general,flips,mean,,977,0.7737973387922211,0.7873536826940393,756,221,46.0,14.0,0.53515625,0.52587890625,0.00927734375,0.8178096413612366,
dinov2_s,mhist,frozen,True,0,general,flips,vote,,977,0.781985670419652,0.7880515036916982,764,213,49.0,9.0,0.53515625,0.52587890625,0.00927734375,0.8178096413612366,
dinov2_s,mhist,frozen,True,0,general,flips,confidence,,977,0.77482088024565,0.7881640554655142,757,220,47.0,14.0,0.53515625,0.52587890625,0.00927734375,0.8178096413612366,
dinov2_s,mhist,frozen,True,0,general,d4,mean,,977,0.7584442169907881,0.771726994417432,741,236,48.0,31.0,0.53857421875,0.5244140625,0.01416015625,0.7185261249542236,
dinov2_s,mhist,frozen,True,0,general,d4,vote,,977,0.7686796315250768,0.7786736898973527,751,226,53.0,26.0,0.53857421875,0.5244140625,0.01416015625,0.7185261249542236,
dinov2_s,mhist,frozen,True,0,general,d4,confidence,,977,0.759467758444217,0.7731158833063209,742,235,48.0,30.0,0.53857421875,0.5244140625,0.01416015625,0.7185261249542236,
dinov2_s,mhist,frozen,True,0,general,d4_color,mean,,977,0.7563971340839304,0.7701062488744823,739,238,35.0,20.0,0.53857421875,0.525390625,0.01318359375,0.7052200436592102,
dinov2_s,mhist,frozen,True,0,general,d4_color,vote,,977,0.7502558853633572,0.766401044480461,733,244,22.0,13.0,0.53857421875,0.525390625,0.01318359375,0.7052200436592102,
dinov2_s,mhist,frozen,True,0,general,d4_color,confidence,,977,0.7574206755373593,0.7709166216459571,740,237,36.0,20.0,0.53857421875,0.525390625,0.01318359375,0.7052200436592102,
dinov2_s,mhist,frozen,True,1,general,none,mean,,977,0.8106448311156602,0.8049567801188546,792,185,,,0.499755859375,0.499755859375,0.0,1.0,
dinov2_s,mhist,frozen,True,1,general,flips,mean,,977,0.8219037871033776,0.8156064289573204,803,174,29.0,18.0,0.50537109375,0.498046875,0.00732421875,0.8515864610671997,
dinov2_s,mhist,frozen,True,1,general,flips,vote,,977,0.8188331627430911,0.8062331172339277,800,177,27.0,19.0,0.50537109375,0.498046875,0.00732421875,0.8515864610671997,
dinov2_s,mhist,frozen,True,1,general,flips,confidence,,977,0.8219037871033776,0.8156064289573204,803,174,29.0,18.0,0.50537109375,0.498046875,0.00732421875,0.8515864610671997,
dinov2_s,mhist,frozen,True,1,general,d4,mean,,977,0.8219037871033776,0.8173419773095625,803,174,33.0,22.0,0.50830078125,0.497802734375,0.010498046875,0.7697031497955322,
dinov2_s,mhist,frozen,True,1,general,d4,vote,,977,0.8208802456499488,0.8130605078336035,802,175,32.0,22.0,0.50830078125,0.497802734375,0.010498046875,0.7697031497955322,
dinov2_s,mhist,frozen,True,1,general,d4,confidence,,977,0.8229273285568065,0.8187308661984514,804,173,33.0,21.0,0.50830078125,0.497802734375,0.010498046875,0.7697031497955322,
dinov2_s,mhist,frozen,True,1,general,d4_color,mean,,977,0.8137154554759468,0.8102804790203494,795,182,19.0,16.0,0.5078125,0.497802734375,0.010009765625,0.7574206590652466,
dinov2_s,mhist,frozen,True,1,general,d4_color,vote,,977,0.8167860798362334,0.812711597334774,798,179,19.0,13.0,0.5078125,0.497802734375,0.010009765625,0.7574206590652466,
dinov2_s,mhist,frozen,True,1,general,d4_color,confidence,,977,0.8157625383828045,0.8124797406807132,797,180,20.0,15.0,0.5078125,0.497802734375,0.010009765625,0.7574206590652466,
dinov2_s,mhist,frozen,True,2,general,none,mean,,977,0.8116683725690891,0.8063456690077435,793,184,,,0.5078125,0.5078125,0.0,1.0,
dinov2_s,mhist,frozen,True,2,general,flips,mean,,977,0.8178096212896623,0.8135219701062488,799,178,28.0,22.0,0.51171875,0.5048828125,0.0068359375,0.8607983589172363,
dinov2_s,mhist,frozen,True,2,general,flips,vote,,977,0.8249744114636642,0.815144966684675,806,171,29.0,16.0,0.51171875,0.5048828125,0.0068359375,0.8607983589172363,
dinov2_s,mhist,frozen,True,2,general,flips,confidence,,977,0.81985670419652,0.8162997478840266,801,176,30.0,22.0,0.51171875,0.5048828125,0.0068359375,0.8607983589172363,
dinov2_s,mhist,frozen,True,2,general,d4,mean,,977,0.827021494370522,0.8271790023410769,808,169,38.0,23.0,0.5146484375,0.5048828125,0.009765625,0.7789150476455688,
dinov2_s,mhist,frozen,True,2,general,d4,vote,,977,0.8259979529170931,0.8211619845128759,807,170,34.0,20.0,0.5146484375,0.5048828125,0.009765625,0.7789150476455688,
dinov2_s,mhist,frozen,True,2,general,d4,confidence,,977,0.8280450358239508,0.8285678912299659,809,168,39.0,23.0,0.5146484375,0.5048828125,0.009765625,0.7789150476455688,
dinov2_s,mhist,frozen,True,2,general,d4_color,mean,,977,0.8259979529170931,0.8246330812173599,807,170,30.0,16.0,0.5146484375,0.5048828125,0.009765625,0.7604913115501404,
dinov2_s,mhist,frozen,True,2,general,d4_color,vote,,977,0.8178096212896623,0.8146790023410769,799,178,19.0,13.0,0.5146484375,0.5048828125,0.009765625,0.7604913115501404,
dinov2_s,mhist,frozen,True,2,general,d4_color,confidence,,977,0.827021494370522,0.8260219701062488,808,169,31.0,16.0,0.5146484375,0.5048828125,0.009765625,0.7604913115501404,
dinov2_s,mhist,frozen,True,3,general,none,mean,,977,0.7860798362333674,0.7941855753646677,768,209,,,0.51513671875,0.51513671875,0.0,1.0,
dinov2_s,mhist,frozen,True,3,general,flips,mean,,977,0.8004094165813715,0.806687826400144,782,195,30.0,16.0,0.5185546875,0.51220703125,0.00634765625,0.8515864610671997,
dinov2_s,mhist,frozen,True,3,general,flips,vote,,977,0.8116683725690891,0.8121308301818837,793,184,37.0,12.0,0.5185546875,0.51220703125,0.00634765625,0.8515864610671997,
dinov2_s,mhist,frozen,True,3,general,flips,confidence,,977,0.8004094165813715,0.806687826400144,782,195,30.0,16.0,0.5185546875,0.51220703125,0.00634765625,0.8515864610671997,
dinov2_s,mhist,frozen,True,3,general,d4,mean,,977,0.8024564994882293,0.8123581847649919,784,193,40.0,24.0,0.52099609375,0.51171875,0.00927734375,0.772773802280426,
dinov2_s,mhist,frozen,True,3,general,d4,vote,,977,0.8096212896622313,0.816295245813074,791,186,40.0,17.0,0.52099609375,0.51171875,0.00927734375,0.772773802280426,
dinov2_s,mhist,frozen,True,3,general,d4,confidence,,977,0.8004094165813715,0.8107374392220421,782,195,40.0,26.0,0.52099609375,0.51171875,0.00927734375,0.772773802280426,
dinov2_s,mhist,frozen,True,3,general,d4_color,mean,,977,0.8024564994882293,0.8123581847649919,784,193,28.0,12.0,0.5205078125,0.51171875,0.0087890625,0.7635619044303894,
dinov2_s,mhist,frozen,True,3,general,d4_color,vote,,977,0.7983623336745138,0.8062241130920224,780,197,21.0,9.0,0.5205078125,0.51171875,0.0087890625,0.7635619044303894,
dinov2_s,mhist,frozen,True,3,general,d4_color,confidence,,977,0.8014329580348004,0.811547811993517,783,194,28.0,13.0,0.5205078125,0.51171875,0.0087890625,0.7635619044303894,
dinov2_s,mhist,frozen,True,42,general,none,mean,,977,0.8137154554759468,0.8021812533765532,795,182,,,0.488525390625,0.488525390625,0.0,1.0,
dinov2_s,mhist,frozen,True,42,general,flips,mean,,977,0.8157625383828045,0.8038019989195029,797,180,30.0,28.0,0.494140625,0.486572265625,0.007568359375,0.8444216847419739,
dinov2_s,mhist,frozen,True,42,general,flips,vote,,977,0.81985670419652,0.7995227804790204,801,176,34.0,28.0,0.494140625,0.486572265625,0.007568359375,0.8444216847419739,
dinov2_s,mhist,frozen,True,42,general,flips,confidence,,977,0.8157625383828045,0.8038019989195029,797,180,30.0,28.0,0.494140625,0.486572265625,0.007568359375,0.8444216847419739,
dinov2_s,mhist,frozen,True,42,general,d4,mean,,977,0.8259979529170931,0.8130627588690797,807,170,38.0,26.0,0.497802734375,0.486083984375,0.01171875,0.7594677805900574,
dinov2_s,mhist,frozen,True,42,general,d4,vote,,977,0.8259979529170931,0.8101701782820097,807,170,40.0,28.0,0.497802734375,0.486083984375,0.01171875,0.7594677805900574,
dinov2_s,mhist,frozen,True,42,general,d4,confidence,,977,0.8249744114636642,0.8122523860976049,806,171,38.0,27.0,0.497802734375,0.486083984375,0.01171875,0.7594677805900574,
dinov2_s,mhist,frozen,True,42,general,d4_color,mean,,977,0.8280450358239508,0.8158405366468575,809,168,35.0,21.0,0.4970703125,0.48583984375,0.01123046875,0.7523029446601868,
dinov2_s,mhist,frozen,True,42,general,d4_color,vote,,977,0.8208802456499488,0.8107464433639474,802,175,26.0,19.0,0.4970703125,0.48583984375,0.01123046875,0.7523029446601868,
dinov2_s,mhist,frozen,True,42,general,d4_color,confidence,,977,0.8280450358239508,0.8158405366468575,809,168,35.0,21.0,0.4970703125,0.48583984375,0.01123046875,0.7523029446601868,
gigapath,mhist,frozen,True,0,histology,none,mean,,977,0.812691914022518,0.8262470736538807,794,183,,,0.457763671875,0.457763671875,0.0,1.0,
gigapath,mhist,frozen,True,0,histology,flips,mean,,977,0.8065506653019447,0.8219633531424455,788,189,12.0,18.0,0.464111328125,0.460205078125,0.00390625,0.899692952632904,
gigapath,mhist,frozen,True,0,histology,flips,vote,,977,0.8188331627430911,0.829373761930488,800,177,14.0,8.0,0.464111328125,0.460205078125,0.00390625,0.899692952632904,
gigapath,mhist,frozen,True,0,histology,flips,confidence,,977,0.8055271238485159,0.8211529803709706,787,190,12.0,19.0,0.464111328125,0.460205078125,0.00390625,0.899692952632904,
gigapath,mhist,frozen,True,0,histology,d4,mean,,977,0.8147389969293757,0.8278678191968305,796,181,17.0,15.0,0.46435546875,0.45947265625,0.0048828125,0.8485158681869507,
gigapath,mhist,frozen,True,0,histology,d4,vote,,977,0.8167860798362334,0.8294885647397803,798,179,15.0,11.0,0.46435546875,0.45947265625,0.0048828125,0.8485158681869507,
gigapath,mhist,frozen,True,0,histology,d4,confidence,,977,0.8137154554759468,0.8270574464253557,795,182,17.0,16.0,0.46435546875,0.45947265625,0.0048828125,0.8485158681869507,
gigapath,mhist,frozen,True,0,histology,d4_color,mean,,977,0.8137154554759468,0.8264789303079416,795,182,13.0,12.0,0.466064453125,0.459716796875,0.00634765625,0.8188331723213196,
gigapath,mhist,frozen,True,0,histology,d4_color,vote,,977,0.8137154554759468,0.8282144786601837,795,182,10.0,9.0,0.466064453125,0.459716796875,0.00634765625,0.8188331723213196,
gigapath,mhist,frozen,True,0,histology,d4_color,confidence,,977,0.8147389969293757,0.8272893030794165,796,181,13.0,11.0,0.466064453125,0.459716796875,0.00634765625,0.8188331723213196,
gigapath,mhist,frozen,True,1,histology,none,mean,,977,0.8567041965199591,0.8535723933009185,837,140,,,0.4619140625,0.4619140625,0.0,1.0,
gigapath,mhist,frozen,True,1,histology,flips,mean,,977,0.8546571136131014,0.8513731316405546,835,142,11.0,13.0,0.46728515625,0.4638671875,0.00341796875,0.9263049960136414,
gigapath,mhist,frozen,True,1,histology,flips,vote,,977,0.8587512794268168,0.8523005582567982,839,138,13.0,11.0,0.46728515625,0.4638671875,0.00341796875,0.9263049960136414,
gigapath,mhist,frozen,True,1,histology,flips,confidence,,977,0.8536335721596725,0.8505627588690798,834,143,11.0,14.0,0.46728515625,0.4638671875,0.00341796875,0.9263049960136414,
gigapath,mhist,frozen,True,1,histology,d4,mean,,977,0.8546571136131014,0.8513731316405546,835,142,14.0,16.0,0.46826171875,0.4638671875,0.00439453125,0.8874104619026184,
gigapath,mhist,frozen,True,1,histology,d4,vote,,977,0.8546571136131014,0.8496375832883126,835,142,14.0,16.0,0.46826171875,0.4638671875,0.00439453125,0.8874104619026184,
gigapath,mhist,frozen,True,1,histology,d4,confidence,,977,0.8546571136131014,0.8513731316405546,835,142,15.0,17.0,0.46826171875,0.4638671875,0.00439453125,0.8874104619026184,
gigapath,mhist,frozen,True,1,histology,d4_color,mean,,977,0.8567041965199591,0.8529938771835044,837,140,11.0,11.0,0.469482421875,0.46435546875,0.005126953125,0.871033787727356,
gigapath,mhist,frozen,True,1,histology,d4_color,vote,,977,0.8567041965199591,0.8529938771835044,837,140,9.0,9.0,0.469482421875,0.46435546875,0.005126953125,0.871033787727356,
gigapath,mhist,frozen,True,1,histology,d4_color,confidence,,977,0.8556806550665302,0.8516049882946155,836,141,11.0,12.0,0.469482421875,0.46435546875,0.005126953125,0.871033787727356,
gigapath,mhist,frozen,True,2,histology,none,mean,,977,0.8474923234390993,0.8347087160093642,828,149,,,0.434326171875,0.434326171875,0.0,1.0,
gigapath,mhist,frozen,True,2,histology,flips,mean,,977,0.8413510747185261,0.8275324149108589,822,155,5.0,11.0,0.439453125,0.436279296875,0.003173828125,0.935516893863678,
gigapath,mhist,frozen,True,2,histology,flips,vote,,977,0.8454452405322416,0.8290383576445165,826,151,8.0,10.0,0.439453125,0.436279296875,0.003173828125,0.935516893863678,
gigapath,mhist,frozen,True,2,histology,flips,confidence,,977,0.8413510747185261,0.8275324149108589,822,155,5.0,11.0,0.439453125,0.436279296875,0.003173828125,0.935516893863678,
gigapath,mhist,frozen,True,2,histology,d4,mean,,977,0.842374616171955,0.8277642715649198,823,154,13.0,18.0,0.440673828125,0.43603515625,0.004638671875,0.8904810547828674,
gigapath,mhist,frozen,True,2,histology,d4,vote,,977,0.842374616171955,0.8254502070952638,823,154,12.0,17.0,0.440673828125,0.43603515625,0.004638671875,0.8904810547828674,
gigapath,mhist,frozen,True,2,histology,d4,confidence,,977,0.8413510747185261,0.826375382676031,822,155,13.0,19.0,0.440673828125,0.43603515625,0.004638671875,0.8904810547828674,
gigapath,mhist,frozen,True,2,histology,d4_color,mean,,977,0.8433981576253838,0.8291531604538087,824,153,9.0,13.0,0.441162109375,0.43603515625,0.005126953125,0.8771750330924988,
gigapath,mhist,frozen,True,2,histology,d4_color,vote,,977,0.8413510747185261,0.826953898793445,822,155,8.0,14.0,0.441162109375,0.43603515625,0.005126953125,0.8771750330924988,
gigapath,mhist,frozen,True,2,histology,d4_color,confidence,,977,0.8444216990788127,0.8305420493426976,825,152,9.0,12.0,0.441162109375,0.43603515625,0.005126953125,0.8771750330924988,
gigapath,mhist,frozen,True,3,histology,none,mean,,977,0.8147389969293757,0.7995205294435441,796,181,,,0.451171875,0.451171875,0.0,1.0,
gigapath,mhist,frozen,True,3,histology,flips,mean,,977,0.8106448311156602,0.7916509094183324,792,185,13.0,17.0,0.45556640625,0.452880859375,0.002685546875,0.9068577289581299,
gigapath,mhist,frozen,True,3,histology,flips,vote,,977,0.8137154554759468,0.7917679632631011,795,182,16.0,17.0,0.45556640625,0.452880859375,0.002685546875,0.9068577289581299,
gigapath,mhist,frozen,True,3,histology,flips,confidence,,977,0.8116683725690891,0.7930397983072213,793,184,13.0,16.0,0.45556640625,0.452880859375,0.002685546875,0.9068577289581299,
gigapath,mhist,frozen,True,3,histology,d4,mean,,977,0.8116683725690891,0.7936183144246354,793,184,17.0,20.0,0.45654296875,0.453125,0.00341796875,0.870010256767273,
gigapath,mhist,frozen,True,3,histology,d4,vote,,977,0.812691914022518,0.7909575904916262,794,183,19.0,21.0,0.45654296875,0.453125,0.00341796875,0.870010256767273,
gigapath,mhist,frozen,True,3,histology,d4,confidence,,977,0.8137154554759468,0.7952390599675851,795,182,18.0,19.0,0.45654296875,0.453125,0.00341796875,0.870010256767273,
gigapath,mhist,frozen,True,3,histology,d4_color,mean,,977,0.8167860798362334,0.7988272105168377,798,179,14.0,12.0,0.456298828125,0.45263671875,0.003662109375,0.8577277660369873,
gigapath,mhist,frozen,True,3,histology,d4_color,vote,,977,0.8147389969293757,0.7960494327390599,796,181,12.0,12.0,0.456298828125,0.45263671875,0.003662109375,0.8577277660369873,
gigapath,mhist,frozen,True,3,histology,d4_color,confidence,,977,0.8167860798362334,0.7988272105168377,798,179,14.0,12.0,0.456298828125,0.45263671875,0.003662109375,0.8577277660369873,
gigapath,mhist,frozen,True,42,histology,none,mean,,977,0.8413510747185261,0.8327390599675851,822,155,,,0.44921875,0.44921875,0.0,1.0,
gigapath,mhist,frozen,True,42,histology,flips,mean,,977,0.8393039918116684,0.8270687016027373,820,157,11.0,13.0,0.455078125,0.451171875,0.00390625,0.9129989743232727,
gigapath,mhist,frozen,True,42,histology,flips,vote,,977,0.8413510747185261,0.825218350441203,822,155,16.0,16.0,0.455078125,0.451171875,0.00390625,0.9129989743232727,
gigapath,mhist,frozen,True,42,histology,flips,confidence,,977,0.8403275332650972,0.8284575904916262,821,156,12.0,13.0,0.455078125,0.451171875,0.00390625,0.9129989743232727,
gigapath,mhist,frozen,True,42,histology,d4,mean,,977,0.8433981576253838,0.8314672249234648,824,153,17.0,15.0,0.455810546875,0.450927734375,0.0048828125,0.8792220950126648,
gigapath,mhist,frozen,True,42,histology,d4,vote,,977,0.8433981576253838,0.8303101926886367,824,153,14.0,12.0,0.455810546875,0.450927734375,0.0048828125,0.8792220950126648,
gigapath,mhist,frozen,True,42,histology,d4,confidence,,977,0.8444216990788127,0.8322775976949397,825,152,18.0,15.0,0.455810546875,0.450927734375,0.0048828125,0.8792220950126648,
gigapath,mhist,frozen,True,42,histology,d4_color,mean,,977,0.8433981576253838,0.8314672249234648,824,153,12.0,10.0,0.4560546875,0.45068359375,0.00537109375,0.8679631352424622,
gigapath,mhist,frozen,True,42,histology,d4_color,vote,,977,0.8433981576253838,0.8314672249234648,824,153,12.0,10.0,0.4560546875,0.45068359375,0.00537109375,0.8679631352424622,
gigapath,mhist,frozen,True,42,histology,d4_color,confidence,,977,0.8444216990788127,0.8322775976949397,825,152,13.0,10.0,0.4560546875,0.45068359375,0.00537109375,0.8679631352424622,
hoptimus,mhist,frozen,True,0,histology,none,mean,,977,0.8188331627430911,0.7836709886547812,800,177,,,0.419677734375,0.419677734375,0.0,1.0,
hoptimus,mhist,frozen,True,0,histology,flips,mean,,977,0.8157625383828045,0.7783472897532865,797,180,7.0,10.0,0.42041015625,0.419189453125,0.001220703125,0.9488229155540466,
hoptimus,mhist,frozen,True,0,histology,flips,vote,,977,0.8147389969293757,0.7758013686295696,796,181,7.0,11.0,0.42041015625,0.419189453125,0.001220703125,0.9488229155540466,
hoptimus,mhist,frozen,True,0,histology,flips,confidence,,977,0.8167860798362334,0.7797361786421754,798,179,7.0,9.0,0.42041015625,0.419189453125,0.001220703125,0.9488229155540466,
hoptimus,mhist,frozen,True,0,histology,d4,mean,,977,0.8157625383828045,0.7777687736358725,797,180,9.0,12.0,0.4208984375,0.4189453125,0.001953125,0.9119754433631897,
hoptimus,mhist,frozen,True,0,histology,d4,vote,,977,0.8167860798362334,0.7785791464073474,798,179,8.0,10.0,0.4208984375,0.4189453125,0.001953125,0.9119754433631897,
hoptimus,mhist,frozen,True,0,histology,d4,confidence,,977,0.8157625383828045,0.7777687736358725,797,180,9.0,12.0,0.4208984375,0.4189453125,0.001953125,0.9119754433631897,
hoptimus,mhist,frozen,True,0,histology,d4_color,mean,,977,0.8188331627430911,0.7819354403025391,800,177,6.0,6.0,0.420654296875,0.417724609375,0.0029296875,0.8771750330924988,
hoptimus,mhist,frozen,True,0,histology,d4_color,vote,,977,0.8219037871033776,0.7849450747343778,803,174,8.0,5.0,0.420654296875,0.417724609375,0.0029296875,0.8771750330924988,
hoptimus,mhist,frozen,True,0,histology,d4_color,confidence,,977,0.8188331627430911,0.7819354403025391,800,177,6.0,6.0,0.420654296875,0.417724609375,0.0029296875,0.8771750330924988,
hoptimus,mhist,frozen,True,1,histology,none,mean,,977,0.8024564994882293,0.7602917341977309,784,193,,,0.441162109375,0.441162109375,0.0,1.0,
hoptimus,mhist,frozen,True,1,histology,flips,mean,,977,0.8075742067553736,0.7660791464073473,789,188,11.0,6.0,0.442138671875,0.440673828125,0.00146484375,0.9477993845939636,
hoptimus,mhist,frozen,True,1,histology,flips,vote,,977,0.804503582395087,0.7607554475058527,786,191,12.0,10.0,0.442138671875,0.440673828125,0.00146484375,0.9477993845939636,
hoptimus,mhist,frozen,True,1,histology,flips,confidence,,977,0.8075742067553736,0.7660791464073473,789,188,11.0,6.0,0.442138671875,0.440673828125,0.00146484375,0.9477993845939636,
hoptimus,mhist,frozen,True,1,histology,d4,mean,,977,0.8055271238485159,0.7627228525121557,787,190,15.0,12.0,0.443359375,0.441162109375,0.002197265625,0.9099283814430237,
hoptimus,mhist,frozen,True,1,histology,d4,vote,,977,0.804503582395087,0.7607554475058527,786,191,14.0,12.0,0.443359375,0.441162109375,0.002197265625,0.9099283814430237,
hoptimus,mhist,frozen,True,1,histology,d4,confidence,,977,0.8055271238485159,0.7627228525121557,787,190,15.0,12.0,0.443359375,0.441162109375,0.002197265625,0.9099283814430237,
hoptimus,mhist,frozen,True,1,histology,d4_color,mean,,977,0.8075742067553736,0.7660791464073473,789,188,9.0,4.0,0.443359375,0.4404296875,0.0029296875,0.8802456259727478,
hoptimus,mhist,frozen,True,1,histology,d4_color,vote,,977,0.8075742067553736,0.7660791464073473,789,188,10.0,5.0,0.443359375,0.4404296875,0.0029296875,0.8802456259727478,
hoptimus,mhist,frozen,True,1,histology,d4_color,confidence,,977,0.8055271238485159,0.7633013686295695,787,190,9.0,6.0,0.443359375,0.4404296875,0.0029296875,0.8802456259727478,
hoptimus,mhist,frozen,True,2,histology,none,mean,,977,0.7963152507676561,0.7612146587430217,778,199,,,0.427490234375,0.427490234375,0.0,1.0,
hoptimus,mhist,frozen,True,2,histology,flips,mean,,977,0.7942681678607983,0.759593913200072,776,201,4.0,6.0,0.42919921875,0.427734375,0.00146484375,0.937563955783844,
hoptimus,mhist,frozen,True,2,histology,flips,vote,,977,0.7942681678607983,0.756122816495588,776,201,8.0,10.0,0.42919921875,0.427734375,0.00146484375,0.937563955783844,
hoptimus,mhist,frozen,True,2,histology,flips,confidence,,977,0.7942681678607983,0.759593913200072,776,201,4.0,6.0,0.42919921875,0.427734375,0.00146484375,0.937563955783844,
hoptimus,mhist,frozen,True,2,histology,d4,mean,,977,0.7952917093142272,0.7598257698541329,777,200,12.0,13.0,0.4306640625,0.42822265625,0.00244140625,0.9048106670379639,
hoptimus,mhist,frozen,True,2,histology,d4,vote,,977,0.7911975435005117,0.7536916981811634,773,204,11.0,16.0,0.4306640625,0.42822265625,0.00244140625,0.9048106670379639,
hoptimus,mhist,frozen,True,2,histology,d4,confidence,,977,0.7952917093142272,0.7598257698541329,777,200,12.0,13.0,0.4306640625,0.42822265625,0.00244140625,0.9048106670379639,
hoptimus,mhist,frozen,True,2,histology,d4_color,mean,,977,0.8055271238485159,0.7737146587430218,787,190,15.0,6.0,0.431396484375,0.427734375,0.003662109375,0.874104380607605,
hoptimus,mhist,frozen,True,2,histology,d4_color,vote,,977,0.8004094165813715,0.7673487304159914,782,195,12.0,8.0,0.431396484375,0.427734375,0.003662109375,0.874104380607605,
hoptimus,mhist,frozen,True,2,histology,d4_color,confidence,,977,0.8065506653019447,0.7751035476319107,788,189,16.0,6.0,0.431396484375,0.427734375,0.003662109375,0.874104380607605,
hoptimus,mhist,frozen,True,3,histology,none,mean,,977,0.812691914022518,0.8094701062488745,794,183,,,0.459228515625,0.459228515625,0.0,1.0,
hoptimus,mhist,frozen,True,3,histology,flips,mean,,977,0.8075742067553736,0.8036826940392581,789,188,8.0,13.0,0.4599609375,0.45849609375,0.00146484375,0.9396110773086548,
hoptimus,mhist,frozen,True,3,histology,flips,vote,,977,0.8106448311156602,0.8049567801188546,792,185,8.0,10.0,0.4599609375,0.45849609375,0.00146484375,0.9396110773086548,
hoptimus,mhist,frozen,True,3,histology,flips,confidence,,977,0.8075742067553736,0.8036826940392581,789,188,8.0,13.0,0.4599609375,0.45849609375,0.00146484375,0.9396110773086548,
hoptimus,mhist,frozen,True,3,histology,d4,mean,,977,0.804503582395087,0.7995160273725914,786,191,10.0,18.0,0.4609375,0.458740234375,0.002197265625,0.9140225052833557,
hoptimus,mhist,frozen,True,3,histology,d4,vote,,977,0.8055271238485159,0.7985908517918243,787,190,12.0,19.0,0.4609375,0.458740234375,0.002197265625,0.9140225052833557,
hoptimus,mhist,frozen,True,3,histology,d4,confidence,,977,0.804503582395087,0.7995160273725914,786,191,10.0,18.0,0.4609375,0.458740234375,0.002197265625,0.9140225052833557,
hoptimus,mhist,frozen,True,3,histology,d4_color,mean,,977,0.8096212896622313,0.8035678912299657,791,186,10.0,13.0,0.46044921875,0.45751953125,0.0029296875,0.8853633403778076,
hoptimus,mhist,frozen,True,3,histology,d4_color,vote,,977,0.812691914022518,0.8083130740140465,794,183,11.0,11.0,0.46044921875,0.45751953125,0.0029296875,0.8853633403778076,
hoptimus,mhist,frozen,True,3,histology,d4_color,confidence,,977,0.8096212896622313,0.8035678912299657,791,186,10.0,13.0,0.46044921875,0.45751953125,0.0029296875,0.8853633403778076,
hoptimus,mhist,frozen,True,42,histology,none,mean,,977,0.8372569089048106,0.8329686655861697,818,159,,,0.467041015625,0.467041015625,0.0,1.0,
hoptimus,mhist,frozen,True,42,histology,flips,mean,,977,0.8433981576253838,0.840144966684675,824,153,13.0,7.0,0.46826171875,0.467041015625,0.001220703125,0.9457523226737976,
hoptimus,mhist,frozen,True,42,histology,flips,vote,,977,0.8403275332650972,0.8348212677831803,821,156,11.0,8.0,0.46826171875,0.467041015625,0.001220703125,0.9457523226737976,
hoptimus,mhist,frozen,True,42,histology,flips,confidence,,977,0.8444216990788127,0.8415338555735639,825,152,14.0,7.0,0.46826171875,0.467041015625,0.001220703125,0.9457523226737976,
hoptimus,mhist,frozen,True,42,histology,d4,mean,,977,0.8433981576253838,0.8395664505672609,824,153,14.0,8.0,0.468994140625,0.467041015625,0.001953125,0.9191402196884155,
hoptimus,mhist,frozen,True,42,histology,d4,vote,,977,0.8413510747185261,0.8367886727894831,822,155,13.0,9.0,0.468994140625,0.467041015625,0.001953125,0.9191402196884155,
hoptimus,mhist,frozen,True,42,histology,d4,confidence,,977,0.8433981576253838,0.8395664505672609,824,153,14.0,8.0,0.468994140625,0.467041015625,0.001953125,0.9191402196884155,
hoptimus,mhist,frozen,True,42,histology,d4_color,mean,,977,0.8413510747185261,0.8373671889068972,822,155,11.0,7.0,0.46826171875,0.465087890625,0.003173828125,0.8833162784576416,
hoptimus,mhist,frozen,True,42,histology,d4_color,vote,,977,0.8382804503582395,0.8349360705924725,819,158,7.0,6.0,0.46826171875,0.465087890625,0.003173828125,0.8833162784576416,
hoptimus,mhist,frozen,True,42,histology,d4_color,confidence,,977,0.842374616171955,0.8387560777957861,823,154,11.0,6.0,0.46826171875,0.465087890625,0.003173828125,0.8833162784576416,
phikon2,mhist,frozen,True,0,histology,none,mean,,977,0.7543500511770727,0.7777417612101567,737,240,,,0.5751953125,0.5751953125,0.0,1.0,
phikon2,mhist,frozen,True,0,histology,flips,mean,,977,0.759467758444217,0.7870002701242571,742,235,17.0,12.0,0.57666015625,0.57568359375,0.0009765625,0.9089047908782959,
phikon2,mhist,frozen,True,0,histology,flips,vote,,977,0.7604912998976459,0.783761030073834,743,234,15.0,9.0,0.57666015625,0.57568359375,0.0009765625,0.9089047908782959,
phikon2,mhist,frozen,True,0,histology,flips,confidence,,977,0.7584442169907881,0.7861898973527823,741,236,17.0,13.0,0.57666015625,0.57568359375,0.0009765625,0.9089047908782959,
phikon2,mhist,frozen,True,0,histology,d4,mean,,977,0.7563971340839304,0.7839906356924184,739,238,20.0,18.0,0.5771484375,0.5751953125,0.001953125,0.8536335825920105,
phikon2,mhist,frozen,True,0,histology,d4,vote,,977,0.7563971340839304,0.7822550873401765,739,238,23.0,21.0,0.5771484375,0.5751953125,0.001953125,0.8536335825920105,
phikon2,mhist,frozen,True,0,histology,d4,confidence,,977,0.7563971340839304,0.7839906356924184,739,238,20.0,18.0,0.5771484375,0.5751953125,0.001953125,0.8536335825920105,
phikon2,mhist,frozen,True,0,histology,d4_color,mean,,977,0.7553735926305015,0.7814447145687016,738,239,14.0,13.0,0.57763671875,0.57568359375,0.001953125,0.837256908416748,
phikon2,mhist,frozen,True,0,histology,d4_color,vote,,977,0.7553735926305015,0.7814447145687016,738,239,13.0,12.0,0.57763671875,0.57568359375,0.001953125,0.837256908416748,
phikon2,mhist,frozen,True,0,histology,d4_color,confidence,,977,0.7553735926305015,0.7814447145687016,738,239,14.0,13.0,0.57763671875,0.57568359375,0.001953125,0.837256908416748,
phikon2,mhist,frozen,True,1,histology,none,mean,,977,0.7789150460593655,0.7942981271384837,761,216,,,0.55712890625,0.55712890625,0.0,1.0,
phikon2,mhist,frozen,True,1,histology,flips,mean,,977,0.7778915046059366,0.7946447866018368,760,217,16.0,17.0,0.55810546875,0.556640625,0.00146484375,0.9119754433631897,
phikon2,mhist,frozen,True,1,histology,flips,vote,,977,0.7840327533265097,0.79719295876103,766,211,14.0,9.0,0.55810546875,0.556640625,0.00146484375,0.9119754433631897,
phikon2,mhist,frozen,True,1,histology,flips,confidence,,977,0.7789150460593655,0.7954551593733117,761,216,16.0,16.0,0.55810546875,0.556640625,0.00146484375,0.9119754433631897,
phikon2,mhist,frozen,True,1,histology,d4,mean,,977,0.7768679631525077,0.794412929947776,759,218,16.0,18.0,0.55859375,0.5556640625,0.0029296875,0.8505629301071167,
phikon2,mhist,frozen,True,1,histology,d4,vote,,977,0.7737973387922211,0.7879321988114533,756,221,13.0,18.0,0.55859375,0.5556640625,0.0029296875,0.8505629301071167,
phikon2,mhist,frozen,True,1,histology,d4,confidence,,977,0.7768679631525077,0.794412929947776,759,218,16.0,18.0,0.55859375,0.5556640625,0.0029296875,0.8505629301071167,
phikon2,mhist,frozen,True,1,histology,d4_color,mean,,977,0.7758444216990789,0.792445524941473,758,219,12.0,15.0,0.55908203125,0.55615234375,0.0029296875,0.8341862559318542,
phikon2,mhist,frozen,True,1,histology,d4_color,vote,,977,0.77482088024565,0.7904781199351701,757,220,9.0,13.0,0.55908203125,0.55615234375,0.0029296875,0.8341862559318542,
phikon2,mhist,frozen,True,1,histology,d4_color,confidence,,977,0.7758444216990789,0.792445524941473,758,219,12.0,15.0,0.55908203125,0.55615234375,0.0029296875,0.8341862559318542,
phikon2,mhist,frozen,True,2,histology,none,mean,,977,0.759467758444217,0.7846862056546011,742,235,,,0.552734375,0.552734375,0.0,1.0,
phikon2,mhist,frozen,True,2,histology,flips,mean,,977,0.7604912998976459,0.78607509454349,743,234,17.0,16.0,0.55419921875,0.552734375,0.00146484375,0.9017400145530701,
phikon2,mhist,frozen,True,2,histology,flips,vote,,977,0.7625383828045036,0.7848032594993697,745,232,16.0,13.0,0.55419921875,0.552734375,0.00146484375,0.9017400145530701,
phikon2,mhist,frozen,True,2,histology,flips,confidence,,977,0.7604912998976459,0.78607509454349,743,234,17.0,16.0,0.55419921875,0.552734375,0.00146484375,0.9017400145530701,
phikon2,mhist,frozen,True,2,histology,d4,mean,,977,0.7584442169907881,0.7850328651179542,741,236,20.0,21.0,0.55419921875,0.5517578125,0.00244140625,0.8505629301071167,
phikon2,mhist,frozen,True,2,histology,d4,vote,,977,0.7604912998976459,0.78607509454349,743,234,22.0,21.0,0.55419921875,0.5517578125,0.00244140625,0.8505629301071167,
phikon2,mhist,frozen,True,2,histology,d4,confidence,,977,0.759467758444217,0.7864217540068431,742,235,21.0,21.0,0.55419921875,0.5517578125,0.00244140625,0.8505629301071167,
phikon2,mhist,frozen,True,2,histology,d4_color,mean,,977,0.7635619242579325,0.7896632450927427,746,231,17.0,13.0,0.55517578125,0.55224609375,0.0029296875,0.8331627249717712,
phikon2,mhist,frozen,True,2,histology,d4_color,vote,,977,0.7697031729785057,0.7945254817215919,752,225,19.0,9.0,0.55517578125,0.55224609375,0.0029296875,0.8331627249717712,
phikon2,mhist,frozen,True,2,histology,d4_color,confidence,,977,0.7635619242579325,0.7896632450927427,746,231,17.0,13.0,0.55517578125,0.55224609375,0.0029296875,0.8331627249717712,
phikon2,mhist,frozen,True,3,histology,none,mean,,977,0.7717502558853634,0.7805262920943634,754,223,,,0.55859375,0.55859375,0.0,1.0,
phikon2,mhist,frozen,True,3,histology,flips,mean,,977,0.7778915046059366,0.7859670448406266,760,217,18.0,12.0,0.56103515625,0.55908203125,0.001953125,0.8863868713378906,
phikon2,mhist,frozen,True,3,histology,flips,vote,,977,0.7809621289662231,0.7855055825679813,763,214,20.0,11.0,0.56103515625,0.55908203125,0.001953125,0.8863868713378906,
phikon2,mhist,frozen,True,3,histology,flips,confidence,,977,0.7778915046059366,0.7859670448406266,760,217,18.0,12.0,0.56103515625,0.55908203125,0.001953125,0.8863868713378906,
phikon2,mhist,frozen,True,3,histology,d4,mean,,977,0.7758444216990789,0.786081847649919,758,219,24.0,20.0,0.56103515625,0.55810546875,0.0029296875,0.8249744176864624,
phikon2,mhist,frozen,True,3,histology,d4,vote,,977,0.7809621289662231,0.7883981631550513,763,214,24.0,15.0,0.56103515625,0.55810546875,0.0029296875,0.8249744176864624,
phikon2,mhist,frozen,True,3,histology,d4,confidence,,977,0.7758444216990789,0.785503331532505,758,219,25.0,21.0,0.56103515625,0.55810546875,0.0029296875,0.8249744176864624,
phikon2,mhist,frozen,True,3,histology,d4_color,mean,,977,0.7768679631525077,0.7874707365388078,759,218,20.0,15.0,0.56103515625,0.55810546875,0.0029296875,0.8116683959960938,
phikon2,mhist,frozen,True,3,histology,d4_color,vote,,977,0.7768679631525077,0.7868922204213938,759,218,18.0,13.0,0.56103515625,0.55810546875,0.0029296875,0.8116683959960938,
phikon2,mhist,frozen,True,3,histology,d4_color,confidence,,977,0.7778915046059366,0.7882811093102827,760,217,21.0,15.0,0.56103515625,0.55810546875,0.0029296875,0.8116683959960938,
phikon2,mhist,frozen,True,42,histology,none,mean,,977,0.7625383828045036,0.7813321627948857,745,232,,,0.57666015625,0.57666015625,0.0,1.0,
phikon2,mhist,frozen,True,42,histology,flips,mean,,977,0.7584442169907881,0.7792477039438142,741,236,13.0,17.0,0.578125,0.5771484375,0.0009765625,0.8935517072677612,
phikon2,mhist,frozen,True,42,histology,flips,vote,,977,0.7635619242579325,0.7804069872141185,746,231,16.0,15.0,0.578125,0.5771484375,0.0009765625,0.8935517072677612,
phikon2,mhist,frozen,True,42,histology,flips,confidence,,977,0.7584442169907881,0.7792477039438142,741,236,13.0,17.0,0.578125,0.5771484375,0.0009765625,0.8935517072677612,
phikon2,mhist,frozen,True,42,histology,d4,mean,,977,0.7635619242579325,0.7873491806230866,746,231,26.0,25.0,0.578125,0.576171875,0.001953125,0.8495393991470337,
phikon2,mhist,frozen,True,42,histology,d4,vote,,977,0.7686796315250768,0.7879299477759769,751,226,28.0,22.0,0.578125,0.576171875,0.001953125,0.8495393991470337,
phikon2,mhist,frozen,True,42,histology,d4,confidence,,977,0.7635619242579325,0.7873491806230866,746,231,26.0,25.0,0.578125,0.576171875,0.001953125,0.8495393991470337,
phikon2,mhist,frozen,True,42,histology,d4_color,mean,,977,0.7635619242579325,0.7850351161534306,746,231,18.0,17.0,0.578125,0.576171875,0.001953125,0.8341862559318542,
phikon2,mhist,frozen,True,42,histology,d4_color,vote,,977,0.7615148413510747,0.7828358544930668,744,233,16.0,17.0,0.578125,0.576171875,0.001953125,0.8341862559318542,
phikon2,mhist,frozen,True,42,histology,d4_color,confidence,,977,0.7635619242579325,0.7856136322708446,746,231,19.0,18.0,0.578125,0.576171875,0.001953125,0.8341862559318542,
phikon,mhist,frozen,True,0,histology,none,mean,,977,0.7635619242579325,0.7757788582748064,746,231,,,0.515625,0.515625,0.0,1.0,
phikon,mhist,frozen,True,0,histology,flips,mean,,977,0.7717502558853634,0.7834188726814335,754,223,15.0,7.0,0.51513671875,0.51318359375,0.001953125,0.9242579340934753,
phikon,mhist,frozen,True,0,histology,flips,vote,,977,0.7789150460593655,0.7873559337295155,761,216,19.0,4.0,0.51513671875,0.51318359375,0.001953125,0.9242579340934753,
phikon,mhist,frozen,True,0,histology,flips,confidence,,977,0.7717502558853634,0.7834188726814335,754,223,15.0,7.0,0.51513671875,0.51318359375,0.001953125,0.9242579340934753,
phikon,mhist,frozen,True,0,histology,d4,mean,,977,0.7737973387922211,0.7838825859895552,756,221,18.0,8.0,0.515625,0.51318359375,0.00244140625,0.874104380607605,
phikon,mhist,frozen,True,0,histology,d4,vote,,977,0.7809621289662231,0.7895551953898794,763,214,23.0,6.0,0.515625,0.51318359375,0.00244140625,0.874104380607605,
phikon,mhist,frozen,True,0,histology,d4,confidence,,977,0.7727737973387923,0.7824936971006663,755,222,18.0,9.0,0.515625,0.51318359375,0.00244140625,0.874104380607605,
phikon,mhist,frozen,True,0,histology,d4_color,mean,,977,0.7768679631525077,0.7851566720691519,759,218,19.0,6.0,0.5166015625,0.513671875,0.0029296875,0.835209846496582,
phikon,mhist,frozen,True,0,histology,d4_color,vote,,977,0.7778915046059366,0.7877025931928687,760,217,18.0,4.0,0.5166015625,0.513671875,0.0029296875,0.835209846496582,
phikon,mhist,frozen,True,0,histology,d4_color,confidence,,977,0.7768679631525077,0.7851566720691519,759,218,19.0,6.0,0.5166015625,0.513671875,0.0029296875,0.835209846496582,
phikon,mhist,frozen,True,1,histology,none,mean,,977,0.7533265097236438,0.7659395822078157,736,241,,,0.5224609375,0.5224609375,0.0,1.0,
phikon,mhist,frozen,True,1,histology,flips,mean,,977,0.7707267144319345,0.7831870160273726,753,224,27.0,10.0,0.5234375,0.521484375,0.001953125,0.9027635455131531,
phikon,mhist,frozen,True,1,histology,flips,vote,,977,0.7799385875127943,0.7881663065009905,762,215,34.0,8.0,0.5234375,0.521484375,0.001953125,0.9027635455131531,
phikon,mhist,frozen,True,1,histology,flips,confidence,,977,0.7707267144319345,0.7831870160273726,753,224,27.0,10.0,0.5234375,0.521484375,0.001953125,0.9027635455131531,
phikon,mhist,frozen,True,1,histology,d4,mean,,977,0.7686796315250768,0.7792522060147669,751,226,27.0,12.0,0.52392578125,0.521484375,0.00244140625,0.870010256767273,
phikon,mhist,frozen,True,1,histology,d4,vote,,977,0.7707267144319345,0.7808729515577165,753,224,28.0,11.0,0.52392578125,0.521484375,0.00244140625,0.870010256767273,
phikon,mhist,frozen,True,1,histology,d4,confidence,,977,0.7686796315250768,0.7786736898973527,751,226,28.0,13.0,0.52392578125,0.521484375,0.00244140625,0.870010256767273,
phikon,mhist,frozen,True,1,histology,d4_color,mean,,977,0.7615148413510747,0.7712655321447865,744,233,16.0,8.0,0.5244140625,0.521484375,0.0029296875,0.836233377456665,
phikon,mhist,frozen,True,1,histology,d4_color,vote,,977,0.7666325486182191,0.7776314604718171,749,228,21.0,8.0,0.5244140625,0.521484375,0.0029296875,0.836233377456665,
phikon,mhist,frozen,True,1,histology,d4_color,confidence,,977,0.7615148413510747,0.7712655321447865,744,233,16.0,8.0,0.5244140625,0.521484375,0.0029296875,0.836233377456665,
phikon,mhist,frozen,True,2,histology,none,mean,,977,0.7717502558853634,0.7845759049162615,754,223,,,0.50927734375,0.50927734375,0.0,1.0,
phikon,mhist,frozen,True,2,histology,flips,mean,,977,0.7768679631525077,0.7903633171258779,759,218,21.0,16.0,0.51025390625,0.50830078125,0.001953125,0.9068577289581299,
phikon,mhist,frozen,True,2,histology,flips,vote,,977,0.7850562947799385,0.7951107509454349,767,210,25.0,12.0,0.51025390625,0.50830078125,0.001953125,0.9068577289581299,
phikon,mhist,frozen,True,2,histology,flips,confidence,,977,0.7768679631525077,0.7903633171258779,759,218,21.0,16.0,0.51025390625,0.50830078125,0.001953125,0.9068577289581299,
phikon,mhist,frozen,True,2,histology,d4,mean,,977,0.7809621289662231,0.7936048082117775,763,214,29.0,20.0,0.5107421875,0.5078125,0.0029296875,0.873080849647522,
phikon,mhist,frozen,True,2,histology,d4,vote,,977,0.7830092118730808,0.7934900054024852,765,212,27.0,16.0,0.5107421875,0.5078125,0.0029296875,0.873080849647522,
phikon,mhist,frozen,True,2,histology,d4,confidence,,977,0.7809621289662231,0.7936048082117775,763,214,29.0,20.0,0.5107421875,0.5078125,0.0029296875,0.873080849647522,
phikon,mhist,frozen,True,2,histology,d4_color,mean,,977,0.7778915046059366,0.7905951737799388,760,217,23.0,17.0,0.51171875,0.50830078125,0.00341796875,0.8464688062667847,
phikon,mhist,frozen,True,2,histology,d4_color,vote,,977,0.7789150460593655,0.7908270304339997,761,216,22.0,15.0,0.51171875,0.50830078125,0.00341796875,0.8464688062667847,
phikon,mhist,frozen,True,2,histology,d4_color,confidence,,977,0.7778915046059366,0.7905951737799388,760,217,23.0,17.0,0.51171875,0.50830078125,0.00341796875,0.8464688062667847,
phikon,mhist,frozen,True,3,histology,none,mean,,977,0.7676560900716479,0.7391027372591392,750,227,,,0.49853515625,0.49853515625,0.0,1.0,
phikon,mhist,frozen,True,3,histology,flips,mean,,977,0.7758444216990789,0.7467427516657663,758,219,20.0,12.0,0.498291015625,0.496337890625,0.001953125,0.9058341979980469,
phikon,mhist,frozen,True,3,histology,flips,vote,,977,0.7707267144319345,0.7369057266342518,753,224,17.0,14.0,0.498291015625,0.496337890625,0.001953125,0.9058341979980469,
phikon,mhist,frozen,True,3,histology,flips,confidence,,977,0.7737973387922211,0.7445434900054024,756,221,19.0,13.0,0.498291015625,0.496337890625,0.001953125,0.9058341979980469,
phikon,mhist,frozen,True,3,histology,d4,mean,,977,0.7778915046059366,0.748363497208716,760,217,22.0,12.0,0.49951171875,0.496826171875,0.002685546875,0.8607983589172363,
phikon,mhist,frozen,True,3,histology,d4,vote,,977,0.7727737973387923,0.7402620205294436,755,222,19.0,14.0,0.49951171875,0.496826171875,0.002685546875,0.8607983589172363,
phikon,mhist,frozen,True,3,histology,d4,confidence,,977,0.7778915046059366,0.748363497208716,760,217,22.0,12.0,0.49951171875,0.496826171875,0.002685546875,0.8607983589172363,
phikon,mhist,frozen,True,3,histology,d4_color,mean,,977,0.7768679631525077,0.7481316405546552,759,218,17.0,8.0,0.5009765625,0.49755859375,0.00341796875,0.836233377456665,
phikon,mhist,frozen,True,3,histology,d4_color,vote,,977,0.7758444216990789,0.7467427516657663,758,219,15.0,7.0,0.5009765625,0.49755859375,0.00341796875,0.836233377456665,
phikon,mhist,frozen,True,3,histology,d4_color,confidence,,977,0.7768679631525077,0.7481316405546552,759,218,17.0,8.0,0.5009765625,0.49755859375,0.00341796875,0.836233377456665,
phikon,mhist,frozen,True,42,histology,none,mean,,977,0.7666325486182191,0.7666396542409508,749,228,,,0.5302734375,0.5302734375,0.0,1.0,
phikon,mhist,frozen,True,42,histology,flips,mean,,977,0.7737973387922211,0.775204844228345,756,221,22.0,15.0,0.5302734375,0.5283203125,0.001953125,0.9027635455131531,
phikon,mhist,frozen,True,42,histology,flips,vote,,977,0.77482088024565,0.7702300558256798,757,220,22.0,14.0,0.5302734375,0.5283203125,0.001953125,0.9027635455131531,
phikon,mhist,frozen,True,42,histology,flips,confidence,,977,0.7737973387922211,0.774626328110931,756,221,22.0,15.0,0.5302734375,0.5283203125,0.001953125,0.9027635455131531,
phikon,mhist,frozen,True,42,histology,d4,mean,,977,0.7686796315250768,0.7682603997839006,751,226,21.0,19.0,0.53076171875,0.52783203125,0.0029296875,0.8485158681869507,
phikon,mhist,frozen,True,42,histology,d4,vote,,977,0.7676560900716479,0.7651359625427696,750,227,21.0,20.0,0.53076171875,0.52783203125,0.0029296875,0.8485158681869507,
phikon,mhist,frozen,True,42,histology,d4,confidence,,977,0.7717502558853634,0.7718485503331532,754,223,22.0,17.0,0.53076171875,0.52783203125,0.0029296875,0.8485158681869507,
phikon,mhist,frozen,True,42,histology,d4_color,mean,,977,0.7737973387922211,0.772890779758689,756,221,18.0,11.0,0.53076171875,0.52783203125,0.0029296875,0.8270214796066284,
phikon,mhist,frozen,True,42,histology,d4_color,vote,,977,0.7768679631525077,0.7764789303079417,759,218,21.0,11.0,0.53076171875,0.52783203125,0.0029296875,0.8270214796066284,
phikon,mhist,frozen,True,42,histology,d4_color,confidence,,977,0.7737973387922211,0.772890779758689,756,221,18.0,11.0,0.53076171875,0.52783203125,0.0029296875,0.8270214796066284,
uni2,mhist,frozen,True,0,histology,none,mean,,977,0.8454452405322416,0.8330879704664145,826,151,,,0.4765625,0.4765625,0.0,1.0,
uni2,mhist,frozen,True,0,histology,flips,mean,,977,0.8485158648925282,0.8349405726634251,829,148,16.0,13.0,0.482421875,0.478271484375,0.004150390625,0.9037870764732361,
uni2,mhist,frozen,True,0,histology,flips,vote,,977,0.8454452405322416,0.8267242931748604,826,151,14.0,14.0,0.482421875,0.478271484375,0.004150390625,0.9037870764732361,
uni2,mhist,frozen,True,0,histology,flips,confidence,,977,0.8485158648925282,0.8355190887808392,829,148,16.0,13.0,0.482421875,0.478271484375,0.004150390625,0.9037870764732361,
uni2,mhist,frozen,True,0,histology,d4,mean,,977,0.8474923234390993,0.8352872321267784,828,149,18.0,16.0,0.483154296875,0.477783203125,0.00537109375,0.8485158681869507,
uni2,mhist,frozen,True,0,histology,d4,vote,,977,0.8474923234390993,0.8335516837745363,828,149,17.0,15.0,0.483154296875,0.477783203125,0.00537109375,0.8485158681869507,
uni2,mhist,frozen,True,0,histology,d4,confidence,,977,0.8464687819856704,0.8338983432378895,827,150,17.0,16.0,0.483154296875,0.477783203125,0.00537109375,0.8485158681869507,
uni2,mhist,frozen,True,0,histology,d4_color,mean,,977,0.8444216990788127,0.8316990815775256,825,152,13.0,14.0,0.482666015625,0.4775390625,0.005126953125,0.8433981537818909,
uni2,mhist,frozen,True,0,histology,d4_color,vote,,977,0.8464687819856704,0.8338983432378895,827,150,10.0,9.0,0.482666015625,0.4775390625,0.005126953125,0.8433981537818909,
uni2,mhist,frozen,True,0,histology,d4_color,confidence,,977,0.8444216990788127,0.8316990815775256,825,152,13.0,14.0,0.482666015625,0.4775390625,0.005126953125,0.8433981537818909,
uni2,mhist,frozen,True,1,histology,none,mean,,977,0.8485158648925282,0.8494034755987754,829,148,,,0.477294921875,0.477294921875,0.0,1.0,
uni2,mhist,frozen,True,1,histology,flips,mean,,977,0.8515864892528148,0.8518345939132,832,145,19.0,16.0,0.4833984375,0.47900390625,0.00439453125,0.8976458311080933,
uni2,mhist,frozen,True,1,histology,flips,vote,,977,0.8567041965199591,0.8529938771835044,837,140,21.0,13.0,0.4833984375,0.47900390625,0.00439453125,0.8976458311080933,
uni2,mhist,frozen,True,1,histology,flips,confidence,,977,0.8505629477993859,0.8510242211417252,831,146,19.0,17.0,0.4833984375,0.47900390625,0.00439453125,0.8976458311080933,
uni2,mhist,frozen,True,1,histology,d4,mean,,977,0.8536335721596725,0.8551908878083918,834,143,21.0,16.0,0.4833984375,0.47802734375,0.00537109375,0.8515864610671997,
uni2,mhist,frozen,True,1,histology,d4,vote,,977,0.8526100307062436,0.8514879344498469,833,144,21.0,17.0,0.4833984375,0.47802734375,0.00537109375,0.8515864610671997,
uni2,mhist,frozen,True,1,histology,d4,confidence,,977,0.8536335721596725,0.8551908878083918,834,143,21.0,16.0,0.4833984375,0.47802734375,0.00537109375,0.8515864610671997,
uni2,mhist,frozen,True,1,histology,d4_color,mean,,977,0.8526100307062436,0.8532234828020889,833,144,16.0,12.0,0.483154296875,0.47802734375,0.005126953125,0.8464688062667847,
uni2,mhist,frozen,True,1,histology,d4_color,vote,,977,0.8526100307062436,0.8532234828020889,833,144,12.0,8.0,0.483154296875,0.47802734375,0.005126953125,0.8464688062667847,
uni2,mhist,frozen,True,1,histology,d4_color,confidence,,977,0.8536335721596725,0.8546123716909778,834,143,17.0,12.0,0.483154296875,0.47802734375,0.005126953125,0.8464688062667847,
uni2,mhist,frozen,True,2,histology,none,mean,,977,0.8311156601842374,0.8396767513056006,812,165,,,0.47802734375,0.47802734375,0.0,1.0,
uni2,mhist,frozen,True,2,histology,flips,mean,,977,0.8280450358239508,0.8384026652260039,809,168,19.0,22.0,0.48486328125,0.480224609375,0.004638671875,0.8884339928627014,
uni2,mhist,frozen,True,2,histology,flips,vote,,977,0.834186284544524,0.8409508373851973,815,162,19.0,16.0,0.48486328125,0.480224609375,0.004638671875,0.8884339928627014,
uni2,mhist,frozen,True,2,histology,flips,confidence,,977,0.8280450358239508,0.8384026652260039,809,168,19.0,22.0,0.48486328125,0.480224609375,0.004638671875,0.8884339928627014,
uni2,mhist,frozen,True,2,histology,d4,mean,,977,0.8311156601842374,0.8419908157752566,812,165,17.0,17.0,0.485107421875,0.479248046875,0.005859375,0.8464688062667847,
uni2,mhist,frozen,True,2,histology,d4,vote,,977,0.8372569089048106,0.8462745362866919,818,159,21.0,15.0,0.485107421875,0.479248046875,0.005859375,0.8464688062667847,
uni2,mhist,frozen,True,2,histology,d4,confidence,,977,0.8321392016376663,0.8428011885467315,813,164,17.0,16.0,0.485107421875,0.479248046875,0.005859375,0.8464688062667847,
uni2,mhist,frozen,True,2,histology,d4_color,mean,,977,0.8331627430910952,0.8436115613182064,814,163,15.0,13.0,0.484619140625,0.47900390625,0.005615234375,0.8423746228218079,
uni2,mhist,frozen,True,2,histology,d4_color,vote,,977,0.834186284544524,0.8444219340896812,815,162,14.0,11.0,0.484619140625,0.47900390625,0.005615234375,0.8423746228218079,
uni2,mhist,frozen,True,2,histology,d4_color,confidence,,977,0.834186284544524,0.8450004502070952,815,162,15.0,12.0,0.484619140625,0.47900390625,0.005615234375,0.8423746228218079,
uni2,mhist,frozen,True,3,histology,none,mean,,977,0.8454452405322416,0.8411871961102106,826,151,,,0.47705078125,0.47705078125,0.0,1.0,
uni2,mhist,frozen,True,3,histology,flips,mean,,977,0.8454452405322416,0.8411871961102106,826,151,19.0,19.0,0.483154296875,0.479248046875,0.00390625,0.899692952632904,
uni2,mhist,frozen,True,3,histology,flips,vote,,977,0.8505629477993859,0.842924995497929,831,146,20.0,15.0,0.483154296875,0.479248046875,0.00390625,0.899692952632904,
uni2,mhist,frozen,True,3,histology,flips,confidence,,977,0.8454452405322416,0.8411871961102106,826,151,19.0,19.0,0.483154296875,0.479248046875,0.00390625,0.899692952632904,
uni2,mhist,frozen,True,3,histology,d4,mean,,977,0.8505629477993859,0.8463960922024132,831,146,19.0,14.0,0.483642578125,0.478759765625,0.0048828125,0.8526100516319275,
uni2,mhist,frozen,True,3,histology,d4,vote,,977,0.8505629477993859,0.844082027732757,831,146,19.0,14.0,0.483642578125,0.478759765625,0.0048828125,0.8526100516319275,
uni2,mhist,frozen,True,3,histology,d4,confidence,,977,0.8505629477993859,0.8463960922024132,831,146,19.0,14.0,0.483642578125,0.478759765625,0.0048828125,0.8526100516319275,
uni2,mhist,frozen,True,3,histology,d4_color,mean,,977,0.8505629477993859,0.8452390599675851,831,146,15.0,10.0,0.483154296875,0.478271484375,0.0048828125,0.8485158681869507,
uni2,mhist,frozen,True,3,histology,d4_color,vote,,977,0.8485158648925282,0.8447753466594634,829,148,12.0,9.0,0.483154296875,0.478271484375,0.0048828125,0.8485158681869507,
uni2,mhist,frozen,True,3,histology,d4_color,confidence,,977,0.8515864892528148,0.846627948856474,832,145,16.0,10.0,0.483154296875,0.478271484375,0.0048828125,0.8485158681869507,
uni2,mhist,frozen,True,42,histology,none,mean,,977,0.8567041965199591,0.8454731676571223,837,140,,,0.467529296875,0.467529296875,0.0,1.0,
uni2,mhist,frozen,True,42,histology,flips,mean,,977,0.8536335721596725,0.8418850171078697,834,143,13.0,16.0,0.47412109375,0.4697265625,0.00439453125,0.9037870764732361,
uni2,mhist,frozen,True,42,histology,flips,vote,,977,0.8505629477993859,0.8354042859715469,831,146,11.0,17.0,0.47412109375,0.4697265625,0.00439453125,0.9037870764732361,
uni2,mhist,frozen,True,42,histology,flips,confidence,,977,0.8536335721596725,0.8418850171078697,834,143,13.0,16.0,0.47412109375,0.4697265625,0.00439453125,0.9037870764732361,
uni2,mhist,frozen,True,42,histology,d4,mean,,977,0.8556806550665302,0.8446627948856474,836,141,16.0,17.0,0.473876953125,0.468505859375,0.00537109375,0.8607983589172363,
uni2,mhist,frozen,True,42,histology,d4,vote,,977,0.8556806550665302,0.8411916981811633,836,141,15.0,16.0,0.473876953125,0.468505859375,0.00537109375,0.8607983589172363,
uni2,mhist,frozen,True,42,histology,d4,confidence,,977,0.8556806550665302,0.8446627948856474,836,141,16.0,17.0,0.473876953125,0.468505859375,0.00537109375,0.8607983589172363,
uni2,mhist,frozen,True,42,histology,d4_color,mean,,977,0.8587512794268168,0.846515397082658,839,138,14.0,12.0,0.4736328125,0.468505859375,0.005126953125,0.8546571135520935,
uni2,mhist,frozen,True,42,histology,d4_color,vote,,977,0.8628454452405322,0.8503354042859715,843,134,14.0,8.0,0.4736328125,0.468505859375,0.005126953125,0.8546571135520935,
uni2,mhist,frozen,True,42,histology,d4_color,confidence,,977,0.8587512794268168,0.846515397082658,839,138,14.0,12.0,0.4736328125,0.468505859375,0.005126953125,0.8546571135520935,
uni,mhist,frozen,True,0,histology,none,mean,,977,0.8382804503582395,0.8308864577705745,819,158,,,0.466064453125,0.466064453125,0.0,1.0,
uni,mhist,frozen,True,0,histology,flips,mean,,977,0.8382804503582395,0.8308864577705745,819,158,12.0,12.0,0.46875,0.466796875,0.001953125,0.9252814650535583,
uni,mhist,frozen,True,0,histology,flips,vote,,977,0.8352098259979529,0.8238272105168378,816,161,13.0,16.0,0.46875,0.466796875,0.001953125,0.9252814650535583,
uni,mhist,frozen,True,0,histology,flips,confidence,,977,0.8382804503582395,0.8314649738879885,819,158,12.0,12.0,0.46875,0.466796875,0.001953125,0.9252814650535583,
uni,mhist,frozen,True,0,histology,d4,mean,,977,0.8393039918116684,0.8322753466594633,820,157,17.0,16.0,0.468505859375,0.465576171875,0.0029296875,0.8945752382278442,
uni,mhist,frozen,True,0,histology,d4,vote,,977,0.8352098259979529,0.8244057266342517,816,161,16.0,19.0,0.468505859375,0.465576171875,0.0029296875,0.8945752382278442,
uni,mhist,frozen,True,0,histology,d4,confidence,,977,0.8393039918116684,0.8322753466594633,820,157,17.0,16.0,0.468505859375,0.465576171875,0.0029296875,0.8945752382278442,
uni,mhist,frozen,True,0,histology,d4_color,mean,,977,0.8413510747185261,0.8338960922024131,822,155,15.0,12.0,0.46923828125,0.46630859375,0.0029296875,0.8792220950126648,
uni,mhist,frozen,True,0,histology,d4_color,vote,,977,0.8393039918116684,0.8311183144246354,820,157,13.0,12.0,0.46923828125,0.46630859375,0.0029296875,0.8792220950126648,
uni,mhist,frozen,True,0,histology,d4_color,confidence,,977,0.8403275332650972,0.8325072033135242,821,156,14.0,12.0,0.46923828125,0.46630859375,0.0029296875,0.8792220950126648,
uni,mhist,frozen,True,1,histology,none,mean,,977,0.827021494370522,0.8375922924545292,808,169,,,0.4765625,0.4765625,0.0,1.0,
uni,mhist,frozen,True,1,histology,flips,mean,,977,0.8393039918116684,0.8478952818296417,820,157,18.0,6.0,0.4794921875,0.477783203125,0.001708984375,0.9273285865783691,
uni,mhist,frozen,True,1,histology,flips,vote,,977,0.8454452405322416,0.8516004862236629,826,151,21.0,3.0,0.4794921875,0.477783203125,0.001708984375,0.9273285865783691,
uni,mhist,frozen,True,1,histology,flips,confidence,,977,0.8393039918116684,0.8478952818296417,820,157,18.0,6.0,0.4794921875,0.477783203125,0.001708984375,0.9273285865783691,
uni,mhist,frozen,True,1,histology,d4,mean,,977,0.8352098259979529,0.8452323068611561,816,161,15.0,7.0,0.4794921875,0.47705078125,0.00244140625,0.8904810547828674,
uni,mhist,frozen,True,1,histology,d4,vote,,977,0.8393039918116684,0.8484737979470556,820,157,19.0,7.0,0.4794921875,0.47705078125,0.00244140625,0.8904810547828674,
uni,mhist,frozen,True,1,histology,d4,confidence,,977,0.8352098259979529,0.8452323068611561,816,161,15.0,7.0,0.4794921875,0.47705078125,0.00244140625,0.8904810547828674,
uni,mhist,frozen,True,1,histology,d4_color,mean,,977,0.8382804503582395,0.8470849090581667,819,158,14.0,3.0,0.479736328125,0.477294921875,0.00244140625,0.8802456259727478,
uni,mhist,frozen,True,1,histology,d4_color,vote,,977,0.8403275332650972,0.8498626868359445,821,156,15.0,2.0,0.479736328125,0.477294921875,0.00244140625,0.8802456259727478,
uni,mhist,frozen,True,1,histology,d4_color,confidence,,977,0.8382804503582395,0.8470849090581667,819,158,14.0,3.0,0.479736328125,0.477294921875,0.00244140625,0.8802456259727478,
uni,mhist,frozen,True,2,histology,none,mean,,977,0.8259979529170931,0.8309967585089141,807,170,,,0.4775390625,0.4775390625,0.0,1.0,
uni,mhist,frozen,True,2,histology,flips,mean,,977,0.8249744114636642,0.8325004502070953,806,171,12.0,13.0,0.48046875,0.478515625,0.001953125,0.9232344031333923,
uni,mhist,frozen,True,2,histology,flips,vote,,977,0.8290685772773797,0.8340063929407527,810,167,15.0,12.0,0.48046875,0.478515625,0.001953125,0.9232344031333923,
uni,mhist,frozen,True,2,histology,flips,confidence,,977,0.8239508700102354,0.8316900774356204,805,172,12.0,14.0,0.48046875,0.478515625,0.001953125,0.9232344031333923,
uni,mhist,frozen,True,2,histology,d4,mean,,977,0.8259979529170931,0.8333108229785702,807,170,15.0,15.0,0.48046875,0.47802734375,0.00244140625,0.8884339928627014,
uni,mhist,frozen,True,2,histology,d4,vote,,977,0.8300921187308086,0.8371308301818836,811,166,18.0,14.0,0.48046875,0.47802734375,0.00244140625,0.8884339928627014,
uni,mhist,frozen,True,2,histology,d4,confidence,,977,0.8259979529170931,0.8333108229785702,807,170,15.0,15.0,0.48046875,0.47802734375,0.00244140625,0.8884339928627014,
uni,mhist,frozen,True,2,histology,d4_color,mean,,977,0.8300921187308086,0.8371308301818836,811,166,14.0,10.0,0.48046875,0.47802734375,0.00244140625,0.8792220950126648,
uni,mhist,frozen,True,2,histology,d4_color,vote,,977,0.827021494370522,0.8341211957500451,808,169,13.0,12.0,0.48046875,0.47802734375,0.00244140625,0.8792220950126648,
uni,mhist,frozen,True,2,histology,d4_color,confidence,,977,0.8290685772773797,0.8363204574104088,810,167,14.0,11.0,0.48046875,0.47802734375,0.00244140625,0.8792220950126648,
uni,mhist,frozen,True,3,histology,none,mean,,977,0.8157625383828045,0.7957027732757068,797,180,,,0.4521484375,0.4521484375,0.0,1.0,
uni,mhist,frozen,True,3,histology,flips,mean,,977,0.827021494370522,0.8063524221141725,808,169,20.0,9.0,0.45556640625,0.452880859375,0.002685546875,0.9140225052833557,
uni,mhist,frozen,True,3,histology,flips,vote,,977,0.8280450358239508,0.8060057626508194,809,168,20.0,8.0,0.45556640625,0.452880859375,0.002685546875,0.9140225052833557,
uni,mhist,frozen,True,3,histology,flips,confidence,,977,0.827021494370522,0.8063524221141725,808,169,20.0,9.0,0.45556640625,0.452880859375,0.002685546875,0.9140225052833557,
uni,mhist,frozen,True,3,histology,d4,mean,,977,0.8300921187308086,0.8093620565460111,811,166,23.0,9.0,0.45556640625,0.4521484375,0.00341796875,0.8771750330924988,
uni,mhist,frozen,True,3,histology,d4,vote,,977,0.8249744114636642,0.8024176121015667,806,171,23.0,14.0,0.45556640625,0.4521484375,0.00341796875,0.8771750330924988,
uni,mhist,frozen,True,3,histology,d4,confidence,,977,0.8311156601842374,0.810172429317486,812,165,24.0,9.0,0.45556640625,0.4521484375,0.00341796875,0.8771750330924988,
uni,mhist,frozen,True,3,histology,d4_color,mean,,977,0.8239508700102354,0.8033427876823338,805,172,17.0,9.0,0.456298828125,0.45263671875,0.003662109375,0.8679631352424622,
uni,mhist,frozen,True,3,histology,d4_color,vote,,977,0.8249744114636642,0.8053101926886368,806,171,17.0,8.0,0.456298828125,0.45263671875,0.003662109375,0.8679631352424622,
uni,mhist,frozen,True,3,histology,d4_color,confidence,,977,0.8249744114636642,0.8047316765712227,806,171,17.0,8.0,0.456298828125,0.45263671875,0.003662109375,0.8679631352424622,
uni,mhist,frozen,True,42,histology,none,mean,,977,0.8085977482088025,0.7888731316405546,790,187,,,0.466796875,0.466796875,0.0,1.0,
uni,mhist,frozen,True,42,histology,flips,mean,,977,0.8157625383828045,0.7974383216279488,797,180,16.0,9.0,0.469970703125,0.4677734375,0.002197265625,0.9293756484985352,
uni,mhist,frozen,True,42,histology,flips,vote,,977,0.8147389969293757,0.7943138843868179,796,181,13.0,7.0,0.469970703125,0.4677734375,0.002197265625,0.9293756484985352,
uni,mhist,frozen,True,42,histology,flips,confidence,,977,0.8167860798362334,0.7982486943994237,798,179,17.0,9.0,0.469970703125,0.4677734375,0.002197265625,0.9293756484985352,
uni,mhist,frozen,True,42,histology,d4,mean,,977,0.8188331627430911,0.8010264721772015,800,177,19.0,9.0,0.469970703125,0.467041015625,0.0029296875,0.8925281763076782,
uni,mhist,frozen,True,42,histology,d4,vote,,977,0.8137154554759468,0.794082027732757,795,182,15.0,10.0,0.469970703125,0.467041015625,0.0029296875,0.8925281763076782,
uni,mhist,frozen,True,42,histology,d4,confidence,,977,0.8167860798362334,0.7994057266342518,798,179,18.0,10.0,0.469970703125,0.467041015625,0.0029296875,0.8925281763076782,
uni,mhist,frozen,True,42,histology,d4_color,mean,,977,0.8147389969293757,0.796627948856474,796,181,14.0,8.0,0.470703125,0.467529296875,0.003173828125,0.8792220950126648,
uni,mhist,frozen,True,42,histology,d4_color,vote,,977,0.812691914022518,0.7944286871961102,794,183,12.0,8.0,0.470703125,0.467529296875,0.003173828125,0.8792220950126648,
uni,mhist,frozen,True,42,histology,d4_color,confidence,,977,0.8147389969293757,0.796627948856474,796,181,14.0,8.0,0.470703125,0.467529296875,0.003173828125,0.8792220950126648,
virchow2,mhist,frozen,True,0,histology,none,mean,,977,0.8792221084953941,0.8864420133261299,859,118,,,0.452880859375,0.452880859375,0.0,1.0,
virchow2,mhist,frozen,True,0,histology,flips,mean,,977,0.8761514841351075,0.8816968305420494,856,121,8.0,11.0,0.451904296875,0.450927734375,0.0009765625,0.9529170989990234,
virchow2,mhist,frozen,True,0,histology,flips,vote,,977,0.8792221084953941,0.882970916621646,859,118,8.0,8.0,0.451904296875,0.450927734375,0.0009765625,0.9529170989990234,
virchow2,mhist,frozen,True,0,histology,flips,confidence,,977,0.8761514841351075,0.8816968305420494,856,121,8.0,11.0,0.451904296875,0.450927734375,0.0009765625,0.9529170989990234,
virchow2,mhist,frozen,True,0,histology,d4,mean,,977,0.8792221084953941,0.884706464973888,859,118,9.0,9.0,0.45263671875,0.451416015625,0.001220703125,0.9406346082687378,
virchow2,mhist,frozen,True,0,histology,d4,vote,,977,0.8802456499488229,0.8855168377453628,860,117,9.0,8.0,0.45263671875,0.451416015625,0.001220703125,0.9406346082687378,
virchow2,mhist,frozen,True,0,histology,d4,confidence,,977,0.8792221084953941,0.884706464973888,859,118,9.0,9.0,0.45263671875,0.451416015625,0.001220703125,0.9406346082687378,
virchow2,mhist,frozen,True,0,histology,d4_color,mean,,977,0.8741044012282497,0.8818116333513416,854,123,4.0,9.0,0.454345703125,0.45263671875,0.001708984375,0.9242579340934753,
virchow2,mhist,frozen,True,0,histology,d4_color,vote,,977,0.8751279426816786,0.8814649738879885,855,122,4.0,8.0,0.454345703125,0.45263671875,0.001708984375,0.9242579340934753,
virchow2,mhist,frozen,True,0,histology,d4_color,confidence,,977,0.8741044012282497,0.8818116333513416,854,123,4.0,9.0,0.454345703125,0.45263671875,0.001708984375,0.9242579340934753,
virchow2,mhist,frozen,True,1,histology,none,mean,,977,0.8679631525076765,0.8457095263821357,848,129,,,0.44384765625,0.44384765625,0.0,1.0,
virchow2,mhist,frozen,True,1,histology,flips,mean,,977,0.8710337768679631,0.8475621285791464,851,126,10.0,7.0,0.442626953125,0.441650390625,0.0009765625,0.9529170989990234,
virchow2,mhist,frozen,True,1,histology,flips,vote,,977,0.8659160696008188,0.840039168017288,846,131,8.0,10.0,0.442626953125,0.441650390625,0.0009765625,0.9529170989990234,
virchow2,mhist,frozen,True,1,histology,flips,confidence,,977,0.8710337768679631,0.8475621285791464,851,126,10.0,7.0,0.442626953125,0.441650390625,0.0009765625,0.9529170989990234,
virchow2,mhist,frozen,True,1,histology,d4,mean,,977,0.872057318321392,0.8495295335854494,852,125,11.0,7.0,0.443359375,0.442138671875,0.001220703125,0.934493362903595,
virchow2,mhist,frozen,True,1,histology,d4,vote,,977,0.8710337768679631,0.8469836124617324,851,126,11.0,8.0,0.443359375,0.442138671875,0.001220703125,0.934493362903595,
virchow2,mhist,frozen,True,1,histology,d4,confidence,,977,0.872057318321392,0.8495295335854494,852,125,11.0,7.0,0.443359375,0.442138671875,0.001220703125,0.934493362903595,
virchow2,mhist,frozen,True,1,histology,d4_color,mean,,977,0.872057318321392,0.8506865658202774,852,125,8.0,4.0,0.445556640625,0.44384765625,0.001708984375,0.9232344031333923,
virchow2,mhist,frozen,True,1,histology,d4_color,vote,,977,0.8741044012282497,0.8528858274806411,854,123,10.0,4.0,0.445556640625,0.44384765625,0.001708984375,0.9232344031333923,
virchow2,mhist,frozen,True,1,histology,d4_color,confidence,,977,0.872057318321392,0.8506865658202774,852,125,8.0,4.0,0.445556640625,0.44384765625,0.001708984375,0.9232344031333923,
virchow2,mhist,frozen,True,2,histology,none,mean,,977,0.8853633572159673,0.8878331532504953,865,112,,,0.45458984375,0.45458984375,0.0,1.0,
virchow2,mhist,frozen,True,2,histology,flips,mean,,977,0.8853633572159673,0.8872546371330812,865,112,13.0,13.0,0.4541015625,0.452880859375,0.001220703125,0.938587486743927,
virchow2,mhist,frozen,True,2,histology,flips,vote,,977,0.8843398157625384,0.8829731676571222,864,113,11.0,12.0,0.4541015625,0.452880859375,0.001220703125,0.938587486743927,
virchow2,mhist,frozen,True,2,histology,flips,confidence,,977,0.8853633572159673,0.8872546371330812,865,112,13.0,13.0,0.4541015625,0.452880859375,0.001220703125,0.938587486743927,
virchow2,mhist,frozen,True,2,histology,d4,mean,,977,0.8771750255885363,0.8796146227264541,857,120,10.0,18.0,0.45458984375,0.453125,0.00146484375,0.9140225052833557,
virchow2,mhist,frozen,True,2,histology,d4,vote,,977,0.8833162743091095,0.8833198271204754,863,114,11.0,13.0,0.45458984375,0.453125,0.00146484375,0.9140225052833557,
virchow2,mhist,frozen,True,2,histology,d4,confidence,,977,0.8792221084953941,0.881813884386818,859,118,11.0,17.0,0.45458984375,0.453125,0.00146484375,0.9140225052833557,
virchow2,mhist,frozen,True,2,histology,d4_color,mean,,977,0.8792221084953941,0.8835494327390601,859,118,6.0,12.0,0.4560546875,0.4541015625,0.001953125,0.8976458311080933,
virchow2,mhist,frozen,True,2,histology,d4_color,vote,,977,0.8781985670419652,0.8821605438501712,858,119,5.0,12.0,0.4560546875,0.4541015625,0.001953125,0.8976458311080933,
virchow2,mhist,frozen,True,2,histology,d4_color,confidence,,977,0.8802456499488229,0.8843598055105348,860,117,7.0,12.0,0.4560546875,0.4541015625,0.001953125,0.8976458311080933,
virchow2,mhist,frozen,True,3,histology,none,mean,,977,0.857727737973388,0.8613249594813615,838,139,,,0.45263671875,0.45263671875,0.0,1.0,
virchow2,mhist,frozen,True,3,histology,flips,mean,,977,0.8648925281473899,0.8687331172339277,845,132,12.0,5.0,0.4521484375,0.451416015625,0.000732421875,0.9631525278091431,
virchow2,mhist,frozen,True,3,histology,flips,vote,,977,0.8679631525076765,0.8711642355483522,848,129,13.0,3.0,0.4521484375,0.451416015625,0.000732421875,0.9631525278091431,
virchow2,mhist,frozen,True,3,histology,flips,confidence,,977,0.8638689866939611,0.8679227444624527,844,133,11.0,5.0,0.4521484375,0.451416015625,0.000732421875,0.9631525278091431,
virchow2,mhist,frozen,True,3,histology,d4,mean,,977,0.8638689866939611,0.8685012605798668,844,133,12.0,6.0,0.452880859375,0.451904296875,0.0009765625,0.9457523226737976,
virchow2,mhist,frozen,True,3,histology,d4,vote,,977,0.8659160696008188,0.8689649738879885,846,131,13.0,5.0,0.452880859375,0.451904296875,0.0009765625,0.9457523226737976,
virchow2,mhist,frozen,True,3,histology,d4,confidence,,977,0.8638689866939611,0.8685012605798668,844,133,12.0,6.0,0.452880859375,0.451904296875,0.0009765625,0.9457523226737976,
virchow2,mhist,frozen,True,3,histology,d4_color,mean,,977,0.8618219037871033,0.866880515036917,842,135,10.0,6.0,0.4541015625,0.45263671875,0.00146484375,0.9303991794586182,
virchow2,mhist,frozen,True,3,histology,d4_color,vote,,977,0.8607983623336745,0.864913110030614,841,136,9.0,6.0,0.4541015625,0.45263671875,0.00146484375,0.9303991794586182,
virchow2,mhist,frozen,True,3,histology,d4_color,confidence,,977,0.8597748208802457,0.8646812533765532,840,137,8.0,6.0,0.4541015625,0.45263671875,0.00146484375,0.9303991794586182,
virchow2,mhist,frozen,True,42,histology,none,mean,,977,0.8587512794268168,0.8447798487304159,839,138,,,0.449462890625,0.449462890625,0.0,1.0,
virchow2,mhist,frozen,True,42,histology,flips,mean,,977,0.8597748208802457,0.8461687376193048,840,137,6.0,5.0,0.447509765625,0.446044921875,0.00146484375,0.9477993845939636,
virchow2,mhist,frozen,True,42,histology,flips,vote,,977,0.8607983623336745,0.8458220781559518,841,136,7.0,5.0,0.447509765625,0.446044921875,0.00146484375,0.9477993845939636,
virchow2,mhist,frozen,True,42,histology,flips,confidence,,977,0.8597748208802457,0.8461687376193048,840,137,6.0,5.0,0.447509765625,0.446044921875,0.00146484375,0.9477993845939636,
virchow2,mhist,frozen,True,42,histology,d4,mean,,977,0.8618219037871033,0.8489465153970827,842,135,8.0,5.0,0.4482421875,0.446533203125,0.001708984375,0.9242579340934753,
virchow2,mhist,frozen,True,42,histology,d4,vote,,977,0.8587512794268168,0.844201332613002,839,138,6.0,6.0,0.4482421875,0.446533203125,0.001708984375,0.9242579340934753,
virchow2,mhist,frozen,True,42,histology,d4,confidence,,977,0.8618219037871033,0.8489465153970827,842,135,8.0,5.0,0.4482421875,0.446533203125,0.001708984375,0.9242579340934753,
virchow2,mhist,frozen,True,42,histology,d4_color,mean,,977,0.8587512794268168,0.846515397082658,839,138,6.0,6.0,0.449951171875,0.447998046875,0.001953125,0.9140225052833557,
virchow2,mhist,frozen,True,42,histology,d4_color,vote,,977,0.8628454452405322,0.8509139204033855,843,134,8.0,4.0,0.449951171875,0.447998046875,0.001953125,0.9140225052833557,
virchow2,mhist,frozen,True,42,histology,d4_color,confidence,,977,0.8587512794268168,0.846515397082658,839,138,6.0,6.0,0.449951171875,0.447998046875,0.001953125,0.9140225052833557,
virchow,mhist,frozen,True,0,histology,none,mean,,977,0.8393039918116684,0.8247546371330812,820,157,,,0.489501953125,0.489501953125,0.0,1.0,
virchow,mhist,frozen,True,0,histology,flips,mean,,977,0.8393039918116684,0.8224405726634252,820,157,9.0,9.0,0.489013671875,0.487060546875,0.001953125,0.9324462413787842,
virchow,mhist,frozen,True,0,histology,flips,vote,,977,0.8382804503582395,0.8187376193048803,819,158,12.0,13.0,0.489013671875,0.487060546875,0.001953125,0.9324462413787842,
virchow,mhist,frozen,True,0,histology,flips,confidence,,977,0.8393039918116684,0.8224405726634252,820,157,9.0,9.0,0.489013671875,0.487060546875,0.001953125,0.9324462413787842,
virchow,mhist,frozen,True,0,histology,d4,mean,,977,0.8413510747185261,0.824061318206375,822,155,13.0,11.0,0.48828125,0.48583984375,0.00244140625,0.8904810547828674,
virchow,mhist,frozen,True,0,histology,d4,vote,,977,0.8382804503582395,0.8193161354222942,819,158,12.0,13.0,0.48828125,0.48583984375,0.00244140625,0.8904810547828674,
virchow,mhist,frozen,True,0,histology,d4,confidence,,977,0.8413510747185261,0.824061318206375,822,155,13.0,11.0,0.48828125,0.48583984375,0.00244140625,0.8904810547828674,
virchow,mhist,frozen,True,0,histology,d4_color,mean,,977,0.8393039918116684,0.8218620565460111,820,157,10.0,10.0,0.489501953125,0.486572265625,0.0029296875,0.8771750330924988,
virchow,mhist,frozen,True,0,histology,d4_color,vote,,977,0.8382804503582395,0.8204731676571222,819,158,9.0,10.0,0.489501953125,0.486572265625,0.0029296875,0.8771750330924988,
virchow,mhist,frozen,True,0,histology,d4_color,confidence,,977,0.8413510747185261,0.824061318206375,822,155,11.0,9.0,0.489501953125,0.486572265625,0.0029296875,0.8771750330924988,
virchow,mhist,frozen,True,1,histology,none,mean,,977,0.8454452405322416,0.8313524221141726,826,151,,,0.486572265625,0.486572265625,0.0,1.0,
virchow,mhist,frozen,True,1,histology,flips,mean,,977,0.8464687819856704,0.8315842787682334,827,150,10.0,9.0,0.486328125,0.484619140625,0.001708984375,0.9303991794586182,
virchow,mhist,frozen,True,1,histology,flips,vote,,977,0.8505629477993859,0.8336687376193048,831,146,12.0,7.0,0.486328125,0.484619140625,0.001708984375,0.9303991794586182,
virchow,mhist,frozen,True,1,histology,flips,confidence,,977,0.8464687819856704,0.8315842787682334,827,150,10.0,9.0,0.486328125,0.484619140625,0.001708984375,0.9303991794586182,
virchow,mhist,frozen,True,1,histology,d4,mean,,977,0.8474923234390993,0.8306591031874663,828,149,14.0,12.0,0.486083984375,0.483642578125,0.00244140625,0.8894575238227844,
virchow,mhist,frozen,True,1,histology,d4,vote,,977,0.8515864892528148,0.8339005942733657,832,145,17.0,11.0,0.486083984375,0.483642578125,0.00244140625,0.8894575238227844,
virchow,mhist,frozen,True,1,histology,d4,confidence,,977,0.8464687819856704,0.8298487304159914,827,150,13.0,12.0,0.486083984375,0.483642578125,0.00244140625,0.8894575238227844,
virchow,mhist,frozen,True,1,histology,d4_color,mean,,977,0.8485158648925282,0.8320479920763552,829,148,10.0,7.0,0.487548828125,0.48486328125,0.002685546875,0.8792220950126648,
virchow,mhist,frozen,True,1,histology,d4_color,vote,,977,0.849539406345957,0.833436880965244,830,147,10.0,6.0,0.487548828125,0.48486328125,0.002685546875,0.8792220950126648,
virchow,mhist,frozen,True,1,histology,d4_color,confidence,,977,0.8485158648925282,0.8320479920763552,829,148,10.0,7.0,0.487548828125,0.48486328125,0.002685546875,0.8792220950126648,
virchow,mhist,frozen,True,2,histology,none,mean,,977,0.8178096212896623,0.8314559697460832,799,178,,,0.489013671875,0.489013671875,0.0,1.0,
virchow,mhist,frozen,True,2,histology,flips,mean,,977,0.8085977482088025,0.8230055825679813,790,187,4.0,13.0,0.4912109375,0.4892578125,0.001953125,0.9303991794586182,
virchow,mhist,frozen,True,2,histology,flips,vote,,977,0.8137154554759468,0.8264789303079416,795,182,6.0,10.0,0.4912109375,0.4892578125,0.001953125,0.9303991794586182,
virchow,mhist,frozen,True,2,histology,flips,confidence,,977,0.8075742067553736,0.8221952097965064,789,188,4.0,14.0,0.4912109375,0.4892578125,0.001953125,0.9303991794586182,
virchow,mhist,frozen,True,2,histology,d4,mean,,977,0.8116683725690891,0.8260152169998198,793,184,8.0,14.0,0.4912109375,0.48828125,0.0029296875,0.8863868713378906,
virchow,mhist,frozen,True,2,histology,d4,vote,,977,0.8157625383828045,0.8286781919683054,797,180,9.0,11.0,0.4912109375,0.48828125,0.0029296875,0.8863868713378906,
virchow,mhist,frozen,True,2,histology,d4,confidence,,977,0.8116683725690891,0.8260152169998198,793,184,8.0,14.0,0.4912109375,0.48828125,0.0029296875,0.8863868713378906,
virchow,mhist,frozen,True,2,histology,d4_color,mean,,977,0.8167860798362334,0.8312241130920224,798,179,6.0,7.0,0.4921875,0.4892578125,0.0029296875,0.8751279711723328,
virchow,mhist,frozen,True,2,histology,d4_color,vote,,977,0.8147389969293757,0.8296033675490726,796,181,4.0,7.0,0.4921875,0.4892578125,0.0029296875,0.8751279711723328,
virchow,mhist,frozen,True,2,histology,d4_color,confidence,,977,0.8167860798362334,0.8312241130920224,798,179,6.0,7.0,0.4921875,0.4892578125,0.0029296875,0.8751279711723328,
virchow,mhist,frozen,True,3,histology,none,mean,,977,0.8331627430910952,0.8360908517918242,814,163,,,0.471435546875,0.471435546875,0.0,1.0,
virchow,mhist,frozen,True,3,histology,flips,mean,,977,0.8331627430910952,0.8360908517918242,814,163,8.0,8.0,0.472900390625,0.47119140625,0.001708984375,0.9416581392288208,
virchow,mhist,frozen,True,3,histology,flips,vote,,977,0.8393039918116684,0.8403745723032595,820,157,11.0,5.0,0.472900390625,0.47119140625,0.001708984375,0.9416581392288208,
virchow,mhist,frozen,True,3,histology,flips,confidence,,977,0.8331627430910952,0.8360908517918242,814,163,8.0,8.0,0.472900390625,0.47119140625,0.001708984375,0.9416581392288208,
virchow,mhist,frozen,True,3,histology,d4,mean,,977,0.8311156601842374,0.8321560417792184,812,165,13.0,15.0,0.473388671875,0.47021484375,0.003173828125,0.8874104619026184,
virchow,mhist,frozen,True,3,histology,d4,vote,,977,0.8372569089048106,0.8381753106428957,818,159,17.0,13.0,0.473388671875,0.47021484375,0.003173828125,0.8874104619026184,
virchow,mhist,frozen,True,3,histology,d4,confidence,,977,0.8311156601842374,0.8321560417792184,812,165,13.0,15.0,0.473388671875,0.47021484375,0.003173828125,0.8874104619026184,
virchow,mhist,frozen,True,3,histology,d4_color,mean,,977,0.8321392016376663,0.8341234467855214,813,164,11.0,12.0,0.474609375,0.470947265625,0.003662109375,0.8751279711723328,
virchow,mhist,frozen,True,3,histology,d4_color,vote,,977,0.8362333674513818,0.8391004862236628,817,160,10.0,7.0,0.474609375,0.470947265625,0.003662109375,0.8751279711723328,
virchow,mhist,frozen,True,3,histology,d4_color,confidence,,977,0.8321392016376663,0.8341234467855214,813,164,11.0,12.0,0.474609375,0.470947265625,0.003662109375,0.8751279711723328,
virchow,mhist,frozen,True,42,histology,none,mean,,977,0.8208802456499488,0.8223167657122277,802,175,,,0.46923828125,0.46923828125,0.0,1.0,
virchow,mhist,frozen,True,42,histology,flips,mean,,977,0.8208802456499488,0.8188456690077436,802,175,11.0,11.0,0.469482421875,0.4677734375,0.001708984375,0.938587486743927,
virchow,mhist,frozen,True,42,histology,flips,vote,,977,0.8290685772773797,0.8253286511795426,810,167,17.0,9.0,0.469482421875,0.4677734375,0.001708984375,0.938587486743927,
virchow,mhist,frozen,True,42,histology,flips,confidence,,977,0.8208802456499488,0.8188456690077436,802,175,11.0,11.0,0.469482421875,0.4677734375,0.001708984375,0.938587486743927,
virchow,mhist,frozen,True,42,histology,d4,mean,,977,0.8290685772773797,0.8270641995317847,810,167,16.0,8.0,0.469970703125,0.467041015625,0.0029296875,0.8976458311080933,
virchow,mhist,frozen,True,42,histology,d4,vote,,977,0.827021494370522,0.8225508734017648,808,169,17.0,11.0,0.469970703125,0.467041015625,0.0029296875,0.8976458311080933,
virchow,mhist,frozen,True,42,histology,d4,confidence,,977,0.8290685772773797,0.8270641995317847,810,167,16.0,8.0,0.469970703125,0.467041015625,0.0029296875,0.8976458311080933,
virchow,mhist,frozen,True,42,histology,d4_color,mean,,977,0.8259979529170931,0.8234760489825319,807,170,12.0,7.0,0.471435546875,0.46826171875,0.003173828125,0.8853633403778076,
virchow,mhist,frozen,True,42,histology,d4_color,vote,,977,0.8249744114636642,0.823244192328471,806,171,10.0,6.0,0.471435546875,0.46826171875,0.003173828125,0.8853633403778076,
virchow,mhist,frozen,True,42,histology,d4_color,confidence,,977,0.8259979529170931,0.8234760489825319,807,170,12.0,7.0,0.471435546875,0.46826171875,0.003173828125,0.8853633403778076,
convnextv2_base,nct-crc-100k,finetuned,True,0,general,none,mean,,7180,0.9710306406685236,0.96328411406105,6972,208,,,0.53271484375,0.53271484375,0.0,1.0,
convnextv2_base,nct-crc-100k,finetuned,True,0,general,flips,mean,,7180,0.9720055710306407,0.964269497973884,6979,201,33.0,26.0,0.53759765625,0.53271484375,0.0048828125,0.9767409563064575,
convnextv2_base,nct-crc-100k,finetuned,True,0,general,flips,vote,,7180,0.9711699164345404,0.9636992706639101,6973,207,30.0,29.0,0.53759765625,0.53271484375,0.0048828125,0.9767409563064575,
convnextv2_base,nct-crc-100k,finetuned,True,0,general,flips,confidence,,7180,0.971866295264624,0.9641793835285384,6978,202,32.0,26.0,0.53759765625,0.53271484375,0.0048828125,0.9767409563064575,
convnextv2_base,nct-crc-100k,finetuned,True,0,general,d4,mean,,7180,0.9720055710306407,0.9644876618986162,6979,201,39.0,32.0,0.5390625,0.53125,0.0078125,0.9640668630599976,
convnextv2_base,nct-crc-100k,finetuned,True,0,general,d4,vote,,7180,0.9724233983286908,0.9643982576423641,6982,198,42.0,32.0,0.5390625,0.53125,0.0078125,0.9640668630599976,
convnextv2_base,nct-crc-100k,finetuned,True,0,general,d4,confidence,,7180,0.9721448467966574,0.9645950156291584,6980,200,40.0,32.0,0.5390625,0.53125,0.0078125,0.9640668630599976,
convnextv2_base,nct-crc-100k,finetuned,True,0,general,d4_color,mean,,7180,0.9729805013927577,0.9653977536203452,6986,194,30.0,16.0,0.54052734375,0.5322265625,0.00830078125,0.9584957957267761,
convnextv2_base,nct-crc-100k,finetuned,True,0,general,d4_color,vote,,7180,0.9735376044568245,0.9656778774445818,6990,190,29.0,11.0,0.54052734375,0.5322265625,0.00830078125,0.9584957957267761,
convnextv2_base,nct-crc-100k,finetuned,True,0,general,d4_color,confidence,,7180,0.9729805013927577,0.9653174196631995,6986,194,31.0,17.0,0.54052734375,0.5322265625,0.00830078125,0.9584957957267761,
convnextv2_base,nct-crc-100k,finetuned,True,1,general,none,mean,,7180,0.9639275766016713,0.9554334355419805,6921,259,,,0.5146484375,0.5146484375,0.0,1.0,
convnextv2_base,nct-crc-100k,finetuned,True,1,general,flips,mean,,7180,0.9655988857938719,0.9561975536981997,6933,247,40.0,28.0,0.52294921875,0.5146484375,0.00830078125,0.9682451486587524,
convnextv2_base,nct-crc-100k,finetuned,True,1,general,flips,vote,,7180,0.9658774373259053,0.9557428760824287,6935,245,40.0,26.0,0.52294921875,0.5146484375,0.00830078125,0.9682451486587524,
convnextv2_base,nct-crc-100k,finetuned,True,1,general,flips,confidence,,7180,0.9655988857938719,0.9560409855496181,6933,247,41.0,29.0,0.52294921875,0.5146484375,0.00830078125,0.9682451486587524,
convnextv2_base,nct-crc-100k,finetuned,True,1,general,d4,mean,,7180,0.9667130919220056,0.9586748659625033,6941,239,51.0,31.0,0.525390625,0.513671875,0.01171875,0.9523676633834839,
convnextv2_base,nct-crc-100k,finetuned,True,1,general,d4,vote,,7180,0.9676880222841225,0.9595597269482903,6948,232,53.0,26.0,0.525390625,0.513671875,0.01171875,0.9523676633834839,
convnextv2_base,nct-crc-100k,finetuned,True,1,general,d4,confidence,,7180,0.9667130919220056,0.9586748659625033,6941,239,51.0,31.0,0.525390625,0.513671875,0.01171875,0.9523676633834839,
convnextv2_base,nct-crc-100k,finetuned,True,1,general,d4_color,mean,,7180,0.9674094707520892,0.9587840148464439,6946,234,46.0,21.0,0.52587890625,0.51416015625,0.01171875,0.9491643309593201,
convnextv2_base,nct-crc-100k,finetuned,True,1,general,d4_color,vote,,7180,0.9665738161559888,0.9582840487892105,6940,240,37.0,18.0,0.52587890625,0.51416015625,0.01171875,0.9491643309593201,
convnextv2_base,nct-crc-100k,finetuned,True,1,general,d4_color,confidence,,7180,0.9678272980501392,0.9590574539448651,6949,231,48.0,20.0,0.52587890625,0.51416015625,0.01171875,0.9491643309593201,
convnextv2_base,nct-crc-100k,finetuned,True,2,general,none,mean,,7180,0.9561281337047354,0.9455134746889057,6865,315,,,0.57470703125,0.57470703125,0.0,1.0,
convnextv2_base,nct-crc-100k,finetuned,True,2,general,flips,mean,,7180,0.9600278551532033,0.9497196670064044,6893,287,62.0,34.0,0.58447265625,0.57568359375,0.0087890625,0.9555710554122925,
convnextv2_base,nct-crc-100k,finetuned,True,2,general,flips,vote,,7180,0.9596100278551533,0.9495027570865814,6890,290,62.0,37.0,0.58447265625,0.57568359375,0.0087890625,0.9555710554122925,
convnextv2_base,nct-crc-100k,finetuned,True,2,general,flips,confidence,,7180,0.96016713091922,0.9500811621278703,6894,286,65.0,36.0,0.58447265625,0.57568359375,0.0087890625,0.9555710554122925,
convnextv2_base,nct-crc-100k,finetuned,True,2,general,d4,mean,,7180,0.9600278551532033,0.9492944659129561,6893,287,75.0,47.0,0.59033203125,0.5771484375,0.01318359375,0.9323119521141052,
convnextv2_base,nct-crc-100k,finetuned,True,2,general,d4,vote,,7180,0.9590529247910864,0.9484893438858316,6886,294,69.0,48.0,0.59033203125,0.5771484375,0.01318359375,0.9323119521141052,
convnextv2_base,nct-crc-100k,finetuned,True,2,general,d4,confidence,,7180,0.95974930362117,0.9489994244947262,6891,289,74.0,48.0,0.59033203125,0.5771484375,0.01318359375,0.9323119521141052,
convnextv2_base,nct-crc-100k,finetuned,True,2,general,d4_color,mean,,7180,0.9608635097493036,0.9507195194746468,6899,281,56.0,22.0,0.5908203125,0.57666015625,0.01416015625,0.9235376119613647,
convnextv2_base,nct-crc-100k,finetuned,True,2,general,d4_color,vote,,7180,0.96016713091922,0.950115036875249,6894,286,48.0,19.0,0.5908203125,0.57666015625,0.01416015625,0.9235376119613647,
convnextv2_base,nct-crc-100k,finetuned,True,2,general,d4_color,confidence,,7180,0.9611420612813371,0.9509902498462741,6901,279,57.0,21.0,0.5908203125,0.57666015625,0.01416015625,0.9235376119613647,
convnextv2_base,nct-crc-100k,finetuned,True,3,general,none,mean,,7180,0.9714484679665738,0.9622672395067143,6975,205,,,0.51220703125,0.51220703125,0.0,1.0,0.08062220496387541
convnextv2_base,nct-crc-100k,finetuned,True,3,general,flips,mean,,7180,0.9721448467966574,0.962977489578515,6980,200,33.0,28.0,0.51953125,0.5126953125,0.0068359375,0.9727019667625427,0.08064699305797357
convnextv2_base,nct-crc-100k,finetuned,True,3,general,flips,vote,,7180,0.9725626740947075,0.9631239834246651,6983,197,31.0,23.0,0.51953125,0.5126953125,0.0068359375,0.9727019667625427,0.01928969359331481
convnextv2_base,nct-crc-100k,finetuned,True,3,general,flips,confidence,,7180,0.9720055710306407,0.9626332337422456,6979,201,33.0,29.0,0.51953125,0.5126953125,0.0068359375,0.9727019667625427,0.08047153823555016
convnextv2_base,nct-crc-100k,finetuned,True,3,general,d4,mean,,7180,0.9732590529247911,0.9633607919609722,6988,192,44.0,31.0,0.5224609375,0.51318359375,0.00927734375,0.9593314528465271,0.08250065965572773
convnextv2_base,nct-crc-100k,finetuned,True,3,general,d4,vote,,7180,0.9724233983286908,0.9624239526421228,6982,198,41.0,34.0,0.5224609375,0.51318359375,0.00927734375,0.9593314528465271,0.01728760445682448
convnextv2_base,nct-crc-100k,finetuned,True,3,general,d4,confidence,,7180,0.9729805013927577,0.9627455424841731,6986,194,44.0,33.0,0.5224609375,0.51318359375,0.00927734375,0.9593314528465271,0.08142314262708908
convnextv2_base,nct-crc-100k,finetuned,True,3,general,d4_color,mean,,7180,0.9732590529247911,0.9633607919609722,6988,192,44.0,31.0,0.5224609375,0.51318359375,0.00927734375,0.9593314528465271,0.08250065965572773
convnextv2_base,nct-crc-100k,finetuned,True,3,general,d4_color,vote,,7180,0.9724233983286908,0.9624239526421228,6982,198,41.0,34.0,0.5224609375,0.51318359375,0.00927734375,0.9593314528465271,0.01728760445682448
convnextv2_base,nct-crc-100k,finetuned,True,3,general,d4_color,confidence,,7180,0.9729805013927577,0.9627455424841731,6986,194,44.0,33.0,0.5224609375,0.51318359375,0.00927734375,0.9593314528465271,0.08142314262708908
convnextv2_base,nct-crc-100k,frozen,True,0,general,none,mean,,7180,0.9360724233983287,0.9162240322306607,6721,459,,,0.73486328125,0.73486328125,0.0,1.0,
convnextv2_base,nct-crc-100k,frozen,True,0,general,flips,mean,,7180,0.9376044568245125,0.9175952851141823,6732,448,69.0,58.0,0.74755859375,0.73876953125,0.0087890625,0.9426183700561523,
convnextv2_base,nct-crc-100k,frozen,True,0,general,flips,vote,,7180,0.933983286908078,0.9136602333712669,6706,474,53.0,68.0,0.74755859375,0.73876953125,0.0087890625,0.9426183700561523,
convnextv2_base,nct-crc-100k,frozen,True,0,general,flips,confidence,,7180,0.9383008356545961,0.9184451900640563,6737,443,73.0,57.0,0.74755859375,0.73876953125,0.0087890625,0.9426183700561523,
convnextv2_base,nct-crc-100k,frozen,True,0,general,d4,mean,,7180,0.9399721448467967,0.9159833153886052,6749,431,107.0,79.0,0.75439453125,0.7392578125,0.01513671875,0.901671290397644,
convnextv2_base,nct-crc-100k,frozen,True,0,general,d4,vote,,7180,0.935933147632312,0.9121961345349789,6720,460,89.0,90.0,0.75439453125,0.7392578125,0.01513671875,0.901671290397644,
convnextv2_base,nct-crc-100k,frozen,True,0,general,d4,confidence,,7180,0.9391364902506963,0.9148112384920035,6743,437,106.0,84.0,0.75439453125,0.7392578125,0.01513671875,0.901671290397644,
convnextv2_base,nct-crc-100k,frozen,True,0,general,d4_color,mean,,7180,0.9402506963788301,0.9175721956744385,6751,429,88.0,58.0,0.7529296875,0.73583984375,0.01708984375,0.8889971971511841,
convnextv2_base,nct-crc-100k,frozen,True,0,general,d4_color,vote,,7180,0.9405292479108636,0.9190022956067752,6753,427,75.0,43.0,0.7529296875,0.73583984375,0.01708984375,0.8889971971511841,
convnextv2_base,nct-crc-100k,frozen,True,0,general,d4_color,confidence,,7180,0.9398328690807799,0.9167377519352551,6748,432,89.0,62.0,0.7529296875,0.73583984375,0.01708984375,0.8889971971511841,
convnextv2_base,nct-crc-100k,frozen,True,1,general,none,mean,,7180,0.938857938718663,0.920264613385075,6741,439,,,0.79443359375,0.79443359375,0.0,1.0,
convnextv2_base,nct-crc-100k,frozen,True,1,general,flips,mean,,7180,0.9431754874651811,0.9245971203179756,6772,408,78.0,47.0,0.80712890625,0.79931640625,0.0078125,0.9459609985351562,
convnextv2_base,nct-crc-100k,frozen,True,1,general,flips,vote,,7180,0.9396935933147632,0.9207607065563868,6747,433,56.0,50.0,0.80712890625,0.79931640625,0.0078125,0.9459609985351562,
convnextv2_base,nct-crc-100k,frozen,True,1,general,flips,confidence,,7180,0.9434540389972145,0.925010989715468,6774,406,80.0,47.0,0.80712890625,0.79931640625,0.0078125,0.9459609985351562,
convnextv2_base,nct-crc-100k,frozen,True,1,general,d4,mean,,7180,0.9452646239554318,0.9245580906758489,6787,393,109.0,63.0,0.81640625,0.802734375,0.013671875,0.9054317474365234,
convnextv2_base,nct-crc-100k,frozen,True,1,general,d4,vote,,7180,0.9423398328690807,0.9217985616517131,6766,414,95.0,70.0,0.81640625,0.802734375,0.013671875,0.9054317474365234,
convnextv2_base,nct-crc-100k,frozen,True,1,general,d4,confidence,,7180,0.9454038997214484,0.9248056114365597,6788,392,109.0,62.0,0.81640625,0.802734375,0.013671875,0.9054317474365234,
convnextv2_base,nct-crc-100k,frozen,True,1,general,d4_color,mean,,7180,0.9458217270194986,0.9254267238453987,6791,389,93.0,43.0,0.81396484375,0.79833984375,0.015625,0.893314778804779,
convnextv2_base,nct-crc-100k,frozen,True,1,general,d4_color,vote,,7180,0.9431754874651811,0.9230330759628376,6772,408,74.0,43.0,0.81396484375,0.79833984375,0.015625,0.893314778804779,
convnextv2_base,nct-crc-100k,frozen,True,1,general,d4_color,confidence,,7180,0.9456824512534819,0.9253366094000531,6790,390,93.0,44.0,0.81396484375,0.79833984375,0.015625,0.893314778804779,
convnextv2_base,nct-crc-100k,frozen,True,2,general,none,mean,,7180,0.9395543175487465,0.9211942103330676,6746,434,,,0.74755859375,0.74755859375,0.0,1.0,
convnextv2_base,nct-crc-100k,frozen,True,2,general,flips,mean,,7180,0.943732590529248,0.925392377615248,6776,404,71.0,41.0,0.75830078125,0.74951171875,0.0087890625,0.9481894373893738,
convnextv2_base,nct-crc-100k,frozen,True,2,general,flips,vote,,7180,0.9423398328690807,0.9237442273801287,6766,414,69.0,49.0,0.75830078125,0.74951171875,0.0087890625,0.9481894373893738,
convnextv2_base,nct-crc-100k,frozen,True,2,general,flips,confidence,,7180,0.944150417827298,0.9256627209512848,6779,401,74.0,41.0,0.75830078125,0.74951171875,0.0087890625,0.9481894373893738,
convnextv2_base,nct-crc-100k,frozen,True,2,general,d4,mean,,7180,0.9447075208913649,0.9254359241274313,6783,397,101.0,64.0,0.7685546875,0.75244140625,0.01611328125,0.9066852331161499,
convnextv2_base,nct-crc-100k,frozen,True,2,general,d4,vote,,7180,0.9442896935933147,0.9252406566142315,6780,400,98.0,64.0,0.7685546875,0.75244140625,0.01611328125,0.9066852331161499,
convnextv2_base,nct-crc-100k,frozen,True,2,general,d4,confidence,,7180,0.9447075208913649,0.9255334973697733,6783,397,101.0,64.0,0.7685546875,0.75244140625,0.01611328125,0.9066852331161499,
convnextv2_base,nct-crc-100k,frozen,True,2,general,d4_color,mean,,7180,0.9438718662952646,0.9237016908838362,6777,403,79.0,48.0,0.767578125,0.74951171875,0.01806640625,0.8962395787239075,
convnextv2_base,nct-crc-100k,frozen,True,2,general,d4_color,vote,,7180,0.942200557103064,0.9221246518459112,6765,415,65.0,46.0,0.767578125,0.74951171875,0.01806640625,0.8962395787239075,
convnextv2_base,nct-crc-100k,frozen,True,2,general,d4_color,confidence,,7180,0.943732590529248,0.9235180096337099,6776,404,79.0,49.0,0.767578125,0.74951171875,0.01806640625,0.8962395787239075,
convnextv2_base,nct-crc-100k,frozen,True,3,general,none,mean,,7180,0.9403899721448468,0.9202177567163835,6752,428,,,0.7822265625,0.7822265625,0.0,1.0,
convnextv2_base,nct-crc-100k,frozen,True,3,general,flips,mean,,7180,0.9448467966573816,0.9251194547485387,6784,396,74.0,42.0,0.79443359375,0.787109375,0.00732421875,0.9467966556549072,
convnextv2_base,nct-crc-100k,frozen,True,3,general,flips,vote,,7180,0.9419220055710307,0.9217159047689635,6763,417,57.0,46.0,0.79443359375,0.787109375,0.00732421875,0.9467966556549072,
convnextv2_base,nct-crc-100k,frozen,True,3,general,flips,confidence,,7180,0.9448467966573816,0.9249527190761666,6784,396,74.0,42.0,0.79443359375,0.787109375,0.00732421875,0.9467966556549072,
convnextv2_base,nct-crc-100k,frozen,True,3,general,d4,mean,,7180,0.946100278551532,0.9246410211924524,6793,387,105.0,64.0,0.8037109375,0.79052734375,0.01318359375,0.9082172513008118,
convnextv2_base,nct-crc-100k,frozen,True,3,general,d4,vote,,7180,0.9447075208913649,0.9238059432465958,6783,397,97.0,66.0,0.8037109375,0.79052734375,0.01318359375,0.9082172513008118,
convnextv2_base,nct-crc-100k,frozen,True,3,general,d4,confidence,,7180,0.946100278551532,0.9250054060442672,6793,387,105.0,64.0,0.8037109375,0.79052734375,0.01318359375,0.9082172513008118,
convnextv2_base,nct-crc-100k,frozen,True,3,general,d4_color,mean,,7180,0.947075208913649,0.9253749006812085,6800,380,90.0,42.0,0.8017578125,0.78662109375,0.01513671875,0.8961002826690674,
convnextv2_base,nct-crc-100k,frozen,True,3,general,d4_color,vote,,7180,0.9465181058495822,0.9261261769066687,6796,384,75.0,31.0,0.8017578125,0.78662109375,0.01513671875,0.8961002826690674,
convnextv2_base,nct-crc-100k,frozen,True,3,general,d4_color,confidence,,7180,0.9474930362116991,0.9263289172382899,6803,377,92.0,41.0,0.8017578125,0.78662109375,0.01513671875,0.8961002826690674,
convnextv2_base,nct-crc-100k,frozen,True,42,general,none,mean,,7180,0.9363509749303621,0.9151492324013274,6723,457,,,0.75439453125,0.75439453125,0.0,1.0,
convnextv2_base,nct-crc-100k,frozen,True,42,general,flips,mean,,7180,0.9408077994428969,0.9207665656999934,6755,425,98.0,66.0,0.767578125,0.75830078125,0.00927734375,0.9383008480072021,
convnextv2_base,nct-crc-100k,frozen,True,42,general,flips,vote,,7180,0.9392757660167131,0.9197594766913136,6744,436,82.0,61.0,0.767578125,0.75830078125,0.00927734375,0.9383008480072021,
convnextv2_base,nct-crc-100k,frozen,True,42,general,flips,confidence,,7180,0.9408077994428969,0.9207665656999934,6755,425,98.0,66.0,0.767578125,0.75830078125,0.00927734375,0.9383008480072021,
convnextv2_base,nct-crc-100k,frozen,True,42,general,d4,mean,,7180,0.9410863509749303,0.9178539501811015,6757,423,118.0,84.0,0.77734375,0.7607421875,0.0166015625,0.892339825630188,
convnextv2_base,nct-crc-100k,frozen,True,42,general,d4,vote,,7180,0.9395543175487465,0.9156710786527723,6746,434,106.0,83.0,0.77734375,0.7607421875,0.0166015625,0.892339825630188,
convnextv2_base,nct-crc-100k,frozen,True,42,general,d4,confidence,,7180,0.9412256267409471,0.9183683854982186,6758,422,120.0,85.0,0.77734375,0.7607421875,0.0166015625,0.892339825630188,
convnextv2_base,nct-crc-100k,frozen,True,42,general,d4_color,mean,,7180,0.9430362116991643,0.9214031354779068,6771,409,104.0,56.0,0.77490234375,0.7568359375,0.01806640625,0.8798050284385681,
convnextv2_base,nct-crc-100k,frozen,True,42,general,d4_color,vote,,7180,0.9413649025069638,0.9197292345452931,6759,421,89.0,53.0,0.77490234375,0.7568359375,0.01806640625,0.8798050284385681,
convnextv2_base,nct-crc-100k,frozen,True,42,general,d4_color,confidence,,7180,0.9427576601671309,0.9208201069758997,6769,411,104.0,58.0,0.77490234375,0.7568359375,0.01806640625,0.8798050284385681,
convnextv2_tiny,nct-crc-100k,finetuned,True,0,general,none,mean,,7180,0.9612813370473537,0.9470813160937599,6902,278,,,0.52490234375,0.52490234375,0.0,1.0,
convnextv2_tiny,nct-crc-100k,finetuned,True,0,general,flips,mean,,7180,0.9618384401114206,0.9470177589796082,6906,274,26.0,22.0,0.53076171875,0.525390625,0.00537109375,0.9746518135070801,
convnextv2_tiny,nct-crc-100k,finetuned,True,0,general,flips,vote,,7180,0.962116991643454,0.9473150579934391,6908,272,27.0,21.0,0.53076171875,0.525390625,0.00537109375,0.9746518135070801,
convnextv2_tiny,nct-crc-100k,finetuned,True,0,general,flips,confidence,,7180,0.9615598885793872,0.9465142262679633,6904,276,28.0,26.0,0.53076171875,0.525390625,0.00537109375,0.9746518135070801,
convnextv2_tiny,nct-crc-100k,finetuned,True,0,general,d4,mean,,7180,0.9642061281337048,0.9503956039683834,6923,257,43.0,22.0,0.53271484375,0.5244140625,0.00830078125,0.9594707489013672,
convnextv2_tiny,nct-crc-100k,finetuned,True,0,general,d4,vote,,7180,0.9643454038997215,0.9504715748909168,6924,256,43.0,21.0,0.53271484375,0.5244140625,0.00830078125,0.9594707489013672,
convnextv2_tiny,nct-crc-100k,finetuned,True,0,general,d4,confidence,,7180,0.9640668523676881,0.9501316820892595,6922,258,42.0,22.0,0.53271484375,0.5244140625,0.00830078125,0.9594707489013672,
convnextv2_tiny,nct-crc-100k,finetuned,True,0,general,d4_color,mean,,7180,0.9639275766016713,0.9502000174153064,6921,259,32.0,13.0,0.533203125,0.52490234375,0.00830078125,0.9557102918624878,
convnextv2_tiny,nct-crc-100k,finetuned,True,0,general,d4_color,vote,,7180,0.9636490250696379,0.9497719650422997,6919,261,29.0,12.0,0.533203125,0.52490234375,0.00830078125,0.9557102918624878,
convnextv2_tiny,nct-crc-100k,finetuned,True,0,general,d4_color,confidence,,7180,0.9640668523676881,0.9503877051029941,6922,258,33.0,13.0,0.533203125,0.52490234375,0.00830078125,0.9557102918624878,
convnextv2_tiny,nct-crc-100k,finetuned,True,1,general,none,mean,,7180,0.9604456824512535,0.9466672233898232,6896,284,,,0.52783203125,0.52783203125,0.0,1.0,
convnextv2_tiny,nct-crc-100k,finetuned,True,1,general,flips,mean,,7180,0.9628133704735377,0.9487083775790823,6913,267,39.0,22.0,0.53369140625,0.52734375,0.00634765625,0.973676860332489,
convnextv2_tiny,nct-crc-100k,finetuned,True,1,general,flips,vote,,7180,0.9639275766016713,0.9493781266412409,6921,259,44.0,19.0,0.53369140625,0.52734375,0.00634765625,0.973676860332489,
convnextv2_tiny,nct-crc-100k,finetuned,True,1,general,flips,confidence,,7180,0.9628133704735377,0.9487326886256849,6913,267,39.0,22.0,0.53369140625,0.52734375,0.00634765625,0.973676860332489,
convnextv2_tiny,nct-crc-100k,finetuned,True,1,general,d4,mean,,7180,0.9629526462395543,0.9483548390174216,6914,266,49.0,31.0,0.53564453125,0.52734375,0.00830078125,0.9612813591957092,
convnextv2_tiny,nct-crc-100k,finetuned,True,1,general,d4,vote,,7180,0.9632311977715877,0.9488908823070881,6916,264,50.0,30.0,0.53564453125,0.52734375,0.00830078125,0.9612813591957092,
convnextv2_tiny,nct-crc-100k,finetuned,True,1,general,d4,confidence,,7180,0.9626740947075209,0.9479794636420463,6912,268,47.0,31.0,0.53564453125,0.52734375,0.00830078125,0.9612813591957092,
convnextv2_tiny,nct-crc-100k,finetuned,True,1,general,d4_color,mean,,7180,0.9636490250696379,0.9495638678677236,6919,261,38.0,15.0,0.53662109375,0.52734375,0.00927734375,0.9566852450370789,
convnextv2_tiny,nct-crc-100k,finetuned,True,1,general,d4_color,vote,,7180,0.9637883008356546,0.9496962385951395,6920,260,37.0,13.0,0.53662109375,0.52734375,0.00927734375,0.9566852450370789,
convnextv2_tiny,nct-crc-100k,finetuned,True,1,general,d4_color,confidence,,7180,0.9633704735376044,0.9490117130628735,6917,263,40.0,19.0,0.53662109375,0.52734375,0.00927734375,0.9566852450370789,
convnextv2_tiny,nct-crc-100k,finetuned,True,2,general,none,mean,,7180,0.9654596100278552,0.9518184393640904,6932,248,,,0.52880859375,0.52880859375,0.0,1.0,
convnextv2_tiny,nct-crc-100k,finetuned,True,2,general,flips,mean,,7180,0.966991643454039,0.9534392767558515,6943,237,32.0,21.0,0.53125,0.52734375,0.00390625,0.9772980213165283,
convnextv2_tiny,nct-crc-100k,finetuned,True,2,general,flips,vote,,7180,0.9667130919220056,0.9524226450409787,6941,239,30.0,21.0,0.53125,0.52734375,0.00390625,0.9772980213165283,
convnextv2_tiny,nct-crc-100k,finetuned,True,2,general,flips,confidence,,7180,0.9672701949860725,0.953890886322663,6945,235,34.0,21.0,0.53125,0.52734375,0.00390625,0.9772980213165283,
convnextv2_tiny,nct-crc-100k,finetuned,True,2,general,d4,mean,,7180,0.9694986072423398,0.9569904281808785,6961,219,46.0,17.0,0.53369140625,0.52783203125,0.005859375,0.9679665565490723,
convnextv2_tiny,nct-crc-100k,finetuned,True,2,general,d4,vote,,7180,0.9681058495821727,0.9550276078199756,6951,229,42.0,23.0,0.53369140625,0.52783203125,0.005859375,0.9679665565490723,
convnextv2_tiny,nct-crc-100k,finetuned,True,2,general,d4,confidence,,7180,0.9693593314763231,0.9567265063017548,6960,220,45.0,17.0,0.53369140625,0.52783203125,0.005859375,0.9679665565490723,
convnextv2_tiny,nct-crc-100k,finetuned,True,2,general,d4_color,mean,,7180,0.9676880222841225,0.9542152569844963,6948,232,28.0,12.0,0.53515625,0.52880859375,0.00634765625,0.9647632241249084,
convnextv2_tiny,nct-crc-100k,finetuned,True,2,general,d4_color,vote,,7180,0.9671309192200557,0.9537014532007559,6944,236,27.0,15.0,0.53515625,0.52880859375,0.00634765625,0.9647632241249084,
convnextv2_tiny,nct-crc-100k,finetuned,True,2,general,d4_color,confidence,,7180,0.9676880222841225,0.9540516170745086,6948,232,30.0,14.0,0.53515625,0.52880859375,0.00634765625,0.9647632241249084,
convnextv2_tiny,nct-crc-100k,finetuned,True,3,general,none,mean,,7180,0.9625348189415042,0.9503131177240858,6911,269,,,0.533203125,0.533203125,0.0,1.0,
convnextv2_tiny,nct-crc-100k,finetuned,True,3,general,flips,mean,,7180,0.9644846796657381,0.9524586967475569,6925,255,41.0,27.0,0.53857421875,0.533203125,0.00537109375,0.9708913564682007,
convnextv2_tiny,nct-crc-100k,finetuned,True,3,general,flips,vote,,7180,0.9644846796657381,0.9529958121614581,6925,255,40.0,26.0,0.53857421875,0.533203125,0.00537109375,0.9708913564682007,
convnextv2_tiny,nct-crc-100k,finetuned,True,3,general,flips,confidence,,7180,0.9643454038997215,0.9522751088255785,6924,256,41.0,28.0,0.53857421875,0.533203125,0.00537109375,0.9708913564682007,
convnextv2_tiny,nct-crc-100k,finetuned,True,3,general,d4,mean,,7180,0.9668523676880223,0.9562002660634966,6942,238,59.0,28.0,0.54443359375,0.53466796875,0.009765625,0.9502785801887512,
convnextv2_tiny,nct-crc-100k,finetuned,True,3,general,d4,vote,,7180,0.9661559888579387,0.9559178553322075,6937,243,61.0,35.0,0.54443359375,0.53466796875,0.009765625,0.9502785801887512,
convnextv2_tiny,nct-crc-100k,finetuned,True,3,general,d4,confidence,,7180,0.9674094707520892,0.9568919375940224,6946,234,61.0,26.0,0.54443359375,0.53466796875,0.009765625,0.9502785801887512,
convnextv2_tiny,nct-crc-100k,finetuned,True,3,general,d4_color,mean,,7180,0.9665738161559888,0.9554861813022549,6940,240,46.0,17.0,0.54541015625,0.53515625,0.01025390625,0.9462395310401917,
convnextv2_tiny,nct-crc-100k,finetuned,True,3,general,d4_color,vote,,7180,0.9658774373259053,0.954602016368061,6935,245,39.0,15.0,0.54541015625,0.53515625,0.01025390625,0.9462395310401917,
convnextv2_tiny,nct-crc-100k,finetuned,True,3,general,d4_color,confidence,,7180,0.9665738161559888,0.955583754544597,6940,240,47.0,18.0,0.54541015625,0.53515625,0.01025390625,0.9462395310401917,
convnextv2_tiny,nct-crc-100k,finetuned,True,42,general,none,mean,,7180,0.9642061281337048,0.9520065613846794,6923,257,,,0.51806640625,0.51806640625,0.0,1.0,
convnextv2_tiny,nct-crc-100k,finetuned,True,42,general,flips,mean,,7180,0.9657381615598886,0.9529692810317544,6934,246,31.0,20.0,0.5234375,0.51806640625,0.00537109375,0.975348174571991,
convnextv2_tiny,nct-crc-100k,finetuned,True,42,general,flips,vote,,7180,0.967966573816156,0.9553061177511203,6950,230,38.0,11.0,0.5234375,0.51806640625,0.00537109375,0.975348174571991,
convnextv2_tiny,nct-crc-100k,finetuned,True,42,general,flips,confidence,,7180,0.9657381615598886,0.9530739260355026,6934,246,32.0,21.0,0.5234375,0.51806640625,0.00537109375,0.975348174571991,
convnextv2_tiny,nct-crc-100k,finetuned,True,42,general,d4,mean,,7180,0.9672701949860725,0.9548699891558334,6945,235,40.0,18.0,0.52392578125,0.51708984375,0.0068359375,0.9655988812446594,
convnextv2_tiny,nct-crc-100k,finetuned,True,42,general,d4,vote,,7180,0.9686629526462396,0.9561907065606311,6955,225,45.0,13.0,0.52392578125,0.51708984375,0.0068359375,0.9655988812446594,
convnextv2_tiny,nct-crc-100k,finetuned,True,42,general,d4,confidence,,7180,0.9676880222841225,0.9552906670458293,6948,232,43.0,18.0,0.52392578125,0.51708984375,0.0068359375,0.9655988812446594,
convnextv2_tiny,nct-crc-100k,finetuned,True,42,general,d4_color,mean,,7180,0.9674094707520892,0.9551250898672526,6946,234,34.0,11.0,0.525390625,0.517578125,0.0078125,0.9614205956459045,
convnextv2_tiny,nct-crc-100k,finetuned,True,42,general,d4_color,vote,,7180,0.9672701949860725,0.9549361401374648,6945,235,34.0,12.0,0.525390625,0.517578125,0.0078125,0.9614205956459045,
convnextv2_tiny,nct-crc-100k,finetuned,True,42,general,d4_color,confidence,,7180,0.967966573816156,0.9558167613977783,6950,230,38.0,11.0,0.525390625,0.517578125,0.0078125,0.9614205956459045,
convnextv2_tiny,nct-crc-100k,frozen,True,0,general,none,mean,,7180,0.9118384401114206,0.8911979154434962,6547,633,,,0.8720703125,0.8720703125,0.0,1.0,
convnextv2_tiny,nct-crc-100k,frozen,True,0,general,flips,mean,,7180,0.917966573816156,0.8965930102861918,6591,589,106.0,62.0,0.8798828125,0.86962890625,0.01025390625,0.9293872117996216,
convnextv2_tiny,nct-crc-100k,frozen,True,0,general,flips,vote,,7180,0.914066852367688,0.892328853415808,6563,617,87.0,71.0,0.8798828125,0.86962890625,0.01025390625,0.9293872117996216,
convnextv2_tiny,nct-crc-100k,frozen,True,0,general,flips,confidence,,7180,0.9181058495821727,0.8962716703533964,6592,588,107.0,62.0,0.8798828125,0.86962890625,0.01025390625,0.9293872117996216,
convnextv2_tiny,nct-crc-100k,frozen,True,0,general,d4,mean,,7180,0.9196378830083566,0.8987120216885562,6603,577,127.0,71.0,0.88916015625,0.87158203125,0.017578125,0.880501389503479,
convnextv2_tiny,nct-crc-100k,frozen,True,0,general,d4,vote,,7180,0.9158774373259053,0.8960482207489426,6576,604,122.0,93.0,0.88916015625,0.87158203125,0.017578125,0.880501389503479,
convnextv2_tiny,nct-crc-100k,frozen,True,0,general,d4,confidence,,7180,0.91991643454039,0.8988395825957785,6605,575,132.0,74.0,0.88916015625,0.87158203125,0.017578125,0.880501389503479,
convnextv2_tiny,nct-crc-100k,frozen,True,0,general,d4_color,mean,,7180,0.9215877437325906,0.8998753007910472,6617,563,113.0,43.0,0.8857421875,0.86669921875,0.01904296875,0.8681058287620544,
convnextv2_tiny,nct-crc-100k,frozen,True,0,general,d4_color,vote,,7180,0.920891364902507,0.8999850323865641,6612,568,100.0,35.0,0.8857421875,0.86669921875,0.01904296875,0.8681058287620544,
convnextv2_tiny,nct-crc-100k,frozen,True,0,general,d4_color,confidence,,7180,0.9218662952646239,0.9000391285633254,6619,561,115.0,43.0,0.8857421875,0.86669921875,0.01904296875,0.8681058287620544,
convnextv2_tiny,nct-crc-100k,frozen,True,1,general,none,mean,,7180,0.903899721448468,0.8809963159481935,6490,690,,,0.88818359375,0.88818359375,0.0,1.0,
convnextv2_tiny,nct-crc-100k,frozen,True,1,general,flips,mean,,7180,0.9089136490250697,0.8842160028328597,6526,654,110.0,74.0,0.896484375,0.88623046875,0.01025390625,0.9249303340911865,
convnextv2_tiny,nct-crc-100k,frozen,True,1,general,flips,vote,,7180,0.903899721448468,0.8803080214307707,6490,690,86.0,86.0,0.896484375,0.88623046875,0.01025390625,0.9249303340911865,
convnextv2_tiny,nct-crc-100k,frozen,True,1,general,flips,confidence,,7180,0.908774373259053,0.8841772943288827,6525,655,110.0,75.0,0.896484375,0.88623046875,0.01025390625,0.9249303340911865,
convnextv2_tiny,nct-crc-100k,frozen,True,1,general,d4,mean,,7180,0.9114206128133705,0.8883910717012213,6544,636,130.0,76.0,0.9052734375,0.88671875,0.0185546875,0.8759052753448486,
convnextv2_tiny,nct-crc-100k,frozen,True,1,general,d4,vote,,7180,0.9069637883008357,0.8845642219606467,6512,668,113.0,91.0,0.9052734375,0.88671875,0.0185546875,0.8759052753448486,
convnextv2_tiny,nct-crc-100k,frozen,True,1,general,d4,confidence,,7180,0.9115598885793872,0.8883073787127888,6545,635,132.0,77.0,0.9052734375,0.88671875,0.0185546875,0.8759052753448486,
convnextv2_tiny,nct-crc-100k,frozen,True,1,general,d4_color,mean,,7180,0.9132311977715878,0.8905976010201844,6557,623,118.0,51.0,0.9033203125,0.88330078125,0.02001953125,0.8594707250595093,
convnextv2_tiny,nct-crc-100k,frozen,True,1,general,d4_color,vote,,7180,0.9094707520891365,0.886999089709898,6530,650,95.0,55.0,0.9033203125,0.88330078125,0.02001953125,0.8594707250595093,
convnextv2_tiny,nct-crc-100k,frozen,True,1,general,d4_color,confidence,,7180,0.9135097493036212,0.8904900481163421,6559,621,122.0,53.0,0.9033203125,0.88330078125,0.02001953125,0.8594707250595093,
convnextv2_tiny,nct-crc-100k,frozen,True,2,general,none,mean,,7180,0.9098885793871866,0.8881036921648368,6533,647,,,0.87158203125,0.87158203125,0.0,1.0,
convnextv2_tiny,nct-crc-100k,frozen,True,2,general,flips,mean,,7180,0.9176880222841226,0.8953707238021431,6589,591,115.0,59.0,0.87939453125,0.869140625,0.01025390625,0.927019476890564,
convnextv2_tiny,nct-crc-100k,frozen,True,2,general,flips,vote,,7180,0.9139275766016713,0.8924376677917498,6562,618,97.0,68.0,0.87939453125,0.869140625,0.01025390625,0.927019476890564,
convnextv2_tiny,nct-crc-100k,frozen,True,2,general,flips,confidence,,7180,0.9182451253481894,0.8959812232087399,6593,587,117.0,57.0,0.87939453125,0.869140625,0.01025390625,0.927019476890564,
convnextv2_tiny,nct-crc-100k,frozen,True,2,general,d4,mean,,7180,0.9182451253481894,0.8975280826506812,6593,587,141.0,81.0,0.8896484375,0.87158203125,0.01806640625,0.8784122467041016,
convnextv2_tiny,nct-crc-100k,frozen,True,2,general,d4,vote,,7180,0.9167130919220056,0.8955449664835974,6582,598,138.0,89.0,0.8896484375,0.87158203125,0.01806640625,0.8784122467041016,
convnextv2_tiny,nct-crc-100k,frozen,True,2,general,d4,confidence,,7180,0.9194986072423398,0.8982801177525519,6602,578,146.0,77.0,0.8896484375,0.87158203125,0.01806640625,0.8784122467041016,
convnextv2_tiny,nct-crc-100k,frozen,True,2,general,d4_color,mean,,7180,0.9200557103064066,0.8977147116890494,6606,574,118.0,45.0,0.88525390625,0.86572265625,0.01953125,0.8654596209526062,
convnextv2_tiny,nct-crc-100k,frozen,True,2,general,d4_color,vote,,7180,0.9175487465181058,0.8959669454158122,6588,592,101.0,46.0,0.88525390625,0.86572265625,0.01953125,0.8654596209526062,
convnextv2_tiny,nct-crc-100k,frozen,True,2,general,d4_color,confidence,,7180,0.9207520891364902,0.8985759844411204,6611,569,125.0,47.0,0.88525390625,0.86572265625,0.01953125,0.8654596209526062,
convnextv2_tiny,nct-crc-100k,frozen,True,3,general,none,mean,,7180,0.8961002785515321,0.8761346840448542,6434,746,,,0.86767578125,0.86767578125,0.0,1.0,
convnextv2_tiny,nct-crc-100k,frozen,True,3,general,flips,mean,,7180,0.9065459610027855,0.8846017714128827,6509,671,135.0,60.0,0.87646484375,0.865234375,0.01123046875,0.9174094796180725,
convnextv2_tiny,nct-crc-100k,frozen,True,3,general,flips,vote,,7180,0.9016713091922005,0.8796661220798183,6474,706,117.0,77.0,0.87646484375,0.865234375,0.01123046875,0.9174094796180725,
convnextv2_tiny,nct-crc-100k,frozen,True,3,general,flips,confidence,,7180,0.9064066852367688,0.8845164711333422,6508,672,136.0,62.0,0.87646484375,0.865234375,0.01123046875,0.9174094796180725,
convnextv2_tiny,nct-crc-100k,frozen,True,3,general,d4,mean,,7180,0.9083565459610028,0.8872881853297397,6522,658,178.0,90.0,0.8876953125,0.8681640625,0.01953125,0.8579387068748474,
convnextv2_tiny,nct-crc-100k,frozen,True,3,general,d4,vote,,7180,0.9050139275766017,0.8848710664687971,6498,682,164.0,100.0,0.8876953125,0.8681640625,0.01953125,0.8579387068748474,
convnextv2_tiny,nct-crc-100k,frozen,True,3,general,d4,confidence,,7180,0.909192200557103,0.8882093734201815,6528,652,184.0,90.0,0.8876953125,0.8681640625,0.01953125,0.8579387068748474,
convnextv2_tiny,nct-crc-100k,frozen,True,3,general,d4_color,mean,,7180,0.9073816155988857,0.8851920651181934,6515,665,143.0,62.0,0.88330078125,0.86181640625,0.021484375,0.8444289565086365,
convnextv2_tiny,nct-crc-100k,frozen,True,3,general,d4_color,vote,,7180,0.9040389972144847,0.8818564741465739,6491,689,114.0,57.0,0.88330078125,0.86181640625,0.021484375,0.8444289565086365,
convnextv2_tiny,nct-crc-100k,frozen,True,3,general,d4_color,confidence,,7180,0.9082172701949861,0.8859229603424582,6521,659,147.0,60.0,0.88330078125,0.86181640625,0.021484375,0.8444289565086365,
convnextv2_tiny,nct-crc-100k,frozen,True,42,general,none,mean,,7180,0.9045961002785515,0.8789421915934916,6495,685,,,0.85693359375,0.85693359375,0.0,1.0,
convnextv2_tiny,nct-crc-100k,frozen,True,42,general,flips,mean,,7180,0.9110027855153203,0.8854455536359399,6541,639,104.0,58.0,0.8642578125,0.853515625,0.0107421875,0.9274373054504395,
convnextv2_tiny,nct-crc-100k,frozen,True,42,general,flips,vote,,7180,0.905849582172702,0.8815721924664383,6504,676,84.0,75.0,0.8642578125,0.853515625,0.0107421875,0.9274373054504395,
convnextv2_tiny,nct-crc-100k,frozen,True,42,general,flips,confidence,,7180,0.9104456824512535,0.8848342160625599,6537,643,104.0,62.0,0.8642578125,0.853515625,0.0107421875,0.9274373054504395,
convnextv2_tiny,nct-crc-100k,frozen,True,42,general,d4,mean,,7180,0.9118384401114206,0.8864748533151522,6547,633,145.0,93.0,0.8779296875,0.8583984375,0.01953125,0.8763231039047241,
convnextv2_tiny,nct-crc-100k,frozen,True,42,general,d4,vote,,7180,0.9094707520891365,0.8859827732792398,6530,650,138.0,103.0,0.8779296875,0.8583984375,0.01953125,0.8763231039047241,
convnextv2_tiny,nct-crc-100k,frozen,True,42,general,d4,confidence,,7180,0.9112813370473538,0.8859699490401831,6543,637,144.0,96.0,0.8779296875,0.8583984375,0.01953125,0.8763231039047241,
convnextv2_tiny,nct-crc-100k,frozen,True,42,general,d4_color,mean,,7180,0.913091922005571,0.8865780882144652,6556,624,124.0,63.0,0.87451171875,0.85302734375,0.021484375,0.8626741170883179,
convnextv2_tiny,nct-crc-100k,frozen,True,42,general,d4_color,vote,,7180,0.9114206128133705,0.8861011952688429,6544,636,103.0,54.0,0.87451171875,0.85302734375,0.021484375,0.8626741170883179,
convnextv2_tiny,nct-crc-100k,frozen,True,42,general,d4_color,confidence,,7180,0.9137883008356545,0.8873631357892624,6561,619,129.0,63.0,0.87451171875,0.85302734375,0.021484375,0.8626741170883179,
convnextv2_tiny,nct-crc-100k,frozen,False,42,general,none,mean,,7180,0.9029247910863509,0.8793862069176162,6483,697,,,0.88623046875,0.88623046875,0.0,1.0,
convnextv2_tiny,nct-crc-100k,frozen,False,42,general,flips,mean,,7180,0.9082172701949861,0.8835543074629871,6521,659,116.0,78.0,0.89501953125,0.88232421875,0.0126953125,0.9107242226600647,
convnextv2_tiny,nct-crc-100k,frozen,False,42,general,flips,vote,,7180,0.9057103064066853,0.8824632620701421,6503,677,105.0,85.0,0.89501953125,0.88232421875,0.0126953125,0.9107242226600647,
convnextv2_tiny,nct-crc-100k,frozen,False,42,general,flips,confidence,,7180,0.9082172701949861,0.8838965994110981,6521,659,114.0,76.0,0.89501953125,0.88232421875,0.0126953125,0.9107242226600647,
convnextv2_tiny,nct-crc-100k,frozen,False,42,general,d4,mean,,7180,0.9075208913649025,0.8855400623012825,6516,664,160.0,127.0,0.912109375,0.88916015625,0.02294921875,0.8494428992271423,
convnextv2_tiny,nct-crc-100k,frozen,False,42,general,d4,vote,,7180,0.9057103064066853,0.8839875039193266,6503,677,146.0,126.0,0.912109375,0.88916015625,0.02294921875,0.8494428992271423,
convnextv2_tiny,nct-crc-100k,frozen,False,42,general,d4,confidence,,7180,0.9072423398328691,0.884834271890845,6514,666,161.0,130.0,0.912109375,0.88916015625,0.02294921875,0.8494428992271423,
convnextv2_tiny,nct-crc-100k,frozen,False,42,general,d4_color,mean,,7180,0.9121169916434541,0.8877307575517925,6549,631,143.0,77.0,0.91259765625,0.884765625,0.02783203125,0.8245125412940979,
convnextv2_tiny,nct-crc-100k,frozen,False,42,general,d4_color,vote,,7180,0.9094707520891365,0.88664884130236,6530,650,122.0,75.0,0.91259765625,0.884765625,0.02783203125,0.8245125412940979,
convnextv2_tiny,nct-crc-100k,frozen,False,42,general,d4_color,confidence,,7180,0.9126740947075209,0.8885908202685028,6553,627,148.0,78.0,0.91259765625,0.884765625,0.02783203125,0.8245125412940979,
d4wrn,nct-crc-100k,finetuned,True,0,equivariant,none,mean,,7180,0.9519498607242339,0.9394159196546867,6835,345,,,0.6181640625,0.6181640625,0.0,1.0,
d4wrn,nct-crc-100k,finetuned,True,0,equivariant,flips,mean,,7180,0.9523676880222841,0.9401800731938271,6838,342,7.0,4.0,0.61865234375,0.61865234375,0.0,0.9937325716018677,
d4wrn,nct-crc-100k,finetuned,True,0,equivariant,flips,vote,,7180,0.9525069637883008,0.9402560441163607,6839,341,6.0,2.0,0.61865234375,0.61865234375,0.0,0.9937325716018677,
d4wrn,nct-crc-100k,finetuned,True,0,equivariant,flips,confidence,,7180,0.9523676880222841,0.9401800731938271,6838,342,7.0,4.0,0.61865234375,0.61865234375,0.0,0.9937325716018677,
d4wrn,nct-crc-100k,finetuned,True,0,equivariant,d4,mean,,7180,0.9523676880222841,0.9401800731938271,6838,342,7.0,4.0,0.61865234375,0.61865234375,0.0,0.9937325716018677,
d4wrn,nct-crc-100k,finetuned,True,0,equivariant,d4,vote,,7180,0.9525069637883008,0.9402560441163607,6839,341,6.0,2.0,0.61865234375,0.61865234375,0.0,0.9937325716018677,
d4wrn,nct-crc-100k,finetuned,True,0,equivariant,d4,confidence,,7180,0.9523676880222841,0.9401800731938271,6838,342,7.0,4.0,0.61865234375,0.61865234375,0.0,0.9937325716018677,
d4wrn,nct-crc-100k,finetuned,True,0,equivariant,d4_color,mean,,7180,0.9530640668523677,0.940390096371738,6843,337,10.0,2.0,0.61865234375,0.6171875,0.00146484375,0.9810584783554077,
d4wrn,nct-crc-100k,finetuned,True,0,equivariant,d4_color,vote,,7180,0.9519498607242339,0.939694372092213,6835,345,3.0,3.0,0.61865234375,0.6171875,0.00146484375,0.9810584783554077,
d4wrn,nct-crc-100k,finetuned,True,0,equivariant,d4_color,confidence,,7180,0.9533426183844012,0.9405561817396172,6845,335,12.0,2.0,0.61865234375,0.6171875,0.00146484375,0.9810584783554077,
d4wrn,nct-crc-100k,finetuned,False,42,equivariant,none,mean,,7180,0.9217270194986072,0.9051112727558545,6618,562,,,0.68017578125,0.68017578125,0.0,1.0,
d4wrn,nct-crc-100k,finetuned,False,42,equivariant,flips,mean,,7180,0.9220055710306406,0.905928779931446,6620,560,22.0,20.0,0.6806640625,0.6796875,0.0009765625,0.9814763069152832,
d4wrn,nct-crc-100k,finetuned,False,42,equivariant,flips,vote,,7180,0.922841225626741,0.9056429571164225,6626,554,21.0,13.0,0.6806640625,0.6796875,0.0009765625,0.9814763069152832,
d4wrn,nct-crc-100k,finetuned,False,42,equivariant,flips,confidence,,7180,0.9220055710306406,0.905928779931446,6620,560,22.0,20.0,0.6806640625,0.6796875,0.0009765625,0.9814763069152832,
d4wrn,nct-crc-100k,finetuned,False,42,equivariant,d4,mean,,7180,0.9220055710306406,0.905928779931446,6620,560,22.0,20.0,0.6806640625,0.6796875,0.0009765625,0.9814763069152832,
d4wrn,nct-crc-100k,finetuned,False,42,equivariant,d4,vote,,7180,0.922841225626741,0.9056429571164225,6626,554,21.0,13.0,0.6806640625,0.6796875,0.0009765625,0.9814763069152832,
d4wrn,nct-crc-100k,finetuned,False,42,equivariant,d4,confidence,,7180,0.9220055710306406,0.905928779931446,6620,560,22.0,20.0,0.6806640625,0.6796875,0.0009765625,0.9814763069152832,
d4wrn,nct-crc-100k,finetuned,False,42,equivariant,d4_color,mean,,7180,0.9218662952646239,0.9048760819803222,6619,561,46.0,45.0,0.88720703125,0.7490234375,0.13818359375,0.4362117052078247,
d4wrn,nct-crc-100k,finetuned,False,42,equivariant,d4_color,vote,,7180,0.9222841225626741,0.9053383111236664,6622,558,20.0,16.0,0.88720703125,0.7490234375,0.13818359375,0.4362117052078247,
d4wrn,nct-crc-100k,finetuned,False,42,equivariant,d4_color,confidence,,7180,0.9220055710306406,0.9050097138282894,6620,560,68.0,66.0,0.88720703125,0.7490234375,0.13818359375,0.4362117052078247,
dinov2_b,nct-crc-100k,finetuned,True,0,general,none,mean,,7180,0.9686629526462396,0.9578195757347822,6955,225,,,0.51611328125,0.51611328125,0.0,1.0,
dinov2_b,nct-crc-100k,finetuned,True,0,general,flips,mean,,7180,0.9697771587743732,0.9590604851559016,6963,217,44.0,36.0,0.521484375,0.51513671875,0.00634765625,0.9722841382026672,
dinov2_b,nct-crc-100k,finetuned,True,0,general,flips,vote,,7180,0.9717270194986073,0.9611944263471135,6977,203,47.0,25.0,0.521484375,0.51513671875,0.00634765625,0.9722841382026672,
dinov2_b,nct-crc-100k,finetuned,True,0,general,flips,confidence,,7180,0.96991643454039,0.9592481728435893,6964,216,46.0,37.0,0.521484375,0.51513671875,0.00634765625,0.9722841382026672,
dinov2_b,nct-crc-100k,finetuned,True,0,general,d4,mean,,7180,0.9686629526462396,0.9575339187549995,6955,225,42.0,42.0,0.52490234375,0.515625,0.00927734375,0.9580779671669006,
dinov2_b,nct-crc-100k,finetuned,True,0,general,d4,vote,,7180,0.96991643454039,0.9592829410172118,6964,216,44.0,35.0,0.52490234375,0.515625,0.00927734375,0.9580779671669006,
dinov2_b,nct-crc-100k,finetuned,True,0,general,d4,confidence,,7180,0.968941504178273,0.9577912200039103,6957,223,42.0,40.0,0.52490234375,0.515625,0.00927734375,0.9580779671669006,
dinov2_b,nct-crc-100k,finetuned,True,0,general,d4_color,mean,,7180,0.9697771587743732,0.9590870537981052,6963,217,37.0,29.0,0.52490234375,0.515625,0.00927734375,0.955153226852417,
dinov2_b,nct-crc-100k,finetuned,True,0,general,d4_color,vote,,7180,0.9696378830083565,0.9593945093727778,6962,218,35.0,28.0,0.52490234375,0.515625,0.00927734375,0.955153226852417,
dinov2_b,nct-crc-100k,finetuned,True,0,general,d4_color,confidence,,7180,0.9694986072423398,0.9586780380191201,6961,219,36.0,30.0,0.52490234375,0.515625,0.00927734375,0.955153226852417,
dinov2_b,nct-crc-100k,finetuned,True,1,general,none,mean,,7180,0.9629526462395543,0.952273628682582,6914,266,,,0.517578125,0.517578125,0.0,1.0,
dinov2_b,nct-crc-100k,finetuned,True,1,general,flips,mean,,7180,0.9646239554317548,0.9538077027106966,6926,254,43.0,31.0,0.5263671875,0.517578125,0.0087890625,0.9660167098045349,
dinov2_b,nct-crc-100k,finetuned,True,1,general,flips,vote,,7180,0.9671309192200557,0.9562218295247741,6944,236,49.0,19.0,0.5263671875,0.517578125,0.0087890625,0.9660167098045349,
dinov2_b,nct-crc-100k,finetuned,True,1,general,flips,confidence,,7180,0.9644846796657381,0.9537843997716321,6925,255,45.0,34.0,0.5263671875,0.517578125,0.0087890625,0.9660167098045349,
dinov2_b,nct-crc-100k,finetuned,True,1,general,d4,mean,,7180,0.965041782729805,0.9536113440352249,6929,251,52.0,37.0,0.5302734375,0.51806640625,0.01220703125,0.9479108452796936,
dinov2_b,nct-crc-100k,finetuned,True,1,general,d4,vote,,7180,0.9668523676880223,0.9553259340384818,6942,238,56.0,28.0,0.5302734375,0.51806640625,0.01220703125,0.9479108452796936,
dinov2_b,nct-crc-100k,finetuned,True,1,general,d4,confidence,,7180,0.9649025069637883,0.9535283013512852,6928,252,51.0,37.0,0.5302734375,0.51806640625,0.01220703125,0.9479108452796936,
dinov2_b,nct-crc-100k,finetuned,True,1,general,d4_color,mean,,7180,0.9653203342618384,0.9543462596580699,6931,249,44.0,27.0,0.5302734375,0.51806640625,0.01220703125,0.9427576661109924,
dinov2_b,nct-crc-100k,finetuned,True,1,general,d4_color,vote,,7180,0.9654596100278552,0.954345158222384,6932,248,40.0,22.0,0.5302734375,0.51806640625,0.01220703125,0.9427576661109924,
dinov2_b,nct-crc-100k,finetuned,True,1,general,d4_color,confidence,,7180,0.965041782729805,0.9538662392789465,6929,251,45.0,30.0,0.5302734375,0.51806640625,0.01220703125,0.9427576661109924,
dinov2_b,nct-crc-100k,finetuned,True,2,general,none,mean,,7180,0.9615598885793872,0.9510293583160934,6904,276,,,0.51708984375,0.51708984375,0.0,1.0,
dinov2_b,nct-crc-100k,finetuned,True,2,general,flips,mean,,7180,0.965041782729805,0.9550677572821077,6929,251,57.0,32.0,0.5263671875,0.517578125,0.0087890625,0.9660167098045349,
dinov2_b,nct-crc-100k,finetuned,True,2,general,flips,vote,,7180,0.9686629526462396,0.9589270955992709,6955,225,63.0,12.0,0.5263671875,0.517578125,0.0087890625,0.9660167098045349,
dinov2_b,nct-crc-100k,finetuned,True,2,general,flips,confidence,,7180,0.9649025069637883,0.9549043806410226,6928,252,57.0,33.0,0.5263671875,0.517578125,0.0087890625,0.9660167098045349,
dinov2_b,nct-crc-100k,finetuned,True,2,general,d4,mean,,7180,0.9662952646239554,0.9562781095079642,6938,242,63.0,29.0,0.52978515625,0.51806640625,0.01171875,0.9490250945091248,
dinov2_b,nct-crc-100k,finetuned,True,2,general,d4,vote,,7180,0.9678272980501392,0.9577369418150271,6949,231,65.0,20.0,0.52978515625,0.51806640625,0.01171875,0.9490250945091248,
dinov2_b,nct-crc-100k,finetuned,True,2,general,d4,confidence,,7180,0.9662952646239554,0.9562781095079642,6938,242,63.0,29.0,0.52978515625,0.51806640625,0.01171875,0.9490250945091248,
dinov2_b,nct-crc-100k,finetuned,True,2,general,d4_color,mean,,7180,0.966016713091922,0.9557849496093537,6936,244,50.0,18.0,0.52978515625,0.51806640625,0.01171875,0.9448468089103699,
dinov2_b,nct-crc-100k,finetuned,True,2,general,d4_color,vote,,7180,0.9661559888579387,0.9561605882536317,6937,243,44.0,11.0,0.52978515625,0.51806640625,0.01171875,0.9448468089103699,
dinov2_b,nct-crc-100k,finetuned,True,2,general,d4_color,confidence,,7180,0.9661559888579387,0.9559726372970414,6937,243,51.0,18.0,0.52978515625,0.51806640625,0.01171875,0.9448468089103699,
dinov2_b,nct-crc-100k,finetuned,True,3,general,none,mean,,7180,0.9598885793871866,0.9463062562541578,6892,288,,,0.5703125,0.5703125,0.0,1.0,
dinov2_b,nct-crc-100k,finetuned,True,3,general,flips,mean,,7180,0.9614206128133704,0.9489081456330177,6903,277,49.0,38.0,0.5771484375,0.5693359375,0.0078125,0.9621170163154602,
dinov2_b,nct-crc-100k,finetuned,True,3,general,flips,vote,,7180,0.965041782729805,0.9531773457390528,6929,251,61.0,24.0,0.5771484375,0.5693359375,0.0078125,0.9621170163154602,
dinov2_b,nct-crc-100k,finetuned,True,3,general,flips,confidence,,7180,0.9611420612813371,0.9487349885037327,6901,279,48.0,39.0,0.5771484375,0.5693359375,0.0078125,0.9621170163154602,
dinov2_b,nct-crc-100k,finetuned,True,3,general,d4,mean,,7180,0.9642061281337048,0.9522436098965574,6923,257,65.0,34.0,0.580078125,0.5703125,0.009765625,0.9501392841339111,
dinov2_b,nct-crc-100k,finetuned,True,3,general,d4,vote,,7180,0.966016713091922,0.9543636717554089,6936,244,72.0,28.0,0.580078125,0.5703125,0.009765625,0.9501392841339111,
dinov2_b,nct-crc-100k,finetuned,True,3,general,d4,confidence,,7180,0.9640668523676881,0.9521534954512119,6922,258,66.0,36.0,0.580078125,0.5703125,0.009765625,0.9501392841339111,
dinov2_b,nct-crc-100k,finetuned,True,3,general,d4_color,mean,,7180,0.9639275766016713,0.9515173580546998,6921,259,48.0,19.0,0.58056640625,0.57080078125,0.009765625,0.9452646374702454,
dinov2_b,nct-crc-100k,finetuned,True,3,general,d4_color,vote,,7180,0.9625348189415042,0.9497095093357655,6911,269,37.0,18.0,0.58056640625,0.57080078125,0.009765625,0.9452646374702454,
dinov2_b,nct-crc-100k,finetuned,True,3,general,d4_color,confidence,,7180,0.9636490250696379,0.9511633217302303,6919,261,48.0,21.0,0.58056640625,0.57080078125,0.009765625,0.9452646374702454,
dinov2_b,nct-crc-100k,finetuned,True,42,general,none,mean,,7180,0.9707520891364902,0.9602074111335122,6970,210,,,0.5126953125,0.5126953125,0.0,1.0,
dinov2_b,nct-crc-100k,finetuned,True,42,general,flips,mean,,7180,0.9735376044568245,0.9631101144621204,6990,190,37.0,17.0,0.5205078125,0.51318359375,0.00732421875,0.9721448421478271,
dinov2_b,nct-crc-100k,finetuned,True,42,general,flips,vote,,7180,0.9745125348189415,0.9640928382934786,6997,183,40.0,13.0,0.5205078125,0.51318359375,0.00732421875,0.9721448421478271,
dinov2_b,nct-crc-100k,finetuned,True,42,general,flips,confidence,,7180,0.9732590529247911,0.9625538598915606,6988,192,37.0,19.0,0.5205078125,0.51318359375,0.00732421875,0.9721448421478271,
dinov2_b,nct-crc-100k,finetuned,True,42,general,d4,mean,,7180,0.9732590529247911,0.9628871231556315,6988,192,39.0,21.0,0.52197265625,0.51318359375,0.0087890625,0.9604457020759583,
dinov2_b,nct-crc-100k,finetuned,True,42,general,d4,vote,,7180,0.9733983286908078,0.9624466940233088,6989,191,39.0,20.0,0.52197265625,0.51318359375,0.0087890625,0.9604457020759583,
dinov2_b,nct-crc-100k,finetuned,True,42,general,d4,confidence,,7180,0.9732590529247911,0.9628871231556315,6988,192,39.0,21.0,0.52197265625,0.51318359375,0.0087890625,0.9604457020759583,
dinov2_b,nct-crc-100k,finetuned,True,42,general,d4_color,mean,,7180,0.9728412256267409,0.9625084174171765,6985,195,28.0,13.0,0.5224609375,0.51318359375,0.00927734375,0.9562674164772034,
dinov2_b,nct-crc-100k,finetuned,True,42,general,d4_color,vote,,7180,0.9728412256267409,0.9620214736862349,6985,195,28.0,13.0,0.5224609375,0.51318359375,0.00927734375,0.9562674164772034,
dinov2_b,nct-crc-100k,finetuned,True,42,general,d4_color,confidence,,7180,0.9724233983286908,0.9619453543541135,6982,198,26.0,14.0,0.5224609375,0.51318359375,0.00927734375,0.9562674164772034,
dinov2_b,nct-crc-100k,frozen,True,0,general,none,mean,,7180,0.9370473537604457,0.9099526930803954,6728,452,,,0.72216796875,0.72216796875,0.0,1.0,
dinov2_b,nct-crc-100k,frozen,True,0,general,flips,mean,,7180,0.9417827298050139,0.9150644176006265,6762,418,69.0,35.0,0.7255859375,0.71875,0.0068359375,0.9569637775421143,
dinov2_b,nct-crc-100k,frozen,True,0,general,flips,vote,,7180,0.9399721448467967,0.9136572786777697,6749,431,59.0,38.0,0.7255859375,0.71875,0.0068359375,0.9569637775421143,
dinov2_b,nct-crc-100k,frozen,True,0,general,flips,confidence,,7180,0.9413649025069638,0.9147342411915668,6759,421,68.0,37.0,0.7255859375,0.71875,0.0068359375,0.9569637775421143,
dinov2_b,nct-crc-100k,frozen,True,0,general,d4,mean,,7180,0.9384401114206128,0.910215190342573,6738,442,70.0,60.0,0.73388671875,0.72265625,0.01123046875,0.9275766015052795,
dinov2_b,nct-crc-100k,frozen,True,0,general,d4,vote,,7180,0.9394150417827298,0.9116403215118452,6745,435,69.0,52.0,0.73388671875,0.72265625,0.01123046875,0.9275766015052795,
dinov2_b,nct-crc-100k,frozen,True,0,general,d4,confidence,,7180,0.9384401114206128,0.9102820951770022,6738,442,69.0,59.0,0.73388671875,0.72265625,0.01123046875,0.9275766015052795,
dinov2_b,nct-crc-100k,frozen,True,0,general,d4_color,mean,,7180,0.9403899721448468,0.9134938119852526,6752,428,55.0,31.0,0.73291015625,0.7216796875,0.01123046875,0.9225626587867737,
dinov2_b,nct-crc-100k,frozen,True,0,general,d4_color,vote,,7180,0.9398328690807799,0.912361851388957,6748,432,50.0,30.0,0.73291015625,0.7216796875,0.01123046875,0.9225626587867737,
dinov2_b,nct-crc-100k,frozen,True,0,general,d4_color,confidence,,7180,0.9401114206128134,0.9131468474221892,6750,430,55.0,33.0,0.73291015625,0.7216796875,0.01123046875,0.9225626587867737,
dinov2_b,nct-crc-100k,frozen,True,1,general,none,mean,,7180,0.9331476323119777,0.9122137131387574,6700,480,,,0.68359375,0.68359375,0.0,1.0,
dinov2_b,nct-crc-100k,frozen,True,1,general,flips,mean,,7180,0.9355153203342619,0.9148826756322604,6717,463,66.0,49.0,0.68798828125,0.68017578125,0.0078125,0.9484679698944092,
dinov2_b,nct-crc-100k,frozen,True,1,general,flips,vote,,7180,0.9348189415041783,0.913318630337745,6712,468,64.0,52.0,0.68798828125,0.68017578125,0.0078125,0.9484679698944092,
dinov2_b,nct-crc-100k,frozen,True,1,general,flips,confidence,,7180,0.9353760445682451,0.915042602812129,6716,464,67.0,51.0,0.68798828125,0.68017578125,0.0078125,0.9484679698944092,
dinov2_b,nct-crc-100k,frozen,True,1,general,d4,mean,,7180,0.9350974930362117,0.9120219813581171,6714,466,81.0,67.0,0.6962890625,0.68359375,0.0126953125,0.9133704900741577,
dinov2_b,nct-crc-100k,frozen,True,1,general,d4,vote,,7180,0.9325905292479109,0.909364788906448,6696,484,61.0,65.0,0.6962890625,0.68359375,0.0126953125,0.9133704900741577,
dinov2_b,nct-crc-100k,frozen,True,1,general,d4,confidence,,7180,0.9342618384401115,0.911408032490304,6708,472,78.0,70.0,0.6962890625,0.68359375,0.0126953125,0.9133704900741577,
dinov2_b,nct-crc-100k,frozen,True,1,general,d4_color,mean,,7180,0.9355153203342619,0.9128027531105063,6717,463,66.0,49.0,0.69482421875,0.68212890625,0.0126953125,0.9075208902359009,
dinov2_b,nct-crc-100k,frozen,True,1,general,d4_color,vote,,7180,0.9356545961002786,0.9131253303345382,6718,462,52.0,34.0,0.69482421875,0.68212890625,0.0126953125,0.9075208902359009,
dinov2_b,nct-crc-100k,frozen,True,1,general,d4_color,confidence,,7180,0.9353760445682451,0.9126067316193122,6716,464,65.0,49.0,0.69482421875,0.68212890625,0.0126953125,0.9075208902359009,
dinov2_b,nct-crc-100k,frozen,True,2,general,none,mean,,7180,0.9325905292479109,0.9037867375339164,6696,484,,,0.6796875,0.6796875,0.0,1.0,
dinov2_b,nct-crc-100k,frozen,True,2,general,flips,mean,,7180,0.9363509749303621,0.9085610471904106,6723,457,64.0,37.0,0.68359375,0.67626953125,0.00732421875,0.9526462554931641,
dinov2_b,nct-crc-100k,frozen,True,2,general,flips,vote,,7180,0.9335654596100279,0.9054769352127663,6703,477,48.0,41.0,0.68359375,0.67626953125,0.00732421875,0.9526462554931641,
dinov2_b,nct-crc-100k,frozen,True,2,general,flips,confidence,,7180,0.9356545961002786,0.9078585996181844,6718,462,60.0,38.0,0.68359375,0.67626953125,0.00732421875,0.9526462554931641,
dinov2_b,nct-crc-100k,frozen,True,2,general,d4,mean,,7180,0.935933147632312,0.9061561983363242,6720,460,77.0,53.0,0.69140625,0.68017578125,0.01123046875,0.9222841262817383,
dinov2_b,nct-crc-100k,frozen,True,2,general,d4,vote,,7180,0.9344011142061281,0.9040966539626629,6709,471,72.0,59.0,0.69140625,0.68017578125,0.01123046875,0.9222841262817383,
dinov2_b,nct-crc-100k,frozen,True,2,general,d4,confidence,,7180,0.9356545961002786,0.9059169745393935,6718,462,76.0,54.0,0.69140625,0.68017578125,0.01123046875,0.9222841262817383,
dinov2_b,nct-crc-100k,frozen,True,2,general,d4_color,mean,,7180,0.9363509749303621,0.9068004335233163,6723,457,66.0,39.0,0.68994140625,0.67822265625,0.01171875,0.9179665446281433,
dinov2_b,nct-crc-100k,frozen,True,2,general,d4_color,vote,,7180,0.9356545961002786,0.9062077948103627,6718,462,54.0,32.0,0.68994140625,0.67822265625,0.01171875,0.9179665446281433,
dinov2_b,nct-crc-100k,frozen,True,2,general,d4_color,confidence,,7180,0.9363509749303621,0.9065676311832986,6723,457,68.0,41.0,0.68994140625,0.67822265625,0.01171875,0.9179665446281433,
dinov2_b,nct-crc-100k,frozen,True,3,general,none,mean,,7180,0.9346796657381615,0.9086300737202557,6711,469,,,0.73681640625,0.73681640625,0.0,1.0,
dinov2_b,nct-crc-100k,frozen,True,3,general,flips,mean,,7180,0.9394150417827298,0.9140617508308088,6745,435,74.0,40.0,0.740234375,0.7333984375,0.0068359375,0.9554317593574524,
dinov2_b,nct-crc-100k,frozen,True,3,general,flips,vote,,7180,0.9366295264623955,0.9115549362917602,6725,455,56.0,42.0,0.740234375,0.7333984375,0.0068359375,0.9554317593574524,
dinov2_b,nct-crc-100k,frozen,True,3,general,flips,confidence,,7180,0.9395543175487465,0.9144232459522745,6746,434,75.0,40.0,0.740234375,0.7333984375,0.0068359375,0.9554317593574524,
dinov2_b,nct-crc-100k,frozen,True,3,general,d4,mean,,7180,0.9385793871866295,0.9116258452901911,6739,441,79.0,51.0,0.74853515625,0.73779296875,0.0107421875,0.926183819770813,
dinov2_b,nct-crc-100k,frozen,True,3,general,d4,vote,,7180,0.9376044568245125,0.9100977038371494,6732,448,75.0,54.0,0.74853515625,0.73779296875,0.0107421875,0.926183819770813,
dinov2_b,nct-crc-100k,frozen,True,3,general,d4,confidence,,7180,0.9387186629526463,0.9119447466238305,6740,440,81.0,52.0,0.74853515625,0.73779296875,0.0107421875,0.926183819770813,
dinov2_b,nct-crc-100k,frozen,True,3,general,d4_color,mean,,7180,0.9387186629526463,0.9122789712570345,6740,440,64.0,35.0,0.74755859375,0.73681640625,0.0107421875,0.9213091731071472,
dinov2_b,nct-crc-100k,frozen,True,3,general,d4_color,vote,,7180,0.9380222841225627,0.9112001381881922,6735,445,57.0,33.0,0.74755859375,0.73681640625,0.0107421875,0.9213091731071472,
dinov2_b,nct-crc-100k,frozen,True,3,general,d4_color,confidence,,7180,0.9384401114206128,0.9119076956473686,6738,442,64.0,37.0,0.74755859375,0.73681640625,0.0107421875,0.9213091731071472,
dinov2_b,nct-crc-100k,frozen,True,42,general,none,mean,,7180,0.933983286908078,0.9071934848061893,6706,474,,,0.72998046875,0.72998046875,0.0,1.0,
dinov2_b,nct-crc-100k,frozen,True,42,general,flips,mean,,7180,0.9380222841225627,0.9114475987519329,6735,445,68.0,39.0,0.7333984375,0.7265625,0.0068359375,0.9536211490631104,
dinov2_b,nct-crc-100k,frozen,True,42,general,flips,vote,,7180,0.935933147632312,0.9093354172437818,6720,460,55.0,41.0,0.7333984375,0.7265625,0.0068359375,0.9536211490631104,
dinov2_b,nct-crc-100k,frozen,True,42,general,flips,confidence,,7180,0.9376044568245125,0.9111174223428732,6732,448,66.0,40.0,0.7333984375,0.7265625,0.0068359375,0.9536211490631104,
dinov2_b,nct-crc-100k,frozen,True,42,general,d4,mean,,7180,0.9370473537604457,0.9093562440130749,6728,452,75.0,53.0,0.7421875,0.73095703125,0.01123046875,0.9249303340911865,
dinov2_b,nct-crc-100k,frozen,True,42,general,d4,vote,,7180,0.9370473537604457,0.909117950861495,6728,452,70.0,48.0,0.7421875,0.73095703125,0.01123046875,0.9249303340911865,
dinov2_b,nct-crc-100k,frozen,True,42,general,d4,confidence,,7180,0.9371866295264624,0.9095061915314437,6729,451,75.0,52.0,0.7421875,0.73095703125,0.01123046875,0.9249303340911865,
dinov2_b,nct-crc-100k,frozen,True,42,general,d4_color,mean,,7180,0.9380222841225627,0.9112702474529579,6735,445,64.0,35.0,0.7412109375,0.72998046875,0.01123046875,0.9185236692428589,
dinov2_b,nct-crc-100k,frozen,True,42,general,d4_color,vote,,7180,0.9377437325905292,0.9101194860274576,6733,447,53.0,26.0,0.7412109375,0.72998046875,0.01123046875,0.9185236692428589,
dinov2_b,nct-crc-100k,frozen,True,42,general,d4_color,confidence,,7180,0.9373259052924791,0.9103908882347446,6730,450,63.0,39.0,0.7412109375,0.72998046875,0.01123046875,0.9185236692428589,
dinov2_s,nct-crc-100k,finetuned,True,0,general,none,mean,,7180,0.9664345403899721,0.9578383541719988,6939,241,,,0.5283203125,0.5283203125,0.0,1.0,
dinov2_s,nct-crc-100k,finetuned,True,0,general,flips,mean,,7180,0.9686629526462396,0.9589901481372473,6955,225,49.0,33.0,0.53515625,0.52783203125,0.00732421875,0.9662952423095703,
dinov2_s,nct-crc-100k,finetuned,True,0,general,flips,vote,,7180,0.9688022284122563,0.9589399276603076,6956,224,48.0,31.0,0.53515625,0.52783203125,0.00732421875,0.9662952423095703,
dinov2_s,nct-crc-100k,finetuned,True,0,general,flips,confidence,,7180,0.9688022284122563,0.9590975018677894,6956,224,50.0,33.0,0.53515625,0.52783203125,0.00732421875,0.9662952423095703,
dinov2_s,nct-crc-100k,finetuned,True,0,general,d4,mean,,7180,0.9690807799442896,0.9601800323581912,6958,222,53.0,34.0,0.53662109375,0.52783203125,0.0087890625,0.9505571126937866,
dinov2_s,nct-crc-100k,finetuned,True,0,general,d4,vote,,7180,0.968941504178273,0.9595866573774765,6957,223,56.0,38.0,0.53662109375,0.52783203125,0.0087890625,0.9505571126937866,
dinov2_s,nct-crc-100k,finetuned,True,0,general,d4,confidence,,7180,0.9692200557103064,0.960403242072299,6959,221,54.0,34.0,0.53662109375,0.52783203125,0.0087890625,0.9505571126937866,
dinov2_s,nct-crc-100k,finetuned,True,0,general,d4_color,mean,,7180,0.9692200557103064,0.9606139120559105,6959,221,40.0,20.0,0.537109375,0.52783203125,0.00927734375,0.9449860453605652,
dinov2_s,nct-crc-100k,finetuned,True,0,general,d4_color,vote,,7180,0.9692200557103064,0.9608130739923185,6959,221,38.0,18.0,0.537109375,0.52783203125,0.00927734375,0.9449860453605652,
dinov2_s,nct-crc-100k,finetuned,True,0,general,d4_color,confidence,,7180,0.9694986072423398,0.9608286195169948,6961,219,42.0,20.0,0.537109375,0.52783203125,0.00927734375,0.9449860453605652,
dinov2_s,nct-crc-100k,finetuned,True,1,general,none,mean,,7180,0.9639275766016713,0.9555450004542256,6921,259,,,0.515625,0.515625,0.0,1.0,
dinov2_s,nct-crc-100k,finetuned,True,1,general,flips,mean,,7180,0.9672701949860725,0.9590924295537211,6945,235,44.0,20.0,0.5224609375,0.51513671875,0.00732421875,0.9700556993484497,
dinov2_s,nct-crc-100k,finetuned,True,1,general,flips,vote,,7180,0.9685236768802229,0.9604791217473811,6954,226,51.0,18.0,0.5224609375,0.51513671875,0.00732421875,0.9700556993484497,
dinov2_s,nct-crc-100k,finetuned,True,1,general,flips,confidence,,7180,0.9674094707520892,0.9592801172414087,6946,234,45.0,20.0,0.5224609375,0.51513671875,0.00732421875,0.9700556993484497,
dinov2_s,nct-crc-100k,finetuned,True,1,general,d4,mean,,7180,0.9681058495821727,0.960089733901584,6951,229,50.0,20.0,0.5234375,0.5146484375,0.0087890625,0.9590529203414917,
dinov2_s,nct-crc-100k,finetuned,True,1,general,d4,vote,,7180,0.9682451253481894,0.9605480963151207,6952,228,56.0,25.0,0.5234375,0.5146484375,0.0087890625,0.9590529203414917,
dinov2_s,nct-crc-100k,finetuned,True,1,general,d4,confidence,,7180,0.9685236768802229,0.960652796964647,6954,226,52.0,19.0,0.5234375,0.5146484375,0.0087890625,0.9590529203414917,
dinov2_s,nct-crc-100k,finetuned,True,1,general,d4_color,mean,,7180,0.9675487465181059,0.9593311659864538,6947,233,42.0,16.0,0.5244140625,0.5146484375,0.009765625,0.9522284269332886,
dinov2_s,nct-crc-100k,finetuned,True,1,general,d4_color,vote,,7180,0.9675487465181059,0.9592019203328737,6947,233,41.0,15.0,0.5244140625,0.5146484375,0.009765625,0.9522284269332886,
dinov2_s,nct-crc-100k,finetuned,True,1,general,d4_color,confidence,,7180,0.9676880222841225,0.9594314479555899,6948,232,43.0,16.0,0.5244140625,0.5146484375,0.009765625,0.9522284269332886,
dinov2_s,nct-crc-100k,finetuned,True,2,general,none,mean,,7180,0.9642061281337048,0.958151666534389,6923,257,,,0.53369140625,0.53369140625,0.0,1.0,
dinov2_s,nct-crc-100k,finetuned,True,2,general,flips,mean,,7180,0.9681058495821727,0.9618004731703008,6951,229,53.0,25.0,0.5419921875,0.53515625,0.0068359375,0.9685236811637878,
dinov2_s,nct-crc-100k,finetuned,True,2,general,flips,vote,,7180,0.967966573816156,0.9603381399260998,6950,230,49.0,22.0,0.5419921875,0.53515625,0.0068359375,0.9685236811637878,
dinov2_s,nct-crc-100k,finetuned,True,2,general,flips,confidence,,7180,0.967966573816156,0.9615365512911771,6950,230,52.0,25.0,0.5419921875,0.53515625,0.0068359375,0.9685236811637878,
dinov2_s,nct-crc-100k,finetuned,True,2,general,d4,mean,,7180,0.9683844011142061,0.9621132160677204,6953,227,60.0,30.0,0.544921875,0.53515625,0.009765625,0.9532033205032349,
dinov2_s,nct-crc-100k,finetuned,True,2,general,d4,vote,,7180,0.9683844011142061,0.9612544701893078,6953,227,60.0,30.0,0.544921875,0.53515625,0.009765625,0.9532033205032349,
dinov2_s,nct-crc-100k,finetuned,True,2,general,d4,confidence,,7180,0.9683844011142061,0.9621132160677204,6953,227,60.0,30.0,0.544921875,0.53515625,0.009765625,0.9532033205032349,
dinov2_s,nct-crc-100k,finetuned,True,2,general,d4_color,mean,,7180,0.967966573816156,0.9615565103659678,6950,230,49.0,22.0,0.54443359375,0.53515625,0.00927734375,0.9494429230690002,
dinov2_s,nct-crc-100k,finetuned,True,2,general,d4_color,vote,,7180,0.9671309192200557,0.9604628948178634,6944,236,42.0,21.0,0.54443359375,0.53515625,0.00927734375,0.9494429230690002,
dinov2_s,nct-crc-100k,finetuned,True,2,general,d4_color,confidence,,7180,0.9678272980501392,0.9615710409243705,6949,231,49.0,23.0,0.54443359375,0.53515625,0.00927734375,0.9494429230690002,
dinov2_s,nct-crc-100k,finetuned,True,3,general,none,mean,,7180,0.963091922005571,0.9527174146289146,6915,265,,,0.52490234375,0.52490234375,0.0,1.0,
dinov2_s,nct-crc-100k,finetuned,True,3,general,flips,mean,,7180,0.9637883008356546,0.9531963225460743,6920,260,38.0,33.0,0.5322265625,0.5244140625,0.0078125,0.966156005859375,
dinov2_s,nct-crc-100k,finetuned,True,3,general,flips,vote,,7180,0.9644846796657381,0.953582705382867,6925,255,36.0,26.0,0.5322265625,0.5244140625,0.0078125,0.966156005859375,
dinov2_s,nct-crc-100k,finetuned,True,3,general,flips,confidence,,7180,0.9642061281337048,0.9536671741746052,6923,257,39.0,31.0,0.5322265625,0.5244140625,0.0078125,0.966156005859375,
dinov2_s,nct-crc-100k,finetuned,True,3,general,d4,mean,,7180,0.9657381615598886,0.9556900486625831,6934,246,56.0,37.0,0.533203125,0.52294921875,0.01025390625,0.951671302318573,
dinov2_s,nct-crc-100k,finetuned,True,3,general,d4,vote,,7180,0.9662952646239554,0.955968170874419,6938,242,52.0,29.0,0.533203125,0.52294921875,0.01025390625,0.951671302318573,
dinov2_s,nct-crc-100k,finetuned,True,3,general,d4,confidence,,7180,0.9657381615598886,0.9556900486625831,6934,246,56.0,37.0,0.533203125,0.52294921875,0.01025390625,0.951671302318573,
dinov2_s,nct-crc-100k,finetuned,True,3,general,d4_color,mean,,7180,0.965041782729805,0.9544987288197461,6929,251,41.0,27.0,0.53369140625,0.5234375,0.01025390625,0.9461002945899963,
dinov2_s,nct-crc-100k,finetuned,True,3,general,d4_color,vote,,7180,0.9649025069637883,0.9546802003397646,6928,252,37.0,24.0,0.53369140625,0.5234375,0.01025390625,0.9461002945899963,
dinov2_s,nct-crc-100k,finetuned,True,3,general,d4_color,confidence,,7180,0.9653203342618384,0.9547848647562858,6931,249,43.0,27.0,0.53369140625,0.5234375,0.01025390625,0.9461002945899963,
dinov2_s,nct-crc-100k,finetuned,True,42,general,none,mean,,7180,0.9610027855153204,0.9551858756045581,6900,280,,,0.53173828125,0.53173828125,0.0,1.0,
dinov2_s,nct-crc-100k,finetuned,True,42,general,flips,mean,,7180,0.9608635097493036,0.9534228219969066,6899,281,36.0,37.0,0.53955078125,0.53173828125,0.0078125,0.9657381772994995,
dinov2_s,nct-crc-100k,finetuned,True,42,general,flips,vote,,7180,0.9632311977715877,0.9559213254037613,6916,264,43.0,27.0,0.53955078125,0.53173828125,0.0078125,0.9657381772994995,
dinov2_s,nct-crc-100k,finetuned,True,42,general,flips,confidence,,7180,0.9612813370473537,0.9542359266851841,6902,278,39.0,37.0,0.53955078125,0.53173828125,0.0078125,0.9657381772994995,
dinov2_s,nct-crc-100k,finetuned,True,42,general,d4,mean,,7180,0.9607242339832869,0.9535178438991719,6898,282,41.0,43.0,0.5419921875,0.53173828125,0.01025390625,0.9505571126937866,
dinov2_s,nct-crc-100k,finetuned,True,42,general,d4,vote,,7180,0.963091922005571,0.9557858110114341,6915,265,50.0,35.0,0.5419921875,0.53173828125,0.01025390625,0.9505571126937866,
dinov2_s,nct-crc-100k,finetuned,True,42,general,d4,confidence,,7180,0.9608635097493036,0.9537440256089764,6899,281,42.0,43.0,0.5419921875,0.53173828125,0.01025390625,0.9505571126937866,
dinov2_s,nct-crc-100k,finetuned,True,42,general,d4_color,mean,,7180,0.9629526462395543,0.9564442387935238,6914,266,38.0,24.0,0.54248046875,0.53173828125,0.0107421875,0.9431754946708679,
dinov2_s,nct-crc-100k,finetuned,True,42,general,d4_color,vote,,7180,0.9622562674094708,0.9555099001207947,6909,271,36.0,27.0,0.54248046875,0.53173828125,0.0107421875,0.9431754946708679,
dinov2_s,nct-crc-100k,finetuned,True,42,general,d4_color,confidence,,7180,0.9626740947075209,0.9560729631838579,6912,268,39.0,27.0,0.54248046875,0.53173828125,0.0107421875,0.9431754946708679,
dinov2_s,nct-crc-100k,finetuned,False,42,general,none,mean,,7180,0.9434540389972145,0.9418449086909157,6774,406,,,0.5595703125,0.5595703125,0.0,1.0,
dinov2_s,nct-crc-100k,finetuned,False,42,general,flips,mean,,7180,0.9469359331476324,0.9450949671211456,6799,381,90.0,65.0,0.57275390625,0.55712890625,0.015625,0.9332869052886963,
dinov2_s,nct-crc-100k,finetuned,False,42,general,flips,vote,,7180,0.9505571030640668,0.9477180907108858,6825,355,89.0,38.0,0.57275390625,0.55712890625,0.015625,0.9332869052886963,
dinov2_s,nct-crc-100k,finetuned,False,42,general,flips,confidence,,7180,0.9476323119777159,0.9454855404383091,6804,376,93.0,63.0,0.57275390625,0.55712890625,0.015625,0.9332869052886963,
dinov2_s,nct-crc-100k,finetuned,False,42,general,d4,mean,,7180,0.9462395543175487,0.9443127644223515,6794,386,102.0,82.0,0.5810546875,0.556640625,0.0244140625,0.8919219970703125,
dinov2_s,nct-crc-100k,finetuned,False,42,general,d4,vote,,7180,0.9491643454038997,0.9468639258869113,6815,365,108.0,67.0,0.5810546875,0.556640625,0.0244140625,0.8919219970703125,
dinov2_s,nct-crc-100k,finetuned,False,42,general,d4,confidence,,7180,0.9465181058495822,0.9443861301663957,6796,384,106.0,84.0,0.5810546875,0.556640625,0.0244140625,0.8919219970703125,
dinov2_s,nct-crc-100k,finetuned,False,42,general,d4_color,mean,,7180,0.9481894150417828,0.9455306452736286,6808,372,92.0,58.0,0.5927734375,0.560546875,0.0322265625,0.8569638133049011,
dinov2_s,nct-crc-100k,finetuned,False,42,general,d4_color,vote,,7180,0.9479108635097493,0.9450625951357018,6806,374,78.0,46.0,0.5927734375,0.560546875,0.0322265625,0.8569638133049011,
dinov2_s,nct-crc-100k,finetuned,False,42,general,d4_color,confidence,,7180,0.9486072423398328,0.9456332489339682,6811,369,96.0,59.0,0.5927734375,0.560546875,0.0322265625,0.8569638133049011,
dinov2_s,nct-crc-100k,frozen,True,0,general,none,mean,,7180,0.9256267409470752,0.9040267620549659,6646,534,,,0.78466796875,0.78466796875,0.0,1.0,
dinov2_s,nct-crc-100k,frozen,True,0,general,flips,mean,,7180,0.9299442896935933,0.9078857688478337,6677,503,83.0,52.0,0.7919921875,0.78369140625,0.00830078125,0.9391365051269531,
dinov2_s,nct-crc-100k,frozen,True,0,general,flips,vote,,7180,0.9249303621169916,0.9033357059217693,6641,539,63.0,68.0,0.7919921875,0.78369140625,0.00830078125,0.9391365051269531,
dinov2_s,nct-crc-100k,frozen,True,0,general,flips,confidence,,7180,0.9296657381615598,0.9070736779198355,6675,505,84.0,55.0,0.7919921875,0.78369140625,0.00830078125,0.9391365051269531,
dinov2_s,nct-crc-100k,frozen,True,0,general,d4,mean,,7180,0.9298050139275766,0.9069271872215288,6676,504,99.0,69.0,0.8037109375,0.7900390625,0.013671875,0.9032033681869507,
dinov2_s,nct-crc-100k,frozen,True,0,general,d4,vote,,7180,0.9261838440111421,0.9034312648445931,6650,530,88.0,84.0,0.8037109375,0.7900390625,0.013671875,0.9032033681869507,
dinov2_s,nct-crc-100k,frozen,True,0,general,d4,confidence,,7180,0.9296657381615598,0.9068246392069673,6675,505,100.0,71.0,0.8037109375,0.7900390625,0.013671875,0.9032033681869507,
dinov2_s,nct-crc-100k,frozen,True,0,general,d4_color,mean,,7180,0.9307799442896936,0.9081340141220079,6683,497,82.0,45.0,0.8017578125,0.78759765625,0.01416015625,0.8942896723747253,
dinov2_s,nct-crc-100k,frozen,True,0,general,d4_color,vote,,7180,0.9286908077994429,0.9060909898302874,6668,512,68.0,46.0,0.8017578125,0.78759765625,0.01416015625,0.8942896723747253,
dinov2_s,nct-crc-100k,frozen,True,0,general,d4_color,confidence,,7180,0.9313370473537604,0.9084944719033903,6687,493,86.0,45.0,0.8017578125,0.78759765625,0.01416015625,0.8942896723747253,
dinov2_s,nct-crc-100k,frozen,True,1,general,none,mean,,7180,0.9211699164345404,0.8974275051385389,6614,566,,,0.7705078125,0.7705078125,0.0,1.0,
dinov2_s,nct-crc-100k,frozen,True,1,general,flips,mean,,7180,0.9239554317548746,0.8990641903854729,6634,546,70.0,50.0,0.7783203125,0.77099609375,0.00732421875,0.9430361986160278,
dinov2_s,nct-crc-100k,frozen,True,1,general,flips,vote,,7180,0.91991643454039,0.8957486477855957,6605,575,50.0,59.0,0.7783203125,0.77099609375,0.00732421875,0.9430361986160278,
dinov2_s,nct-crc-100k,frozen,True,1,general,flips,confidence,,7180,0.9235376044568245,0.8980986173143235,6631,549,67.0,50.0,0.7783203125,0.77099609375,0.00732421875,0.9430361986160278,
dinov2_s,nct-crc-100k,frozen,True,1,general,d4,mean,,7180,0.9238161559888579,0.8986637422512731,6633,547,84.0,65.0,0.7890625,0.77587890625,0.01318359375,0.9054317474365234,
dinov2_s,nct-crc-100k,frozen,True,1,general,d4,vote,,7180,0.920891364902507,0.8955741323250255,6612,568,71.0,73.0,0.7890625,0.77587890625,0.01318359375,0.9054317474365234,
dinov2_s,nct-crc-100k,frozen,True,1,general,d4,confidence,,7180,0.9240947075208914,0.8989415443843064,6635,545,85.0,64.0,0.7890625,0.77587890625,0.01318359375,0.9054317474365234,
dinov2_s,nct-crc-100k,frozen,True,1,general,d4_color,mean,,7180,0.9238161559888579,0.8985249082803615,6633,547,66.0,47.0,0.787109375,0.7734375,0.013671875,0.8970752358436584,
dinov2_s,nct-crc-100k,frozen,True,1,general,d4_color,vote,,7180,0.9215877437325906,0.8962877006954759,6617,563,42.0,39.0,0.787109375,0.7734375,0.013671875,0.8970752358436584,
dinov2_s,nct-crc-100k,frozen,True,1,general,d4_color,confidence,,7180,0.9242339832869081,0.898523665651034,6636,544,72.0,50.0,0.787109375,0.7734375,0.013671875,0.8970752358436584,
dinov2_s,nct-crc-100k,frozen,True,2,general,none,mean,,7180,0.9182451253481894,0.8977991102073896,6593,587,,,0.78076171875,0.78076171875,0.0,1.0,
dinov2_s,nct-crc-100k,frozen,True,2,general,flips,mean,,7180,0.9203342618384401,0.8993347359089405,6608,572,81.0,66.0,0.7900390625,0.78076171875,0.00927734375,0.9352367520332336,
dinov2_s,nct-crc-100k,frozen,True,2,general,flips,vote,,7180,0.9186629526462395,0.8979097362924406,6596,584,69.0,66.0,0.7900390625,0.78076171875,0.00927734375,0.9352367520332336,
dinov2_s,nct-crc-100k,frozen,True,2,general,flips,confidence,,7180,0.9200557103064066,0.8992502465403075,6606,574,79.0,66.0,0.7900390625,0.78076171875,0.00927734375,0.9352367520332336,
dinov2_s,nct-crc-100k,frozen,True,2,general,d4,mean,,7180,0.9224233983286908,0.9012147994042246,6623,557,103.0,73.0,0.80126953125,0.78662109375,0.0146484375,0.89415043592453,
dinov2_s,nct-crc-100k,frozen,True,2,general,d4,vote,,7180,0.9186629526462395,0.8976476145205089,6596,584,90.0,87.0,0.80126953125,0.78662109375,0.0146484375,0.89415043592453,
dinov2_s,nct-crc-100k,frozen,True,2,general,d4,confidence,,7180,0.9220055710306406,0.9006558361068708,6620,560,103.0,76.0,0.80126953125,0.78662109375,0.0146484375,0.89415043592453,
dinov2_s,nct-crc-100k,frozen,True,2,general,d4_color,mean,,7180,0.922841225626741,0.901903629427106,6626,554,85.0,52.0,0.79931640625,0.7841796875,0.01513671875,0.8825905323028564,
dinov2_s,nct-crc-100k,frozen,True,2,general,d4_color,vote,,7180,0.9210306406685237,0.8997643339785287,6613,567,66.0,46.0,0.79931640625,0.7841796875,0.01513671875,0.8825905323028564,
dinov2_s,nct-crc-100k,frozen,True,2,general,d4_color,confidence,,7180,0.922841225626741,0.9015506527517397,6626,554,89.0,56.0,0.79931640625,0.7841796875,0.01513671875,0.8825905323028564,
dinov2_s,nct-crc-100k,frozen,True,3,general,none,mean,,7180,0.924791086350975,0.9010450035496186,6640,540,,,0.7587890625,0.7587890625,0.0,1.0,
dinov2_s,nct-crc-100k,frozen,True,3,general,flips,mean,,7180,0.9272980501392758,0.9036414411484144,6658,522,76.0,58.0,0.76708984375,0.75830078125,0.0087890625,0.9403899908065796,
dinov2_s,nct-crc-100k,frozen,True,3,general,flips,vote,,7180,0.9245125348189415,0.9010630520431828,6638,542,58.0,60.0,0.76708984375,0.75830078125,0.0087890625,0.9403899908065796,
dinov2_s,nct-crc-100k,frozen,True,3,general,flips,confidence,,7180,0.9268802228412256,0.9029596434342368,6655,525,74.0,59.0,0.76708984375,0.75830078125,0.0087890625,0.9403899908065796,
dinov2_s,nct-crc-100k,frozen,True,3,general,d4,mean,,7180,0.9254874651810585,0.9006855028397914,6645,535,95.0,90.0,0.779296875,0.76513671875,0.01416015625,0.9023677110671997,
dinov2_s,nct-crc-100k,frozen,True,3,general,d4,vote,,7180,0.9236768802228412,0.8988076165795,6632,548,82.0,90.0,0.779296875,0.76513671875,0.01416015625,0.9023677110671997,
dinov2_s,nct-crc-100k,frozen,True,3,general,d4,confidence,,7180,0.9259052924791087,0.9012829601592619,6648,532,98.0,90.0,0.779296875,0.76513671875,0.01416015625,0.9023677110671997,
dinov2_s,nct-crc-100k,frozen,True,3,general,d4_color,mean,,7180,0.9275766016713092,0.9030911087015825,6660,520,75.0,55.0,0.77734375,0.7626953125,0.0146484375,0.8935933113098145,
dinov2_s,nct-crc-100k,frozen,True,3,general,d4_color,vote,,7180,0.9272980501392758,0.9024194907799902,6658,522,60.0,42.0,0.77734375,0.7626953125,0.0146484375,0.8935933113098145,
dinov2_s,nct-crc-100k,frozen,True,3,general,d4_color,confidence,,7180,0.9277158774373259,0.9030500095009764,6661,519,78.0,57.0,0.77734375,0.7626953125,0.0146484375,0.8935933113098145,
dinov2_s,nct-crc-100k,frozen,True,42,general,none,mean,,7180,0.9221448467966574,0.8945986810105198,6621,559,,,0.763671875,0.763671875,0.0,1.0,0.14050078750652853
dinov2_s,nct-crc-100k,frozen,True,42,general,d4,mean,,7180,0.9257660167130919,0.8967207323130988,6647,533,95.0,69.0,0.783203125,0.76904296875,0.01416015625,0.9027855396270752,0.14917944267931754
dinov2_s,nct-crc-100k,frozen,False,42,general,none,mean,,7180,0.9214484679665739,0.8951190216755138,6616,564,,,0.76025390625,0.76025390625,0.0,1.0,
dinov2_s,nct-crc-100k,frozen,False,42,general,flips,mean,,7180,0.9259052924791087,0.8973756698493782,6648,532,91.0,59.0,0.7685546875,0.759765625,0.0087890625,0.9349582195281982,
dinov2_s,nct-crc-100k,frozen,False,42,general,flips,vote,,7180,0.9240947075208914,0.8961281098135676,6635,545,79.0,60.0,0.7685546875,0.759765625,0.0087890625,0.9349582195281982,
dinov2_s,nct-crc-100k,frozen,False,42,general,flips,confidence,,7180,0.9264623955431754,0.8979786281936306,6652,528,93.0,57.0,0.7685546875,0.759765625,0.0087890625,0.9349582195281982,
dinov2_s,nct-crc-100k,frozen,False,42,general,d4,mean,,7180,0.9254874651810585,0.8955018771386332,6645,535,112.0,83.0,0.78125,0.7666015625,0.0146484375,0.8974930644035339,
dinov2_s,nct-crc-100k,frozen,False,42,general,d4,vote,,7180,0.9229805013927577,0.8929806430665059,6627,553,102.0,91.0,0.78125,0.7666015625,0.0146484375,0.8974930644035339,
dinov2_s,nct-crc-100k,frozen,False,42,general,d4,confidence,,7180,0.9249303621169916,0.8948781448844016,6641,539,112.0,87.0,0.78125,0.7666015625,0.0146484375,0.8974930644035339,
dinov2_s,nct-crc-100k,frozen,False,42,general,d4_color,mean,,7180,0.9257660167130919,0.8967962846452752,6647,533,89.0,58.0,0.78125,0.765625,0.015625,0.8864902257919312,
dinov2_s,nct-crc-100k,frozen,False,42,general,d4_color,vote,,7180,0.9245125348189415,0.8954833622373839,6638,542,68.0,46.0,0.78125,0.765625,0.015625,0.8864902257919312,
dinov2_s,nct-crc-100k,frozen,False,42,general,d4_color,confidence,,7180,0.9259052924791087,0.8966133084609041,6648,532,91.0,59.0,0.78125,0.765625,0.015625,0.8864902257919312,
gigapath,nct-crc-100k,frozen,True,0,histology,none,mean,,7180,0.9590529247910864,0.9455832188498392,6886,294,,,0.5888671875,0.5888671875,0.0,1.0,
gigapath,nct-crc-100k,frozen,True,0,histology,flips,mean,,7180,0.95974930362117,0.946633281289622,6891,289,10.0,5.0,0.591796875,0.58935546875,0.00244140625,0.9883008599281311,
gigapath,nct-crc-100k,frozen,True,0,histology,flips,vote,,7180,0.9590529247910864,0.9452924566097849,6886,294,10.0,10.0,0.591796875,0.58935546875,0.00244140625,0.9883008599281311,
gigapath,nct-crc-100k,frozen,True,0,histology,flips,confidence,,7180,0.9596100278551533,0.946369359410498,6890,290,9.0,5.0,0.591796875,0.58935546875,0.00244140625,0.9883008599281311,
gigapath,nct-crc-100k,frozen,True,0,histology,d4,mean,,7180,0.9594707520891365,0.9460061543354361,6889,291,13.0,10.0,0.58837890625,0.5849609375,0.00341796875,0.9823119640350342,
gigapath,nct-crc-100k,frozen,True,0,histology,d4,vote,,7180,0.9596100278551533,0.9462700762145597,6890,290,14.0,10.0,0.58837890625,0.5849609375,0.00341796875,0.9823119640350342,
gigapath,nct-crc-100k,frozen,True,0,histology,d4,confidence,,7180,0.9596100278551533,0.9462700762145597,6890,290,14.0,10.0,0.58837890625,0.5849609375,0.00341796875,0.9823119640350342,
gigapath,nct-crc-100k,frozen,True,0,histology,d4_color,mean,,7180,0.95974930362117,0.9465481416164957,6891,289,11.0,6.0,0.59130859375,0.5869140625,0.00439453125,0.9795264601707458,
gigapath,nct-crc-100k,frozen,True,0,histology,d4_color,vote,,7180,0.9596100278551533,0.9466318346049282,6890,290,10.0,6.0,0.59130859375,0.5869140625,0.00439453125,0.9795264601707458,
gigapath,nct-crc-100k,frozen,True,0,histology,d4_color,confidence,,7180,0.95974930362117,0.9467219490502737,6891,289,11.0,6.0,0.59130859375,0.5869140625,0.00439453125,0.9795264601707458,
gigapath,nct-crc-100k,frozen,True,1,histology,none,mean,,7180,0.9664345403899721,0.9559933974983519,6939,241,,,0.63720703125,0.63720703125,0.0,1.0,
gigapath,nct-crc-100k,frozen,True,1,histology,flips,mean,,7180,0.9672701949860725,0.9566032466004553,6945,235,15.0,9.0,0.640625,0.638671875,0.001953125,0.9915041923522949,
gigapath,nct-crc-100k,frozen,True,1,histology,flips,vote,,7180,0.9668523676880223,0.9559871221171462,6942,238,9.0,6.0,0.640625,0.638671875,0.001953125,0.9915041923522949,
gigapath,nct-crc-100k,frozen,True,1,histology,flips,confidence,,7180,0.9672701949860725,0.9566032466004553,6945,235,15.0,9.0,0.640625,0.638671875,0.001953125,0.9915041923522949,
gigapath,nct-crc-100k,frozen,True,1,histology,d4,mean,,7180,0.9675487465181059,0.9568912162572791,6947,233,16.0,8.0,0.64111328125,0.63720703125,0.00390625,0.9871866106987,
gigapath,nct-crc-100k,frozen,True,1,histology,d4,vote,,7180,0.9675487465181059,0.9569763559304055,6947,233,13.0,5.0,0.64111328125,0.63720703125,0.00390625,0.9871866106987,
gigapath,nct-crc-100k,frozen,True,1,histology,d4,confidence,,7180,0.9676880222841225,0.9569985699878212,6948,232,17.0,8.0,0.64111328125,0.63720703125,0.00390625,0.9871866106987,
gigapath,nct-crc-100k,frozen,True,1,histology,d4_color,mean,,7180,0.9672701949860725,0.9562657992566894,6945,235,12.0,6.0,0.64306640625,0.638671875,0.00439453125,0.9850974678993225,
gigapath,nct-crc-100k,frozen,True,1,histology,d4_color,vote,,7180,0.9674094707520892,0.9565367928972192,6946,234,11.0,4.0,0.64306640625,0.638671875,0.00439453125,0.9850974678993225,
gigapath,nct-crc-100k,frozen,True,1,histology,d4_color,confidence,,7180,0.9672701949860725,0.9564396066904676,6945,235,13.0,7.0,0.64306640625,0.638671875,0.00439453125,0.9850974678993225,
gigapath,nct-crc-100k,frozen,True,2,histology,none,mean,,7180,0.946100278551532,0.941759734337004,6793,387,,,0.7275390625,0.7275390625,0.0,1.0,
gigapath,nct-crc-100k,frozen,True,2,histology,flips,mean,,7180,0.9495821727019499,0.9444824178203167,6818,362,45.0,20.0,0.73046875,0.72802734375,0.00244140625,0.975348174571991,
gigapath,nct-crc-100k,frozen,True,2,histology,flips,vote,,7180,0.9505571030640668,0.9444668726903712,6825,355,47.0,15.0,0.73046875,0.72802734375,0.00244140625,0.975348174571991,
gigapath,nct-crc-100k,frozen,True,2,histology,flips,confidence,,7180,0.9495821727019499,0.9444824178203167,6818,362,45.0,20.0,0.73046875,0.72802734375,0.00244140625,0.975348174571991,
gigapath,nct-crc-100k,frozen,True,2,histology,d4,mean,,7180,0.9494428969359332,0.944465236514779,6817,363,46.0,22.0,0.73388671875,0.7294921875,0.00439453125,0.9633705019950867,
gigapath,nct-crc-100k,frozen,True,2,histology,d4,vote,,7180,0.950974930362117,0.9452988417391178,6828,352,53.0,18.0,0.73388671875,0.7294921875,0.00439453125,0.9633705019950867,
gigapath,nct-crc-100k,frozen,True,2,histology,d4,confidence,,7180,0.9493036211699164,0.9443821938308395,6816,364,46.0,23.0,0.73388671875,0.7294921875,0.00439453125,0.9633705019950867,
gigapath,nct-crc-100k,frozen,True,2,histology,d4_color,mean,,7180,0.9494428969359332,0.9443086683661974,6817,363,43.0,19.0,0.734375,0.72900390625,0.00537109375,0.955988883972168,
gigapath,nct-crc-100k,frozen,True,2,histology,d4_color,vote,,7180,0.9493036211699164,0.9444901398862159,6816,364,38.0,15.0,0.734375,0.72900390625,0.00537109375,0.955988883972168,
gigapath,nct-crc-100k,frozen,True,2,histology,d4_color,confidence,,7180,0.9495821727019499,0.9444160220967395,6818,362,44.0,19.0,0.734375,0.72900390625,0.00537109375,0.955988883972168,
gigapath,nct-crc-100k,frozen,True,3,histology,none,mean,,7180,0.9678272980501392,0.956601408277424,6949,231,,,0.6806640625,0.6806640625,0.0,1.0,
gigapath,nct-crc-100k,frozen,True,3,histology,flips,mean,,7180,0.9676880222841225,0.9572420061409095,6948,232,6.0,7.0,0.681640625,0.68017578125,0.00146484375,0.9947075247764587,
gigapath,nct-crc-100k,frozen,True,3,histology,flips,vote,,7180,0.9685236768802229,0.9577633112490488,6954,226,8.0,3.0,0.681640625,0.68017578125,0.00146484375,0.9947075247764587,
gigapath,nct-crc-100k,frozen,True,3,histology,flips,confidence,,7180,0.9676880222841225,0.9572420061409095,6948,232,6.0,7.0,0.681640625,0.68017578125,0.00146484375,0.9947075247764587,
gigapath,nct-crc-100k,frozen,True,3,histology,d4,mean,,7180,0.968941504178273,0.9586649599312902,6957,223,13.0,5.0,0.6826171875,0.68115234375,0.00146484375,0.9908077716827393,
gigapath,nct-crc-100k,frozen,True,3,histology,d4,vote,,7180,0.9683844011142061,0.958215834389256,6953,227,11.0,7.0,0.6826171875,0.68115234375,0.00146484375,0.9908077716827393,
gigapath,nct-crc-100k,frozen,True,3,histology,d4,confidence,,7180,0.9688022284122563,0.9585748454859446,6956,224,13.0,6.0,0.6826171875,0.68115234375,0.00146484375,0.9908077716827393,
gigapath,nct-crc-100k,frozen,True,3,histology,d4_color,mean,,7180,0.9681058495821727,0.9580408435396868,6951,229,8.0,6.0,0.68310546875,0.68115234375,0.001953125,0.9894150495529175,
gigapath,nct-crc-100k,frozen,True,3,histology,d4_color,vote,,7180,0.968941504178273,0.9586578881698843,6957,223,9.0,1.0,0.68310546875,0.68115234375,0.001953125,0.9894150495529175,
gigapath,nct-crc-100k,frozen,True,3,histology,d4_color,confidence,,7180,0.9681058495821727,0.9580408435396868,6951,229,8.0,6.0,0.68310546875,0.68115234375,0.001953125,0.9894150495529175,
gigapath,nct-crc-100k,frozen,True,42,histology,none,mean,,7180,0.9682451253481894,0.9571419097001831,6952,228,,,0.69091796875,0.69091796875,0.0,1.0,
gigapath,nct-crc-100k,frozen,True,42,histology,flips,mean,,7180,0.9688022284122563,0.9581213630252421,6956,224,6.0,2.0,0.69189453125,0.69091796875,0.0009765625,0.9956824779510498,
gigapath,nct-crc-100k,frozen,True,42,histology,flips,vote,,7180,0.9682451253481894,0.9574824528063333,6952,228,4.0,4.0,0.69189453125,0.69091796875,0.0009765625,0.9956824779510498,
gigapath,nct-crc-100k,frozen,True,42,histology,flips,confidence,,7180,0.9688022284122563,0.9581213630252421,6956,224,6.0,2.0,0.69189453125,0.69091796875,0.0009765625,0.9956824779510498,
gigapath,nct-crc-100k,frozen,True,42,histology,d4,mean,,7180,0.9685236768802229,0.9580315118487991,6954,226,7.0,5.0,0.69189453125,0.68994140625,0.001953125,0.9931755065917969,
gigapath,nct-crc-100k,frozen,True,42,histology,d4,vote,,7180,0.967966573816156,0.9573234391998603,6950,230,5.0,7.0,0.69189453125,0.68994140625,0.001953125,0.9931755065917969,
gigapath,nct-crc-100k,frozen,True,42,histology,d4,confidence,,7180,0.9685236768802229,0.9580315118487991,6954,226,7.0,5.0,0.69189453125,0.68994140625,0.001953125,0.9931755065917969,
gigapath,nct-crc-100k,frozen,True,42,histology,d4_color,mean,,7180,0.9685236768802229,0.9578506326536149,6954,226,5.0,3.0,0.6923828125,0.6904296875,0.001953125,0.9922005534172058,
gigapath,nct-crc-100k,frozen,True,42,histology,d4_color,vote,,7180,0.9681058495821727,0.9574064818837998,6951,229,4.0,5.0,0.6923828125,0.6904296875,0.001953125,0.9922005534172058,
gigapath,nct-crc-100k,frozen,True,42,histology,d4_color,confidence,,7180,0.9685236768802229,0.9578506326536149,6954,226,5.0,3.0,0.6923828125,0.6904296875,0.001953125,0.9922005534172058,
hoptimus,nct-crc-100k,frozen,True,0,histology,none,mean,,7180,0.9694986072423398,0.9544423677111118,6961,219,,,0.61083984375,0.61083984375,0.0,1.0,
hoptimus,nct-crc-100k,frozen,True,0,histology,flips,mean,,7180,0.9694986072423398,0.9549885728718278,6961,219,7.0,7.0,0.6103515625,0.609375,0.0009765625,0.9949860572814941,
hoptimus,nct-crc-100k,frozen,True,0,histology,flips,vote,,7180,0.9692200557103064,0.9542160104078116,6959,221,4.0,6.0,0.6103515625,0.609375,0.0009765625,0.9949860572814941,
hoptimus,nct-crc-100k,frozen,True,0,histology,flips,confidence,,7180,0.9694986072423398,0.9549885728718278,6961,219,7.0,7.0,0.6103515625,0.609375,0.0009765625,0.9949860572814941,
hoptimus,nct-crc-100k,frozen,True,0,histology,d4,mean,,7180,0.96991643454039,0.9553688841310581,6964,216,10.0,7.0,0.60888671875,0.607421875,0.00146484375,0.9926183819770813,
hoptimus,nct-crc-100k,frozen,True,0,histology,d4,vote,,7180,0.96991643454039,0.9554327236416427,6964,216,10.0,7.0,0.60888671875,0.607421875,0.00146484375,0.9926183819770813,
hoptimus,nct-crc-100k,frozen,True,0,histology,d4,confidence,,7180,0.96991643454039,0.9553688841310581,6964,216,10.0,7.0,0.60888671875,0.607421875,0.00146484375,0.9926183819770813,
hoptimus,nct-crc-100k,frozen,True,0,histology,d4_color,mean,,7180,0.9701949860724234,0.9559605673998903,6966,214,10.0,5.0,0.60986328125,0.60791015625,0.001953125,0.9899721741676331,
hoptimus,nct-crc-100k,frozen,True,0,histology,d4_color,vote,,7180,0.9697771587743732,0.9552787696857126,6963,217,8.0,6.0,0.60986328125,0.60791015625,0.001953125,0.9899721741676331,
hoptimus,nct-crc-100k,frozen,True,0,histology,d4_color,confidence,,7180,0.9700557103064067,0.9556966455207666,6965,215,9.0,5.0,0.60986328125,0.60791015625,0.001953125,0.9899721741676331,
hoptimus,nct-crc-100k,frozen,True,1,histology,none,mean,,7180,0.9655988857938719,0.9499994988470741,6933,247,,,0.615234375,0.615234375,0.0,1.0,
hoptimus,nct-crc-100k,frozen,True,1,histology,flips,mean,,7180,0.9658774373259053,0.9505841103545003,6935,245,9.0,7.0,0.61572265625,0.6142578125,0.00146484375,0.9920612573623657,
hoptimus,nct-crc-100k,frozen,True,1,histology,flips,vote,,7180,0.9657381615598886,0.9502031487907766,6934,246,9.0,8.0,0.61572265625,0.6142578125,0.00146484375,0.9920612573623657,
hoptimus,nct-crc-100k,frozen,True,1,histology,flips,confidence,,7180,0.966016713091922,0.9508480322336239,6936,244,9.0,6.0,0.61572265625,0.6142578125,0.00146484375,0.9920612573623657,
hoptimus,nct-crc-100k,frozen,True,1,histology,d4,mean,,7180,0.9664345403899721,0.951721348479555,6939,241,17.0,11.0,0.61279296875,0.61083984375,0.001953125,0.9874652028083801,
hoptimus,nct-crc-100k,frozen,True,1,histology,d4,vote,,7180,0.9665738161559888,0.9519320701846637,6940,240,18.0,11.0,0.61279296875,0.61083984375,0.001953125,0.9874652028083801,
hoptimus,nct-crc-100k,frozen,True,1,histology,d4,confidence,,7180,0.9664345403899721,0.951721348479555,6939,241,17.0,11.0,0.61279296875,0.61083984375,0.001953125,0.9874652028083801,
hoptimus,nct-crc-100k,frozen,True,1,histology,d4_color,mean,,7180,0.9671309192200557,0.9528671504413959,6944,236,16.0,5.0,0.61279296875,0.6103515625,0.00244140625,0.9853760600090027,
hoptimus,nct-crc-100k,frozen,True,1,histology,d4_color,vote,,7180,0.9667130919220056,0.9522491922378027,6941,239,15.0,7.0,0.61279296875,0.6103515625,0.00244140625,0.9853760600090027,
hoptimus,nct-crc-100k,frozen,True,1,histology,d4_color,confidence,,7180,0.9671309192200557,0.9528671504413959,6944,236,16.0,5.0,0.61279296875,0.6103515625,0.00244140625,0.9853760600090027,
hoptimus,nct-crc-100k,frozen,True,2,histology,none,mean,,7180,0.9710306406685236,0.9599276852703521,6972,208,,,0.62890625,0.62890625,0.0,1.0,
hoptimus,nct-crc-100k,frozen,True,2,histology,flips,mean,,7180,0.9717270194986073,0.9609777477101348,6977,203,6.0,1.0,0.62744140625,0.626953125,0.00048828125,0.9976323246955872,
hoptimus,nct-crc-100k,frozen,True,2,histology,flips,vote,,7180,0.9711699164345404,0.9600958676274178,6973,207,2.0,1.0,0.62744140625,0.626953125,0.00048828125,0.9976323246955872,
hoptimus,nct-crc-100k,frozen,True,2,histology,flips,confidence,,7180,0.9717270194986073,0.9609777477101348,6977,203,6.0,1.0,0.62744140625,0.626953125,0.00048828125,0.9976323246955872,
hoptimus,nct-crc-100k,frozen,True,2,histology,d4,mean,,7180,0.971866295264624,0.9612416695892585,6978,202,7.0,1.0,0.6259765625,0.625,0.0009765625,0.9959610104560852,
hoptimus,nct-crc-100k,frozen,True,2,histology,d4,vote,,7180,0.9714484679665738,0.9604499039518871,6975,205,6.0,3.0,0.6259765625,0.625,0.0009765625,0.9959610104560852,
hoptimus,nct-crc-100k,frozen,True,2,histology,d4,confidence,,7180,0.971866295264624,0.9612416695892585,6978,202,7.0,1.0,0.6259765625,0.625,0.0009765625,0.9959610104560852,
hoptimus,nct-crc-100k,frozen,True,2,histology,d4_color,mean,,7180,0.9714484679665738,0.9606237113856655,6975,205,4.0,1.0,0.626953125,0.62548828125,0.00146484375,0.9941504001617432,
hoptimus,nct-crc-100k,frozen,True,2,histology,d4_color,vote,,7180,0.9715877437325905,0.9607138258310111,6976,204,5.0,1.0,0.626953125,0.62548828125,0.00146484375,0.9941504001617432,
hoptimus,nct-crc-100k,frozen,True,2,histology,d4_color,confidence,,7180,0.9714484679665738,0.9606237113856655,6975,205,4.0,1.0,0.626953125,0.62548828125,0.00146484375,0.9941504001617432,
hoptimus,nct-crc-100k,frozen,True,3,histology,none,mean,,7180,0.9728412256267409,0.9617462261014076,6985,195,,,0.537109375,0.537109375,0.0,1.0,
hoptimus,nct-crc-100k,frozen,True,3,histology,flips,mean,,7180,0.9731197771587744,0.9624655883914086,6987,193,5.0,3.0,0.53857421875,0.5380859375,0.00048828125,0.9963788390159607,
hoptimus,nct-crc-100k,frozen,True,3,histology,flips,vote,,7180,0.9727019498607242,0.9618476301878156,6984,196,4.0,5.0,0.53857421875,0.5380859375,0.00048828125,0.9963788390159607,
hoptimus,nct-crc-100k,frozen,True,3,histology,flips,confidence,,7180,0.9732590529247911,0.9627295102705324,6988,192,6.0,3.0,0.53857421875,0.5380859375,0.00048828125,0.9963788390159607,
hoptimus,nct-crc-100k,frozen,True,3,histology,d4,mean,,7180,0.9731197771587744,0.9627865412886134,6987,193,7.0,5.0,0.54345703125,0.54248046875,0.0009765625,0.9948468208312988,
hoptimus,nct-crc-100k,frozen,True,3,histology,d4,vote,,7180,0.9727019498607242,0.9618808012904869,6984,196,7.0,8.0,0.54345703125,0.54248046875,0.0009765625,0.9948468208312988,
hoptimus,nct-crc-100k,frozen,True,3,histology,d4,confidence,,7180,0.9731197771587744,0.9627865412886134,6987,193,7.0,5.0,0.54345703125,0.54248046875,0.0009765625,0.9948468208312988,
hoptimus,nct-crc-100k,frozen,True,3,histology,d4_color,mean,,7180,0.9733983286908078,0.9629934321496562,6989,191,6.0,2.0,0.54345703125,0.5419921875,0.00146484375,0.9928969144821167,
hoptimus,nct-crc-100k,frozen,True,3,histology,d4_color,vote,,7180,0.9732590529247911,0.9629103894657166,6988,192,6.0,3.0,0.54345703125,0.5419921875,0.00146484375,0.9928969144821167,
hoptimus,nct-crc-100k,frozen,True,3,histology,d4_color,confidence,,7180,0.9733983286908078,0.9629934321496562,6989,191,6.0,2.0,0.54345703125,0.5419921875,0.00146484375,0.9928969144821167,
phikon2,nct-crc-100k,frozen,True,0,histology,none,mean,,7180,0.9678272980501392,0.9530751784573042,6949,231,,,0.68505859375,0.68505859375,0.0,1.0,
phikon2,nct-crc-100k,frozen,True,0,histology,flips,mean,,7180,0.9675487465181059,0.9524711005076205,6947,233,7.0,9.0,0.68017578125,0.677734375,0.00244140625,0.9931755065917969,
phikon2,nct-crc-100k,frozen,True,0,histology,flips,vote,,7180,0.9672701949860725,0.9516666380321307,6945,235,7.0,11.0,0.68017578125,0.677734375,0.00244140625,0.9931755065917969,
phikon2,nct-crc-100k,frozen,True,0,histology,flips,confidence,,7180,0.9675487465181059,0.9524711005076205,6947,233,7.0,9.0,0.68017578125,0.677734375,0.00244140625,0.9931755065917969,
phikon2,nct-crc-100k,frozen,True,0,histology,d4,mean,,7180,0.9686629526462396,0.9539476265205258,6955,225,13.0,7.0,0.67333984375,0.66943359375,0.00390625,0.9896935820579529,
phikon2,nct-crc-100k,frozen,True,0,histology,d4,vote,,7180,0.9683844011142061,0.9535049224354045,6953,227,13.0,9.0,0.67333984375,0.66943359375,0.00390625,0.9896935820579529,
phikon2,nct-crc-100k,frozen,True,0,histology,d4,confidence,,7180,0.9688022284122563,0.9542115483996496,6956,224,14.0,7.0,0.67333984375,0.66943359375,0.00390625,0.9896935820579529,
phikon2,nct-crc-100k,frozen,True,0,histology,d4_color,mean,,7180,0.9678272980501392,0.9529067328313359,6949,231,7.0,7.0,0.677734375,0.673828125,0.00390625,0.9887186884880066,
phikon2,nct-crc-100k,frozen,True,0,histology,d4_color,vote,,7180,0.9682451253481894,0.9532480723176868,6952,228,7.0,4.0,0.677734375,0.673828125,0.00390625,0.9887186884880066,
phikon2,nct-crc-100k,frozen,True,0,histology,d4_color,confidence,,7180,0.9678272980501392,0.9529067328313359,6949,231,7.0,7.0,0.677734375,0.673828125,0.00390625,0.9887186884880066,
phikon2,nct-crc-100k,frozen,True,1,histology,none,mean,,7180,0.9657381615598886,0.949835037299025,6934,246,,,0.71044921875,0.71044921875,0.0,1.0,
phikon2,nct-crc-100k,frozen,True,1,histology,flips,mean,,7180,0.9672701949860725,0.9525643861219629,6945,235,13.0,2.0,0.7119140625,0.70947265625,0.00244140625,0.9931755065917969,
phikon2,nct-crc-100k,frozen,True,1,histology,flips,vote,,7180,0.9674094707520892,0.9520321007027938,6946,234,14.0,2.0,0.7119140625,0.70947265625,0.00244140625,0.9931755065917969,
phikon2,nct-crc-100k,frozen,True,1,histology,flips,confidence,,7180,0.9674094707520892,0.9527143336403314,6946,234,14.0,2.0,0.7119140625,0.70947265625,0.00244140625,0.9931755065917969,
phikon2,nct-crc-100k,frozen,True,1,histology,d4,mean,,7180,0.9685236768802229,0.9542032932224527,6954,226,21.0,1.0,0.70556640625,0.70166015625,0.00390625,0.9885793924331665,
phikon2,nct-crc-100k,frozen,True,1,histology,d4,vote,,7180,0.9685236768802229,0.9540383912703645,6954,226,20.0,0.0,0.70556640625,0.70166015625,0.00390625,0.9885793924331665,
phikon2,nct-crc-100k,frozen,True,1,histology,d4,confidence,,7180,0.9685236768802229,0.9542032932224527,6954,226,21.0,1.0,0.70556640625,0.70166015625,0.00390625,0.9885793924331665,
phikon2,nct-crc-100k,frozen,True,1,histology,d4_color,mean,,7180,0.9681058495821727,0.9536030222155518,6951,229,18.0,1.0,0.70751953125,0.70361328125,0.00390625,0.9876044392585754,
phikon2,nct-crc-100k,frozen,True,1,histology,d4_color,vote,,7180,0.9682451253481894,0.9534892084612109,6952,228,18.0,0.0,0.70751953125,0.70361328125,0.00390625,0.9876044392585754,
phikon2,nct-crc-100k,frozen,True,1,histology,d4_color,confidence,,7180,0.9682451253481894,0.9538669440946754,6952,228,19.0,1.0,0.70751953125,0.70361328125,0.00390625,0.9876044392585754,
phikon2,nct-crc-100k,frozen,True,2,histology,none,mean,,7180,0.9678272980501392,0.9536200580521034,6949,231,,,0.71337890625,0.71337890625,0.0,1.0,
phikon2,nct-crc-100k,frozen,True,2,histology,flips,mean,,7180,0.9681058495821727,0.954071667618915,6951,229,10.0,8.0,0.7080078125,0.70556640625,0.00244140625,0.9942896962165833,
phikon2,nct-crc-100k,frozen,True,2,histology,flips,vote,,7180,0.967966573816156,0.9536233384570811,6950,230,7.0,6.0,0.7080078125,0.70556640625,0.00244140625,0.9942896962165833,
phikon2,nct-crc-100k,frozen,True,2,histology,flips,confidence,,7180,0.9681058495821727,0.954071667618915,6951,229,10.0,8.0,0.7080078125,0.70556640625,0.00244140625,0.9942896962165833,
phikon2,nct-crc-100k,frozen,True,2,histology,d4,mean,,7180,0.9690807799442896,0.9551862746350372,6958,222,15.0,6.0,0.70458984375,0.70068359375,0.00390625,0.9901114106178284,
phikon2,nct-crc-100k,frozen,True,2,histology,d4,vote,,7180,0.9686629526462396,0.954327604163237,6955,225,13.0,7.0,0.70458984375,0.70068359375,0.00390625,0.9901114106178284,
phikon2,nct-crc-100k,frozen,True,2,histology,d4,confidence,,7180,0.968941504178273,0.9551032319510979,6957,223,14.0,6.0,0.70458984375,0.70068359375,0.00390625,0.9901114106178284,
phikon2,nct-crc-100k,frozen,True,2,histology,d4_color,mean,,7180,0.9685236768802229,0.9550443124514706,6954,226,9.0,4.0,0.70849609375,0.70458984375,0.00390625,0.9888579249382019,
phikon2,nct-crc-100k,frozen,True,2,histology,d4_color,vote,,7180,0.9682451253481894,0.9544118236894749,6952,228,6.0,3.0,0.70849609375,0.70458984375,0.00390625,0.9888579249382019,
phikon2,nct-crc-100k,frozen,True,2,histology,d4_color,confidence,,7180,0.9688022284122563,0.9553819476575269,6956,224,12.0,5.0,0.70849609375,0.70458984375,0.00390625,0.9888579249382019,
phikon2,nct-crc-100k,frozen,True,3,histology,none,mean,,7180,0.9678272980501392,0.9540434676494246,6949,231,,,0.73388671875,0.73388671875,0.0,1.0,
phikon2,nct-crc-100k,frozen,True,3,histology,flips,mean,,7180,0.9690807799442896,0.9556367007860579,6958,222,12.0,3.0,0.73095703125,0.72802734375,0.0029296875,0.9933147430419922,
phikon2,nct-crc-100k,frozen,True,3,histology,flips,vote,,7180,0.9683844011142061,0.9543951593021591,6953,227,10.0,6.0,0.73095703125,0.72802734375,0.0029296875,0.9933147430419922,
phikon2,nct-crc-100k,frozen,True,3,histology,flips,confidence,,7180,0.9690807799442896,0.9556367007860579,6958,222,12.0,3.0,0.73095703125,0.72802734375,0.0029296875,0.9933147430419922,
phikon2,nct-crc-100k,frozen,True,3,histology,d4,mean,,7180,0.968941504178273,0.9555253710564942,6957,223,14.0,6.0,0.72412109375,0.72021484375,0.00390625,0.989832878112793,
phikon2,nct-crc-100k,frozen,True,3,histology,d4,vote,,7180,0.9690807799442896,0.9557041532624917,6958,222,14.0,5.0,0.72412109375,0.72021484375,0.00390625,0.989832878112793,
phikon2,nct-crc-100k,frozen,True,3,histology,d4,confidence,,7180,0.968941504178273,0.9555253710564942,6957,223,14.0,6.0,0.72412109375,0.72021484375,0.00390625,0.989832878112793,
phikon2,nct-crc-100k,frozen,True,3,histology,d4_color,mean,,7180,0.9690807799442896,0.955885032457676,6958,222,12.0,3.0,0.72802734375,0.7236328125,0.00439453125,0.988997220993042,
phikon2,nct-crc-100k,frozen,True,3,histology,d4_color,vote,,7180,0.968941504178273,0.9558090615351423,6957,223,9.0,1.0,0.72802734375,0.7236328125,0.00439453125,0.988997220993042,
phikon2,nct-crc-100k,frozen,True,3,histology,d4_color,confidence,,7180,0.9690807799442896,0.955885032457676,6958,222,12.0,3.0,0.72802734375,0.7236328125,0.00439453125,0.988997220993042,
phikon2,nct-crc-100k,frozen,True,42,histology,none,mean,,7180,0.9683844011142061,0.9549594516336014,6953,227,,,0.74609375,0.74609375,0.0,1.0,
phikon2,nct-crc-100k,frozen,True,42,histology,flips,mean,,7180,0.9692200557103064,0.9560252280475776,6959,221,11.0,5.0,0.73388671875,0.7314453125,0.00244140625,0.9926183819770813,
phikon2,nct-crc-100k,frozen,True,42,histology,flips,vote,,7180,0.9693593314763231,0.9557429842536228,6960,220,13.0,6.0,0.73388671875,0.7314453125,0.00244140625,0.9926183819770813,
phikon2,nct-crc-100k,frozen,True,42,histology,flips,confidence,,7180,0.9692200557103064,0.9560252280475776,6959,221,11.0,5.0,0.73388671875,0.7314453125,0.00244140625,0.9926183819770813,
phikon2,nct-crc-100k,frozen,True,42,histology,d4,mean,,7180,0.9697771587743732,0.9563391639446386,6963,217,15.0,5.0,0.7236328125,0.7197265625,0.00390625,0.989832878112793,
phikon2,nct-crc-100k,frozen,True,42,histology,d4,vote,,7180,0.96991643454039,0.955975324151438,6964,216,18.0,7.0,0.7236328125,0.7197265625,0.00390625,0.989832878112793,
phikon2,nct-crc-100k,frozen,True,42,histology,d4,confidence,,7180,0.9696378830083565,0.956249049499293,6962,218,15.0,6.0,0.7236328125,0.7197265625,0.00390625,0.989832878112793,
phikon2,nct-crc-100k,frozen,True,42,histology,d4_color,mean,,7180,0.9693593314763231,0.9559091566976358,6960,220,12.0,5.0,0.7314453125,0.72705078125,0.00439453125,0.9888579249382019,
phikon2,nct-crc-100k,frozen,True,42,histology,d4_color,vote,,7180,0.9690807799442896,0.9556761664953276,6958,222,8.0,3.0,0.7314453125,0.72705078125,0.00439453125,0.9888579249382019,
phikon2,nct-crc-100k,frozen,True,42,histology,d4_color,confidence,,7180,0.9693593314763231,0.9559091566976358,6960,220,12.0,5.0,0.7314453125,0.72705078125,0.00439453125,0.9888579249382019,
phikon2,nct-crc-100k,frozen,False,42,histology,none,mean,,7180,0.9632311977715877,0.948594386512689,6916,264,,,0.7783203125,0.7783203125,0.0,1.0,
phikon2,nct-crc-100k,frozen,False,42,histology,flips,mean,,7180,0.9667130919220056,0.9518528094216772,6941,239,34.0,9.0,0.7763671875,0.77099609375,0.00537109375,0.9878830313682556,
phikon2,nct-crc-100k,frozen,False,42,histology,flips,vote,,7180,0.9671309192200557,0.9515841826127294,6944,236,39.0,11.0,0.7763671875,0.77099609375,0.00537109375,0.9878830313682556,
phikon2,nct-crc-100k,frozen,False,42,histology,flips,confidence,,7180,0.9667130919220056,0.9516719302264929,6941,239,35.0,10.0,0.7763671875,0.77099609375,0.00537109375,0.9878830313682556,
phikon2,nct-crc-100k,frozen,False,42,histology,d4,mean,,7180,0.9668523676880223,0.9510474333727915,6942,238,37.0,11.0,0.77685546875,0.77001953125,0.0068359375,0.9814763069152832,
phikon2,nct-crc-100k,frozen,False,42,histology,d4,vote,,7180,0.9665738161559888,0.9506933970483222,6940,240,36.0,12.0,0.77685546875,0.77001953125,0.0068359375,0.9814763069152832,
phikon2,nct-crc-100k,frozen,False,42,histology,d4,confidence,,7180,0.9668523676880223,0.9510474333727915,6942,238,37.0,11.0,0.77685546875,0.77001953125,0.0068359375,0.9814763069152832,
phikon2,nct-crc-100k,frozen,False,42,histology,d4_color,mean,,7180,0.9658774373259053,0.9501127099983528,6935,245,27.0,8.0,0.78369140625,0.775390625,0.00830078125,0.9796657562255859,
phikon2,nct-crc-100k,frozen,False,42,histology,d4_color,vote,,7180,0.9661559888579387,0.9504596745614161,6937,243,29.0,8.0,0.78369140625,0.775390625,0.00830078125,0.9796657562255859,
phikon2,nct-crc-100k,frozen,False,42,histology,d4_color,confidence,,7180,0.966016713091922,0.9501957526822924,6936,244,28.0,8.0,0.78369140625,0.775390625,0.00830078125,0.9796657562255859,
phikon,nct-crc-100k,frozen,True,0,histology,none,mean,,7180,0.962116991643454,0.9472659366742503,6908,272,,,0.650390625,0.650390625,0.0,1.0,0.12045119771718313
phikon,nct-crc-100k,frozen,True,0,histology,flips,mean,,7180,0.9632311977715877,0.9487086900670335,6916,264,17.0,9.0,0.64404296875,0.6416015625,0.00244140625,0.9876044392585754,0.11850893663496692
phikon,nct-crc-100k,frozen,True,0,histology,flips,vote,,7180,0.963091922005571,0.9477141796457668,6915,265,18.0,11.0,0.64404296875,0.6416015625,0.00244140625,0.9876044392585754,0.03255571030640665
phikon,nct-crc-100k,frozen,True,0,histology,flips,confidence,,7180,0.9632311977715877,0.9485348826332554,6916,264,17.0,9.0,0.64404296875,0.6416015625,0.00244140625,0.9876044392585754,0.11773705442635793
phikon,nct-crc-100k,frozen,True,0,histology,d4,mean,,7180,0.9649025069637883,0.9497264175585263,6928,252,28.0,8.0,0.646484375,0.6435546875,0.0029296875,0.9831476211547852,0.11986952757768979
phikon,nct-crc-100k,frozen,True,0,histology,d4,vote,,7180,0.9647632311977716,0.9494554239179964,6927,253,28.0,9.0,0.646484375,0.6435546875,0.0029296875,0.9831476211547852,0.03119777158774377
phikon,nct-crc-100k,frozen,True,0,histology,d4,confidence,,7180,0.9649025069637883,0.9497264175585263,6928,252,28.0,8.0,0.646484375,0.6435546875,0.0029296875,0.9831476211547852,0.11915021381006267
phikon,nct-crc-100k,frozen,True,1,histology,none,mean,,7180,0.9615598885793872,0.9468507685441033,6904,276,,,0.72607421875,0.72607421875,0.0,1.0,0.13859152621213439
phikon,nct-crc-100k,frozen,True,1,histology,flips,mean,,7180,0.9628133704735377,0.9481497346551664,6913,267,18.0,9.0,0.72021484375,0.71875,0.00146484375,0.9896935820579529,0.137173130386055
phikon,nct-crc-100k,frozen,True,1,histology,flips,vote,,7180,0.9628133704735377,0.9474262178744295,6913,267,19.0,10.0,0.72021484375,0.71875,0.00146484375,0.9896935820579529,0.03380919220055709
phikon,nct-crc-100k,frozen,True,1,histology,flips,confidence,,7180,0.9626740947075209,0.9478858127760427,6912,268,17.0,9.0,0.72021484375,0.71875,0.00146484375,0.9896935820579529,0.13652440658186804
phikon,nct-crc-100k,frozen,True,1,histology,d4,mean,,7180,0.9636490250696379,0.9485433457550556,6919,261,22.0,7.0,0.71923828125,0.71728515625,0.001953125,0.9852367639541626,0.13735011533774374
phikon,nct-crc-100k,frozen,True,1,histology,d4,vote,,7180,0.9643454038997215,0.9489940417484714,6924,256,26.0,6.0,0.71923828125,0.71728515625,0.001953125,0.9852367639541626,0.03285167130919223
phikon,nct-crc-100k,frozen,True,1,histology,d4,confidence,,7180,0.9636490250696379,0.9485433457550556,6919,261,22.0,7.0,0.71923828125,0.71728515625,0.001953125,0.9852367639541626,0.13683493781554668
phikon,nct-crc-100k,frozen,True,2,histology,none,mean,,7180,0.9600278551532033,0.9443648827522598,6893,287,,,0.7470703125,0.7470703125,0.0,1.0,
phikon,nct-crc-100k,frozen,True,2,histology,flips,mean,,7180,0.96016713091922,0.9446001481851611,6894,286,21.0,20.0,0.759765625,0.7568359375,0.0029296875,0.984679639339447,
phikon,nct-crc-100k,frozen,True,2,histology,flips,vote,,7180,0.9593314763231198,0.94354918670269,6888,292,17.0,22.0,0.759765625,0.7568359375,0.0029296875,0.984679639339447,
phikon,nct-crc-100k,frozen,True,2,histology,flips,confidence,,7180,0.9598885793871866,0.9439911323029846,6892,288,19.0,20.0,0.759765625,0.7568359375,0.0029296875,0.984679639339447,
phikon,nct-crc-100k,frozen,True,2,histology,d4,mean,,7180,0.9615598885793872,0.9459962616146116,6904,276,26.0,15.0,0.7607421875,0.7568359375,0.00390625,0.9792479276657104,
phikon,nct-crc-100k,frozen,True,2,histology,d4,vote,,7180,0.9611420612813371,0.9456714470133618,6901,279,24.0,16.0,0.7607421875,0.7568359375,0.00390625,0.9792479276657104,
phikon,nct-crc-100k,frozen,True,2,histology,d4,confidence,,7180,0.9615598885793872,0.9459962616146116,6904,276,26.0,15.0,0.7607421875,0.7568359375,0.00390625,0.9792479276657104,
phikon,nct-crc-100k,frozen,True,2,histology,d4_color,mean,,7180,0.9615598885793872,0.945643393119579,6904,276,22.0,11.0,0.75732421875,0.7529296875,0.00439453125,0.9781336784362793,
phikon,nct-crc-100k,frozen,True,2,histology,d4_color,vote,,7180,0.9608635097493036,0.9449231501703268,6899,281,18.0,12.0,0.75732421875,0.7529296875,0.00439453125,0.9781336784362793,
phikon,nct-crc-100k,frozen,True,2,histology,d4_color,confidence,,7180,0.9616991643454039,0.9457335075649245,6905,275,22.0,10.0,0.75732421875,0.7529296875,0.00439453125,0.9781336784362793,
phikon,nct-crc-100k,frozen,True,3,histology,none,mean,,7180,0.9612813370473537,0.9462096449659723,6902,278,,,0.73486328125,0.73486328125,0.0,1.0,
phikon,nct-crc-100k,frozen,True,3,histology,flips,mean,,7180,0.9629526462395543,0.9481353425108713,6914,266,20.0,8.0,0.73291015625,0.73046875,0.00244140625,0.9894150495529175,
phikon,nct-crc-100k,frozen,True,3,histology,flips,vote,,7180,0.9629526462395543,0.9477771666827471,6914,266,16.0,4.0,0.73291015625,0.73046875,0.00244140625,0.9894150495529175,
phikon,nct-crc-100k,frozen,True,3,histology,flips,confidence,,7180,0.9629526462395543,0.9481353425108713,6914,266,20.0,8.0,0.73291015625,0.73046875,0.00244140625,0.9894150495529175,
phikon,nct-crc-100k,frozen,True,3,histology,d4,mean,,7180,0.9623955431754875,0.9474253018695609,6910,270,18.0,10.0,0.73486328125,0.73095703125,0.00390625,0.9842618107795715,
phikon,nct-crc-100k,frozen,True,3,histology,d4,vote,,7180,0.9622562674094708,0.9467068929620714,6909,271,18.0,11.0,0.73486328125,0.73095703125,0.00390625,0.9842618107795715,
phikon,nct-crc-100k,frozen,True,3,histology,d4,confidence,,7180,0.9625348189415042,0.9475083445535005,6911,269,19.0,10.0,0.73486328125,0.73095703125,0.00390625,0.9842618107795715,
phikon,nct-crc-100k,frozen,True,3,histology,d4_color,mean,,7180,0.9625348189415042,0.9469464286732231,6911,269,15.0,6.0,0.7353515625,0.73095703125,0.00439453125,0.9823119640350342,
phikon,nct-crc-100k,frozen,True,3,histology,d4_color,vote,,7180,0.9622562674094708,0.9468251946887717,6909,271,14.0,7.0,0.7353515625,0.73095703125,0.00439453125,0.9823119640350342,
phikon,nct-crc-100k,frozen,True,3,histology,d4_color,confidence,,7180,0.9628133704735377,0.9474742724314709,6913,267,17.0,6.0,0.7353515625,0.73095703125,0.00439453125,0.9823119640350342,
phikon,nct-crc-100k,frozen,True,42,histology,none,mean,,7180,0.9676880222841225,0.956228234538631,6948,232,,,0.68359375,0.68359375,0.0,1.0,0.1314728038224669
phikon,nct-crc-100k,frozen,True,42,histology,flips,mean,,7180,0.9686629526462396,0.9563918688252853,6955,225,17.0,10.0,0.68310546875,0.68115234375,0.001953125,0.9913648962974548,0.1320011914606546
phikon,nct-crc-100k,frozen,True,42,histology,flips,vote,,7180,0.967966573816156,0.955546282227194,6950,230,15.0,13.0,0.68310546875,0.68115234375,0.001953125,0.9913648962974548,0.028864902506963774
phikon,nct-crc-100k,frozen,True,42,histology,flips,confidence,,7180,0.9688022284122563,0.956655790704409,6956,224,17.0,9.0,0.68310546875,0.68115234375,0.001953125,0.9913648962974548,0.13152032283687326
phikon,nct-crc-100k,frozen,True,42,histology,d4,mean,,7180,0.9682451253481894,0.9557122438283849,6952,228,16.0,12.0,0.68212890625,0.6796875,0.00244140625,0.98732590675354,0.13091956008443592
phikon,nct-crc-100k,frozen,True,42,histology,d4,vote,,7180,0.9681058495821727,0.9555458951916034,6951,229,16.0,13.0,0.68212890625,0.6796875,0.00244140625,0.98732590675354,0.028551532033426173
phikon,nct-crc-100k,frozen,True,42,histology,d4,confidence,,7180,0.9683844011142061,0.9559761657075087,6953,227,16.0,11.0,0.68212890625,0.6796875,0.00244140625,0.98732590675354,0.1303039720795613
phikon,nct-crc-100k,frozen,True,0,histology,none,mean,50000.0,7180,0.8189415041782729,0.8545660441302384,5880,1300,,,,,,1.0,0.03782389436259572
phikon,nct-crc-100k,frozen,True,0,histology,flips,mean,50000.0,7180,0.8410863509749303,0.870909646880582,6039,1141,184.0,25.0,,,,0.8934540152549744,0.021271891049355878
phikon,nct-crc-100k,frozen,True,0,histology,flips,vote,50000.0,7180,0.8506963788300835,0.8761776419601092,6108,1072,247.0,19.0,,,,0.8934540152549744,0.11594707520891367
phikon,nct-crc-100k,frozen,True,0,histology,flips,confidence,50000.0,7180,0.8417827298050139,0.8713091600551195,6044,1136,191.0,27.0,,,,0.8934540152549744,0.026835101029334923
phikon,nct-crc-100k,frozen,True,0,histology,d4,mean,50000.0,7180,0.8391364902506964,0.8709442281710446,6025,1155,187.0,42.0,,,,0.8555710315704346,0.026744551379700547
phikon,nct-crc-100k,frozen,True,0,histology,d4,vote,50000.0,7180,0.8448467966573816,0.8747039636447896,6066,1114,216.0,30.0,,,,0.8555710315704346,0.11357938718662952
phikon,nct-crc-100k,frozen,True,0,histology,d4,confidence,50000.0,7180,0.8396935933147632,0.8716933683240015,6029,1151,187.0,38.0,,,,0.8555710315704346,0.02897513981981197
phikon,nct-crc-100k,frozen,True,1,histology,none,mean,50000.0,7180,0.9607242339832869,0.9459751702787137,6898,282,,,0.72509765625,0.72509765625,0.0,1.0,0.13685516952472146
phikon,nct-crc-100k,frozen,True,1,histology,flips,mean,50000.0,7180,0.9636490250696379,0.9486607789113675,6919,261,25.0,4.0,0.720703125,0.71923828125,0.00146484375,0.9888579249382019,0.1371657687641452
phikon,nct-crc-100k,frozen,True,1,histology,flips,vote,50000.0,7180,0.9636490250696379,0.9480348353729726,6919,261,28.0,7.0,0.720703125,0.71923828125,0.00146484375,0.9888579249382019,0.03339136490250692
phikon,nct-crc-100k,frozen,True,1,histology,flips,confidence,50000.0,7180,0.9636490250696379,0.9486607789113675,6919,261,25.0,4.0,0.720703125,0.71923828125,0.00146484375,0.9888579249382019,0.13669705616730501
phikon,nct-crc-100k,frozen,True,1,histology,d4,mean,50000.0,7180,0.9639275766016713,0.9489984141174238,6921,259,31.0,8.0,0.7197265625,0.7177734375,0.001953125,0.9842618107795715,0.1369621425618036
phikon,nct-crc-100k,frozen,True,1,histology,d4,vote,50000.0,7180,0.9637883008356546,0.9485465412817098,6920,260,29.0,7.0,0.7197265625,0.7177734375,0.001953125,0.9842618107795715,0.032294568245125305
phikon,nct-crc-100k,frozen,True,1,histology,d4,confidence,50000.0,7180,0.9637883008356546,0.9487344922383001,6920,260,30.0,8.0,0.7197265625,0.7177734375,0.001953125,0.9842618107795715,0.13622278410080085
uni2,nct-crc-100k,frozen,True,0,histology,none,mean,,7180,0.9749303621169917,0.9670022159541496,7000,180,,,0.67041015625,0.67041015625,0.0,1.0,
uni2,nct-crc-100k,frozen,True,0,histology,flips,mean,,7180,0.9750696378830084,0.9671952654496471,7001,179,6.0,5.0,0.68115234375,0.677734375,0.00341796875,0.9942896962165833,
uni2,nct-crc-100k,frozen,True,0,histology,flips,vote,,7180,0.9740947075208913,0.9659543742702414,6994,186,4.0,10.0,0.68115234375,0.677734375,0.00341796875,0.9942896962165833,
uni2,nct-crc-100k,frozen,True,0,histology,flips,confidence,,7180,0.9750696378830084,0.9671952654496471,7001,179,6.0,5.0,0.68115234375,0.677734375,0.00341796875,0.9942896962165833,
uni2,nct-crc-100k,frozen,True,0,histology,d4,mean,,7180,0.9749303621169917,0.9671051510043015,7000,180,6.0,6.0,0.68798828125,0.68359375,0.00439453125,0.9920612573623657,
uni2,nct-crc-100k,frozen,True,0,histology,d4,vote,,7180,0.9743732590529248,0.9660494634878063,6996,184,6.0,10.0,0.68798828125,0.68359375,0.00439453125,0.9920612573623657,
uni2,nct-crc-100k,frozen,True,0,histology,d4,confidence,,7180,0.9749303621169917,0.9671051510043015,7000,180,6.0,6.0,0.68798828125,0.68359375,0.00439453125,0.9920612573623657,
uni2,nct-crc-100k,frozen,True,0,histology,d4_color,mean,,7180,0.9752089136490251,0.9674591873287708,7002,178,6.0,4.0,0.68408203125,0.67919921875,0.0048828125,0.9916434288024902,
uni2,nct-crc-100k,frozen,True,0,histology,d4_color,vote,,7180,0.9747910863509749,0.9668412291251778,6999,181,6.0,7.0,0.68408203125,0.67919921875,0.0048828125,0.9916434288024902,
uni2,nct-crc-100k,frozen,True,0,histology,d4_color,confidence,,7180,0.9752089136490251,0.9674591873287708,7002,178,6.0,4.0,0.68408203125,0.67919921875,0.0048828125,0.9916434288024902,
uni2,nct-crc-100k,frozen,True,1,histology,none,mean,,7180,0.96991643454039,0.9614738164232105,6964,216,,,0.59033203125,0.59033203125,0.0,1.0,
uni2,nct-crc-100k,frozen,True,1,histology,flips,mean,,7180,0.9708913649025069,0.9631399120667923,6971,209,9.0,2.0,0.60546875,0.60205078125,0.00341796875,0.9942896962165833,
uni2,nct-crc-100k,frozen,True,1,histology,flips,vote,,7180,0.96991643454039,0.9620515281586228,6964,216,6.0,6.0,0.60546875,0.60205078125,0.00341796875,0.9942896962165833,
uni2,nct-crc-100k,frozen,True,1,histology,flips,confidence,,7180,0.9708913649025069,0.9631399120667923,6971,209,9.0,2.0,0.60546875,0.60205078125,0.00341796875,0.9942896962165833,
uni2,nct-crc-100k,frozen,True,1,histology,d4,mean,,7180,0.9706128133704736,0.9625482287979601,6969,211,8.0,3.0,0.599609375,0.59521484375,0.00439453125,0.9915041923522949,
uni2,nct-crc-100k,frozen,True,1,histology,d4,vote,,7180,0.9704735376044569,0.9627596008075616,6968,212,8.0,4.0,0.599609375,0.59521484375,0.00439453125,0.9915041923522949,
uni2,nct-crc-100k,frozen,True,1,histology,d4,confidence,,7180,0.9707520891364902,0.9628759901876683,6970,210,9.0,3.0,0.599609375,0.59521484375,0.00439453125,0.9915041923522949,
uni2,nct-crc-100k,frozen,True,1,histology,d4_color,mean,,7180,0.9707520891364902,0.9626383432433057,6970,210,7.0,1.0,0.5986328125,0.59423828125,0.00439453125,0.9905292391777039,
uni2,nct-crc-100k,frozen,True,1,histology,d4_color,vote,,7180,0.9704735376044569,0.9622843069188364,6968,212,6.0,2.0,0.5986328125,0.59423828125,0.00439453125,0.9905292391777039,
uni2,nct-crc-100k,frozen,True,1,histology,d4_color,confidence,,7180,0.9707520891364902,0.9626383432433057,6970,210,7.0,1.0,0.5986328125,0.59423828125,0.00439453125,0.9905292391777039,
uni2,nct-crc-100k,frozen,True,2,histology,none,mean,,7180,0.9754874651810584,0.9673171623917926,7004,176,,,0.64013671875,0.64013671875,0.0,1.0,
uni2,nct-crc-100k,frozen,True,2,histology,flips,mean,,7180,0.9766016713091922,0.9684272431539127,7012,168,10.0,2.0,0.6572265625,0.65380859375,0.00341796875,0.9947075247764587,
uni2,nct-crc-100k,frozen,True,2,histology,flips,vote,,7180,0.9757660167130919,0.9671842549853203,7006,174,4.0,2.0,0.6572265625,0.65380859375,0.00341796875,0.9947075247764587,
uni2,nct-crc-100k,frozen,True,2,histology,flips,confidence,,7180,0.9767409470752089,0.9686911650330364,7013,167,10.0,1.0,0.6572265625,0.65380859375,0.00341796875,0.9947075247764587,
uni2,nct-crc-100k,frozen,True,2,histology,d4,mean,,7180,0.9766016713091922,0.9688386975320535,7012,168,9.0,1.0,0.66162109375,0.65673828125,0.0048828125,0.9915041923522949,
uni2,nct-crc-100k,frozen,True,2,histology,d4,vote,,7180,0.9764623955431755,0.9689223905204862,7011,169,8.0,1.0,0.66162109375,0.65673828125,0.0048828125,0.9915041923522949,
uni2,nct-crc-100k,frozen,True,2,histology,d4,confidence,,7180,0.9764623955431755,0.968748583086708,7011,169,8.0,1.0,0.66162109375,0.65673828125,0.0048828125,0.9915041923522949,
uni2,nct-crc-100k,frozen,True,2,histology,d4_color,mean,,7180,0.9766016713091922,0.9688386975320535,7012,168,9.0,1.0,0.65673828125,0.65234375,0.00439453125,0.9915041923522949,
uni2,nct-crc-100k,frozen,True,2,histology,d4_color,vote,,7180,0.9763231197771588,0.9682399425018156,7010,170,6.0,0.0,0.65673828125,0.65234375,0.00439453125,0.9915041923522949,
uni2,nct-crc-100k,frozen,True,2,histology,d4_color,confidence,,7180,0.9764623955431755,0.968748583086708,7011,169,8.0,1.0,0.65673828125,0.65234375,0.00439453125,0.9915041923522949,
uni2,nct-crc-100k,frozen,True,3,histology,none,mean,,7180,0.96991643454039,0.960934159318114,6964,216,,,0.63818359375,0.63818359375,0.0,1.0,
uni2,nct-crc-100k,frozen,True,3,histology,flips,mean,,7180,0.9704735376044569,0.9619898468346091,6968,212,6.0,2.0,0.6513671875,0.64892578125,0.00244140625,0.9937325716018677,
uni2,nct-crc-100k,frozen,True,3,histology,flips,vote,,7180,0.9694986072423398,0.9604013407876469,6961,219,2.0,5.0,0.6513671875,0.64892578125,0.00244140625,0.9937325716018677,
uni2,nct-crc-100k,frozen,True,3,histology,flips,confidence,,7180,0.9704735376044569,0.9619898468346091,6968,212,6.0,2.0,0.6513671875,0.64892578125,0.00244140625,0.9937325716018677,
uni2,nct-crc-100k,frozen,True,3,histology,d4,mean,,7180,0.9706128133704736,0.9618104143241184,6969,211,8.0,3.0,0.65185546875,0.6484375,0.00341796875,0.9919220209121704,
uni2,nct-crc-100k,frozen,True,3,histology,d4,vote,,7180,0.9704735376044569,0.9613656132498103,6968,212,8.0,4.0,0.65185546875,0.6484375,0.00341796875,0.9919220209121704,
uni2,nct-crc-100k,frozen,True,3,histology,d4,confidence,,7180,0.9706128133704736,0.9618104143241184,6969,211,8.0,3.0,0.65185546875,0.6484375,0.00341796875,0.9919220209121704,
uni2,nct-crc-100k,frozen,True,3,histology,d4_color,mean,,7180,0.9706128133704736,0.9618033425627124,6969,211,7.0,2.0,0.64892578125,0.6455078125,0.00341796875,0.9910863637924194,
uni2,nct-crc-100k,frozen,True,3,histology,d4_color,vote,,7180,0.9704735376044569,0.9615464924449947,6968,212,5.0,1.0,0.64892578125,0.6455078125,0.00341796875,0.9910863637924194,
uni2,nct-crc-100k,frozen,True,3,histology,d4_color,confidence,,7180,0.9706128133704736,0.9618033425627124,6969,211,7.0,2.0,0.64892578125,0.6455078125,0.00341796875,0.9910863637924194,
uni2,nct-crc-100k,frozen,True,42,histology,none,mean,,7180,0.9761838440111421,0.9680012817971737,7009,171,,,0.63134765625,0.63134765625,0.0,1.0,
uni2,nct-crc-100k,frozen,True,42,histology,flips,mean,,7180,0.9770194986072424,0.9690700690952109,7015,165,7.0,1.0,0.64501953125,0.64306640625,0.001953125,0.9958217144012451,
uni2,nct-crc-100k,frozen,True,42,histology,flips,vote,,7180,0.9768802228412257,0.9689799546498653,7014,166,7.0,2.0,0.64501953125,0.64306640625,0.001953125,0.9958217144012451,
uni2,nct-crc-100k,frozen,True,42,histology,flips,confidence,,7180,0.9768802228412257,0.9688948149767391,7014,166,6.0,1.0,0.64501953125,0.64306640625,0.001953125,0.9958217144012451,
uni2,nct-crc-100k,frozen,True,42,histology,d4,mean,,7180,0.9766016713091922,0.9684591826530237,7012,168,6.0,3.0,0.6474609375,0.64453125,0.0029296875,0.9937325716018677,
uni2,nct-crc-100k,frozen,True,42,histology,d4,vote,,7180,0.9768802228412257,0.9688061472160869,7014,166,8.0,3.0,0.6474609375,0.64453125,0.0029296875,0.9937325716018677,
uni2,nct-crc-100k,frozen,True,42,histology,d4,confidence,,7180,0.9766016713091922,0.9684591826530237,7012,168,6.0,3.0,0.6474609375,0.64453125,0.0029296875,0.9937325716018677,
uni2,nct-crc-100k,frozen,True,42,histology,d4_color,mean,,7180,0.9766016713091922,0.9685478504136756,7012,168,5.0,2.0,0.64404296875,0.64111328125,0.0029296875,0.9934540390968323,
uni2,nct-crc-100k,frozen,True,42,histology,d4_color,vote,,7180,0.9766016713091922,0.9687044185622573,7012,168,4.0,1.0,0.64404296875,0.64111328125,0.0029296875,0.9934540390968323,
uni2,nct-crc-100k,frozen,True,42,histology,d4_color,confidence,,7180,0.9766016713091922,0.9685478504136756,7012,168,5.0,2.0,0.64404296875,0.64111328125,0.0029296875,0.9934540390968323,
uni,nct-crc-100k,frozen,True,0,histology,none,mean,,7180,0.9690807799442896,0.95639218685545,6958,222,,,0.6416015625,0.6416015625,0.0,1.0,
uni,nct-crc-100k,frozen,True,0,histology,flips,mean,,7180,0.9697771587743732,0.9579848868807854,6963,217,12.0,7.0,0.64501953125,0.64306640625,0.001953125,0.9931755065917969,
uni,nct-crc-100k,frozen,True,0,histology,flips,vote,,7180,0.9696378830083565,0.9576376590488194,6962,218,11.0,7.0,0.64501953125,0.64306640625,0.001953125,0.9931755065917969,
uni,nct-crc-100k,frozen,True,0,histology,flips,confidence,,7180,0.9697771587743732,0.9579848868807854,6963,217,12.0,7.0,0.64501953125,0.64306640625,0.001953125,0.9931755065917969,
uni,nct-crc-100k,frozen,True,0,histology,d4,mean,,7180,0.9701949860724234,0.9584646439910062,6966,214,15.0,7.0,0.642578125,0.6396484375,0.0029296875,0.9903899431228638,
uni,nct-crc-100k,frozen,True,0,histology,d4,vote,,7180,0.96991643454039,0.9578321552290104,6964,216,15.0,9.0,0.642578125,0.6396484375,0.0029296875,0.9903899431228638,
uni,nct-crc-100k,frozen,True,0,histology,d4,confidence,,7180,0.9700557103064067,0.9582769563033184,6965,215,15.0,8.0,0.642578125,0.6396484375,0.0029296875,0.9903899431228638,
uni,nct-crc-100k,frozen,True,0,histology,d4_color,mean,,7180,0.9704735376044569,0.9585047991796769,6968,212,14.0,4.0,0.64453125,0.6416015625,0.0029296875,0.9895543456077576,
uni,nct-crc-100k,frozen,True,0,histology,d4_color,vote,,7180,0.96991643454039,0.9578711270018901,6964,216,11.0,5.0,0.64453125,0.6416015625,0.0029296875,0.9895543456077576,
uni,nct-crc-100k,frozen,True,0,histology,d4_color,confidence,,7180,0.9703342618384401,0.9584146847343313,6967,213,14.0,5.0,0.64453125,0.6416015625,0.0029296875,0.9895543456077576,
uni,nct-crc-100k,frozen,True,1,histology,none,mean,,7180,0.9692200557103064,0.958773574783971,6959,221,,,0.611328125,0.611328125,0.0,1.0,
uni,nct-crc-100k,frozen,True,1,histology,flips,mean,,7180,0.9686629526462396,0.9583957000752586,6955,225,8.0,12.0,0.6220703125,0.61962890625,0.00244140625,0.9916434288024902,
uni,nct-crc-100k,frozen,True,1,histology,flips,vote,,7180,0.967966573816156,0.9569360558659833,6950,230,3.0,12.0,0.6220703125,0.61962890625,0.00244140625,0.9916434288024902,
uni,nct-crc-100k,frozen,True,1,histology,flips,confidence,,7180,0.9685236768802229,0.9581317781961347,6954,226,7.0,12.0,0.6220703125,0.61962890625,0.00244140625,0.9916434288024902,
uni,nct-crc-100k,frozen,True,1,histology,d4,mean,,7180,0.9701949860724234,0.9601462058618908,6966,214,15.0,8.0,0.61767578125,0.6142578125,0.00341796875,0.9884400963783264,
uni,nct-crc-100k,frozen,True,1,histology,d4,vote,,7180,0.9700557103064067,0.9596465096470526,6965,215,15.0,9.0,0.61767578125,0.6142578125,0.00341796875,0.9884400963783264,
uni,nct-crc-100k,frozen,True,1,histology,d4,confidence,,7180,0.9701949860724234,0.9601462058618908,6966,214,15.0,8.0,0.61767578125,0.6142578125,0.00341796875,0.9884400963783264,
uni,nct-crc-100k,frozen,True,1,histology,d4_color,mean,,7180,0.9701949860724234,0.9600486326195485,6966,214,14.0,7.0,0.6181640625,0.6142578125,0.00390625,0.9874652028083801,
uni,nct-crc-100k,frozen,True,1,histology,d4_color,vote,,7180,0.9692200557103064,0.9587988359584529,6959,221,6.0,6.0,0.6181640625,0.6142578125,0.00390625,0.9874652028083801,
uni,nct-crc-100k,frozen,True,1,histology,d4_color,confidence,,7180,0.9703342618384401,0.9603125544986724,6967,213,15.0,7.0,0.6181640625,0.6142578125,0.00390625,0.9874652028083801,
uni,nct-crc-100k,frozen,True,2,histology,none,mean,,7180,0.9682451253481894,0.9534493518825928,6952,228,,,0.66943359375,0.66943359375,0.0,1.0,
uni,nct-crc-100k,frozen,True,2,histology,flips,mean,,7180,0.9682451253481894,0.9536940705883618,6952,228,8.0,8.0,0.66064453125,0.6572265625,0.00341796875,0.9938718676567078,
uni,nct-crc-100k,frozen,True,2,histology,flips,vote,,7180,0.9686629526462396,0.9542801676688456,6955,225,9.0,6.0,0.66064453125,0.6572265625,0.00341796875,0.9938718676567078,
uni,nct-crc-100k,frozen,True,2,histology,flips,confidence,,7180,0.9681058495821727,0.953430148709238,6951,229,8.0,9.0,0.66064453125,0.6572265625,0.00341796875,0.9938718676567078,
uni,nct-crc-100k,frozen,True,2,histology,d4,mean,,7180,0.9694986072423398,0.9557750700713006,6961,219,13.0,4.0,0.65673828125,0.65283203125,0.00390625,0.990668535232544,
uni,nct-crc-100k,frozen,True,2,histology,d4,vote,,7180,0.9694986072423398,0.9558513042627368,6961,219,12.0,3.0,0.65673828125,0.65283203125,0.00390625,0.990668535232544,
uni,nct-crc-100k,frozen,True,2,histology,d4,confidence,,7180,0.9697771587743732,0.9563029138295482,6963,217,15.0,4.0,0.65673828125,0.65283203125,0.00390625,0.990668535232544,
uni,nct-crc-100k,frozen,True,2,histology,d4_color,mean,,7180,0.9690807799442896,0.9551357728168015,6958,222,10.0,4.0,0.66552734375,0.6611328125,0.00439453125,0.988997220993042,
uni,nct-crc-100k,frozen,True,2,histology,d4_color,vote,,7180,0.9694986072423398,0.9558513042627368,6961,219,11.0,2.0,0.66552734375,0.6611328125,0.00439453125,0.988997220993042,
uni,nct-crc-100k,frozen,True,2,histology,d4_color,confidence,,7180,0.9692200557103064,0.9553996946959253,6959,221,11.0,4.0,0.66552734375,0.6611328125,0.00439453125,0.988997220993042,
uni,nct-crc-100k,frozen,True,3,histology,none,mean,,7180,0.9657381615598886,0.9522543591891801,6934,246,,,0.61376953125,0.61376953125,0.0,1.0,
uni,nct-crc-100k,frozen,True,3,histology,flips,mean,,7180,0.9674094707520892,0.954889916227526,6946,234,17.0,5.0,0.61279296875,0.6103515625,0.00244140625,0.9910863637924194,
uni,nct-crc-100k,frozen,True,3,histology,flips,vote,,7180,0.9671309192200557,0.9543385995894593,6944,236,15.0,5.0,0.61279296875,0.6103515625,0.00244140625,0.9910863637924194,
uni,nct-crc-100k,frozen,True,3,histology,flips,confidence,,7180,0.9675487465181059,0.9550776039152136,6947,233,18.0,5.0,0.61279296875,0.6103515625,0.00244140625,0.9910863637924194,
uni,nct-crc-100k,frozen,True,3,histology,d4,mean,,7180,0.9681058495821727,0.9554744218897997,6951,229,20.0,3.0,0.61279296875,0.60986328125,0.0029296875,0.9866295456886292,
uni,nct-crc-100k,frozen,True,3,histology,d4,vote,,7180,0.9675487465181059,0.9547876882917671,6947,233,18.0,5.0,0.61279296875,0.60986328125,0.0029296875,0.9866295456886292,
uni,nct-crc-100k,frozen,True,3,histology,d4,confidence,,7180,0.9681058495821727,0.9553981876983636,6951,229,21.0,4.0,0.61279296875,0.60986328125,0.0029296875,0.9866295456886292,
uni,nct-crc-100k,frozen,True,3,histology,d4_color,mean,,7180,0.9675487465181059,0.9546687759985188,6947,233,15.0,2.0,0.615234375,0.6123046875,0.0029296875,0.9852367639541626,
uni,nct-crc-100k,frozen,True,3,histology,d4_color,vote,,7180,0.9671309192200557,0.9540508177949258,6944,236,12.0,2.0,0.615234375,0.6123046875,0.0029296875,0.9852367639541626,
uni,nct-crc-100k,frozen,True,3,histology,d4_color,confidence,,7180,0.9676880222841225,0.9548564636862066,6948,232,16.0,2.0,0.615234375,0.6123046875,0.0029296875,0.9852367639541626,
uni,nct-crc-100k,frozen,True,42,histology,none,mean,,7180,0.9706128133704736,0.9585521362570787,6969,211,,,0.67626953125,0.67626953125,0.0,1.0,
uni,nct-crc-100k,frozen,True,42,histology,flips,mean,,7180,0.9708913649025069,0.9590941235381385,6971,209,8.0,6.0,0.67333984375,0.671875,0.00146484375,0.9947075247764587,
uni,nct-crc-100k,frozen,True,42,histology,flips,vote,,7180,0.9707520891364902,0.9584897823195521,6970,210,7.0,6.0,0.67333984375,0.671875,0.00146484375,0.9947075247764587,
uni,nct-crc-100k,frozen,True,42,histology,flips,confidence,,7180,0.9710306406685236,0.959281811225826,6972,208,8.0,5.0,0.67333984375,0.671875,0.00146484375,0.9947075247764587,
uni,nct-crc-100k,frozen,True,42,histology,d4,mean,,7180,0.9713091922005571,0.9593930014531752,6974,206,9.0,4.0,0.67041015625,0.6689453125,0.00146484375,0.9931755065917969,
uni,nct-crc-100k,frozen,True,42,histology,d4,vote,,7180,0.9711699164345404,0.9592266528163934,6973,207,9.0,5.0,0.67041015625,0.6689453125,0.00146484375,0.9931755065917969,
uni,nct-crc-100k,frozen,True,42,histology,d4,confidence,,7180,0.9713091922005571,0.9593930014531752,6974,206,9.0,4.0,0.67041015625,0.6689453125,0.00146484375,0.9931755065917969,
uni,nct-crc-100k,frozen,True,42,histology,d4_color,mean,,7180,0.9710306406685236,0.9593031502767322,6972,208,6.0,3.0,0.673828125,0.67236328125,0.00146484375,0.9923398494720459,
uni,nct-crc-100k,frozen,True,42,histology,d4_color,vote,,7180,0.9710306406685236,0.9590938602692357,6972,208,5.0,2.0,0.673828125,0.67236328125,0.00146484375,0.9923398494720459,
uni,nct-crc-100k,frozen,True,42,histology,d4_color,confidence,,7180,0.9708913649025069,0.9590392283976082,6971,209,6.0,4.0,0.673828125,0.67236328125,0.00146484375,0.9923398494720459,
virchow2,nct-crc-100k,frozen,True,0,histology,none,mean,,7180,0.9725626740947075,0.9609521068220006,6983,197,,,0.60400390625,0.60400390625,0.0,1.0,
virchow2,nct-crc-100k,frozen,True,0,histology,flips,mean,,7180,0.9725626740947075,0.9608067102005344,6983,197,5.0,5.0,0.60400390625,0.60400390625,0.0,0.9970752000808716,
virchow2,nct-crc-100k,frozen,True,0,histology,flips,vote,,7180,0.9724233983286908,0.9607165957551889,6982,198,4.0,5.0,0.60400390625,0.60400390625,0.0,0.9970752000808716,
virchow2,nct-crc-100k,frozen,True,0,histology,flips,confidence,,7180,0.9725626740947075,0.9608067102005344,6983,197,5.0,5.0,0.60400390625,0.60400390625,0.0,0.9970752000808716,
virchow2,nct-crc-100k,frozen,True,0,histology,d4,mean,,7180,0.9727019498607242,0.9610067925690738,6984,196,6.0,5.0,0.607421875,0.6064453125,0.0009765625,0.9955431818962097,
virchow2,nct-crc-100k,frozen,True,0,histology,d4,vote,,7180,0.9724233983286908,0.9606527562446043,6982,198,5.0,6.0,0.607421875,0.6064453125,0.0009765625,0.9955431818962097,
virchow2,nct-crc-100k,frozen,True,0,histology,d4,confidence,,7180,0.9727019498607242,0.9610067925690738,6984,196,6.0,5.0,0.607421875,0.6064453125,0.0009765625,0.9955431818962097,
virchow2,nct-crc-100k,frozen,True,0,histology,d4_color,mean,,7180,0.9725626740947075,0.9607428706899499,6983,197,5.0,5.0,0.60888671875,0.6083984375,0.00048828125,0.9945682287216187,
virchow2,nct-crc-100k,frozen,True,0,histology,d4_color,vote,,7180,0.9727019498607242,0.9610830267605098,6984,196,4.0,3.0,0.60888671875,0.6083984375,0.00048828125,0.9945682287216187,
virchow2,nct-crc-100k,frozen,True,0,histology,d4_color,confidence,,7180,0.9725626740947075,0.9607428706899499,6983,197,5.0,5.0,0.60888671875,0.6083984375,0.00048828125,0.9945682287216187,
virchow2,nct-crc-100k,frozen,True,1,histology,none,mean,,7180,0.96016713091922,0.9491980982663422,6894,286,,,0.67138671875,0.67138671875,0.0,1.0,
virchow2,nct-crc-100k,frozen,True,1,histology,flips,mean,,7180,0.9583565459610028,0.9468405115314518,6881,299,5.0,18.0,0.677734375,0.67626953125,0.00146484375,0.9915041923522949,
virchow2,nct-crc-100k,frozen,True,1,histology,flips,vote,,7180,0.9573816155988858,0.9448082031833793,6874,306,4.0,24.0,0.677734375,0.67626953125,0.00146484375,0.9915041923522949,
virchow2,nct-crc-100k,frozen,True,1,histology,flips,confidence,,7180,0.9583565459610028,0.9468405115314518,6881,299,5.0,18.0,0.677734375,0.67626953125,0.00146484375,0.9915041923522949,
virchow2,nct-crc-100k,frozen,True,1,histology,d4,mean,,7180,0.9587743732590529,0.9459472676070546,6884,296,8.0,18.0,0.67529296875,0.6728515625,0.00244140625,0.9878830313682556,
virchow2,nct-crc-100k,frozen,True,1,histology,d4,vote,,7180,0.9576601671309192,0.9443431713525869,6876,304,7.0,25.0,0.67529296875,0.6728515625,0.00244140625,0.9878830313682556,
virchow2,nct-crc-100k,frozen,True,1,histology,d4,confidence,,7180,0.9586350974930362,0.9458642249231151,6883,297,8.0,19.0,0.67529296875,0.6728515625,0.00244140625,0.9878830313682556,
virchow2,nct-crc-100k,frozen,True,1,histology,d4_color,mean,,7180,0.9590529247910864,0.9468125587090681,6886,294,6.0,14.0,0.67822265625,0.67529296875,0.0029296875,0.9856545925140381,
virchow2,nct-crc-100k,frozen,True,1,histology,d4_color,vote,,7180,0.9586350974930362,0.9464079364032352,6883,297,4.0,15.0,0.67822265625,0.67529296875,0.0029296875,0.9856545925140381,
virchow2,nct-crc-100k,frozen,True,1,histology,d4_color,confidence,,7180,0.9590529247910864,0.9468125587090681,6886,294,6.0,14.0,0.67822265625,0.67529296875,0.0029296875,0.9856545925140381,
virchow2,nct-crc-100k,frozen,True,2,histology,none,mean,,7180,0.9682451253481894,0.9524852291592367,6952,228,,,0.56201171875,0.56201171875,0.0,1.0,
virchow2,nct-crc-100k,frozen,True,2,histology,flips,mean,,7180,0.9681058495821727,0.9520474998463347,6951,229,5.0,6.0,0.5673828125,0.56689453125,0.00048828125,0.9952646493911743,
virchow2,nct-crc-100k,frozen,True,2,histology,flips,vote,,7180,0.9675487465181059,0.951339427197396,6947,233,4.0,9.0,0.5673828125,0.56689453125,0.00048828125,0.9952646493911743,
virchow2,nct-crc-100k,frozen,True,2,histology,flips,confidence,,7180,0.9682451253481894,0.9523114217254585,6952,228,6.0,6.0,0.5673828125,0.56689453125,0.00048828125,0.9952646493911743,
virchow2,nct-crc-100k,frozen,True,2,histology,d4,mean,,7180,0.9682451253481894,0.9523876559168946,6952,228,7.0,7.0,0.5703125,0.5693359375,0.0009765625,0.9920612573623657,
virchow2,nct-crc-100k,frozen,True,2,histology,d4,vote,,7180,0.9674094707520892,0.9509779320759301,6946,234,7.0,13.0,0.5703125,0.5693359375,0.0009765625,0.9920612573623657,
virchow2,nct-crc-100k,frozen,True,2,histology,d4,confidence,,7180,0.9681058495821727,0.9521237340377708,6951,229,7.0,8.0,0.5703125,0.5693359375,0.0009765625,0.9920612573623657,
virchow2,nct-crc-100k,frozen,True,2,histology,d4_color,mean,,7180,0.9682451253481894,0.9525614633506727,6952,228,6.0,6.0,0.57275390625,0.57080078125,0.001953125,0.9905292391777039,
virchow2,nct-crc-100k,frozen,True,2,histology,d4_color,vote,,7180,0.9686629526462396,0.953276994796608,6955,225,6.0,3.0,0.57275390625,0.57080078125,0.001953125,0.9905292391777039,
virchow2,nct-crc-100k,frozen,True,2,histology,d4_color,confidence,,7180,0.9682451253481894,0.9525614633506727,6952,228,6.0,6.0,0.57275390625,0.57080078125,0.001953125,0.9905292391777039,
virchow2,nct-crc-100k,frozen,True,3,histology,none,mean,,7180,0.9665738161559888,0.9506481284902498,6940,240,,,0.546875,0.546875,0.0,1.0,
virchow2,nct-crc-100k,frozen,True,3,histology,flips,mean,,7180,0.9676880222841225,0.9528714822992487,6948,232,10.0,2.0,0.55224609375,0.55126953125,0.0009765625,0.9954038858413696,
virchow2,nct-crc-100k,frozen,True,3,histology,flips,vote,,7180,0.966991643454039,0.9516494461459719,6943,237,6.0,3.0,0.55224609375,0.55126953125,0.0009765625,0.9954038858413696,
virchow2,nct-crc-100k,frozen,True,3,histology,flips,confidence,,7180,0.9676880222841225,0.9528714822992487,6948,232,10.0,2.0,0.55224609375,0.55126953125,0.0009765625,0.9954038858413696,
virchow2,nct-crc-100k,frozen,True,3,histology,d4,mean,,7180,0.9678272980501392,0.9530591699869364,6949,231,11.0,2.0,0.5517578125,0.55029296875,0.00146484375,0.9927576780319214,
virchow2,nct-crc-100k,frozen,True,3,histology,d4,vote,,7180,0.9672701949860725,0.9521772899042195,6945,235,8.0,3.0,0.5517578125,0.55029296875,0.00146484375,0.9927576780319214,
virchow2,nct-crc-100k,frozen,True,3,histology,d4,confidence,,7180,0.9678272980501392,0.9530591699869364,6949,231,11.0,2.0,0.5517578125,0.55029296875,0.00146484375,0.9927576780319214,
virchow2,nct-crc-100k,frozen,True,3,histology,d4_color,mean,,7180,0.9674094707520892,0.9524001442793251,6946,234,8.0,2.0,0.55419921875,0.55224609375,0.001953125,0.9913648962974548,
virchow2,nct-crc-100k,frozen,True,3,histology,d4_color,vote,,7180,0.9671309192200557,0.9518157947827537,6944,236,6.0,2.0,0.55419921875,0.55224609375,0.001953125,0.9913648962974548,
virchow2,nct-crc-100k,frozen,True,3,histology,d4_color,confidence,,7180,0.9676880222841225,0.9529279880375727,6948,232,10.0,2.0,0.55419921875,0.55224609375,0.001953125,0.9913648962974548,
virchow2,nct-crc-100k,frozen,True,42,histology,none,mean,,7180,0.9756267409470752,0.9672839102297678,7005,175,,,0.6142578125,0.6142578125,0.0,1.0,
virchow2,nct-crc-100k,frozen,True,42,histology,flips,mean,,7180,0.9757660167130919,0.9673810964365194,7006,174,5.0,4.0,0.6142578125,0.6142578125,0.0,0.9979108572006226,
virchow2,nct-crc-100k,frozen,True,42,histology,flips,vote,,7180,0.9752089136490251,0.9664992163538025,7002,178,1.0,4.0,0.6142578125,0.6142578125,0.0,0.9979108572006226,
virchow2,nct-crc-100k,frozen,True,42,histology,flips,confidence,,7180,0.9757660167130919,0.9673810964365194,7006,174,5.0,4.0,0.6142578125,0.6142578125,0.0,0.9979108572006226,
virchow2,nct-crc-100k,frozen,True,42,histology,d4,mean,,7180,0.9752089136490251,0.966435376843218,7002,178,3.0,6.0,0.6181640625,0.61767578125,0.00048828125,0.9963788390159607,
virchow2,nct-crc-100k,frozen,True,42,histology,d4,vote,,7180,0.9750696378830084,0.9662352944746788,7001,179,2.0,6.0,0.6181640625,0.61767578125,0.00048828125,0.9963788390159607,
virchow2,nct-crc-100k,frozen,True,42,histology,d4,confidence,,7180,0.9752089136490251,0.966435376843218,7002,178,3.0,6.0,0.6181640625,0.61767578125,0.00048828125,0.9963788390159607,
virchow2,nct-crc-100k,frozen,True,42,histology,d4_color,mean,,7180,0.9752089136490251,0.9666730237875808,7002,178,2.0,5.0,0.62109375,0.6201171875,0.0009765625,0.9951253533363342,
virchow2,nct-crc-100k,frozen,True,42,histology,d4_color,vote,,7180,0.9752089136490251,0.9665878841144545,7002,178,2.0,5.0,0.62109375,0.6201171875,0.0009765625,0.9951253533363342,
virchow2,nct-crc-100k,frozen,True,42,histology,d4_color,confidence,,7180,0.9752089136490251,0.9666730237875808,7002,178,2.0,5.0,0.62109375,0.6201171875,0.0009765625,0.9951253533363342,
virchow,nct-crc-100k,frozen,True,0,histology,none,mean,,7180,0.9683844011142061,0.9578845447759513,6953,227,,,0.6240234375,0.6240234375,0.0,1.0,
virchow,nct-crc-100k,frozen,True,0,histology,flips,mean,,7180,0.9686629526462396,0.9580240530518024,6955,225,7.0,5.0,0.625,0.6240234375,0.0009765625,0.9962395429611206,
virchow,nct-crc-100k,frozen,True,0,histology,flips,vote,,7180,0.9682451253481894,0.9572252156530252,6952,228,6.0,7.0,0.625,0.6240234375,0.0009765625,0.9962395429611206,
virchow,nct-crc-100k,frozen,True,0,histology,flips,confidence,,7180,0.9686629526462396,0.9580240530518024,6955,225,7.0,5.0,0.625,0.6240234375,0.0009765625,0.9962395429611206,
virchow,nct-crc-100k,frozen,True,0,histology,d4,mean,,7180,0.9696378830083565,0.9590215420422585,6962,218,16.0,7.0,0.623046875,0.62158203125,0.00146484375,0.9926183819770813,
virchow,nct-crc-100k,frozen,True,0,histology,d4,vote,,7180,0.968941504178273,0.9579733133227601,6957,223,11.0,7.0,0.623046875,0.62158203125,0.00146484375,0.9926183819770813,
virchow,nct-crc-100k,frozen,True,0,histology,d4,confidence,,7180,0.9694986072423398,0.9587576201631348,6961,219,16.0,8.0,0.623046875,0.62158203125,0.00146484375,0.9926183819770813,
virchow,nct-crc-100k,frozen,True,0,histology,d4_color,mean,,7180,0.9690807799442896,0.9585728488253658,6958,222,10.0,5.0,0.6240234375,0.62255859375,0.00146484375,0.9910863637924194,
virchow,nct-crc-100k,frozen,True,0,histology,d4_color,vote,,7180,0.968941504178273,0.95848273438002,6957,223,7.0,3.0,0.6240234375,0.62255859375,0.00146484375,0.9910863637924194,
virchow,nct-crc-100k,frozen,True,0,histology,d4_color,confidence,,7180,0.9693593314763231,0.958919813388429,6960,220,11.0,4.0,0.6240234375,0.62255859375,0.00146484375,0.9910863637924194,
virchow,nct-crc-100k,frozen,True,1,histology,none,mean,,7180,0.96991643454039,0.9603584745795105,6964,216,,,0.611328125,0.611328125,0.0,1.0,
virchow,nct-crc-100k,frozen,True,1,histology,flips,mean,,7180,0.9706128133704736,0.9605182845661842,6969,211,10.0,5.0,0.61279296875,0.6123046875,0.00048828125,0.9952646493911743,
virchow,nct-crc-100k,frozen,True,1,histology,flips,vote,,7180,0.9701949860724234,0.9600670620349631,6966,214,8.0,6.0,0.61279296875,0.6123046875,0.00048828125,0.9952646493911743,
virchow,nct-crc-100k,frozen,True,1,histology,flips,confidence,,7180,0.9706128133704736,0.9605182845661842,6969,211,10.0,5.0,0.61279296875,0.6123046875,0.00048828125,0.9952646493911743,
virchow,nct-crc-100k,frozen,True,1,histology,d4,mean,,7180,0.9713091922005571,0.9616121633831914,6974,206,16.0,6.0,0.60986328125,0.6083984375,0.00146484375,0.9919220209121704,
virchow,nct-crc-100k,frozen,True,1,histology,d4,vote,,7180,0.9704735376044569,0.9608071677964036,6968,212,11.0,7.0,0.60986328125,0.6083984375,0.00146484375,0.9919220209121704,
virchow,nct-crc-100k,frozen,True,1,histology,d4,confidence,,7180,0.9711699164345404,0.9613482415040677,6973,207,16.0,7.0,0.60986328125,0.6083984375,0.00146484375,0.9919220209121704,
virchow,nct-crc-100k,frozen,True,1,histology,d4_color,mean,,7180,0.9713091922005571,0.9616192351445974,6974,206,12.0,2.0,0.61181640625,0.6103515625,0.00146484375,0.9899721741676331,
virchow,nct-crc-100k,frozen,True,1,histology,d4_color,vote,,7180,0.9707520891364902,0.9609825909711142,6970,210,8.0,2.0,0.61181640625,0.6103515625,0.00146484375,0.9899721741676331,
virchow,nct-crc-100k,frozen,True,1,histology,d4_color,confidence,,7180,0.9714484679665738,0.961702277828537,6975,205,13.0,2.0,0.61181640625,0.6103515625,0.00146484375,0.9899721741676331,
virchow,nct-crc-100k,frozen,True,2,histology,none,mean,,7180,0.9649025069637883,0.9538596486179917,6928,252,,,0.58544921875,0.58544921875,0.0,1.0,
virchow,nct-crc-100k,frozen,True,2,histology,flips,mean,,7180,0.9654596100278552,0.9542840307882822,6932,248,7.0,3.0,0.58544921875,0.583984375,0.00146484375,0.9927576780319214,
virchow,nct-crc-100k,frozen,True,2,histology,flips,vote,,7180,0.9664345403899721,0.954865329575859,6939,241,12.0,1.0,0.58544921875,0.583984375,0.00146484375,0.9927576780319214,
virchow,nct-crc-100k,frozen,True,2,histology,flips,confidence,,7180,0.9654596100278552,0.9542840307882822,6932,248,7.0,3.0,0.58544921875,0.583984375,0.00146484375,0.9927576780319214,
virchow,nct-crc-100k,frozen,True,2,histology,d4,mean,,7180,0.9657381615598886,0.9541197405738013,6934,246,13.0,7.0,0.583984375,0.58203125,0.001953125,0.9883008599281311,
virchow,nct-crc-100k,frozen,True,2,histology,d4,vote,,7180,0.9654596100278552,0.953261521233194,6932,248,13.0,9.0,0.583984375,0.58203125,0.001953125,0.9883008599281311,
virchow,nct-crc-100k,frozen,True,2,histology,d4,confidence,,7180,0.9657381615598886,0.9541197405738013,6934,246,13.0,7.0,0.583984375,0.58203125,0.001953125,0.9883008599281311,
virchow,nct-crc-100k,frozen,True,2,histology,d4_color,mean,,7180,0.9651810584958217,0.9537632587914406,6930,250,9.0,7.0,0.58642578125,0.583984375,0.00244140625,0.9866295456886292,
virchow,nct-crc-100k,frozen,True,2,histology,d4_color,vote,,7180,0.9653203342618384,0.9540271806705645,6931,249,7.0,4.0,0.58642578125,0.583984375,0.00244140625,0.9866295456886292,
virchow,nct-crc-100k,frozen,True,2,histology,d4_color,confidence,,7180,0.9653203342618384,0.9540271806705645,6931,249,9.0,6.0,0.58642578125,0.583984375,0.00244140625,0.9866295456886292,
virchow,nct-crc-100k,frozen,True,3,histology,none,mean,,7180,0.9647632311977716,0.9530559282153188,6927,253,,,0.5380859375,0.5380859375,0.0,1.0,
virchow,nct-crc-100k,frozen,True,3,histology,flips,mean,,7180,0.9651810584958217,0.9524183928785948,6930,250,11.0,8.0,0.53466796875,0.533203125,0.00146484375,0.9920612573623657,
virchow,nct-crc-100k,frozen,True,3,histology,flips,vote,,7180,0.9657381615598886,0.9528002596021253,6934,246,16.0,9.0,0.53466796875,0.533203125,0.00146484375,0.9920612573623657,
virchow,nct-crc-100k,frozen,True,3,histology,flips,confidence,,7180,0.965041782729805,0.9521544709994709,6929,251,10.0,8.0,0.53466796875,0.533203125,0.00146484375,0.9920612573623657,
virchow,nct-crc-100k,frozen,True,3,histology,d4,mean,,7180,0.9655988857938719,0.9521603659185788,6933,247,17.0,11.0,0.53466796875,0.5322265625,0.00244140625,0.9870473742485046,
virchow,nct-crc-100k,frozen,True,3,histology,d4,vote,,7180,0.965041782729805,0.9512998098996867,6929,251,17.0,15.0,0.53466796875,0.5322265625,0.00244140625,0.9870473742485046,
virchow,nct-crc-100k,frozen,True,3,histology,d4,confidence,,7180,0.9654596100278552,0.9520773232346392,6932,248,18.0,13.0,0.53466796875,0.5322265625,0.00244140625,0.9870473742485046,
virchow,nct-crc-100k,frozen,True,3,histology,d4_color,mean,,7180,0.9651810584958217,0.9520779735391324,6930,250,14.0,11.0,0.5390625,0.53564453125,0.00341796875,0.9845404028892517,
virchow,nct-crc-100k,frozen,True,3,histology,d4_color,vote,,7180,0.9658774373259053,0.9530145243818411,6935,245,13.0,5.0,0.5390625,0.53564453125,0.00341796875,0.9845404028892517,
virchow,nct-crc-100k,frozen,True,3,histology,d4_color,confidence,,7180,0.9651810584958217,0.9521612794919745,6930,250,14.0,11.0,0.5390625,0.53564453125,0.00341796875,0.9845404028892517,
virchow,nct-crc-100k,frozen,True,42,histology,none,mean,,7180,0.9690807799442896,0.9596186259710291,6958,222,,,0.60791015625,0.60791015625,0.0,1.0,
virchow,nct-crc-100k,frozen,True,42,histology,flips,mean,,7180,0.96991643454039,0.9602090935091986,6964,216,10.0,4.0,0.6083984375,0.607421875,0.0009765625,0.9954038858413696,
virchow,nct-crc-100k,frozen,True,42,histology,flips,vote,,7180,0.9696378830083565,0.9595003705557669,6962,218,9.0,5.0,0.6083984375,0.607421875,0.0009765625,0.9954038858413696,
virchow,nct-crc-100k,frozen,True,42,histology,flips,confidence,,7180,0.96991643454039,0.9602090935091986,6964,216,10.0,4.0,0.6083984375,0.607421875,0.0009765625,0.9954038858413696,
virchow,nct-crc-100k,frozen,True,42,histology,d4,mean,,7180,0.9700557103064067,0.9606609663449126,6965,215,13.0,6.0,0.60498046875,0.603515625,0.00146484375,0.9930362105369568,
virchow,nct-crc-100k,frozen,True,42,histology,d4,vote,,7180,0.96991643454039,0.9603829009429768,6964,216,13.0,7.0,0.60498046875,0.603515625,0.00146484375,0.9930362105369568,
virchow,nct-crc-100k,frozen,True,42,histology,d4,confidence,,7180,0.9700557103064067,0.9606609663449126,6965,215,13.0,6.0,0.60498046875,0.603515625,0.00146484375,0.9930362105369568,
virchow,nct-crc-100k,frozen,True,42,histology,d4_color,mean,,7180,0.9700557103064067,0.9608418455400967,6965,215,11.0,4.0,0.607421875,0.60595703125,0.00146484375,0.9913648962974548,
virchow,nct-crc-100k,frozen,True,42,histology,d4_color,vote,,7180,0.9701949860724234,0.9610224614663786,6966,214,12.0,4.0,0.607421875,0.60595703125,0.00146484375,0.9913648962974548,
virchow,nct-crc-100k,frozen,True,42,histology,d4_color,confidence,,7180,0.9700557103064067,0.9608418455400967,6965,215,11.0,4.0,0.607421875,0.60595703125,0.00146484375,0.9913648962974548,
convnextv2_base,nct-crc-nonorm,finetuned,True,0,general,none,mean,,7180,0.7940111420612813,0.7825671751385502,5701,1479,,,0.595703125,0.595703125,0.0,1.0,
convnextv2_base,nct-crc-nonorm,finetuned,True,0,general,flips,mean,,7180,0.7976323119777159,0.7857154286864836,5727,1453,131.0,105.0,0.6123046875,0.59130859375,0.02099609375,0.9080780148506165,
convnextv2_base,nct-crc-nonorm,finetuned,True,0,general,flips,vote,,7180,0.8047353760445682,0.7923208880307915,5778,1402,158.0,81.0,0.6123046875,0.59130859375,0.02099609375,0.9080780148506165,
convnextv2_base,nct-crc-nonorm,finetuned,True,0,general,flips,confidence,,7180,0.7980501392757661,0.7861003075521231,5730,1450,136.0,107.0,0.6123046875,0.59130859375,0.02099609375,0.9080780148506165,
convnextv2_base,nct-crc-nonorm,finetuned,True,0,general,d4,mean,,7180,0.7967966573816156,0.7867479608946507,5721,1459,158.0,138.0,0.62255859375,0.59326171875,0.029296875,0.8562673926353455,
convnextv2_base,nct-crc-nonorm,finetuned,True,0,general,d4,vote,,7180,0.7987465181058496,0.78809555822976,5735,1445,156.0,122.0,0.62255859375,0.59326171875,0.029296875,0.8562673926353455,
convnextv2_base,nct-crc-nonorm,finetuned,True,0,general,d4,confidence,,7180,0.796100278551532,0.7858924511013113,5716,1464,154.0,139.0,0.62255859375,0.59326171875,0.029296875,0.8562673926353455,
convnextv2_base,nct-crc-nonorm,finetuned,True,0,general,d4_color,mean,,7180,0.7974930362116992,0.7864385183485274,5726,1454,118.0,93.0,0.625,0.59375,0.03125,0.8341225385665894,
convnextv2_base,nct-crc-nonorm,finetuned,True,0,general,d4_color,vote,,7180,0.7981894150417828,0.7865297185494835,5731,1449,119.0,89.0,0.625,0.59375,0.03125,0.8341225385665894,
convnextv2_base,nct-crc-nonorm,finetuned,True,0,general,d4_color,confidence,,7180,0.7976323119777159,0.7867731199273271,5727,1453,119.0,93.0,0.625,0.59375,0.03125,0.8341225385665894,
convnextv2_base,nct-crc-nonorm,finetuned,True,1,general,none,mean,,7180,0.8054317548746518,0.7932963149728833,5783,1397,,,0.546875,0.546875,0.0,1.0,
convnextv2_base,nct-crc-nonorm,finetuned,True,1,general,flips,mean,,7180,0.8054317548746518,0.7923974484002613,5783,1397,55.0,55.0,0.56103515625,0.54638671875,0.0146484375,0.938022255897522,
convnextv2_base,nct-crc-nonorm,finetuned,True,1,general,flips,vote,,7180,0.8071030640668524,0.7944232474700341,5795,1385,60.0,48.0,0.56103515625,0.54638671875,0.0146484375,0.938022255897522,
convnextv2_base,nct-crc-nonorm,finetuned,True,1,general,flips,confidence,,7180,0.8054317548746518,0.792409843081113,5783,1397,56.0,56.0,0.56103515625,0.54638671875,0.0146484375,0.938022255897522,
convnextv2_base,nct-crc-nonorm,finetuned,True,1,general,d4,mean,,7180,0.8072423398328691,0.7959371930647469,5796,1384,69.0,56.0,0.56591796875,0.54638671875,0.01953125,0.9105849862098694,
convnextv2_base,nct-crc-nonorm,finetuned,True,1,general,d4,vote,,7180,0.8090529247910864,0.7980832989035309,5809,1371,77.0,51.0,0.56591796875,0.54638671875,0.01953125,0.9105849862098694,
convnextv2_base,nct-crc-nonorm,finetuned,True,1,general,d4,confidence,,7180,0.8068245125348189,0.7953346404260662,5793,1387,68.0,58.0,0.56591796875,0.54638671875,0.01953125,0.9105849862098694,
convnextv2_base,nct-crc-nonorm,finetuned,True,1,general,d4_color,mean,,7180,0.807799442896936,0.796709274551475,5800,1380,55.0,38.0,0.56982421875,0.546875,0.02294921875,0.8927576541900635,
convnextv2_base,nct-crc-nonorm,finetuned,True,1,general,d4_color,vote,,7180,0.8071030640668524,0.7955090707512862,5795,1385,48.0,36.0,0.56982421875,0.546875,0.02294921875,0.8927576541900635,
convnextv2_base,nct-crc-nonorm,finetuned,True,1,general,d4_color,confidence,,7180,0.8072423398328691,0.7959595627203344,5796,1384,54.0,41.0,0.56982421875,0.546875,0.02294921875,0.8927576541900635,
convnextv2_base,nct-crc-nonorm,finetuned,True,2,general,none,mean,,7180,0.8185236768802229,0.7917545988417156,5877,1303,,,0.68896484375,0.68896484375,0.0,1.0,
convnextv2_base,nct-crc-nonorm,finetuned,True,2,general,flips,mean,,7180,0.8281337047353761,0.7996116873152717,5946,1234,171.0,102.0,0.71142578125,0.68798828125,0.0234375,0.8728412389755249,
convnextv2_base,nct-crc-nonorm,finetuned,True,2,general,flips,vote,,7180,0.8360724233983287,0.8075247583405587,6003,1177,211.0,85.0,0.71142578125,0.68798828125,0.0234375,0.8728412389755249,
convnextv2_base,nct-crc-nonorm,finetuned,True,2,general,flips,confidence,,7180,0.8285515320334261,0.7999942824531738,5949,1231,175.0,103.0,0.71142578125,0.68798828125,0.0234375,0.8728412389755249,
convnextv2_base,nct-crc-nonorm,finetuned,True,2,general,d4,mean,,7180,0.8256267409470752,0.7979846219656681,5928,1252,185.0,134.0,0.724609375,0.69140625,0.033203125,0.8153203129768372,
convnextv2_base,nct-crc-nonorm,finetuned,True,2,general,d4,vote,,7180,0.8296657381615599,0.8028878005005836,5957,1223,206.0,126.0,0.724609375,0.69140625,0.033203125,0.8153203129768372,
convnextv2_base,nct-crc-nonorm,finetuned,True,2,general,d4,confidence,,7180,0.8257660167130919,0.7982254604646057,5929,1251,189.0,137.0,0.724609375,0.69140625,0.033203125,0.8153203129768372,
convnextv2_base,nct-crc-nonorm,finetuned,True,2,general,d4_color,mean,,7180,0.827158774373259,0.7987967039763167,5939,1241,147.0,85.0,0.724609375,0.68994140625,0.03466796875,0.797493040561676,
convnextv2_base,nct-crc-nonorm,finetuned,True,2,general,d4_color,vote,,7180,0.8256267409470752,0.7982200203339422,5928,1252,130.0,79.0,0.724609375,0.68994140625,0.03466796875,0.797493040561676,
convnextv2_base,nct-crc-nonorm,finetuned,True,2,general,d4_color,confidence,,7180,0.8279944289693594,0.7998758903704589,5945,1235,154.0,86.0,0.724609375,0.68994140625,0.03466796875,0.797493040561676,
convnextv2_base,nct-crc-nonorm,frozen,True,0,general,none,mean,,7180,0.8394150417827299,0.8253799572052329,6027,1153,,,0.95849609375,0.95849609375,0.0,1.0,
convnextv2_base,nct-crc-nonorm,frozen,True,0,general,flips,mean,,7180,0.8402506963788301,0.8259023707622271,6033,1147,134.0,128.0,0.97314453125,0.9619140625,0.01123046875,0.8791086077690125,
convnextv2_base,nct-crc-nonorm,frozen,True,0,general,flips,vote,,7180,0.8395543175487465,0.8255889567361296,6028,1152,125.0,124.0,0.97314453125,0.9619140625,0.01123046875,0.8791086077690125,
convnextv2_base,nct-crc-nonorm,frozen,True,0,general,flips,confidence,,7180,0.8403899721448468,0.8257991789804294,6034,1146,139.0,132.0,0.97314453125,0.9619140625,0.01123046875,0.8791086077690125,
convnextv2_base,nct-crc-nonorm,frozen,True,0,general,d4,mean,,7180,0.8420612813370474,0.8251943366966188,6046,1134,181.0,162.0,0.98388671875,0.9638671875,0.02001953125,0.8073816299438477,
convnextv2_base,nct-crc-nonorm,frozen,True,0,general,d4,vote,,7180,0.8430362116991643,0.8277582476233455,6053,1127,171.0,145.0,0.98388671875,0.9638671875,0.02001953125,0.8073816299438477,
convnextv2_base,nct-crc-nonorm,frozen,True,0,general,d4,confidence,,7180,0.8420612813370474,0.8256747067620036,6046,1134,178.0,159.0,0.98388671875,0.9638671875,0.02001953125,0.8073816299438477,
convnextv2_base,nct-crc-nonorm,frozen,True,0,general,d4_color,mean,,7180,0.8537604456824512,0.8377805773975552,6130,1050,192.0,89.0,0.98193359375,0.95849609375,0.0234375,0.783843994140625,
convnextv2_base,nct-crc-nonorm,frozen,True,0,general,d4_color,vote,,7180,0.8505571030640668,0.8351090890607186,6107,1073,167.0,87.0,0.98193359375,0.95849609375,0.0234375,0.783843994140625,
convnextv2_base,nct-crc-nonorm,frozen,True,0,general,d4_color,confidence,,7180,0.8536211699164346,0.837870470360581,6129,1051,193.0,91.0,0.98193359375,0.95849609375,0.0234375,0.783843994140625,
convnextv2_base,nct-crc-nonorm,frozen,True,1,general,none,mean,,7180,0.8153203342618385,0.798567788992693,5854,1326,,,0.9208984375,0.9208984375,0.0,1.0,
convnextv2_base,nct-crc-nonorm,frozen,True,1,general,flips,mean,,7180,0.814066852367688,0.7973572070685649,5845,1335,125.0,134.0,0.93603515625,0.923828125,0.01220703125,0.8799442648887634,
convnextv2_base,nct-crc-nonorm,frozen,True,1,general,flips,vote,,7180,0.8114206128133705,0.7937972714703014,5826,1354,103.0,131.0,0.93603515625,0.923828125,0.01220703125,0.8799442648887634,
convnextv2_base,nct-crc-nonorm,frozen,True,1,general,flips,confidence,,7180,0.8139275766016713,0.7972455304498232,5844,1336,125.0,135.0,0.93603515625,0.923828125,0.01220703125,0.8799442648887634,
convnextv2_base,nct-crc-nonorm,frozen,True,1,general,d4,mean,,7180,0.8167130919220056,0.7987330402152913,5864,1316,173.0,163.0,0.943359375,0.92333984375,0.02001953125,0.8098886013031006,
convnextv2_base,nct-crc-nonorm,frozen,True,1,general,d4,vote,,7180,0.8151810584958217,0.7963700392285584,5853,1327,160.0,161.0,0.943359375,0.92333984375,0.02001953125,0.8098886013031006,
convnextv2_base,nct-crc-nonorm,frozen,True,1,general,d4,confidence,,7180,0.8162952646239554,0.7986640515970397,5861,1319,174.0,167.0,0.943359375,0.92333984375,0.02001953125,0.8098886013031006,
convnextv2_base,nct-crc-nonorm,frozen,True,1,general,d4_color,mean,,7180,0.8282729805013928,0.8100372379026821,5947,1233,189.0,96.0,0.94091796875,0.9169921875,0.02392578125,0.7759053111076355,
convnextv2_base,nct-crc-nonorm,frozen,True,1,general,d4_color,vote,,7180,0.8242339832869081,0.8069501614434541,5918,1262,164.0,100.0,0.94091796875,0.9169921875,0.02392578125,0.7759053111076355,
convnextv2_base,nct-crc-nonorm,frozen,True,1,general,d4_color,confidence,,7180,0.8292479108635098,0.8109711334523222,5954,1226,195.0,95.0,0.94091796875,0.9169921875,0.02392578125,0.7759053111076355,
convnextv2_base,nct-crc-nonorm,frozen,True,2,general,none,mean,,7180,0.8437325905292479,0.8278805615056752,6058,1122,,,1.0146484375,1.0146484375,0.0,1.0,
convnextv2_base,nct-crc-nonorm,frozen,True,2,general,flips,mean,,7180,0.8473537604456824,0.8330586140390727,6084,1096,128.0,102.0,1.0302734375,1.01953125,0.0107421875,0.8892757892608643,
convnextv2_base,nct-crc-nonorm,frozen,True,2,general,flips,vote,,7180,0.8459610027855153,0.8314932926600043,6074,1106,118.0,102.0,1.0302734375,1.01953125,0.0107421875,0.8892757892608643,
convnextv2_base,nct-crc-nonorm,frozen,True,2,general,flips,confidence,,7180,0.8476323119777158,0.8330052024229625,6086,1094,129.0,101.0,1.0302734375,1.01953125,0.0107421875,0.8892757892608643,
convnextv2_base,nct-crc-nonorm,frozen,True,2,general,d4,mean,,7180,0.848050139275766,0.8322776232650226,6089,1091,164.0,133.0,1.037109375,1.0185546875,0.0185546875,0.8240947127342224,
convnextv2_base,nct-crc-nonorm,frozen,True,2,general,d4,vote,,7180,0.8459610027855153,0.8314744860539508,6074,1106,158.0,142.0,1.037109375,1.0185546875,0.0185546875,0.8240947127342224,
convnextv2_base,nct-crc-nonorm,frozen,True,2,general,d4,confidence,,7180,0.8474930362116991,0.8318775309352825,6085,1095,164.0,137.0,1.037109375,1.0185546875,0.0185546875,0.8240947127342224,
convnextv2_base,nct-crc-nonorm,frozen,True,2,general,d4_color,mean,,7180,0.8584958217270195,0.8416502632480545,6164,1016,170.0,64.0,1.0322265625,1.0107421875,0.021484375,0.8004178404808044,
convnextv2_base,nct-crc-nonorm,frozen,True,2,general,d4_color,vote,,7180,0.8564066852367688,0.8394648476823154,6149,1031,157.0,66.0,1.0322265625,1.0107421875,0.021484375,0.8004178404808044,
convnextv2_base,nct-crc-nonorm,frozen,True,2,general,d4_color,confidence,,7180,0.8584958217270195,0.8415581034581145,6164,1016,172.0,66.0,1.0322265625,1.0107421875,0.021484375,0.8004178404808044,
convnextv2_base,nct-crc-nonorm,frozen,True,3,general,none,mean,,7180,0.8657381615598886,0.8298452548463838,6216,964,,,0.89208984375,0.89208984375,0.0,1.0,
convnextv2_base,nct-crc-nonorm,frozen,True,3,general,flips,mean,,7180,0.8676880222841226,0.8326200000429886,6230,950,108.0,94.0,0.9072265625,0.896484375,0.0107421875,0.9090529084205627,
convnextv2_base,nct-crc-nonorm,frozen,True,3,general,flips,vote,,7180,0.8693593314763232,0.835485413027162,6242,938,108.0,82.0,0.9072265625,0.896484375,0.0107421875,0.9090529084205627,
convnextv2_base,nct-crc-nonorm,frozen,True,3,general,flips,confidence,,7180,0.8681058495821727,0.8331333132428337,6233,947,111.0,94.0,0.9072265625,0.896484375,0.0107421875,0.9090529084205627,
convnextv2_base,nct-crc-nonorm,frozen,True,3,general,d4,mean,,7180,0.8682451253481894,0.8333038367414477,6234,946,131.0,113.0,0.91357421875,0.89599609375,0.017578125,0.8488857746124268,
convnextv2_base,nct-crc-nonorm,frozen,True,3,general,d4,vote,,7180,0.8676880222841226,0.8335481090580801,6230,950,131.0,117.0,0.91357421875,0.89599609375,0.017578125,0.8488857746124268,
convnextv2_base,nct-crc-nonorm,frozen,True,3,general,d4,confidence,,7180,0.8678272980501393,0.8328211076355303,6231,949,130.0,115.0,0.91357421875,0.89599609375,0.017578125,0.8488857746124268,
convnextv2_base,nct-crc-nonorm,frozen,True,3,general,d4_color,mean,,7180,0.8768802228412256,0.8405183698728874,6296,884,145.0,65.0,0.9091796875,0.88818359375,0.02099609375,0.8271587491035461,
convnextv2_base,nct-crc-nonorm,frozen,True,3,general,d4_color,vote,,7180,0.8760445682451253,0.8407704100567992,6290,890,126.0,52.0,0.9091796875,0.88818359375,0.02099609375,0.8271587491035461,
convnextv2_base,nct-crc-nonorm,frozen,True,3,general,d4_color,confidence,,7180,0.8763231197771588,0.8396994893927457,6292,888,144.0,68.0,0.9091796875,0.88818359375,0.02099609375,0.8271587491035461,
convnextv2_base,nct-crc-nonorm,frozen,True,42,general,none,mean,,7180,0.8555710306406685,0.8353864442208481,6143,1037,,,0.9921875,0.9921875,0.0,1.0,
convnextv2_base,nct-crc-nonorm,frozen,True,42,general,flips,mean,,7180,0.8564066852367688,0.8357247690885397,6149,1031,130.0,124.0,1.005859375,0.99560546875,0.01025390625,0.8948467969894409,
convnextv2_base,nct-crc-nonorm,frozen,True,42,general,flips,vote,,7180,0.8579387186629527,0.8387976853187994,6160,1020,118.0,101.0,1.005859375,0.99560546875,0.01025390625,0.8948467969894409,
convnextv2_base,nct-crc-nonorm,frozen,True,42,general,flips,confidence,,7180,0.8557103064066852,0.8350676557275217,6144,1036,125.0,124.0,1.005859375,0.99560546875,0.01025390625,0.8948467969894409,
convnextv2_base,nct-crc-nonorm,frozen,True,42,general,d4,mean,,7180,0.8559888579387187,0.8334445778706693,6146,1034,150.0,147.0,1.013671875,0.99560546875,0.01806640625,0.8325905203819275,
convnextv2_base,nct-crc-nonorm,frozen,True,42,general,d4,vote,,7180,0.854874651810585,0.8327186762572114,6138,1042,134.0,139.0,1.013671875,0.99560546875,0.01806640625,0.8325905203819275,
convnextv2_base,nct-crc-nonorm,frozen,True,42,general,d4,confidence,,7180,0.8551532033426184,0.8328096942877301,6140,1040,152.0,155.0,1.013671875,0.99560546875,0.01806640625,0.8325905203819275,
convnextv2_base,nct-crc-nonorm,frozen,True,42,general,d4_color,mean,,7180,0.8653203342618384,0.8424739441156306,6213,967,164.0,94.0,1.0087890625,0.98876953125,0.02001953125,0.8076601624488831,
convnextv2_base,nct-crc-nonorm,frozen,True,42,general,d4_color,vote,,7180,0.8629526462395544,0.8408468840044944,6196,984,136.0,83.0,1.0087890625,0.98876953125,0.02001953125,0.8076601624488831,
convnextv2_base,nct-crc-nonorm,frozen,True,42,general,d4_color,confidence,,7180,0.865041782729805,0.8423589228620003,6211,969,164.0,96.0,1.0087890625,0.98876953125,0.02001953125,0.8076601624488831,
convnextv2_tiny,nct-crc-nonorm,finetuned,True,0,general,none,mean,,7180,0.7803621169916435,0.7557872593947443,5603,1577,,,0.603515625,0.603515625,0.0,1.0,
convnextv2_tiny,nct-crc-nonorm,finetuned,True,0,general,flips,mean,,7180,0.7825905292479108,0.7598458791952878,5619,1561,90.0,74.0,0.6171875,0.60400390625,0.01318359375,0.9264624118804932,
convnextv2_tiny,nct-crc-nonorm,finetuned,True,0,general,flips,vote,,7180,0.784958217270195,0.7612698058891217,5636,1544,94.0,61.0,0.6171875,0.60400390625,0.01318359375,0.9264624118804932,
convnextv2_tiny,nct-crc-nonorm,finetuned,True,0,general,flips,confidence,,7180,0.7828690807799443,0.7602749787663874,5621,1559,92.0,74.0,0.6171875,0.60400390625,0.01318359375,0.9264624118804932,
convnextv2_tiny,nct-crc-nonorm,finetuned,True,0,general,d4,mean,,7180,0.7863509749303621,0.7636170825795546,5646,1534,114.0,71.0,0.62353515625,0.60546875,0.01806640625,0.8912256360054016,
convnextv2_tiny,nct-crc-nonorm,finetuned,True,0,general,d4,vote,,7180,0.7867688022284123,0.7635091704398521,5649,1531,112.0,66.0,0.62353515625,0.60546875,0.01806640625,0.8912256360054016,
convnextv2_tiny,nct-crc-nonorm,finetuned,True,0,general,d4,confidence,,7180,0.7873259052924791,0.7647445688455355,5653,1527,120.0,70.0,0.62353515625,0.60546875,0.01806640625,0.8912256360054016,
convnextv2_tiny,nct-crc-nonorm,finetuned,True,0,general,d4_color,mean,,7180,0.786908077994429,0.7628119481356643,5650,1530,93.0,46.0,0.626953125,0.60693359375,0.02001953125,0.8725626468658447,
convnextv2_tiny,nct-crc-nonorm,finetuned,True,0,general,d4_color,vote,,7180,0.7857938718662952,0.7617676220682967,5642,1538,82.0,43.0,0.626953125,0.60693359375,0.02001953125,0.8725626468658447,
convnextv2_tiny,nct-crc-nonorm,finetuned,True,0,general,d4_color,confidence,,7180,0.7877437325905292,0.7638305616951665,5656,1524,99.0,46.0,0.626953125,0.60693359375,0.02001953125,0.8725626468658447,
convnextv2_tiny,nct-crc-nonorm,finetuned,True,1,general,none,mean,,7180,0.8516713091922006,0.8340119477072705,6115,1065,,,0.60205078125,0.60205078125,0.0,1.0,
convnextv2_tiny,nct-crc-nonorm,finetuned,True,1,general,flips,mean,,7180,0.8554317548746518,0.8366490094288137,6142,1038,90.0,63.0,0.6142578125,0.60205078125,0.01220703125,0.9299442768096924,
convnextv2_tiny,nct-crc-nonorm,finetuned,True,1,general,flips,vote,,7180,0.8580779944289694,0.8395496572413387,6161,1019,98.0,52.0,0.6142578125,0.60205078125,0.01220703125,0.9299442768096924,
convnextv2_tiny,nct-crc-nonorm,finetuned,True,1,general,flips,confidence,,7180,0.8558495821727019,0.8369176428112542,6145,1035,92.0,62.0,0.6142578125,0.60205078125,0.01220703125,0.9299442768096924,
convnextv2_tiny,nct-crc-nonorm,finetuned,True,1,general,d4,mean,,7180,0.8562674094707521,0.8378372671752016,6148,1032,108.0,75.0,0.62060546875,0.60302734375,0.017578125,0.89415043592453,
convnextv2_tiny,nct-crc-nonorm,finetuned,True,1,general,d4,vote,,7180,0.8580779944289694,0.8393300563449266,6161,1019,113.0,67.0,0.62060546875,0.60302734375,0.017578125,0.89415043592453,
convnextv2_tiny,nct-crc-nonorm,finetuned,True,1,general,d4,confidence,,7180,0.8562674094707521,0.8377840652599604,6148,1032,108.0,75.0,0.62060546875,0.60302734375,0.017578125,0.89415043592453,
convnextv2_tiny,nct-crc-nonorm,finetuned,True,1,general,d4_color,mean,,7180,0.8558495821727019,0.83760796886484,6145,1035,85.0,55.0,0.62353515625,0.60302734375,0.0205078125,0.8722841143608093,
convnextv2_tiny,nct-crc-nonorm,finetuned,True,1,general,d4_color,vote,,7180,0.8559888579387187,0.8389914281812162,6146,1034,81.0,50.0,0.62353515625,0.60302734375,0.0205078125,0.8722841143608093,
convnextv2_tiny,nct-crc-nonorm,finetuned,True,1,general,d4_color,confidence,,7180,0.8555710306406685,0.8375505743909728,6143,1037,86.0,58.0,0.62353515625,0.60302734375,0.0205078125,0.8722841143608093,
convnextv2_tiny,nct-crc-nonorm,finetuned,True,2,general,none,mean,,7180,0.7928969359331476,0.7856696098702198,5693,1487,,,0.568359375,0.568359375,0.0,1.0,
convnextv2_tiny,nct-crc-nonorm,finetuned,True,2,general,flips,mean,,7180,0.7974930362116992,0.7911680706498017,5726,1454,80.0,47.0,0.57958984375,0.568359375,0.01123046875,0.9449860453605652,
convnextv2_tiny,nct-crc-nonorm,finetuned,True,2,general,flips,vote,,7180,0.7972144846796657,0.7902961476306868,5724,1456,79.0,48.0,0.57958984375,0.568359375,0.01123046875,0.9449860453605652,
convnextv2_tiny,nct-crc-nonorm,finetuned,True,2,general,flips,confidence,,7180,0.7969359331476323,0.7901053113719005,5722,1458,78.0,49.0,0.57958984375,0.568359375,0.01123046875,0.9449860453605652,
convnextv2_tiny,nct-crc-nonorm,finetuned,True,2,general,d4,mean,,7180,0.7979108635097493,0.7905713493457361,5729,1451,98.0,62.0,0.5830078125,0.56787109375,0.01513671875,0.9181058406829834,
convnextv2_tiny,nct-crc-nonorm,finetuned,True,2,general,d4,vote,,7180,0.7984679665738161,0.791105584682933,5733,1447,100.0,60.0,0.5830078125,0.56787109375,0.01513671875,0.9181058406829834,
convnextv2_tiny,nct-crc-nonorm,finetuned,True,2,general,d4,confidence,,7180,0.7973537604456824,0.790108512606031,5725,1455,96.0,64.0,0.5830078125,0.56787109375,0.01513671875,0.9181058406829834,
convnextv2_tiny,nct-crc-nonorm,finetuned,True,2,general,d4_color,mean,,7180,0.7980501392757661,0.790724965255309,5730,1450,79.0,42.0,0.5859375,0.5693359375,0.0166015625,0.905153214931488,
convnextv2_tiny,nct-crc-nonorm,finetuned,True,2,general,d4_color,vote,,7180,0.797075208913649,0.7900948561683219,5723,1457,67.0,37.0,0.5859375,0.5693359375,0.0166015625,0.905153214931488,
convnextv2_tiny,nct-crc-nonorm,finetuned,True,2,general,d4_color,confidence,,7180,0.7988857938718663,0.7917805741454946,5736,1444,83.0,40.0,0.5859375,0.5693359375,0.0166015625,0.905153214931488,
convnextv2_tiny,nct-crc-nonorm,finetuned,True,3,general,none,mean,,7180,0.7844011142061281,0.7658656601445446,5632,1548,,,0.5537109375,0.5537109375,0.0,1.0,
convnextv2_tiny,nct-crc-nonorm,finetuned,True,3,general,flips,mean,,7180,0.7880222841225627,0.7693184976182783,5658,1522,67.0,41.0,0.56396484375,0.55517578125,0.0087890625,0.9522284269332886,
convnextv2_tiny,nct-crc-nonorm,finetuned,True,3,general,flips,vote,,7180,0.7873259052924791,0.768400830364595,5653,1527,60.0,39.0,0.56396484375,0.55517578125,0.0087890625,0.9522284269332886,
convnextv2_tiny,nct-crc-nonorm,finetuned,True,3,general,flips,confidence,,7180,0.7876044568245125,0.7687005394146852,5655,1525,65.0,42.0,0.56396484375,0.55517578125,0.0087890625,0.9522284269332886,
convnextv2_tiny,nct-crc-nonorm,finetuned,True,3,general,d4,mean,,7180,0.7903899721448467,0.7729257350454607,5675,1505,82.0,39.0,0.56884765625,0.5556640625,0.01318359375,0.927019476890564,
convnextv2_tiny,nct-crc-nonorm,finetuned,True,3,general,d4,vote,,7180,0.7903899721448467,0.7727090160732971,5675,1505,85.0,42.0,0.56884765625,0.5556640625,0.01318359375,0.927019476890564,
convnextv2_tiny,nct-crc-nonorm,finetuned,True,3,general,d4,confidence,,7180,0.7899721448467967,0.7722562775723509,5672,1508,80.0,40.0,0.56884765625,0.5556640625,0.01318359375,0.927019476890564,
convnextv2_tiny,nct-crc-nonorm,finetuned,True,3,general,d4_color,mean,,7180,0.7891364902506964,0.7706503479820052,5666,1514,59.0,25.0,0.5703125,0.5556640625,0.0146484375,0.9164345264434814,
convnextv2_tiny,nct-crc-nonorm,finetuned,True,3,general,d4_color,vote,,7180,0.7892757660167131,0.7710936599783152,5667,1513,52.0,17.0,0.5703125,0.5556640625,0.0146484375,0.9164345264434814,
convnextv2_tiny,nct-crc-nonorm,finetuned,True,3,general,d4_color,confidence,,7180,0.7892757660167131,0.7704030150835849,5667,1513,62.0,27.0,0.5703125,0.5556640625,0.0146484375,0.9164345264434814,
convnextv2_tiny,nct-crc-nonorm,finetuned,True,42,general,none,mean,,7180,0.8018105849582172,0.7866112407667936,5757,1423,,,0.57958984375,0.57958984375,0.0,1.0,
convnextv2_tiny,nct-crc-nonorm,finetuned,True,42,general,flips,mean,,7180,0.8034818941504178,0.7907088238950265,5769,1411,93.0,81.0,0.5927734375,0.57861328125,0.01416015625,0.9254874587059021,
convnextv2_tiny,nct-crc-nonorm,finetuned,True,42,general,flips,vote,,7180,0.806267409470752,0.7921271903928931,5789,1391,100.0,68.0,0.5927734375,0.57861328125,0.01416015625,0.9254874587059021,
convnextv2_tiny,nct-crc-nonorm,finetuned,True,42,general,flips,confidence,,7180,0.8040389972144847,0.7914303307437002,5773,1407,100.0,84.0,0.5927734375,0.57861328125,0.01416015625,0.9254874587059021,
convnextv2_tiny,nct-crc-nonorm,finetuned,True,42,general,d4,mean,,7180,0.8059888579387187,0.7905409420266917,5787,1393,112.0,82.0,0.59912109375,0.580078125,0.01904296875,0.8909471035003662,
convnextv2_tiny,nct-crc-nonorm,finetuned,True,42,general,d4,vote,,7180,0.8072423398328691,0.7918117186569279,5796,1384,110.0,71.0,0.59912109375,0.580078125,0.01904296875,0.8909471035003662,
convnextv2_tiny,nct-crc-nonorm,finetuned,True,42,general,d4,confidence,,7180,0.8055710306406685,0.7895903915580784,5784,1396,111.0,84.0,0.59912109375,0.580078125,0.01904296875,0.8909471035003662,
convnextv2_tiny,nct-crc-nonorm,finetuned,True,42,general,d4_color,mean,,7180,0.8076601671309193,0.7915758416948493,5799,1381,91.0,49.0,0.60302734375,0.5810546875,0.02197265625,0.8720055818557739,
convnextv2_tiny,nct-crc-nonorm,finetuned,True,42,general,d4_color,vote,,7180,0.807799442896936,0.7925050042850226,5800,1380,85.0,42.0,0.60302734375,0.5810546875,0.02197265625,0.8720055818557739,
convnextv2_tiny,nct-crc-nonorm,finetuned,True,42,general,d4_color,confidence,,7180,0.8069637883008357,0.7907824035949349,5794,1386,91.0,54.0,0.60302734375,0.5810546875,0.02197265625,0.8720055818557739,
convnextv2_tiny,nct-crc-nonorm,frozen,True,0,general,none,mean,,7180,0.8472144846796658,0.8298291991688674,6083,1097,,,1.0732421875,1.0732421875,0.0,1.0,
convnextv2_tiny,nct-crc-nonorm,frozen,True,0,general,flips,mean,,7180,0.8596100278551532,0.8422694527063936,6172,1008,175.0,86.0,1.0869140625,1.0751953125,0.01171875,0.8917827010154724,
convnextv2_tiny,nct-crc-nonorm,frozen,True,0,general,flips,vote,,7180,0.8551532033426184,0.8405814741082076,6140,1040,145.0,88.0,1.0869140625,1.0751953125,0.01171875,0.8917827010154724,
convnextv2_tiny,nct-crc-nonorm,frozen,True,0,general,flips,confidence,,7180,0.8591922005571031,0.8419225198399184,6169,1011,177.0,91.0,1.0869140625,1.0751953125,0.01171875,0.8917827010154724,
convnextv2_tiny,nct-crc-nonorm,frozen,True,0,general,d4,mean,,7180,0.8643454038997215,0.8475524062395444,6206,974,227.0,104.0,1.0927734375,1.072265625,0.0205078125,0.8296657204627991,
convnextv2_tiny,nct-crc-nonorm,frozen,True,0,general,d4,vote,,7180,0.8633704735376044,0.8474730111967997,6199,981,213.0,97.0,1.0927734375,1.072265625,0.0205078125,0.8296657204627991,
convnextv2_tiny,nct-crc-nonorm,frozen,True,0,general,d4,confidence,,7180,0.8647632311977715,0.847542508843392,6209,971,229.0,103.0,1.0927734375,1.072265625,0.0205078125,0.8296657204627991,
convnextv2_tiny,nct-crc-nonorm,frozen,True,0,general,d4_color,mean,,7180,0.8667130919220055,0.8476819611936961,6223,957,203.0,63.0,1.0888671875,1.0673828125,0.021484375,0.811002790927887,
convnextv2_tiny,nct-crc-nonorm,frozen,True,0,general,d4_color,vote,,7180,0.8643454038997215,0.8468827801311216,6206,974,167.0,44.0,1.0888671875,1.0673828125,0.021484375,0.811002790927887,
convnextv2_tiny,nct-crc-nonorm,frozen,True,0,general,d4_color,confidence,,7180,0.8665738161559888,0.8473754455267458,6222,958,207.0,68.0,1.0888671875,1.0673828125,0.021484375,0.811002790927887,
convnextv2_tiny,nct-crc-nonorm,frozen,True,1,general,none,mean,,7180,0.836908077994429,0.8197953918138964,6009,1171,,,1.0791015625,1.0791015625,0.0,1.0,
convnextv2_tiny,nct-crc-nonorm,frozen,True,1,general,flips,mean,,7180,0.8410863509749303,0.8236543403808674,6039,1141,142.0,112.0,1.08984375,1.078125,0.01171875,0.883147656917572,
convnextv2_tiny,nct-crc-nonorm,frozen,True,1,general,flips,vote,,7180,0.8398328690807799,0.8247094506451356,6030,1150,128.0,107.0,1.08984375,1.078125,0.01171875,0.883147656917572,
convnextv2_tiny,nct-crc-nonorm,frozen,True,1,general,flips,confidence,,7180,0.8409470752089137,0.823266745918136,6038,1142,142.0,113.0,1.08984375,1.078125,0.01171875,0.883147656917572,
convnextv2_tiny,nct-crc-nonorm,frozen,True,1,general,d4,mean,,7180,0.8491643454038997,0.8307471308414803,6097,1083,221.0,133.0,1.099609375,1.0771484375,0.0224609375,0.8061281442642212,
convnextv2_tiny,nct-crc-nonorm,frozen,True,1,general,d4,vote,,7180,0.8467966573816156,0.8278255984254843,6080,1100,206.0,135.0,1.099609375,1.0771484375,0.0224609375,0.8061281442642212,
convnextv2_tiny,nct-crc-nonorm,frozen,True,1,general,d4,confidence,,7180,0.8497214484679666,0.8312791906699702,6101,1079,224.0,132.0,1.099609375,1.0771484375,0.0224609375,0.8061281442642212,
convnextv2_tiny,nct-crc-nonorm,frozen,True,1,general,d4_color,mean,,7180,0.8526462395543175,0.831828156322237,6122,1058,192.0,79.0,1.099609375,1.0751953125,0.0244140625,0.7813370227813721,
convnextv2_tiny,nct-crc-nonorm,frozen,True,1,general,d4_color,vote,,7180,0.8474930362116991,0.8274498273971244,6085,1095,154.0,78.0,1.099609375,1.0751953125,0.0244140625,0.7813370227813721,
convnextv2_tiny,nct-crc-nonorm,frozen,True,1,general,d4_color,confidence,,7180,0.8533426183844011,0.8322733458773537,6127,1053,200.0,82.0,1.099609375,1.0751953125,0.0244140625,0.7813370227813721,
convnextv2_tiny,nct-crc-nonorm,frozen,True,2,general,none,mean,,7180,0.8427576601671309,0.8191057214223812,6051,1129,,,1.08984375,1.08984375,0.0,1.0,
convnextv2_tiny,nct-crc-nonorm,frozen,True,2,general,flips,mean,,7180,0.8515320334261839,0.8286176892923347,6114,1066,161.0,98.0,1.103515625,1.091796875,0.01171875,0.8842618465423584,
convnextv2_tiny,nct-crc-nonorm,frozen,True,2,general,flips,vote,,7180,0.8515320334261839,0.8301512108494985,6114,1066,169.0,106.0,1.103515625,1.091796875,0.01171875,0.8842618465423584,
convnextv2_tiny,nct-crc-nonorm,frozen,True,2,general,flips,confidence,,7180,0.851949860724234,0.8293182525755172,6117,1063,166.0,100.0,1.103515625,1.091796875,0.01171875,0.8842618465423584,
convnextv2_tiny,nct-crc-nonorm,frozen,True,2,general,d4,mean,,7180,0.85974930362117,0.83704071385455,6173,1007,236.0,114.0,1.109375,1.087890625,0.021484375,0.8176880478858948,
convnextv2_tiny,nct-crc-nonorm,frozen,True,2,general,d4,vote,,7180,0.8586350974930362,0.8357194938681403,6165,1015,232.0,118.0,1.109375,1.087890625,0.021484375,0.8176880478858948,
convnextv2_tiny,nct-crc-nonorm,frozen,True,2,general,d4,confidence,,7180,0.8596100278551532,0.836928554408027,6172,1008,235.0,114.0,1.109375,1.087890625,0.021484375,0.8176880478858948,
convnextv2_tiny,nct-crc-nonorm,frozen,True,2,general,d4_color,mean,,7180,0.8629526462395544,0.8380101338021144,6196,984,218.0,73.0,1.107421875,1.083984375,0.0234375,0.7973537445068359,
convnextv2_tiny,nct-crc-nonorm,frozen,True,2,general,d4_color,vote,,7180,0.8579387186629527,0.834640527767037,6160,1020,179.0,70.0,1.107421875,1.083984375,0.0234375,0.7973537445068359,
convnextv2_tiny,nct-crc-nonorm,frozen,True,2,general,d4_color,confidence,,7180,0.8632311977715877,0.838384821060465,6198,982,222.0,75.0,1.107421875,1.083984375,0.0234375,0.7973537445068359,
convnextv2_tiny,nct-crc-nonorm,frozen,True,3,general,none,mean,,7180,0.8263231197771588,0.8153139102427893,5933,1247,,,1.107421875,1.107421875,0.0,1.0,
convnextv2_tiny,nct-crc-nonorm,frozen,True,3,general,flips,mean,,7180,0.8331476323119777,0.8206215972096671,5982,1198,159.0,110.0,1.119140625,1.107421875,0.01171875,0.8792479038238525,
convnextv2_tiny,nct-crc-nonorm,frozen,True,3,general,flips,vote,,7180,0.8303621169916434,0.8210392145194635,5962,1218,150.0,121.0,1.119140625,1.107421875,0.01171875,0.8792479038238525,
convnextv2_tiny,nct-crc-nonorm,frozen,True,3,general,flips,confidence,,7180,0.8327298050139276,0.8200789103134027,5979,1201,156.0,110.0,1.119140625,1.107421875,0.01171875,0.8792479038238525,
convnextv2_tiny,nct-crc-nonorm,frozen,True,3,general,d4,mean,,7180,0.8381615598885794,0.8268137243638158,6018,1162,219.0,134.0,1.1259765625,1.10546875,0.0205078125,0.8122562766075134,
convnextv2_tiny,nct-crc-nonorm,frozen,True,3,general,d4,vote,,7180,0.8381615598885794,0.8278409255455476,6018,1162,224.0,139.0,1.1259765625,1.10546875,0.0205078125,0.8122562766075134,
convnextv2_tiny,nct-crc-nonorm,frozen,True,3,general,d4,confidence,,7180,0.8384401114206128,0.8269048525694405,6020,1160,220.0,133.0,1.1259765625,1.10546875,0.0205078125,0.8122562766075134,
convnextv2_tiny,nct-crc-nonorm,frozen,True,3,general,d4_color,mean,,7180,0.8440111420612814,0.8302495803253565,6060,1120,208.0,81.0,1.1240234375,1.1015625,0.0224609375,0.7898328900337219,
convnextv2_tiny,nct-crc-nonorm,frozen,True,3,general,d4_color,vote,,7180,0.8399721448467966,0.8269267760295159,6031,1149,172.0,74.0,1.1240234375,1.1015625,0.0224609375,0.7898328900337219,
convnextv2_tiny,nct-crc-nonorm,frozen,True,3,general,d4_color,confidence,,7180,0.8440111420612814,0.8299291581584591,6060,1120,211.0,84.0,1.1240234375,1.1015625,0.0224609375,0.7898328900337219,
convnextv2_tiny,nct-crc-nonorm,frozen,True,42,general,none,mean,,7180,0.8481894150417827,0.8353127558959603,6090,1090,,,1.1025390625,1.1025390625,0.0,1.0,
convnextv2_tiny,nct-crc-nonorm,frozen,True,42,general,flips,mean,,7180,0.8565459610027855,0.8442712580626403,6150,1030,162.0,102.0,1.1142578125,1.1025390625,0.01171875,0.8934540152549744,
convnextv2_tiny,nct-crc-nonorm,frozen,True,42,general,flips,vote,,7180,0.8533426183844011,0.8422406283870019,6127,1053,148.0,111.0,1.1142578125,1.1025390625,0.01171875,0.8934540152549744,
convnextv2_tiny,nct-crc-nonorm,frozen,True,42,general,flips,confidence,,7180,0.856824512534819,0.8443696267123777,6152,1028,164.0,102.0,1.1142578125,1.1025390625,0.01171875,0.8934540152549744,
convnextv2_tiny,nct-crc-nonorm,frozen,True,42,general,d4,mean,,7180,0.8632311977715877,0.8515924398010042,6198,982,215.0,107.0,1.119140625,1.099609375,0.01953125,0.8318941593170166,
convnextv2_tiny,nct-crc-nonorm,frozen,True,42,general,d4,vote,,7180,0.8622562674094707,0.8508297657005598,6191,989,217.0,116.0,1.119140625,1.099609375,0.01953125,0.8318941593170166,
convnextv2_tiny,nct-crc-nonorm,frozen,True,42,general,d4,confidence,,7180,0.8626740947075209,0.8506462418576671,6194,986,214.0,110.0,1.119140625,1.099609375,0.01953125,0.8318941593170166,
convnextv2_tiny,nct-crc-nonorm,frozen,True,42,general,d4_color,mean,,7180,0.8649025069637883,0.8508676016227882,6210,970,190.0,70.0,1.1171875,1.095703125,0.021484375,0.8118384480476379,
convnextv2_tiny,nct-crc-nonorm,frozen,True,42,general,d4_color,vote,,7180,0.8636490250696379,0.8507527096071663,6201,979,172.0,61.0,1.1171875,1.095703125,0.021484375,0.8118384480476379,
convnextv2_tiny,nct-crc-nonorm,frozen,True,42,general,d4_color,confidence,,7180,0.8644846796657382,0.8503192886770061,6207,973,191.0,74.0,1.1171875,1.095703125,0.021484375,0.8118384480476379,
convnextv2_tiny,nct-crc-nonorm,frozen,False,42,general,none,mean,,7180,0.8442896935933147,0.8203012351640139,6062,1118,,,1.064453125,1.064453125,0.0,1.0,
convnextv2_tiny,nct-crc-nonorm,frozen,False,42,general,flips,mean,,7180,0.8538997214484679,0.8290807917099913,6131,1049,163.0,94.0,1.0791015625,1.06640625,0.0126953125,0.8913649320602417,
convnextv2_tiny,nct-crc-nonorm,frozen,False,42,general,flips,vote,,7180,0.8522284122562674,0.8296972652961382,6119,1061,163.0,106.0,1.0791015625,1.06640625,0.0126953125,0.8913649320602417,
convnextv2_tiny,nct-crc-nonorm,frozen,False,42,general,flips,confidence,,7180,0.8534818941504179,0.8284840882433184,6128,1052,162.0,96.0,1.0791015625,1.06640625,0.0126953125,0.8913649320602417,
convnextv2_tiny,nct-crc-nonorm,frozen,False,42,general,d4,mean,,7180,0.8590529247910863,0.8352411941901061,6168,1012,212.0,106.0,1.087890625,1.0654296875,0.0224609375,0.8266016840934753,
convnextv2_tiny,nct-crc-nonorm,frozen,False,42,general,d4,vote,,7180,0.8573816155988858,0.8347185916210615,6156,1024,208.0,114.0,1.087890625,1.0654296875,0.0224609375,0.8266016840934753,
convnextv2_tiny,nct-crc-nonorm,frozen,False,42,general,d4,confidence,,7180,0.8596100278551532,0.8355378124609039,6172,1008,213.0,103.0,1.087890625,1.0654296875,0.0224609375,0.8266016840934753,
convnextv2_tiny,nct-crc-nonorm,frozen,False,42,general,d4_color,mean,,7180,0.856824512534819,0.8304392789573994,6152,1028,170.0,80.0,1.0908203125,1.064453125,0.0263671875,0.7967966794967651,
convnextv2_tiny,nct-crc-nonorm,frozen,False,42,general,d4_color,vote,,7180,0.8566852367688023,0.830905837555178,6151,1029,154.0,65.0,1.0908203125,1.064453125,0.0263671875,0.7967966794967651,
convnextv2_tiny,nct-crc-nonorm,frozen,False,42,general,d4_color,confidence,,7180,0.8577994428969359,0.8313785785390062,6159,1021,176.0,79.0,1.0908203125,1.064453125,0.0263671875,0.7967966794967651,
d4wrn,nct-crc-nonorm,finetuned,True,0,equivariant,none,mean,,7180,0.768941504178273,0.7259987549977408,5521,1659,,,0.826171875,0.826171875,0.0,1.0,
d4wrn,nct-crc-nonorm,finetuned,True,0,equivariant,flips,mean,,7180,0.7671309192200557,0.7240675265538581,5508,1672,14.0,27.0,0.82763671875,0.82666015625,0.0009765625,0.9703342914581299,
d4wrn,nct-crc-nonorm,finetuned,True,0,equivariant,flips,vote,,7180,0.7678272980501393,0.7242649903563286,5513,1667,15.0,23.0,0.82763671875,0.82666015625,0.0009765625,0.9703342914581299,
d4wrn,nct-crc-nonorm,finetuned,True,0,equivariant,flips,confidence,,7180,0.7671309192200557,0.7240675265538581,5508,1672,14.0,27.0,0.82763671875,0.82666015625,0.0009765625,0.9703342914581299,
d4wrn,nct-crc-nonorm,finetuned,True,0,equivariant,d4,mean,,7180,0.7672701949860724,0.724198708503222,5509,1671,15.0,27.0,0.82763671875,0.82666015625,0.0009765625,0.9701949954032898,
d4wrn,nct-crc-nonorm,finetuned,True,0,equivariant,d4,vote,,7180,0.7678272980501393,0.7242649903563286,5513,1667,15.0,23.0,0.82763671875,0.82666015625,0.0009765625,0.9701949954032898,
d4wrn,nct-crc-nonorm,finetuned,True,0,equivariant,d4,confidence,,7180,0.766991643454039,0.7239363446044944,5507,1673,13.0,27.0,0.82763671875,0.82666015625,0.0009765625,0.9701949954032898,
d4wrn,nct-crc-nonorm,finetuned,True,0,equivariant,d4_color,mean,,7180,0.7676880222841226,0.7246064138152115,5512,1668,16.0,25.0,0.8271484375,0.8232421875,0.00390625,0.9149025082588196,
d4wrn,nct-crc-nonorm,finetuned,True,0,equivariant,d4_color,vote,,7180,0.7678272980501393,0.7245784794956138,5513,1667,13.0,21.0,0.8271484375,0.8232421875,0.00390625,0.9149025082588196,
d4wrn,nct-crc-nonorm,finetuned,True,0,equivariant,d4_color,confidence,,7180,0.767966573816156,0.7247795709444964,5514,1666,18.0,25.0,0.8271484375,0.8232421875,0.00390625,0.9149025082588196,
d4wrn,nct-crc-nonorm,finetuned,False,42,equivariant,none,mean,,7180,0.5497214484679666,0.5566394651482933,3947,3233,,,1.0400390625,1.0400390625,0.0,1.0,
d4wrn,nct-crc-nonorm,finetuned,False,42,equivariant,flips,mean,,7180,0.55,0.5573459087594704,3949,3231,38.0,36.0,1.041015625,1.0400390625,0.0009765625,0.9650417566299438,
d4wrn,nct-crc-nonorm,finetuned,False,42,equivariant,flips,vote,,7180,0.552924791086351,0.5588412899079925,3970,3210,45.0,22.0,1.041015625,1.0400390625,0.0009765625,0.9650417566299438,
d4wrn,nct-crc-nonorm,finetuned,False,42,equivariant,flips,confidence,,7180,0.5501392757660167,0.55742895144341,3950,3230,39.0,36.0,1.041015625,1.0400390625,0.0009765625,0.9650417566299438,
d4wrn,nct-crc-nonorm,finetuned,False,42,equivariant,d4,mean,,7180,0.55,0.5573459087594704,3949,3231,38.0,36.0,1.041015625,1.0400390625,0.0009765625,0.9650417566299438,
d4wrn,nct-crc-nonorm,finetuned,False,42,equivariant,d4,vote,,7180,0.552924791086351,0.5588412899079925,3970,3210,45.0,22.0,1.041015625,1.0400390625,0.0009765625,0.9650417566299438,
d4wrn,nct-crc-nonorm,finetuned,False,42,equivariant,d4,confidence,,7180,0.55,0.5572790039250415,3949,3231,38.0,36.0,1.041015625,1.0400390625,0.0009765625,0.9650417566299438,
d4wrn,nct-crc-nonorm,finetuned,False,42,equivariant,d4_color,mean,,7180,0.5633704735376045,0.5669541018785983,4045,3135,160.0,62.0,1.0966796875,1.0322265625,0.064453125,0.5214484930038452,
d4wrn,nct-crc-nonorm,finetuned,False,42,equivariant,d4_color,vote,,7180,0.5513927576601672,0.5581294452059107,3959,3221,41.0,29.0,1.0966796875,1.0322265625,0.064453125,0.5214484930038452,
d4wrn,nct-crc-nonorm,finetuned,False,42,equivariant,d4_color,confidence,,7180,0.567966573816156,0.5703490605047035,4078,3102,223.0,92.0,1.0966796875,1.0322265625,0.064453125,0.5214484930038452,
dinov2_b,nct-crc-nonorm,finetuned,True,0,general,none,mean,,7180,0.7856545961002785,0.7667799801845916,5641,1539,,,0.5712890625,0.5712890625,0.0,1.0,
dinov2_b,nct-crc-nonorm,finetuned,True,0,general,flips,mean,,7180,0.7889972144846796,0.7713274813278919,5665,1515,68.0,44.0,0.583984375,0.57275390625,0.01123046875,0.9458217024803162,
dinov2_b,nct-crc-nonorm,finetuned,True,0,general,flips,vote,,7180,0.7885793871866296,0.7697984751632401,5662,1518,60.0,39.0,0.583984375,0.57275390625,0.01123046875,0.9458217024803162,
dinov2_b,nct-crc-nonorm,finetuned,True,0,general,flips,confidence,,7180,0.7888579387186629,0.7709619797688645,5664,1516,66.0,43.0,0.583984375,0.57275390625,0.01123046875,0.9458217024803162,
dinov2_b,nct-crc-nonorm,finetuned,True,0,general,d4,mean,,7180,0.7927576601671309,0.7779952792755666,5692,1488,98.0,47.0,0.587890625,0.57177734375,0.01611328125,0.9175487756729126,
dinov2_b,nct-crc-nonorm,finetuned,True,0,general,d4,vote,,7180,0.7954038997214484,0.7819186643248,5711,1469,110.0,40.0,0.587890625,0.57177734375,0.01611328125,0.9175487756729126,
dinov2_b,nct-crc-nonorm,finetuned,True,0,general,d4,confidence,,7180,0.7931754874651811,0.7784412637656656,5695,1485,100.0,46.0,0.587890625,0.57177734375,0.01611328125,0.9175487756729126,
dinov2_b,nct-crc-nonorm,finetuned,True,0,general,d4_color,mean,,7180,0.7903899721448467,0.7736761042189195,5675,1505,68.0,34.0,0.59033203125,0.572265625,0.01806640625,0.902506947517395,
dinov2_b,nct-crc-nonorm,finetuned,True,0,general,d4_color,vote,,7180,0.7915041782729805,0.7749791043086628,5683,1497,69.0,27.0,0.59033203125,0.572265625,0.01806640625,0.902506947517395,
dinov2_b,nct-crc-nonorm,finetuned,True,0,general,d4_color,confidence,,7180,0.7906685236768802,0.773994696858035,5677,1503,70.0,34.0,0.59033203125,0.572265625,0.01806640625,0.902506947517395,
dinov2_b,nct-crc-nonorm,finetuned,True,1,general,none,mean,,7180,0.8693593314763232,0.8617886528974006,6242,938,,,0.59326171875,0.59326171875,0.0,1.0,
dinov2_b,nct-crc-nonorm,finetuned,True,1,general,flips,mean,,7180,0.8693593314763232,0.8611376432714614,6242,938,75.0,75.0,0.60693359375,0.59619140625,0.0107421875,0.9376044273376465,
dinov2_b,nct-crc-nonorm,finetuned,True,1,general,flips,vote,,7180,0.8728412256267409,0.8637521692513127,6267,913,85.0,60.0,0.60693359375,0.59619140625,0.0107421875,0.9376044273376465,
dinov2_b,nct-crc-nonorm,finetuned,True,1,general,flips,confidence,,7180,0.8690807799442897,0.8606133276007396,6240,940,74.0,76.0,0.60693359375,0.59619140625,0.0107421875,0.9376044273376465,
dinov2_b,nct-crc-nonorm,finetuned,True,1,general,d4,mean,,7180,0.8713091922005571,0.8620249072187119,6256,924,83.0,69.0,0.61376953125,0.5986328125,0.01513671875,0.9071030616760254,
dinov2_b,nct-crc-nonorm,finetuned,True,1,general,d4,vote,,7180,0.8710306406685236,0.8607756095431226,6254,926,84.0,72.0,0.61376953125,0.5986328125,0.01513671875,0.9071030616760254,
dinov2_b,nct-crc-nonorm,finetuned,True,1,general,d4,confidence,,7180,0.8707520891364903,0.8611214260742345,6252,928,81.0,71.0,0.61376953125,0.5986328125,0.01513671875,0.9071030616760254,
dinov2_b,nct-crc-nonorm,finetuned,True,1,general,d4_color,mean,,7180,0.8694986072423398,0.8614820354123213,6243,937,58.0,57.0,0.61572265625,0.59814453125,0.017578125,0.8775765895843506,
dinov2_b,nct-crc-nonorm,finetuned,True,1,general,d4_color,vote,,7180,0.86991643454039,0.8616581022308335,6246,934,58.0,54.0,0.61572265625,0.59814453125,0.017578125,0.8775765895843506,
dinov2_b,nct-crc-nonorm,finetuned,True,1,general,d4_color,confidence,,7180,0.8694986072423398,0.8614412299191577,6243,937,59.0,58.0,0.61572265625,0.59814453125,0.017578125,0.8775765895843506,
dinov2_b,nct-crc-nonorm,finetuned,True,2,general,none,mean,,7180,0.8682451253481894,0.8526167304519984,6234,946,,,0.57275390625,0.57275390625,0.0,1.0,
dinov2_b,nct-crc-nonorm,finetuned,True,2,general,flips,mean,,7180,0.8710306406685236,0.8564734794980564,6254,926,83.0,63.0,0.58349609375,0.57275390625,0.0107421875,0.941504180431366,
dinov2_b,nct-crc-nonorm,finetuned,True,2,general,flips,vote,,7180,0.874233983286908,0.858781933728205,6277,903,85.0,42.0,0.58349609375,0.57275390625,0.0107421875,0.941504180431366,
dinov2_b,nct-crc-nonorm,finetuned,True,2,general,flips,confidence,,7180,0.8701949860724234,0.8555232869006766,6248,932,82.0,68.0,0.58349609375,0.57275390625,0.0107421875,0.941504180431366,
dinov2_b,nct-crc-nonorm,finetuned,True,2,general,d4,mean,,7180,0.8697771587743732,0.854775694020731,6245,935,88.0,77.0,0.58984375,0.57421875,0.015625,0.9089136719703674,
dinov2_b,nct-crc-nonorm,finetuned,True,2,general,d4,vote,,7180,0.8731197771587744,0.858116110176202,6269,911,96.0,61.0,0.58984375,0.57421875,0.015625,0.9089136719703674,
dinov2_b,nct-crc-nonorm,finetuned,True,2,general,d4,confidence,,7180,0.8694986072423398,0.8547985384346356,6243,937,87.0,78.0,0.58984375,0.57421875,0.015625,0.9089136719703674,
dinov2_b,nct-crc-nonorm,finetuned,True,2,general,d4_color,mean,,7180,0.8694986072423398,0.8545262027996697,6243,937,68.0,59.0,0.591796875,0.5732421875,0.0185546875,0.8876044750213623,
dinov2_b,nct-crc-nonorm,finetuned,True,2,general,d4_color,vote,,7180,0.8697771587743732,0.8542639688184128,6245,935,64.0,53.0,0.591796875,0.5732421875,0.0185546875,0.8876044750213623,
dinov2_b,nct-crc-nonorm,finetuned,True,2,general,d4_color,confidence,,7180,0.8703342618384401,0.855781731221127,6249,931,74.0,59.0,0.591796875,0.5732421875,0.0185546875,0.8876044750213623,
dinov2_b,nct-crc-nonorm,finetuned,True,3,general,none,mean,,7180,0.7813370473537604,0.7778555131159685,5610,1570,,,0.58203125,0.58203125,0.0,1.0,
dinov2_b,nct-crc-nonorm,finetuned,True,3,general,flips,mean,,7180,0.7855153203342619,0.7827200166553985,5640,1540,89.0,59.0,0.59326171875,0.58056640625,0.0126953125,0.9360724091529846,
dinov2_b,nct-crc-nonorm,finetuned,True,3,general,flips,vote,,7180,0.7870473537604457,0.7824767346511314,5651,1529,93.0,52.0,0.59326171875,0.58056640625,0.0126953125,0.9360724091529846,
dinov2_b,nct-crc-nonorm,finetuned,True,3,general,flips,confidence,,7180,0.7855153203342619,0.7829594584316809,5640,1540,90.0,60.0,0.59326171875,0.58056640625,0.0126953125,0.9360724091529846,
dinov2_b,nct-crc-nonorm,finetuned,True,3,general,d4,mean,,7180,0.7859331476323119,0.7834490405216146,5643,1537,90.0,57.0,0.5986328125,0.58056640625,0.01806640625,0.9038997292518616,
dinov2_b,nct-crc-nonorm,finetuned,True,3,general,d4,vote,,7180,0.7860724233983287,0.7824316631469487,5644,1536,90.0,56.0,0.5986328125,0.58056640625,0.01806640625,0.9038997292518616,
dinov2_b,nct-crc-nonorm,finetuned,True,3,general,d4,confidence,,7180,0.7862116991643454,0.7842302464564664,5645,1535,93.0,58.0,0.5986328125,0.58056640625,0.01806640625,0.9038997292518616,
dinov2_b,nct-crc-nonorm,finetuned,True,3,general,d4_color,mean,,7180,0.7853760445682452,0.7820820190642146,5639,1541,67.0,38.0,0.6005859375,0.58154296875,0.01904296875,0.8922005295753479,
dinov2_b,nct-crc-nonorm,finetuned,True,3,general,d4_color,vote,,7180,0.784958217270195,0.7813984265181173,5636,1544,68.0,42.0,0.6005859375,0.58154296875,0.01904296875,0.8922005295753479,
dinov2_b,nct-crc-nonorm,finetuned,True,3,general,d4_color,confidence,,7180,0.784958217270195,0.7817047731288287,5636,1544,69.0,43.0,0.6005859375,0.58154296875,0.01904296875,0.8922005295753479,
dinov2_b,nct-crc-nonorm,finetuned,True,42,general,none,mean,,7180,0.787883008356546,0.7819123328761749,5657,1523,,,0.66455078125,0.66455078125,0.0,1.0,
dinov2_b,nct-crc-nonorm,finetuned,True,42,general,flips,mean,,7180,0.7956824512534819,0.7895346697089098,5713,1467,126.0,70.0,0.67431640625,0.66064453125,0.013671875,0.9235376119613647,
dinov2_b,nct-crc-nonorm,finetuned,True,42,general,flips,vote,,7180,0.7986072423398328,0.7917317564203565,5734,1446,136.0,59.0,0.67431640625,0.66064453125,0.013671875,0.9235376119613647,
dinov2_b,nct-crc-nonorm,finetuned,True,42,general,flips,confidence,,7180,0.7956824512534819,0.7896550149578182,5713,1467,126.0,70.0,0.67431640625,0.66064453125,0.013671875,0.9235376119613647,
dinov2_b,nct-crc-nonorm,finetuned,True,42,general,d4,mean,,7180,0.806267409470752,0.8020531749576899,5789,1391,188.0,56.0,0.6767578125,0.65673828125,0.02001953125,0.8845403790473938,
dinov2_b,nct-crc-nonorm,finetuned,True,42,general,d4,vote,,7180,0.806267409470752,0.8019033638825878,5789,1391,188.0,56.0,0.6767578125,0.65673828125,0.02001953125,0.8845403790473938,
dinov2_b,nct-crc-nonorm,finetuned,True,42,general,d4,confidence,,7180,0.8065459610027855,0.8026864085583211,5791,1389,192.0,58.0,0.6767578125,0.65673828125,0.02001953125,0.8845403790473938,
dinov2_b,nct-crc-nonorm,finetuned,True,42,general,d4_color,mean,,7180,0.806267409470752,0.8020531749576899,5789,1391,188.0,56.0,0.6767578125,0.65673828125,0.02001953125,0.8845403790473938,
dinov2_b,nct-crc-nonorm,finetuned,True,42,general,d4_color,vote,,7180,0.806267409470752,0.8019033638825878,5789,1391,188.0,56.0,0.6767578125,0.65673828125,0.02001953125,0.8845403790473938,
dinov2_b,nct-crc-nonorm,finetuned,True,42,general,d4_color,confidence,,7180,0.8065459610027855,0.8026864085583211,5791,1389,192.0,58.0,0.6767578125,0.65673828125,0.02001953125,0.8845403790473938,
dinov2_b,nct-crc-nonorm,frozen,True,0,general,none,mean,,7180,0.9128133704735376,0.8827597248154191,6554,626,,,0.8837890625,0.8837890625,0.0,1.0,
dinov2_b,nct-crc-nonorm,frozen,True,0,general,flips,mean,,7180,0.917966573816156,0.8897246504837315,6591,589,85.0,48.0,0.88916015625,0.880859375,0.00830078125,0.938997209072113,
dinov2_b,nct-crc-nonorm,frozen,True,0,general,flips,vote,,7180,0.9176880222841226,0.8884531849851701,6589,591,78.0,43.0,0.88916015625,0.880859375,0.00830078125,0.938997209072113,
dinov2_b,nct-crc-nonorm,frozen,True,0,general,flips,confidence,,7180,0.9175487465181058,0.888983019696531,6588,592,83.0,49.0,0.88916015625,0.880859375,0.00830078125,0.938997209072113,
dinov2_b,nct-crc-nonorm,frozen,True,0,general,d4,mean,,7180,0.9167130919220056,0.8869503517046399,6582,598,101.0,73.0,0.89990234375,0.88671875,0.01318359375,0.9012534618377686,
dinov2_b,nct-crc-nonorm,frozen,True,0,general,d4,vote,,7180,0.9183844011142062,0.8881833515336732,6594,586,101.0,61.0,0.89990234375,0.88671875,0.01318359375,0.9012534618377686,
dinov2_b,nct-crc-nonorm,frozen,True,0,general,d4,confidence,,7180,0.9167130919220056,0.8872611825036755,6582,598,99.0,71.0,0.89990234375,0.88671875,0.01318359375,0.9012534618377686,
dinov2_b,nct-crc-nonorm,frozen,True,0,general,d4_color,mean,,7180,0.9164345403899722,0.8868394646273381,6580,600,78.0,52.0,0.89794921875,0.88427734375,0.013671875,0.8917827010154724,
dinov2_b,nct-crc-nonorm,frozen,True,0,general,d4_color,vote,,7180,0.9167130919220056,0.8868146482489827,6582,598,66.0,38.0,0.89794921875,0.88427734375,0.013671875,0.8917827010154724,
dinov2_b,nct-crc-nonorm,frozen,True,0,general,d4_color,confidence,,7180,0.916016713091922,0.8863706474719181,6577,603,78.0,55.0,0.89794921875,0.88427734375,0.013671875,0.8917827010154724,
dinov2_b,nct-crc-nonorm,frozen,True,1,general,none,mean,,7180,0.911142061281337,0.8813605342805064,6542,638,,,0.830078125,0.830078125,0.0,1.0,
dinov2_b,nct-crc-nonorm,frozen,True,1,general,flips,mean,,7180,0.9168523676880223,0.8880271855692033,6583,597,97.0,56.0,0.8359375,0.82666015625,0.00927734375,0.9311977624893188,
dinov2_b,nct-crc-nonorm,frozen,True,1,general,flips,vote,,7180,0.9182451253481894,0.889972404811177,6593,587,94.0,43.0,0.8359375,0.82666015625,0.00927734375,0.9311977624893188,
dinov2_b,nct-crc-nonorm,frozen,True,1,general,flips,confidence,,7180,0.9164345403899722,0.8873772272077446,6580,600,99.0,61.0,0.8359375,0.82666015625,0.00927734375,0.9311977624893188,
dinov2_b,nct-crc-nonorm,frozen,True,1,general,d4,mean,,7180,0.9162952646239554,0.8860972929735766,6579,601,113.0,76.0,0.84619140625,0.8310546875,0.01513671875,0.8880223035812378,
dinov2_b,nct-crc-nonorm,frozen,True,1,general,d4,vote,,7180,0.9164345403899722,0.8868207244031815,6580,600,114.0,76.0,0.84619140625,0.8310546875,0.01513671875,0.8880223035812378,
dinov2_b,nct-crc-nonorm,frozen,True,1,general,d4,confidence,,7180,0.9155988857938718,0.8855809868572254,6574,606,112.0,80.0,0.84619140625,0.8310546875,0.01513671875,0.8880223035812378,
dinov2_b,nct-crc-nonorm,frozen,True,1,general,d4_color,mean,,7180,0.9164345403899722,0.8860566253570821,6580,600,93.0,55.0,0.84423828125,0.8291015625,0.01513671875,0.8785515427589417,
dinov2_b,nct-crc-nonorm,frozen,True,1,general,d4_color,vote,,7180,0.9172701949860724,0.8869592892555858,6586,594,84.0,40.0,0.84423828125,0.8291015625,0.01513671875,0.8785515427589417,
dinov2_b,nct-crc-nonorm,frozen,True,1,general,d4_color,confidence,,7180,0.915041782729805,0.8846937308701678,6570,610,90.0,62.0,0.84423828125,0.8291015625,0.01513671875,0.8785515427589417,
dinov2_b,nct-crc-nonorm,frozen,True,2,general,none,mean,,7180,0.900974930362117,0.873014134713562,6469,711,,,0.84765625,0.84765625,0.0,1.0,
dinov2_b,nct-crc-nonorm,frozen,True,2,general,flips,mean,,7180,0.9059888579387186,0.877454831745963,6505,675,97.0,61.0,0.85302734375,0.84375,0.00927734375,0.9275766015052795,
dinov2_b,nct-crc-nonorm,frozen,True,2,general,flips,vote,,7180,0.9050139275766017,0.8765556879301201,6498,682,82.0,53.0,0.85302734375,0.84375,0.00927734375,0.9275766015052795,
dinov2_b,nct-crc-nonorm,frozen,True,2,general,flips,confidence,,7180,0.9065459610027855,0.8782232202957055,6509,671,100.0,60.0,0.85302734375,0.84375,0.00927734375,0.9275766015052795,
dinov2_b,nct-crc-nonorm,frozen,True,2,general,d4,mean,,7180,0.9077994428969359,0.8800777957616208,6518,662,119.0,70.0,0.86474609375,0.84912109375,0.015625,0.8835654854774475,
dinov2_b,nct-crc-nonorm,frozen,True,2,general,d4,vote,,7180,0.9052924791086351,0.8766741199887931,6500,680,102.0,71.0,0.86474609375,0.84912109375,0.015625,0.8835654854774475,
dinov2_b,nct-crc-nonorm,frozen,True,2,general,d4,confidence,,7180,0.9079387186629526,0.8803407220872441,6519,661,119.0,69.0,0.86474609375,0.84912109375,0.015625,0.8835654854774475,
dinov2_b,nct-crc-nonorm,frozen,True,2,general,d4_color,mean,,7180,0.9083565459610028,0.8809958835935148,6522,658,95.0,42.0,0.8623046875,0.84619140625,0.01611328125,0.8728412389755249,
dinov2_b,nct-crc-nonorm,frozen,True,2,general,d4_color,vote,,7180,0.9066852367688022,0.8783712185725079,6510,670,82.0,41.0,0.8623046875,0.84619140625,0.01611328125,0.8728412389755249,
dinov2_b,nct-crc-nonorm,frozen,True,2,general,d4_color,confidence,,7180,0.9079387186629526,0.8807267112022837,6519,661,94.0,44.0,0.8623046875,0.84619140625,0.01611328125,0.8728412389755249,
dinov2_b,nct-crc-nonorm,frozen,True,3,general,none,mean,,7180,0.9029247910863509,0.8684948635490682,6483,697,,,0.8740234375,0.8740234375,0.0,1.0,
dinov2_b,nct-crc-nonorm,frozen,True,3,general,flips,mean,,7180,0.9086350974930362,0.8737592145689239,6524,656,101.0,60.0,0.880859375,0.87158203125,0.00927734375,0.9317548871040344,
dinov2_b,nct-crc-nonorm,frozen,True,3,general,flips,vote,,7180,0.9064066852367688,0.8724526375751941,6508,672,83.0,58.0,0.880859375,0.87158203125,0.00927734375,0.9317548871040344,
dinov2_b,nct-crc-nonorm,frozen,True,3,general,flips,confidence,,7180,0.908774373259053,0.8740385746823534,6525,655,105.0,63.0,0.880859375,0.87158203125,0.00927734375,0.9317548871040344,
dinov2_b,nct-crc-nonorm,frozen,True,3,general,d4,mean,,7180,0.9105849582172701,0.8765608699243769,6538,642,117.0,62.0,0.892578125,0.8779296875,0.0146484375,0.891504168510437,
dinov2_b,nct-crc-nonorm,frozen,True,3,general,d4,vote,,7180,0.9075208913649025,0.8725602194227338,6516,664,101.0,68.0,0.892578125,0.8779296875,0.0146484375,0.891504168510437,
dinov2_b,nct-crc-nonorm,frozen,True,3,general,d4,confidence,,7180,0.9105849582172701,0.8762854828106951,6538,642,118.0,63.0,0.892578125,0.8779296875,0.0146484375,0.891504168510437,
dinov2_b,nct-crc-nonorm,frozen,True,3,general,d4_color,mean,,7180,0.9101671309192201,0.8757548056083295,6535,645,97.0,45.0,0.8896484375,0.87451171875,0.01513671875,0.8849582076072693,
dinov2_b,nct-crc-nonorm,frozen,True,3,general,d4_color,vote,,7180,0.908774373259053,0.8743972814537601,6525,655,81.0,39.0,0.8896484375,0.87451171875,0.01513671875,0.8849582076072693,
dinov2_b,nct-crc-nonorm,frozen,True,3,general,d4_color,confidence,,7180,0.9103064066852368,0.8757121801239152,6536,644,98.0,45.0,0.8896484375,0.87451171875,0.01513671875,0.8849582076072693,
dinov2_b,nct-crc-nonorm,frozen,True,42,general,none,mean,,7180,0.8803621169916435,0.85760581328517,6321,859,,,0.90576171875,0.90576171875,0.0,1.0,
dinov2_b,nct-crc-nonorm,frozen,True,42,general,flips,mean,,7180,0.8880222841225627,0.8652404434643314,6376,804,135.0,80.0,0.91162109375,0.90185546875,0.009765625,0.9089136719703674,
dinov2_b,nct-crc-nonorm,frozen,True,42,general,flips,vote,,7180,0.8856545961002785,0.8621430796811763,6359,821,113.0,75.0,0.91162109375,0.90185546875,0.009765625,0.9089136719703674,
dinov2_b,nct-crc-nonorm,frozen,True,42,general,flips,confidence,,7180,0.887883008356546,0.8651913965230039,6375,805,133.0,79.0,0.91162109375,0.90185546875,0.009765625,0.9089136719703674,
dinov2_b,nct-crc-nonorm,frozen,True,42,general,d4,mean,,7180,0.8891364902506964,0.8657362588985038,6384,796,157.0,94.0,0.9228515625,0.9072265625,0.015625,0.8551532030105591,
dinov2_b,nct-crc-nonorm,frozen,True,42,general,d4,vote,,7180,0.884958217270195,0.8609891926615704,6354,826,137.0,104.0,0.9228515625,0.9072265625,0.015625,0.8551532030105591,
dinov2_b,nct-crc-nonorm,frozen,True,42,general,d4,confidence,,7180,0.8887186629526462,0.8654101413072774,6381,799,154.0,94.0,0.9228515625,0.9072265625,0.015625,0.8551532030105591,
dinov2_b,nct-crc-nonorm,frozen,True,42,general,d4_color,mean,,7180,0.8881615598885794,0.8645007071572444,6377,803,130.0,74.0,0.9208984375,0.9052734375,0.015625,0.844011127948761,
dinov2_b,nct-crc-nonorm,frozen,True,42,general,d4_color,vote,,7180,0.8863509749303621,0.8630965110969118,6364,816,101.0,58.0,0.9208984375,0.9052734375,0.015625,0.844011127948761,
dinov2_b,nct-crc-nonorm,frozen,True,42,general,d4_color,confidence,,7180,0.8884401114206129,0.8648294368816106,6379,801,133.0,75.0,0.9208984375,0.9052734375,0.015625,0.844011127948761,
dinov2_s,nct-crc-nonorm,finetuned,True,0,general,none,mean,,7180,0.8065459610027855,0.7816306376874387,5791,1389,,,0.60791015625,0.60791015625,0.0,1.0,
dinov2_s,nct-crc-nonorm,finetuned,True,0,general,flips,mean,,7180,0.8073816155988858,0.7816024655652969,5797,1383,92.0,86.0,0.62158203125,0.60791015625,0.013671875,0.9225626587867737,
dinov2_s,nct-crc-nonorm,finetuned,True,0,general,flips,vote,,7180,0.8116991643454039,0.786028766900418,5828,1352,104.0,67.0,0.62158203125,0.60791015625,0.013671875,0.9225626587867737,
dinov2_s,nct-crc-nonorm,finetuned,True,0,general,flips,confidence,,7180,0.8082172701949861,0.7826301526899226,5803,1377,96.0,84.0,0.62158203125,0.60791015625,0.013671875,0.9225626587867737,
dinov2_s,nct-crc-nonorm,finetuned,True,0,general,d4,mean,,7180,0.8096100278551532,0.7846560179690374,5813,1367,116.0,94.0,0.62744140625,0.60791015625,0.01953125,0.8806406855583191,
dinov2_s,nct-crc-nonorm,finetuned,True,0,general,d4,vote,,7180,0.8129526462395543,0.7879286498138824,5837,1343,125.0,79.0,0.62744140625,0.60791015625,0.01953125,0.8806406855583191,
dinov2_s,nct-crc-nonorm,finetuned,True,0,general,d4,confidence,,7180,0.8097493036211699,0.7846711602650474,5814,1366,118.0,95.0,0.62744140625,0.60791015625,0.01953125,0.8806406855583191,
dinov2_s,nct-crc-nonorm,finetuned,True,0,general,d4_color,mean,,7180,0.8114206128133705,0.7857521374324752,5826,1354,97.0,62.0,0.630859375,0.60791015625,0.02294921875,0.8555710315704346,
dinov2_s,nct-crc-nonorm,finetuned,True,0,general,d4_color,vote,,7180,0.811142061281337,0.7849529601300193,5824,1356,90.0,57.0,0.630859375,0.60791015625,0.02294921875,0.8555710315704346,
dinov2_s,nct-crc-nonorm,finetuned,True,0,general,d4_color,confidence,,7180,0.811142061281337,0.785572808707625,5824,1356,95.0,62.0,0.630859375,0.60791015625,0.02294921875,0.8555710315704346,
dinov2_s,nct-crc-nonorm,finetuned,True,1,general,none,mean,,7180,0.840807799442897,0.8380867590826024,6037,1143,,,0.62109375,0.62109375,0.0,1.0,
dinov2_s,nct-crc-nonorm,finetuned,True,1,general,flips,mean,,7180,0.8437325905292479,0.8395266762900108,6058,1122,118.0,97.0,0.63720703125,0.6201171875,0.01708984375,0.9069637656211853,
dinov2_s,nct-crc-nonorm,finetuned,True,1,general,flips,vote,,7180,0.8487465181058496,0.843570625678632,6094,1086,125.0,68.0,0.63720703125,0.6201171875,0.01708984375,0.9069637656211853,
dinov2_s,nct-crc-nonorm,finetuned,True,1,general,flips,confidence,,7180,0.8442896935933147,0.8402266771462976,6062,1118,122.0,97.0,0.63720703125,0.6201171875,0.01708984375,0.9069637656211853,
dinov2_s,nct-crc-nonorm,finetuned,True,1,general,d4,mean,,7180,0.8423398328690808,0.8381672550701172,6048,1132,134.0,123.0,0.640625,0.61767578125,0.02294921875,0.8614206314086914,
dinov2_s,nct-crc-nonorm,finetuned,True,1,general,d4,vote,,7180,0.8452646239554318,0.8398605232114209,6069,1111,140.0,108.0,0.640625,0.61767578125,0.02294921875,0.8614206314086914,
dinov2_s,nct-crc-nonorm,finetuned,True,1,general,d4,confidence,,7180,0.8417827298050139,0.8373973319580834,6044,1136,132.0,125.0,0.640625,0.61767578125,0.02294921875,0.8614206314086914,
dinov2_s,nct-crc-nonorm,finetuned,True,1,general,d4_color,mean,,7180,0.844150417827298,0.8402248475374886,6061,1119,114.0,90.0,0.64306640625,0.61669921875,0.0263671875,0.8344011306762695,
dinov2_s,nct-crc-nonorm,finetuned,True,1,general,d4_color,vote,,7180,0.8435933147632312,0.8401443284841373,6057,1123,100.0,80.0,0.64306640625,0.61669921875,0.0263671875,0.8344011306762695,
dinov2_s,nct-crc-nonorm,finetuned,True,1,general,d4_color,confidence,,7180,0.8437325905292479,0.839553872794733,6058,1122,117.0,96.0,0.64306640625,0.61669921875,0.0263671875,0.8344011306762695,
dinov2_s,nct-crc-nonorm,finetuned,True,2,general,none,mean,,7180,0.8777158774373259,0.8494604761967592,6302,878,,,0.64697265625,0.64697265625,0.0,1.0,
dinov2_s,nct-crc-nonorm,finetuned,True,2,general,flips,mean,,7180,0.8785515320334262,0.8500090533070559,6308,872,98.0,92.0,0.65869140625,0.64599609375,0.0126953125,0.9281337261199951,
dinov2_s,nct-crc-nonorm,finetuned,True,2,general,flips,vote,,7180,0.8811977715877437,0.8525982851176366,6327,853,94.0,69.0,0.65869140625,0.64599609375,0.0126953125,0.9281337261199951,
dinov2_s,nct-crc-nonorm,finetuned,True,2,general,flips,confidence,,7180,0.8785515320334262,0.8499525475687321,6308,872,98.0,92.0,0.65869140625,0.64599609375,0.0126953125,0.9281337261199951,
dinov2_s,nct-crc-nonorm,finetuned,True,2,general,d4,mean,,7180,0.8811977715877437,0.8540649799259801,6327,853,117.0,92.0,0.66455078125,0.6474609375,0.01708984375,0.8962395787239075,
dinov2_s,nct-crc-nonorm,finetuned,True,2,general,d4,vote,,7180,0.881058495821727,0.8533172690892625,6326,854,108.0,84.0,0.66455078125,0.6474609375,0.01708984375,0.8962395787239075,
dinov2_s,nct-crc-nonorm,finetuned,True,2,general,d4,confidence,,7180,0.8811977715877437,0.8538757342578962,6327,853,118.0,93.0,0.66455078125,0.6474609375,0.01708984375,0.8962395787239075,
dinov2_s,nct-crc-nonorm,finetuned,True,2,general,d4_color,mean,,7180,0.8807799442896936,0.8527757651439011,6324,856,92.0,70.0,0.666015625,0.6474609375,0.0185546875,0.8777158856391907,
dinov2_s,nct-crc-nonorm,finetuned,True,2,general,d4_color,vote,,7180,0.8799442896935933,0.8517118607393,6318,862,77.0,61.0,0.666015625,0.6474609375,0.0185546875,0.8777158856391907,
dinov2_s,nct-crc-nonorm,finetuned,True,2,general,d4_color,confidence,,7180,0.8805013927576602,0.8525050347722738,6322,858,91.0,71.0,0.666015625,0.6474609375,0.0185546875,0.8777158856391907,
dinov2_s,nct-crc-nonorm,finetuned,True,3,general,none,mean,,7180,0.8743732590529248,0.8666889843395883,6278,902,,,0.6357421875,0.6357421875,0.0,1.0,
dinov2_s,nct-crc-nonorm,finetuned,True,3,general,flips,mean,,7180,0.8756267409470752,0.8662164421432182,6287,893,95.0,86.0,0.64697265625,0.6357421875,0.01123046875,0.9264624118804932,
dinov2_s,nct-crc-nonorm,finetuned,True,3,general,flips,vote,,7180,0.8777158774373259,0.8661453840174216,6302,878,101.0,77.0,0.64697265625,0.6357421875,0.01123046875,0.9264624118804932,
dinov2_s,nct-crc-nonorm,finetuned,True,3,general,flips,confidence,,7180,0.8760445682451253,0.8667014596642246,6290,890,97.0,85.0,0.64697265625,0.6357421875,0.01123046875,0.9264624118804932,
dinov2_s,nct-crc-nonorm,finetuned,True,3,general,d4,mean,,7180,0.881058495821727,0.8728243009425847,6326,854,128.0,80.0,0.65283203125,0.63623046875,0.0166015625,0.8942896723747253,
dinov2_s,nct-crc-nonorm,finetuned,True,3,general,d4,vote,,7180,0.8806406685236768,0.871720926100565,6323,857,130.0,85.0,0.65283203125,0.63623046875,0.0166015625,0.8942896723747253,
dinov2_s,nct-crc-nonorm,finetuned,True,3,general,d4,confidence,,7180,0.8799442896935933,0.8716292232292501,6318,862,126.0,86.0,0.65283203125,0.63623046875,0.0166015625,0.8942896723747253,
dinov2_s,nct-crc-nonorm,finetuned,True,3,general,d4_color,mean,,7180,0.8816155988857939,0.873972868669736,6330,850,105.0,53.0,0.6552734375,0.63671875,0.0185546875,0.8735376000404358,
dinov2_s,nct-crc-nonorm,finetuned,True,3,general,d4_color,vote,,7180,0.8792479108635097,0.8710772271909929,6313,867,94.0,59.0,0.6552734375,0.63671875,0.0185546875,0.8735376000404358,
dinov2_s,nct-crc-nonorm,finetuned,True,3,general,d4_color,confidence,,7180,0.8816155988857939,0.8741372534183592,6330,850,108.0,56.0,0.6552734375,0.63671875,0.0185546875,0.8735376000404358,
dinov2_s,nct-crc-nonorm,finetuned,True,42,general,none,mean,,7180,0.835933147632312,0.8237319441066163,6002,1178,,,0.619140625,0.619140625,0.0,1.0,
dinov2_s,nct-crc-nonorm,finetuned,True,42,general,flips,mean,,7180,0.8383008356545961,0.826519908285785,6019,1161,76.0,59.0,0.6318359375,0.62060546875,0.01123046875,0.9366295337677002,
dinov2_s,nct-crc-nonorm,finetuned,True,42,general,flips,vote,,7180,0.841225626740947,0.8291482101242527,6040,1140,86.0,48.0,0.6318359375,0.62060546875,0.01123046875,0.9366295337677002,
dinov2_s,nct-crc-nonorm,finetuned,True,42,general,flips,confidence,,7180,0.8378830083565459,0.8258793878775498,6016,1164,75.0,61.0,0.6318359375,0.62060546875,0.01123046875,0.9366295337677002,
dinov2_s,nct-crc-nonorm,finetuned,True,42,general,d4,mean,,7180,0.8422005571030641,0.830824366630634,6047,1133,106.0,61.0,0.63671875,0.62060546875,0.01611328125,0.9061281085014343,
dinov2_s,nct-crc-nonorm,finetuned,True,42,general,d4,vote,,7180,0.8440111420612814,0.8324023201240096,6060,1120,112.0,54.0,0.63671875,0.62060546875,0.01611328125,0.9061281085014343,
dinov2_s,nct-crc-nonorm,finetuned,True,42,general,d4,confidence,,7180,0.8423398328690808,0.8308311751231374,6048,1132,108.0,62.0,0.63671875,0.62060546875,0.01611328125,0.9061281085014343,
dinov2_s,nct-crc-nonorm,finetuned,True,42,general,d4_color,mean,,7180,0.8420612813370474,0.8312809700717241,6046,1134,93.0,49.0,0.640625,0.62060546875,0.02001953125,0.8756267428398132,
dinov2_s,nct-crc-nonorm,finetuned,True,42,general,d4_color,vote,,7180,0.8405292479108635,0.828938520121729,6035,1145,81.0,48.0,0.640625,0.62060546875,0.02001953125,0.8756267428398132,
dinov2_s,nct-crc-nonorm,finetuned,True,42,general,d4_color,confidence,,7180,0.8417827298050139,0.8308858662432365,6044,1136,94.0,52.0,0.640625,0.62060546875,0.02001953125,0.8756267428398132,
dinov2_s,nct-crc-nonorm,finetuned,False,42,general,none,mean,,7180,0.7799442896935933,0.74354353761913,5600,1580,,,0.564453125,0.564453125,0.0,1.0,
dinov2_s,nct-crc-nonorm,finetuned,False,42,general,flips,mean,,7180,0.7831476323119777,0.7452314719250732,5623,1557,83.0,60.0,0.58349609375,0.56689453125,0.0166015625,0.9387186765670776,
dinov2_s,nct-crc-nonorm,finetuned,False,42,general,flips,vote,,7180,0.7844011142061281,0.7467702277165804,5632,1548,85.0,53.0,0.58349609375,0.56689453125,0.0166015625,0.9387186765670776,
dinov2_s,nct-crc-nonorm,finetuned,False,42,general,flips,confidence,,7180,0.7832869080779944,0.7453332801780176,5624,1556,83.0,59.0,0.58349609375,0.56689453125,0.0166015625,0.9387186765670776,
dinov2_s,nct-crc-nonorm,finetuned,False,42,general,d4,mean,,7180,0.7837047353760446,0.7450103446980417,5627,1553,111.0,84.0,0.59912109375,0.56884765625,0.0302734375,0.8910863399505615,
dinov2_s,nct-crc-nonorm,finetuned,False,42,general,d4,vote,,7180,0.7856545961002785,0.7475205491707763,5641,1539,118.0,77.0,0.59912109375,0.56884765625,0.0302734375,0.8910863399505615,
dinov2_s,nct-crc-nonorm,finetuned,False,42,general,d4,confidence,,7180,0.7838440111420613,0.74533810608775,5628,1552,112.0,84.0,0.59912109375,0.56884765625,0.0302734375,0.8910863399505615,
dinov2_s,nct-crc-nonorm,finetuned,False,42,general,d4_color,mean,,7180,0.7844011142061281,0.7466049541701646,5632,1548,92.0,60.0,0.61376953125,0.57177734375,0.0419921875,0.8350974917411804,
dinov2_s,nct-crc-nonorm,finetuned,False,42,general,d4_color,vote,,7180,0.7834261838440112,0.7450462933514135,5625,1555,84.0,59.0,0.61376953125,0.57177734375,0.0419921875,0.8350974917411804,
dinov2_s,nct-crc-nonorm,finetuned,False,42,general,d4_color,confidence,,7180,0.7842618384401114,0.7465378348538756,5631,1549,92.0,61.0,0.61376953125,0.57177734375,0.0419921875,0.8350974917411804,
dinov2_s,nct-crc-nonorm,frozen,True,0,general,none,mean,,7180,0.875766016713092,0.8590538751172763,6288,892,,,0.99853515625,0.99853515625,0.0,1.0,
dinov2_s,nct-crc-nonorm,frozen,True,0,general,flips,mean,,7180,0.8806406685236768,0.8638851610427822,6323,857,118.0,83.0,1.0078125,0.998046875,0.009765625,0.9080780148506165,
dinov2_s,nct-crc-nonorm,frozen,True,0,general,flips,vote,,7180,0.883008356545961,0.8653064698915198,6340,840,136.0,84.0,1.0078125,0.998046875,0.009765625,0.9080780148506165,
dinov2_s,nct-crc-nonorm,frozen,True,0,general,flips,confidence,,7180,0.8809192200557103,0.8640172506680494,6325,855,120.0,83.0,1.0078125,0.998046875,0.009765625,0.9080780148506165,
dinov2_s,nct-crc-nonorm,frozen,True,0,general,d4,mean,,7180,0.8853760445682451,0.8674071513103162,6357,823,169.0,100.0,1.0185546875,1.0029296875,0.015625,0.8540390133857727,
dinov2_s,nct-crc-nonorm,frozen,True,0,general,d4,vote,,7180,0.8844011142061281,0.8665710755246834,6350,830,161.0,99.0,1.0185546875,1.0029296875,0.015625,0.8540390133857727,
dinov2_s,nct-crc-nonorm,frozen,True,0,general,d4,confidence,,7180,0.8863509749303621,0.8683049730685174,6364,816,175.0,99.0,1.0185546875,1.0029296875,0.015625,0.8540390133857727,
dinov2_s,nct-crc-nonorm,frozen,True,0,general,d4_color,mean,,7180,0.8856545961002785,0.867795417919517,6359,821,134.0,63.0,1.0146484375,0.998046875,0.0166015625,0.8378829956054688,
dinov2_s,nct-crc-nonorm,frozen,True,0,general,d4_color,vote,,7180,0.8838440111420612,0.8660823735339355,6346,834,113.0,55.0,1.0146484375,0.998046875,0.0166015625,0.8378829956054688,
dinov2_s,nct-crc-nonorm,frozen,True,0,general,d4_color,confidence,,7180,0.8863509749303621,0.8689001523773395,6364,816,139.0,63.0,1.0146484375,0.998046875,0.0166015625,0.8378829956054688,
dinov2_s,nct-crc-nonorm,frozen,True,1,general,none,mean,,7180,0.8540389972144847,0.8353463127434172,6132,1048,,,0.998046875,0.998046875,0.0,1.0,
dinov2_s,nct-crc-nonorm,frozen,True,1,general,flips,mean,,7180,0.8579387186629527,0.8382888398465568,6160,1020,119.0,91.0,1.0068359375,0.998046875,0.0087890625,0.8974930644035339,
dinov2_s,nct-crc-nonorm,frozen,True,1,general,flips,vote,,7180,0.8566852367688023,0.837018047296069,6151,1029,121.0,102.0,1.0068359375,0.998046875,0.0087890625,0.8974930644035339,
dinov2_s,nct-crc-nonorm,frozen,True,1,general,flips,confidence,,7180,0.8577994428969359,0.8382884022422066,6159,1021,121.0,94.0,1.0068359375,0.998046875,0.0087890625,0.8974930644035339,
dinov2_s,nct-crc-nonorm,frozen,True,1,general,d4,mean,,7180,0.8607242339832869,0.8415513687704343,6180,1000,170.0,122.0,1.0185546875,1.0029296875,0.015625,0.8352367877960205,
dinov2_s,nct-crc-nonorm,frozen,True,1,general,d4,vote,,7180,0.8596100278551532,0.8406228497243583,6172,1008,154.0,114.0,1.0185546875,1.0029296875,0.015625,0.8352367877960205,
dinov2_s,nct-crc-nonorm,frozen,True,1,general,d4,confidence,,7180,0.8603064066852367,0.8411326999920277,6177,1003,167.0,122.0,1.0185546875,1.0029296875,0.015625,0.8352367877960205,
dinov2_s,nct-crc-nonorm,frozen,True,1,general,d4_color,mean,,7180,0.8607242339832869,0.8412300047928373,6180,1000,137.0,89.0,1.013671875,0.99755859375,0.01611328125,0.8188022375106812,
dinov2_s,nct-crc-nonorm,frozen,True,1,general,d4_color,vote,,7180,0.8611420612813371,0.8417339140566493,6183,997,121.0,70.0,1.013671875,0.99755859375,0.01611328125,0.8188022375106812,
dinov2_s,nct-crc-nonorm,frozen,True,1,general,d4_color,confidence,,7180,0.8610027855153203,0.8414780778904487,6182,998,141.0,91.0,1.013671875,0.99755859375,0.01611328125,0.8188022375106812,
dinov2_s,nct-crc-nonorm,frozen,True,2,general,none,mean,,7180,0.8603064066852367,0.8427286164865981,6177,1003,,,0.97021484375,0.97021484375,0.0,1.0,
dinov2_s,nct-crc-nonorm,frozen,True,2,general,flips,mean,,7180,0.8647632311977715,0.846841151696294,6209,971,123.0,91.0,0.98046875,0.97021484375,0.01025390625,0.9037604331970215,
dinov2_s,nct-crc-nonorm,frozen,True,2,general,flips,vote,,7180,0.8662952646239555,0.848180999011161,6220,960,126.0,83.0,0.98046875,0.97021484375,0.01025390625,0.9037604331970215,
dinov2_s,nct-crc-nonorm,frozen,True,2,general,flips,confidence,,7180,0.8649025069637883,0.8469616449463232,6210,970,123.0,90.0,0.98046875,0.97021484375,0.01025390625,0.9037604331970215,
dinov2_s,nct-crc-nonorm,frozen,True,2,general,d4,mean,,7180,0.8704735376044568,0.8524910411759743,6250,930,175.0,102.0,0.9931640625,0.9765625,0.0166015625,0.8430362343788147,
dinov2_s,nct-crc-nonorm,frozen,True,2,general,d4,vote,,7180,0.8696378830083565,0.8514771879890366,6244,936,170.0,103.0,0.9931640625,0.9765625,0.0166015625,0.8430362343788147,
dinov2_s,nct-crc-nonorm,frozen,True,2,general,d4,confidence,,7180,0.8701949860724234,0.8519045352895096,6248,932,176.0,105.0,0.9931640625,0.9765625,0.0166015625,0.8430362343788147,
dinov2_s,nct-crc-nonorm,frozen,True,2,general,d4_color,mean,,7180,0.8685236768802228,0.8507174068082897,6236,944,134.0,75.0,0.98779296875,0.970703125,0.01708984375,0.8281337022781372,
dinov2_s,nct-crc-nonorm,frozen,True,2,general,d4_color,vote,,7180,0.8682451253481894,0.85027108578524,6234,946,111.0,54.0,0.98779296875,0.970703125,0.01708984375,0.8281337022781372,
dinov2_s,nct-crc-nonorm,frozen,True,2,general,d4_color,confidence,,7180,0.8682451253481894,0.850469277529669,6234,946,137.0,80.0,0.98779296875,0.970703125,0.01708984375,0.8281337022781372,
dinov2_s,nct-crc-nonorm,frozen,True,3,general,none,mean,,7180,0.8715877437325905,0.8539807246012642,6258,922,,,0.9677734375,0.9677734375,0.0,1.0,
dinov2_s,nct-crc-nonorm,frozen,True,3,general,flips,mean,,7180,0.8774373259052924,0.8583687791167488,6300,880,121.0,79.0,0.9775390625,0.96728515625,0.01025390625,0.9044568538665771,
dinov2_s,nct-crc-nonorm,frozen,True,3,general,flips,vote,,7180,0.8754874651810585,0.8562060206493786,6286,894,110.0,82.0,0.9775390625,0.96728515625,0.01025390625,0.9044568538665771,
dinov2_s,nct-crc-nonorm,frozen,True,3,general,flips,confidence,,7180,0.8777158774373259,0.8586893587073964,6302,878,121.0,77.0,0.9775390625,0.96728515625,0.01025390625,0.9044568538665771,
dinov2_s,nct-crc-nonorm,frozen,True,3,general,d4,mean,,7180,0.8811977715877437,0.8598099167270536,6327,853,168.0,99.0,0.990234375,0.9736328125,0.0166015625,0.8493036031723022,
dinov2_s,nct-crc-nonorm,frozen,True,3,general,d4,vote,,7180,0.8788300835654597,0.8578648725117952,6310,870,158.0,106.0,0.990234375,0.9736328125,0.0166015625,0.8493036031723022,
dinov2_s,nct-crc-nonorm,frozen,True,3,general,d4,confidence,,7180,0.881058495821727,0.8592097184489697,6326,854,170.0,102.0,0.990234375,0.9736328125,0.0166015625,0.8493036031723022,
dinov2_s,nct-crc-nonorm,frozen,True,3,general,d4_color,mean,,7180,0.8799442896935933,0.8600131201154768,6318,862,135.0,75.0,0.98486328125,0.96826171875,0.0166015625,0.8357938528060913,
dinov2_s,nct-crc-nonorm,frozen,True,3,general,d4_color,vote,,7180,0.8772980501392758,0.8572025273575622,6299,881,100.0,59.0,0.98486328125,0.96826171875,0.0166015625,0.8357938528060913,
dinov2_s,nct-crc-nonorm,frozen,True,3,general,d4_color,confidence,,7180,0.8805013927576602,0.8601348747402412,6322,858,142.0,78.0,0.98486328125,0.96826171875,0.0166015625,0.8357938528060913,
dinov2_s,nct-crc-nonorm,frozen,True,42,general,none,mean,,7180,0.8814763231197772,0.8556688546407916,6329,851,,,0.97607421875,0.97607421875,0.0,1.0,
dinov2_s,nct-crc-nonorm,frozen,True,42,general,flips,mean,,7180,0.8913649025069638,0.8630044837696103,6400,780,144.0,73.0,0.9853515625,0.9755859375,0.009765625,0.90682452917099,
dinov2_s,nct-crc-nonorm,frozen,True,42,general,flips,vote,,7180,0.8894150417827298,0.8629936423830857,6386,794,125.0,68.0,0.9853515625,0.9755859375,0.009765625,0.90682452917099,
dinov2_s,nct-crc-nonorm,frozen,True,42,general,flips,confidence,,7180,0.8909470752089137,0.8627439398621335,6397,783,143.0,75.0,0.9853515625,0.9755859375,0.009765625,0.90682452917099,
dinov2_s,nct-crc-nonorm,frozen,True,42,general,d4,mean,,7180,0.8903899721448468,0.8636428806649742,6393,787,167.0,103.0,0.99609375,0.98046875,0.015625,0.8508356809616089,
dinov2_s,nct-crc-nonorm,frozen,True,42,general,d4,vote,,7180,0.8910863509749304,0.864942155484884,6398,782,160.0,91.0,0.99609375,0.98046875,0.015625,0.8508356809616089,
dinov2_s,nct-crc-nonorm,frozen,True,42,general,d4,confidence,,7180,0.8896935933147633,0.8627386319386656,6388,792,166.0,107.0,0.99609375,0.98046875,0.015625,0.8508356809616089,
dinov2_s,nct-crc-nonorm,frozen,True,42,general,d4_color,mean,,7180,0.88983286908078,0.8626431142063393,6389,791,135.0,75.0,0.99169921875,0.97509765625,0.0166015625,0.8370473384857178,
dinov2_s,nct-crc-nonorm,frozen,True,42,general,d4_color,vote,,7180,0.89025069637883,0.8630958056117802,6392,788,117.0,54.0,0.99169921875,0.97509765625,0.0166015625,0.8370473384857178,
dinov2_s,nct-crc-nonorm,frozen,True,42,general,d4_color,confidence,,7180,0.89025069637883,0.8631521606989941,6392,788,140.0,77.0,0.99169921875,0.97509765625,0.0166015625,0.8370473384857178,
dinov2_s,nct-crc-nonorm,frozen,False,42,general,none,mean,,7180,0.8846796657381616,0.8575628990683961,6352,828,,,0.99267578125,0.99267578125,0.0,1.0,
dinov2_s,nct-crc-nonorm,frozen,False,42,general,flips,mean,,7180,0.8955431754874652,0.8656760519987375,6430,750,146.0,68.0,1.00390625,0.99267578125,0.01123046875,0.9018105864524841,
dinov2_s,nct-crc-nonorm,frozen,False,42,general,flips,vote,,7180,0.895125348189415,0.8649138676397197,6427,753,148.0,73.0,1.00390625,0.99267578125,0.01123046875,0.9018105864524841,
dinov2_s,nct-crc-nonorm,frozen,False,42,general,flips,confidence,,7180,0.895125348189415,0.8654633853458304,6427,753,146.0,71.0,1.00390625,0.99267578125,0.01123046875,0.9018105864524841,
dinov2_s,nct-crc-nonorm,frozen,False,42,general,d4,mean,,7180,0.8959610027855153,0.8672009767119491,6433,747,172.0,91.0,1.0166015625,0.9990234375,0.017578125,0.8494428992271423,
dinov2_s,nct-crc-nonorm,frozen,False,42,general,d4,vote,,7180,0.8955431754874652,0.8664394450091332,6430,750,175.0,97.0,1.0166015625,0.9990234375,0.017578125,0.8494428992271423,
dinov2_s,nct-crc-nonorm,frozen,False,42,general,d4,confidence,,7180,0.8952646239554317,0.8664703263881091,6428,752,168.0,92.0,1.0166015625,0.9990234375,0.017578125,0.8494428992271423,
dinov2_s,nct-crc-nonorm,frozen,False,42,general,d4_color,mean,,7180,0.8956824512534819,0.867066469456549,6431,749,137.0,58.0,1.0126953125,0.994140625,0.0185546875,0.833983302116394,
dinov2_s,nct-crc-nonorm,frozen,False,42,general,d4_color,vote,,7180,0.8948467966573816,0.8661912852414139,6425,755,128.0,55.0,1.0126953125,0.994140625,0.0185546875,0.833983302116394,
dinov2_s,nct-crc-nonorm,frozen,False,42,general,d4_color,confidence,,7180,0.8948467966573816,0.8665719737207047,6425,755,133.0,60.0,1.0126953125,0.994140625,0.0185546875,0.833983302116394,
gigapath,nct-crc-nonorm,frozen,True,0,histology,none,mean,,7180,0.9327298050139275,0.9195603400543746,6697,483,,,0.84521484375,0.84521484375,0.0,1.0,
gigapath,nct-crc-nonorm,frozen,True,0,histology,flips,mean,,7180,0.9337047353760446,0.920967412555549,6704,476,42.0,35.0,0.8466796875,0.84375,0.0029296875,0.9682451486587524,
gigapath,nct-crc-nonorm,frozen,True,0,histology,flips,vote,,7180,0.9370473537604457,0.9243285533169061,6728,452,50.0,19.0,0.8466796875,0.84375,0.0029296875,0.9682451486587524,
gigapath,nct-crc-nonorm,frozen,True,0,histology,flips,confidence,,7180,0.9335654596100279,0.9207034906764253,6703,477,42.0,36.0,0.8466796875,0.84375,0.0029296875,0.9682451486587524,
gigapath,nct-crc-nonorm,frozen,True,0,histology,d4,mean,,7180,0.9362116991643454,0.921942486197952,6722,458,61.0,36.0,0.85205078125,0.8466796875,0.00537109375,0.9494429230690002,
gigapath,nct-crc-nonorm,frozen,True,0,histology,d4,vote,,7180,0.9376044568245125,0.9231435983599998,6732,448,71.0,36.0,0.85205078125,0.8466796875,0.00537109375,0.9494429230690002,
gigapath,nct-crc-nonorm,frozen,True,0,histology,d4,confidence,,7180,0.9366295264623955,0.9224687719758032,6725,455,64.0,36.0,0.85205078125,0.8466796875,0.00537109375,0.9494429230690002,
gigapath,nct-crc-nonorm,frozen,True,0,histology,d4_color,mean,,7180,0.9355153203342619,0.9213990942359322,6717,463,49.0,29.0,0.8505859375,0.8447265625,0.005859375,0.9381615519523621,
gigapath,nct-crc-nonorm,frozen,True,0,histology,d4_color,vote,,7180,0.935933147632312,0.9220505247597015,6720,460,49.0,26.0,0.8505859375,0.8447265625,0.005859375,0.9381615519523621,
gigapath,nct-crc-nonorm,frozen,True,0,histology,d4_color,confidence,,7180,0.9360724233983287,0.9220565619631473,6721,459,53.0,29.0,0.8505859375,0.8447265625,0.005859375,0.9381615519523621,
gigapath,nct-crc-nonorm,frozen,True,1,histology,none,mean,,7180,0.9268802228412256,0.909985356290327,6655,525,,,0.87548828125,0.87548828125,0.0,1.0,
gigapath,nct-crc-nonorm,frozen,True,1,histology,flips,mean,,7180,0.9298050139275766,0.9133791014988698,6676,504,56.0,35.0,0.87646484375,0.873046875,0.00341796875,0.9596100449562073,
gigapath,nct-crc-nonorm,frozen,True,1,histology,flips,vote,,7180,0.9307799442896936,0.9136038382649008,6683,497,61.0,33.0,0.87646484375,0.873046875,0.00341796875,0.9596100449562073,
gigapath,nct-crc-nonorm,frozen,True,1,histology,flips,confidence,,7180,0.9295264623955432,0.913140565818964,6674,506,55.0,36.0,0.87646484375,0.873046875,0.00341796875,0.9596100449562073,
gigapath,nct-crc-nonorm,frozen,True,1,histology,d4,mean,,7180,0.928133704735376,0.9120350684726203,6664,516,64.0,55.0,0.8818359375,0.8759765625,0.005859375,0.9367688298225403,
gigapath,nct-crc-nonorm,frozen,True,1,histology,d4,vote,,7180,0.9274373259052925,0.911014064784481,6659,521,52.0,48.0,0.8818359375,0.8759765625,0.005859375,0.9367688298225403,
gigapath,nct-crc-nonorm,frozen,True,1,histology,d4,confidence,,7180,0.928133704735376,0.9120350684726203,6664,516,64.0,55.0,0.8818359375,0.8759765625,0.005859375,0.9367688298225403,
gigapath,nct-crc-nonorm,frozen,True,1,histology,d4_color,mean,,7180,0.9314763231197771,0.9155363151570524,6688,492,59.0,26.0,0.88134765625,0.87451171875,0.0068359375,0.927158772945404,
gigapath,nct-crc-nonorm,frozen,True,1,histology,d4_color,vote,,7180,0.9307799442896936,0.9151603469844295,6683,497,55.0,27.0,0.88134765625,0.87451171875,0.0068359375,0.927158772945404,
gigapath,nct-crc-nonorm,frozen,True,1,histology,d4_color,confidence,,7180,0.9310584958217271,0.9149421851722808,6685,495,56.0,26.0,0.88134765625,0.87451171875,0.0068359375,0.927158772945404,
gigapath,nct-crc-nonorm,frozen,True,2,histology,none,mean,,7180,0.9685236768802229,0.9566503723356254,6954,226,,,0.90771484375,0.90771484375,0.0,1.0,
gigapath,nct-crc-nonorm,frozen,True,2,histology,flips,mean,,7180,0.9682451253481894,0.9566329891535212,6952,228,7.0,9.0,0.908203125,0.90673828125,0.00146484375,0.9916434288024902,
gigapath,nct-crc-nonorm,frozen,True,2,histology,flips,vote,,7180,0.9683844011142061,0.956641336686061,6953,227,8.0,9.0,0.908203125,0.90673828125,0.00146484375,0.9916434288024902,
gigapath,nct-crc-nonorm,frozen,True,2,histology,flips,confidence,,7180,0.9682451253481894,0.9566329891535212,6952,228,7.0,9.0,0.908203125,0.90673828125,0.00146484375,0.9916434288024902,
gigapath,nct-crc-nonorm,frozen,True,2,histology,d4,mean,,7180,0.9688022284122563,0.9569968741350076,6956,224,13.0,11.0,0.9130859375,0.9111328125,0.001953125,0.9876044392585754,
gigapath,nct-crc-nonorm,frozen,True,2,histology,d4,vote,,7180,0.9682451253481894,0.9558834097889906,6952,228,13.0,15.0,0.9130859375,0.9111328125,0.001953125,0.9876044392585754,
gigapath,nct-crc-nonorm,frozen,True,2,histology,d4,confidence,,7180,0.9688022284122563,0.9569968741350076,6956,224,13.0,11.0,0.9130859375,0.9111328125,0.001953125,0.9876044392585754,
gigapath,nct-crc-nonorm,frozen,True,2,histology,d4_color,mean,,7180,0.9685236768802229,0.9564938586268273,6954,226,10.0,10.0,0.912109375,0.90966796875,0.00244140625,0.985515296459198,
gigapath,nct-crc-nonorm,frozen,True,2,histology,d4_color,vote,,7180,0.9685236768802229,0.956539932599653,6954,226,10.0,10.0,0.912109375,0.90966796875,0.00244140625,0.985515296459198,
gigapath,nct-crc-nonorm,frozen,True,2,histology,d4_color,confidence,,7180,0.9685236768802229,0.9564938586268273,6954,226,10.0,10.0,0.912109375,0.90966796875,0.00244140625,0.985515296459198,
gigapath,nct-crc-nonorm,frozen,True,3,histology,none,mean,,7180,0.9696378830083565,0.9578902778120916,6962,218,,,0.869140625,0.869140625,0.0,1.0,
gigapath,nct-crc-nonorm,frozen,True,3,histology,flips,mean,,7180,0.968941504178273,0.9574627001500823,6957,223,5.0,10.0,0.86962890625,0.8681640625,0.00146484375,0.9933147430419922,
gigapath,nct-crc-nonorm,frozen,True,3,histology,flips,vote,,7180,0.9690807799442896,0.9576433160763638,6958,222,6.0,10.0,0.86962890625,0.8681640625,0.00146484375,0.9933147430419922,
gigapath,nct-crc-nonorm,frozen,True,3,histology,flips,confidence,,7180,0.968941504178273,0.9574627001500823,6957,223,5.0,10.0,0.86962890625,0.8681640625,0.00146484375,0.9933147430419922,
gigapath,nct-crc-nonorm,frozen,True,3,histology,d4,mean,,7180,0.9688022284122563,0.957037365518032,6956,224,6.0,12.0,0.87890625,0.87646484375,0.00244140625,0.9894150495529175,
gigapath,nct-crc-nonorm,frozen,True,3,histology,d4,vote,,7180,0.9685236768802229,0.9567431622665856,6954,226,6.0,14.0,0.87890625,0.87646484375,0.00244140625,0.9894150495529175,
gigapath,nct-crc-nonorm,frozen,True,3,histology,d4,confidence,,7180,0.9688022284122563,0.957037365518032,6956,224,6.0,12.0,0.87890625,0.87646484375,0.00244140625,0.9894150495529175,
gigapath,nct-crc-nonorm,frozen,True,3,histology,d4_color,mean,,7180,0.9693593314763231,0.9580806583536753,6960,220,5.0,7.0,0.87646484375,0.8740234375,0.00244140625,0.9876044392585754,
gigapath,nct-crc-nonorm,frozen,True,3,histology,d4_color,vote,,7180,0.9692200557103064,0.9576389226032119,6959,221,5.0,8.0,0.87646484375,0.8740234375,0.00244140625,0.9876044392585754,
gigapath,nct-crc-nonorm,frozen,True,3,histology,d4_color,confidence,,7180,0.9694986072423398,0.9583445802327992,6961,219,5.0,6.0,0.87646484375,0.8740234375,0.00244140625,0.9876044392585754,
gigapath,nct-crc-nonorm,frozen,True,42,histology,none,mean,,7180,0.9497214484679666,0.9437622049952314,6819,361,,,0.8603515625,0.8603515625,0.0,1.0,
gigapath,nct-crc-nonorm,frozen,True,42,histology,flips,mean,,7180,0.950974930362117,0.9452917521185553,6828,352,29.0,20.0,0.8642578125,0.86083984375,0.00341796875,0.9749303460121155,
gigapath,nct-crc-nonorm,frozen,True,42,histology,flips,vote,,7180,0.9513927576601672,0.9452318671505362,6831,349,31.0,19.0,0.8642578125,0.86083984375,0.00341796875,0.9749303460121155,
gigapath,nct-crc-nonorm,frozen,True,42,histology,flips,confidence,,7180,0.950974930362117,0.9452917521185553,6828,352,29.0,20.0,0.8642578125,0.86083984375,0.00341796875,0.9749303460121155,
gigapath,nct-crc-nonorm,frozen,True,42,histology,d4,mean,,7180,0.9491643454038997,0.9435786663510979,6815,365,33.0,37.0,0.87451171875,0.869140625,0.00537109375,0.9579387307167053,
gigapath,nct-crc-nonorm,frozen,True,42,histology,d4,vote,,7180,0.9497214484679666,0.9438873482659508,6819,361,36.0,36.0,0.87451171875,0.869140625,0.00537109375,0.9579387307167053,
gigapath,nct-crc-nonorm,frozen,True,42,histology,d4,confidence,,7180,0.9493036211699164,0.9438425882302215,6816,364,33.0,36.0,0.87451171875,0.869140625,0.00537109375,0.9579387307167053,
gigapath,nct-crc-nonorm,frozen,True,42,histology,d4_color,mean,,7180,0.9493036211699164,0.9444305767552899,6816,364,22.0,25.0,0.87158203125,0.865234375,0.00634765625,0.9529247879981995,
gigapath,nct-crc-nonorm,frozen,True,42,histology,d4_color,vote,,7180,0.9494428969359332,0.9442652877676113,6817,363,22.0,24.0,0.87158203125,0.865234375,0.00634765625,0.9529247879981995,
gigapath,nct-crc-nonorm,frozen,True,42,histology,d4_color,confidence,,7180,0.9493036211699164,0.9444787160207139,6816,364,24.0,27.0,0.87158203125,0.865234375,0.00634765625,0.9529247879981995,
hoptimus,nct-crc-nonorm,frozen,True,0,histology,none,mean,,7180,0.9357938718662953,0.9209288794328033,6719,461,,,0.7431640625,0.7431640625,0.0,1.0,
hoptimus,nct-crc-nonorm,frozen,True,0,histology,flips,mean,,7180,0.9367688022284123,0.9225853315743036,6726,454,20.0,13.0,0.744140625,0.74267578125,0.00146484375,0.986350953578949,
hoptimus,nct-crc-nonorm,frozen,True,0,histology,flips,vote,,7180,0.9380222841225627,0.9238227368677558,6735,445,25.0,9.0,0.744140625,0.74267578125,0.00146484375,0.986350953578949,
hoptimus,nct-crc-nonorm,frozen,True,0,histology,flips,confidence,,7180,0.9367688022284123,0.9225853315743036,6726,454,20.0,13.0,0.744140625,0.74267578125,0.00146484375,0.986350953578949,
hoptimus,nct-crc-nonorm,frozen,True,0,histology,d4,mean,,7180,0.9363509749303621,0.921777865691772,6723,457,21.0,17.0,0.7412109375,0.7392578125,0.001953125,0.9791086316108704,
hoptimus,nct-crc-nonorm,frozen,True,0,histology,d4,vote,,7180,0.9362116991643454,0.9215914727155778,6722,458,21.0,18.0,0.7412109375,0.7392578125,0.001953125,0.9791086316108704,
hoptimus,nct-crc-nonorm,frozen,True,0,histology,d4,confidence,,7180,0.9363509749303621,0.921777865691772,6723,457,21.0,17.0,0.7412109375,0.7392578125,0.001953125,0.9791086316108704,
hoptimus,nct-crc-nonorm,frozen,True,0,histology,d4_color,mean,,7180,0.9363509749303621,0.9214920794819851,6723,457,22.0,18.0,0.7421875,0.7392578125,0.0029296875,0.9701949954032898,
hoptimus,nct-crc-nonorm,frozen,True,0,histology,d4_color,vote,,7180,0.9364902506963788,0.9217767625148601,6724,456,20.0,15.0,0.7421875,0.7392578125,0.0029296875,0.9701949954032898,
hoptimus,nct-crc-nonorm,frozen,True,0,histology,d4_color,confidence,,7180,0.9363509749303621,0.9215331469860032,6723,457,21.0,17.0,0.7421875,0.7392578125,0.0029296875,0.9701949954032898,
hoptimus,nct-crc-nonorm,frozen,True,1,histology,none,mean,,7180,0.9661559888579387,0.9500012088062265,6937,243,,,0.65771484375,0.65771484375,0.0,1.0,
hoptimus,nct-crc-nonorm,frozen,True,1,histology,flips,mean,,7180,0.9661559888579387,0.9503315843885863,6937,243,5.0,5.0,0.658203125,0.65673828125,0.00146484375,0.9962395429611206,
hoptimus,nct-crc-nonorm,frozen,True,1,histology,flips,vote,,7180,0.9658774373259053,0.9497966688689328,6935,245,5.0,7.0,0.658203125,0.65673828125,0.00146484375,0.9962395429611206,
hoptimus,nct-crc-nonorm,frozen,True,1,histology,flips,confidence,,7180,0.9661559888579387,0.9503315843885863,6937,243,5.0,5.0,0.658203125,0.65673828125,0.00146484375,0.9962395429611206,
hoptimus,nct-crc-nonorm,frozen,True,1,histology,d4,mean,,7180,0.9664345403899721,0.9501911223929272,6939,241,8.0,6.0,0.6640625,0.66162109375,0.00244140625,0.9920612573623657,
hoptimus,nct-crc-nonorm,frozen,True,1,histology,d4,vote,,7180,0.9661559888579387,0.9500818047742265,6937,243,6.0,6.0,0.6640625,0.66162109375,0.00244140625,0.9920612573623657,
hoptimus,nct-crc-nonorm,frozen,True,1,histology,d4,confidence,,7180,0.9664345403899721,0.9501911223929272,6939,241,8.0,6.0,0.6640625,0.66162109375,0.00244140625,0.9920612573623657,
hoptimus,nct-crc-nonorm,frozen,True,1,histology,d4_color,mean,,7180,0.9665738161559888,0.9504069050066266,6940,240,8.0,5.0,0.666015625,0.66259765625,0.00341796875,0.989832878112793,
hoptimus,nct-crc-nonorm,frozen,True,1,histology,d4_color,vote,,7180,0.9665738161559888,0.9504778162786174,6940,240,8.0,5.0,0.666015625,0.66259765625,0.00341796875,0.989832878112793,
hoptimus,nct-crc-nonorm,frozen,True,1,histology,d4_color,confidence,,7180,0.9665738161559888,0.9504069050066266,6940,240,8.0,5.0,0.666015625,0.66259765625,0.00341796875,0.989832878112793,
hoptimus,nct-crc-nonorm,frozen,True,2,histology,none,mean,,7180,0.9706128133704736,0.9581286094970376,6969,211,,,0.7021484375,0.7021484375,0.0,1.0,
hoptimus,nct-crc-nonorm,frozen,True,2,histology,flips,mean,,7180,0.9707520891364902,0.9584563708867458,6970,210,3.0,2.0,0.70263671875,0.7021484375,0.00048828125,0.9974930286407471,
hoptimus,nct-crc-nonorm,frozen,True,2,histology,flips,vote,,7180,0.9707520891364902,0.9584563708867458,6970,210,4.0,3.0,0.70263671875,0.7021484375,0.00048828125,0.9974930286407471,
hoptimus,nct-crc-nonorm,frozen,True,2,histology,flips,confidence,,7180,0.9707520891364902,0.9584563708867458,6970,210,3.0,2.0,0.70263671875,0.7021484375,0.00048828125,0.9974930286407471,
hoptimus,nct-crc-nonorm,frozen,True,2,histology,d4,mean,,7180,0.9704735376044569,0.9577370085967447,6968,212,4.0,5.0,0.70654296875,0.70556640625,0.0009765625,0.9958217144012451,
hoptimus,nct-crc-nonorm,frozen,True,2,histology,d4,vote,,7180,0.9704735376044569,0.9577370085967447,6968,212,3.0,4.0,0.70654296875,0.70556640625,0.0009765625,0.9958217144012451,
hoptimus,nct-crc-nonorm,frozen,True,2,histology,d4,confidence,,7180,0.9704735376044569,0.9577370085967447,6968,212,4.0,5.0,0.70654296875,0.70556640625,0.0009765625,0.9958217144012451,
hoptimus,nct-crc-nonorm,frozen,True,2,histology,d4_color,mean,,7180,0.9706128133704736,0.9580647699864531,6969,211,2.0,2.0,0.70703125,0.7060546875,0.0009765625,0.9941504001617432,
hoptimus,nct-crc-nonorm,frozen,True,2,histology,d4_color,vote,,7180,0.9706128133704736,0.9580647699864531,6969,211,2.0,2.0,0.70703125,0.7060546875,0.0009765625,0.9941504001617432,
hoptimus,nct-crc-nonorm,frozen,True,2,histology,d4_color,confidence,,7180,0.9706128133704736,0.9580647699864531,6969,211,2.0,2.0,0.70703125,0.7060546875,0.0009765625,0.9941504001617432,
hoptimus,nct-crc-nonorm,frozen,True,3,histology,none,mean,,7180,0.968941504178273,0.9543195388758579,6957,223,,,0.72802734375,0.72802734375,0.0,1.0,
hoptimus,nct-crc-nonorm,frozen,True,3,histology,flips,mean,,7180,0.9692200557103064,0.9545099352903395,6959,221,3.0,1.0,0.72900390625,0.728515625,0.00048828125,0.997353732585907,
hoptimus,nct-crc-nonorm,frozen,True,3,histology,flips,vote,,7180,0.9692200557103064,0.954573774800924,6959,221,3.0,1.0,0.72900390625,0.728515625,0.00048828125,0.997353732585907,
hoptimus,nct-crc-nonorm,frozen,True,3,histology,flips,confidence,,7180,0.9692200557103064,0.9545099352903395,6959,221,3.0,1.0,0.72900390625,0.728515625,0.00048828125,0.997353732585907,
hoptimus,nct-crc-nonorm,frozen,True,3,histology,d4,mean,,7180,0.9693593314763231,0.9548376966800477,6960,220,4.0,1.0,0.73486328125,0.73388671875,0.0009765625,0.9959610104560852,
hoptimus,nct-crc-nonorm,frozen,True,3,histology,d4,vote,,7180,0.9693593314763231,0.9548376966800477,6960,220,4.0,1.0,0.73486328125,0.73388671875,0.0009765625,0.9959610104560852,
hoptimus,nct-crc-nonorm,frozen,True,3,histology,d4,confidence,,7180,0.9693593314763231,0.9548376966800477,6960,220,4.0,1.0,0.73486328125,0.73388671875,0.0009765625,0.9959610104560852,
hoptimus,nct-crc-nonorm,frozen,True,3,histology,d4_color,mean,,7180,0.9693593314763231,0.9548376966800477,6960,220,4.0,1.0,0.73388671875,0.732421875,0.00146484375,0.9937325716018677,
hoptimus,nct-crc-nonorm,frozen,True,3,histology,d4_color,vote,,7180,0.9692200557103064,0.954573774800924,6959,221,3.0,1.0,0.73388671875,0.732421875,0.00146484375,0.9937325716018677,
hoptimus,nct-crc-nonorm,frozen,True,3,histology,d4_color,confidence,,7180,0.9693593314763231,0.9548376966800477,6960,220,4.0,1.0,0.73388671875,0.732421875,0.00146484375,0.9937325716018677,
phikon2,nct-crc-nonorm,frozen,True,0,histology,none,mean,,7180,0.9444289693593315,0.9338703364089304,6781,399,,,0.9697265625,0.9697265625,0.0,1.0,
phikon2,nct-crc-nonorm,frozen,True,0,histology,flips,mean,,7180,0.9451253481894151,0.9349336088632734,6786,394,31.0,26.0,0.99072265625,0.9853515625,0.00537109375,0.977158784866333,
phikon2,nct-crc-nonorm,frozen,True,0,histology,flips,vote,,7180,0.9458217270194986,0.9348333090767196,6791,389,30.0,20.0,0.99072265625,0.9853515625,0.00537109375,0.977158784866333,
phikon2,nct-crc-nonorm,frozen,True,0,histology,flips,confidence,,7180,0.9448467966573816,0.9344057651050258,6784,396,31.0,28.0,0.99072265625,0.9853515625,0.00537109375,0.977158784866333,
phikon2,nct-crc-nonorm,frozen,True,0,histology,d4,mean,,7180,0.9451253481894151,0.9350412512242396,6786,394,39.0,34.0,0.99072265625,0.98486328125,0.005859375,0.9662952423095703,
phikon2,nct-crc-nonorm,frozen,True,0,histology,d4,vote,,7180,0.9452646239554318,0.9345938731979295,6787,393,44.0,38.0,0.99072265625,0.98486328125,0.005859375,0.9662952423095703,
phikon2,nct-crc-nonorm,frozen,True,0,histology,d4,confidence,,7180,0.9449860724233984,0.934910069274876,6785,395,39.0,35.0,0.99072265625,0.98486328125,0.005859375,0.9662952423095703,
phikon2,nct-crc-nonorm,frozen,True,0,histology,d4_color,mean,,7180,0.9452646239554318,0.9350391701761391,6787,393,28.0,22.0,0.98291015625,0.9765625,0.00634765625,0.9621170163154602,
phikon2,nct-crc-nonorm,frozen,True,0,histology,d4_color,vote,,7180,0.9448467966573816,0.9343641672254317,6784,396,25.0,22.0,0.98291015625,0.9765625,0.00634765625,0.9621170163154602,
phikon2,nct-crc-nonorm,frozen,True,0,histology,d4_color,confidence,,7180,0.9451253481894151,0.9347752482970153,6786,394,28.0,23.0,0.98291015625,0.9765625,0.00634765625,0.9621170163154602,
phikon2,nct-crc-nonorm,frozen,True,1,histology,none,mean,,7180,0.9381615598885794,0.9268568674608394,6736,444,,,0.93994140625,0.93994140625,0.0,1.0,
phikon2,nct-crc-nonorm,frozen,True,1,histology,flips,mean,,7180,0.9391364902506963,0.9273259850925586,6743,437,25.0,18.0,0.96142578125,0.9560546875,0.00537109375,0.978830099105835,
phikon2,nct-crc-nonorm,frozen,True,1,histology,flips,vote,,7180,0.9403899721448468,0.9279381477208689,6752,428,30.0,14.0,0.96142578125,0.9560546875,0.00537109375,0.978830099105835,
phikon2,nct-crc-nonorm,frozen,True,1,histology,flips,confidence,,7180,0.9391364902506963,0.9274587250223184,6743,437,25.0,18.0,0.96142578125,0.9560546875,0.00537109375,0.978830099105835,
phikon2,nct-crc-nonorm,frozen,True,1,histology,d4,mean,,7180,0.9396935933147632,0.9279089819328166,6747,433,38.0,27.0,0.9609375,0.955078125,0.005859375,0.966991662979126,
phikon2,nct-crc-nonorm,frozen,True,1,histology,d4,vote,,7180,0.9412256267409471,0.9291839772115212,6758,422,48.0,26.0,0.9609375,0.955078125,0.005859375,0.966991662979126,
phikon2,nct-crc-nonorm,frozen,True,1,histology,d4,confidence,,7180,0.9396935933147632,0.9279089819328166,6747,433,38.0,27.0,0.9609375,0.955078125,0.005859375,0.966991662979126,
phikon2,nct-crc-nonorm,frozen,True,1,histology,d4_color,mean,,7180,0.9398328690807799,0.9277500495192275,6748,432,26.0,14.0,0.953125,0.94677734375,0.00634765625,0.963509738445282,
phikon2,nct-crc-nonorm,frozen,True,1,histology,d4_color,vote,,7180,0.9398328690807799,0.9277753561193308,6748,432,25.0,13.0,0.953125,0.94677734375,0.00634765625,0.963509738445282,
phikon2,nct-crc-nonorm,frozen,True,1,histology,d4_color,confidence,,7180,0.9398328690807799,0.9277981887846517,6748,432,27.0,15.0,0.953125,0.94677734375,0.00634765625,0.963509738445282,
phikon2,nct-crc-nonorm,frozen,True,2,histology,none,mean,,7180,0.9426183844011142,0.9303000575275553,6768,412,,,0.95361328125,0.95361328125,0.0,1.0,
phikon2,nct-crc-nonorm,frozen,True,2,histology,flips,mean,,7180,0.9415041782729805,0.9284889048114544,6760,420,18.0,26.0,0.9677734375,0.962890625,0.0048828125,0.9796657562255859,
phikon2,nct-crc-nonorm,frozen,True,2,histology,flips,vote,,7180,0.942200557103064,0.9284911999691834,6765,415,20.0,23.0,0.9677734375,0.962890625,0.0048828125,0.9796657562255859,
phikon2,nct-crc-nonorm,frozen,True,2,histology,flips,confidence,,7180,0.9417827298050139,0.9286549901793334,6762,418,19.0,25.0,0.9677734375,0.962890625,0.0048828125,0.9796657562255859,
phikon2,nct-crc-nonorm,frozen,True,2,histology,d4,mean,,7180,0.9424791086350975,0.9287864729597278,6767,413,33.0,34.0,0.96826171875,0.96240234375,0.005859375,0.9662952423095703,
phikon2,nct-crc-nonorm,frozen,True,2,histology,d4,vote,,7180,0.9428969359331476,0.9289297691219064,6770,410,36.0,34.0,0.96826171875,0.96240234375,0.005859375,0.9662952423095703,
phikon2,nct-crc-nonorm,frozen,True,2,histology,d4,confidence,,7180,0.9423398328690807,0.9286147625151363,6766,414,33.0,35.0,0.96826171875,0.96240234375,0.005859375,0.9662952423095703,
phikon2,nct-crc-nonorm,frozen,True,2,histology,d4_color,mean,,7180,0.9426183844011142,0.9293934036013014,6768,412,23.0,23.0,0.96240234375,0.9560546875,0.00634765625,0.9636490345001221,
phikon2,nct-crc-nonorm,frozen,True,2,histology,d4_color,vote,,7180,0.9417827298050139,0.9284945951399646,6762,418,15.0,21.0,0.96240234375,0.9560546875,0.00634765625,0.9636490345001221,
phikon2,nct-crc-nonorm,frozen,True,2,histology,d4_color,confidence,,7180,0.9424791086350975,0.9292622216519377,6767,413,24.0,25.0,0.96240234375,0.9560546875,0.00634765625,0.9636490345001221,
phikon2,nct-crc-nonorm,frozen,True,3,histology,none,mean,,7180,0.9373259052924791,0.9266523182766093,6730,450,,,0.98828125,0.98828125,0.0,1.0,
phikon2,nct-crc-nonorm,frozen,True,3,histology,flips,mean,,7180,0.936908077994429,0.9261197698520895,6727,453,27.0,30.0,1.0009765625,0.99658203125,0.00439453125,0.976323127746582,
phikon2,nct-crc-nonorm,frozen,True,3,histology,flips,vote,,7180,0.9389972144846797,0.9282262569857002,6742,438,30.0,18.0,1.0009765625,0.99658203125,0.00439453125,0.976323127746582,
phikon2,nct-crc-nonorm,frozen,True,3,histology,flips,confidence,,7180,0.9364902506963788,0.9256697182656742,6724,456,26.0,32.0,1.0009765625,0.99658203125,0.00439453125,0.976323127746582,
phikon2,nct-crc-nonorm,frozen,True,3,histology,d4,mean,,7180,0.9380222841225627,0.9272476937224207,6735,445,32.0,27.0,0.9990234375,0.9931640625,0.005859375,0.9647632241249084,
phikon2,nct-crc-nonorm,frozen,True,3,histology,d4,vote,,7180,0.938857938718663,0.9277616947888867,6741,439,36.0,25.0,0.9990234375,0.9931640625,0.005859375,0.9647632241249084,
phikon2,nct-crc-nonorm,frozen,True,3,histology,d4,confidence,,7180,0.9378830083565459,0.9271165117730568,6734,446,31.0,27.0,0.9990234375,0.9931640625,0.005859375,0.9647632241249084,
phikon2,nct-crc-nonorm,frozen,True,3,histology,d4_color,mean,,7180,0.9378830083565459,0.9271369959288722,6734,446,23.0,19.0,0.994140625,0.98828125,0.005859375,0.9621170163154602,
phikon2,nct-crc-nonorm,frozen,True,3,histology,d4_color,vote,,7180,0.9377437325905292,0.9270504095710526,6733,447,20.0,17.0,0.994140625,0.98828125,0.005859375,0.9621170163154602,
phikon2,nct-crc-nonorm,frozen,True,3,histology,d4_color,confidence,,7180,0.9376044568245125,0.9268305598610367,6732,448,23.0,21.0,0.994140625,0.98828125,0.005859375,0.9621170163154602,
phikon2,nct-crc-nonorm,frozen,True,42,histology,none,mean,,7180,0.947075208913649,0.9340670099885018,6800,380,,,0.95263671875,0.95263671875,0.0,1.0,
phikon2,nct-crc-nonorm,frozen,True,42,histology,flips,mean,,7180,0.9469359331476324,0.9340501549699207,6799,381,28.0,29.0,0.98291015625,0.9775390625,0.00537109375,0.9766016602516174,
phikon2,nct-crc-nonorm,frozen,True,42,histology,flips,vote,,7180,0.9479108635097493,0.9335051034197706,6806,374,32.0,26.0,0.98291015625,0.9775390625,0.00537109375,0.9766016602516174,
phikon2,nct-crc-nonorm,frozen,True,42,histology,flips,confidence,,7180,0.9467966573816156,0.9335131424610803,6798,382,25.0,27.0,0.98291015625,0.9775390625,0.00537109375,0.9766016602516174,
phikon2,nct-crc-nonorm,frozen,True,42,histology,d4,mean,,7180,0.947075208913649,0.9333721944527823,6800,380,36.0,36.0,0.98388671875,0.9775390625,0.00634765625,0.9636490345001221,
phikon2,nct-crc-nonorm,frozen,True,42,histology,d4,vote,,7180,0.9484679665738162,0.9349687377249806,6810,370,43.0,33.0,0.98388671875,0.9775390625,0.00634765625,0.9636490345001221,
phikon2,nct-crc-nonorm,frozen,True,42,histology,d4,confidence,,7180,0.947075208913649,0.9334086558516937,6800,380,34.0,34.0,0.98388671875,0.9775390625,0.00634765625,0.9636490345001221,
phikon2,nct-crc-nonorm,frozen,True,42,histology,d4_color,mean,,7180,0.9477715877437326,0.934245930806336,6805,375,28.0,23.0,0.9736328125,0.966796875,0.0068359375,0.9584957957267761,
phikon2,nct-crc-nonorm,frozen,True,42,histology,d4_color,vote,,7180,0.9477715877437326,0.9345103409267579,6805,375,22.0,17.0,0.9736328125,0.966796875,0.0068359375,0.9584957957267761,
phikon2,nct-crc-nonorm,frozen,True,42,histology,d4_color,confidence,,7180,0.9476323119777159,0.9339110976552215,6804,376,28.0,24.0,0.9736328125,0.966796875,0.0068359375,0.9584957957267761,
phikon2,nct-crc-nonorm,frozen,False,42,histology,none,mean,,7180,0.9380222841225627,0.9221940548123828,6735,445,,,1.044921875,1.044921875,0.0,1.0,
phikon2,nct-crc-nonorm,frozen,False,42,histology,flips,mean,,7180,0.9384401114206128,0.9221119425274372,6738,442,39.0,36.0,1.078125,1.0693359375,0.0087890625,0.964484691619873,
phikon2,nct-crc-nonorm,frozen,False,42,histology,flips,vote,,7180,0.9405292479108636,0.9235574968860522,6753,427,41.0,23.0,1.078125,1.0693359375,0.0087890625,0.964484691619873,
phikon2,nct-crc-nonorm,frozen,False,42,histology,flips,confidence,,7180,0.938857938718663,0.9226382283052885,6741,439,39.0,33.0,1.078125,1.0693359375,0.0087890625,0.964484691619873,
phikon2,nct-crc-nonorm,frozen,False,42,histology,d4,mean,,7180,0.9403899721448468,0.9235150482313945,6752,428,61.0,44.0,1.083984375,1.0732421875,0.0107421875,0.9395543336868286,
phikon2,nct-crc-nonorm,frozen,False,42,histology,d4,vote,,7180,0.9406685236768803,0.9226656045846572,6754,426,66.0,47.0,1.083984375,1.0732421875,0.0107421875,0.9395543336868286,
phikon2,nct-crc-nonorm,frozen,False,42,histology,d4,confidence,,7180,0.9401114206128134,0.9232243124087193,6750,430,58.0,43.0,1.083984375,1.0732421875,0.0107421875,0.9395543336868286,
phikon2,nct-crc-nonorm,frozen,False,42,histology,d4_color,mean,,7180,0.9398328690807799,0.923210196257291,6748,432,42.0,29.0,1.0732421875,1.0615234375,0.01171875,0.9345403909683228,
phikon2,nct-crc-nonorm,frozen,False,42,histology,d4_color,vote,,7180,0.9387186629526463,0.9215963089414506,6740,440,35.0,30.0,1.0732421875,1.0615234375,0.01171875,0.9345403909683228,
phikon2,nct-crc-nonorm,frozen,False,42,histology,d4_color,confidence,,7180,0.9402506963788301,0.9234593243091095,6751,429,42.0,26.0,1.0732421875,1.0615234375,0.01171875,0.9345403909683228,
phikon,nct-crc-nonorm,frozen,True,0,histology,none,mean,,7180,0.8772980501392758,0.8680994358032083,6299,881,,,1.005859375,1.005859375,0.0,1.0,
phikon,nct-crc-nonorm,frozen,True,0,histology,flips,mean,,7180,0.8889972144846797,0.8791219848488081,6383,797,112.0,28.0,0.98828125,0.98388671875,0.00439453125,0.9526462554931641,
phikon,nct-crc-nonorm,frozen,True,0,histology,flips,vote,,7180,0.8888579387186629,0.876227802429799,6382,798,109.0,26.0,0.98828125,0.98388671875,0.00439453125,0.9526462554931641,
phikon,nct-crc-nonorm,frozen,True,0,histology,flips,confidence,,7180,0.8889972144846797,0.879073845583384,6383,797,113.0,29.0,0.98828125,0.98388671875,0.00439453125,0.9526462554931641,
phikon,nct-crc-nonorm,frozen,True,0,histology,d4,mean,,7180,0.8894150417827298,0.8792998254383131,6386,794,122.0,35.0,0.98583984375,0.98046875,0.00537109375,0.9360724091529846,
phikon,nct-crc-nonorm,frozen,True,0,histology,d4,vote,,7180,0.8896935933147633,0.8782324418846665,6388,792,122.0,33.0,0.98583984375,0.98046875,0.00537109375,0.9360724091529846,
phikon,nct-crc-nonorm,frozen,True,0,histology,d4,confidence,,7180,0.88983286908078,0.8797017377593042,6389,791,124.0,34.0,0.98583984375,0.98046875,0.00537109375,0.9360724091529846,
phikon,nct-crc-nonorm,frozen,True,0,histology,d4_color,mean,,7180,0.8924791086350975,0.8814845393850681,6408,772,133.0,24.0,0.9912109375,0.984375,0.0068359375,0.9231197834014893,
phikon,nct-crc-nonorm,frozen,True,0,histology,d4_color,vote,,7180,0.8888579387186629,0.8784210180403644,6382,798,107.0,24.0,0.9912109375,0.984375,0.0068359375,0.9231197834014893,
phikon,nct-crc-nonorm,frozen,True,0,histology,d4_color,confidence,,7180,0.8924791086350975,0.8812555209244597,6408,772,134.0,25.0,0.9912109375,0.984375,0.0068359375,0.9231197834014893,
phikon,nct-crc-nonorm,frozen,True,1,histology,none,mean,,7180,0.8795264623955432,0.8639260920218574,6315,865,,,0.91259765625,0.91259765625,0.0,1.0,
phikon,nct-crc-nonorm,frozen,True,1,histology,flips,mean,,7180,0.8866295264623956,0.8724619334545829,6366,814,74.0,23.0,0.91357421875,0.90966796875,0.00390625,0.9616991877555847,
phikon,nct-crc-nonorm,frozen,True,1,histology,flips,vote,,7180,0.8864902506963789,0.8716008383659551,6365,815,65.0,15.0,0.91357421875,0.90966796875,0.00390625,0.9616991877555847,
phikon,nct-crc-nonorm,frozen,True,1,histology,flips,confidence,,7180,0.8871866295264624,0.8732037943099981,6370,810,80.0,25.0,0.91357421875,0.90966796875,0.00390625,0.9616991877555847,
phikon,nct-crc-nonorm,frozen,True,1,histology,d4,mean,,7180,0.8863509749303621,0.8725807100562064,6364,816,79.0,30.0,0.91943359375,0.91455078125,0.0048828125,0.9502785801887512,
phikon,nct-crc-nonorm,frozen,True,1,histology,d4,vote,,7180,0.8856545961002785,0.8715177516913102,6359,821,68.0,24.0,0.91943359375,0.91455078125,0.0048828125,0.9502785801887512,
phikon,nct-crc-nonorm,frozen,True,1,histology,d4,confidence,,7180,0.8866295264623956,0.8727544061942819,6366,814,81.0,30.0,0.91943359375,0.91455078125,0.0048828125,0.9502785801887512,
phikon,nct-crc-nonorm,frozen,True,1,histology,d4_color,mean,,7180,0.8863509749303621,0.8722207538586813,6364,816,66.0,17.0,0.91796875,0.91259765625,0.00537109375,0.9392757415771484,
phikon,nct-crc-nonorm,frozen,True,1,histology,d4_color,vote,,7180,0.8844011142061281,0.8702133873332515,6350,830,58.0,23.0,0.91796875,0.91259765625,0.00537109375,0.9392757415771484,
phikon,nct-crc-nonorm,frozen,True,1,histology,d4_color,confidence,,7180,0.8863509749303621,0.8721726145932571,6364,816,66.0,17.0,0.91796875,0.91259765625,0.00537109375,0.9392757415771484,
phikon,nct-crc-nonorm,frozen,True,2,histology,none,mean,,7180,0.8899721448467967,0.8736464891986029,6390,790,,,0.92431640625,0.92431640625,0.0,1.0,
phikon,nct-crc-nonorm,frozen,True,2,histology,flips,mean,,7180,0.8967966573816156,0.8820168627750379,6439,741,65.0,16.0,0.91650390625,0.912109375,0.00439453125,0.9674094915390015,
phikon,nct-crc-nonorm,frozen,True,2,histology,flips,vote,,7180,0.8949860724233983,0.8789981945662116,6426,754,52.0,16.0,0.91650390625,0.912109375,0.00439453125,0.9674094915390015,
phikon,nct-crc-nonorm,frozen,True,2,histology,flips,confidence,,7180,0.8966573816155989,0.8818416086565661,6438,742,64.0,16.0,0.91650390625,0.912109375,0.00439453125,0.9674094915390015,
phikon,nct-crc-nonorm,frozen,True,2,histology,d4,mean,,7180,0.8969359331476323,0.8818992978106811,6440,740,72.0,22.0,0.92236328125,0.9169921875,0.00537109375,0.9537604451179504,
phikon,nct-crc-nonorm,frozen,True,2,histology,d4,vote,,7180,0.8955431754874652,0.8797536139309017,6430,750,67.0,27.0,0.92236328125,0.9169921875,0.00537109375,0.9537604451179504,
phikon,nct-crc-nonorm,frozen,True,2,histology,d4,confidence,,7180,0.8965181058495821,0.8812813396070879,6437,743,71.0,24.0,0.92236328125,0.9169921875,0.00537109375,0.9537604451179504,
phikon,nct-crc-nonorm,frozen,True,2,histology,d4_color,mean,,7180,0.8962395543175488,0.8804540046603537,6435,745,62.0,17.0,0.92333984375,0.9169921875,0.00634765625,0.9473537802696228,
phikon,nct-crc-nonorm,frozen,True,2,histology,d4_color,vote,,7180,0.8956824512534819,0.8801322416539151,6431,749,56.0,15.0,0.92333984375,0.9169921875,0.00634765625,0.9473537802696228,
phikon,nct-crc-nonorm,frozen,True,2,histology,d4_color,confidence,,7180,0.8961002785515321,0.8801900827812299,6434,746,62.0,18.0,0.92333984375,0.9169921875,0.00634765625,0.9473537802696228,
phikon,nct-crc-nonorm,frozen,True,3,histology,none,mean,,7180,0.8356545961002786,0.8228821182548142,6000,1180,,,0.97412109375,0.97412109375,0.0,1.0,
phikon,nct-crc-nonorm,frozen,True,3,histology,flips,mean,,7180,0.846100278551532,0.8343556891505581,6075,1105,110.0,35.0,0.96533203125,0.9619140625,0.00341796875,0.9476323127746582,
phikon,nct-crc-nonorm,frozen,True,3,histology,flips,vote,,7180,0.8495821727019499,0.8354775972504674,6100,1080,117.0,17.0,0.96533203125,0.9619140625,0.00341796875,0.9476323127746582,
phikon,nct-crc-nonorm,frozen,True,3,histology,flips,confidence,,7180,0.8462395543175487,0.834568683438349,6076,1104,112.0,36.0,0.96533203125,0.9619140625,0.00341796875,0.9476323127746582,
phikon,nct-crc-nonorm,frozen,True,3,histology,d4,mean,,7180,0.8448467966573816,0.8323466416004457,6066,1114,115.0,49.0,0.96630859375,0.96240234375,0.00390625,0.9317548871040344,
phikon,nct-crc-nonorm,frozen,True,3,histology,d4,vote,,7180,0.846100278551532,0.8326986462012917,6075,1105,111.0,36.0,0.96630859375,0.96240234375,0.00390625,0.9317548871040344,
phikon,nct-crc-nonorm,frozen,True,3,histology,d4,confidence,,7180,0.8447075208913649,0.8321589539127582,6065,1115,115.0,50.0,0.96630859375,0.96240234375,0.00390625,0.9317548871040344,
phikon,nct-crc-nonorm,frozen,True,3,histology,d4_color,mean,,7180,0.8442896935933147,0.8311556405024585,6062,1118,95.0,33.0,0.9677734375,0.962890625,0.0048828125,0.9197771549224854,
phikon,nct-crc-nonorm,frozen,True,3,histology,d4_color,vote,,7180,0.8428969359331476,0.8295875221868052,6052,1128,81.0,29.0,0.9677734375,0.962890625,0.0048828125,0.9197771549224854,
phikon,nct-crc-nonorm,frozen,True,3,histology,d4_color,confidence,,7180,0.8452646239554318,0.8325281162531728,6069,1111,100.0,31.0,0.9677734375,0.962890625,0.0048828125,0.9197771549224854,
phikon,nct-crc-nonorm,frozen,True,42,histology,none,mean,,7180,0.8844011142061281,0.8731409484202297,6350,830,,,0.947265625,0.947265625,0.0,1.0,
phikon,nct-crc-nonorm,frozen,True,42,histology,flips,mean,,7180,0.8908077994428969,0.8812706911096722,6396,784,75.0,29.0,0.92822265625,0.92529296875,0.0029296875,0.9636490345001221,
phikon,nct-crc-nonorm,frozen,True,42,histology,flips,vote,,7180,0.8908077994428969,0.8796572495317183,6396,784,61.0,15.0,0.92822265625,0.92529296875,0.0029296875,0.9636490345001221,
phikon,nct-crc-nonorm,frozen,True,42,histology,flips,confidence,,7180,0.8912256267409471,0.8817042420305552,6399,781,77.0,28.0,0.92822265625,0.92529296875,0.0029296875,0.9636490345001221,
phikon,nct-crc-nonorm,frozen,True,42,histology,d4,mean,,7180,0.8894150417827298,0.8798690173242222,6386,794,77.0,41.0,0.93212890625,0.9287109375,0.00341796875,0.9494429230690002,
phikon,nct-crc-nonorm,frozen,True,42,histology,d4,vote,,7180,0.8908077994428969,0.8808303254655471,6396,784,76.0,30.0,0.93212890625,0.9287109375,0.00341796875,0.9494429230690002,
phikon,nct-crc-nonorm,frozen,True,42,histology,d4,confidence,,7180,0.8899721448467967,0.880348610521343,6390,790,77.0,37.0,0.93212890625,0.9287109375,0.00341796875,0.9494429230690002,
phikon,nct-crc-nonorm,frozen,True,42,histology,d4_color,mean,,7180,0.8895543175487465,0.8795307756280252,6387,793,64.0,27.0,0.9375,0.93310546875,0.00439453125,0.9395543336868286,
phikon,nct-crc-nonorm,frozen,True,42,histology,d4_color,vote,,7180,0.8895543175487465,0.8795437482060313,6387,793,63.0,26.0,0.9375,0.93310546875,0.00439453125,0.9395543336868286,
phikon,nct-crc-nonorm,frozen,True,42,histology,d4_color,confidence,,7180,0.8895543175487465,0.8794385641934928,6387,793,64.0,27.0,0.9375,0.93310546875,0.00439453125,0.9395543336868286,
uni2,nct-crc-nonorm,frozen,True,0,histology,none,mean,,7180,0.9615598885793872,0.9534079088345356,6904,276,,,0.79296875,0.79296875,0.0,1.0,
uni2,nct-crc-nonorm,frozen,True,0,histology,flips,mean,,7180,0.9632311977715877,0.9556565761850107,6916,264,27.0,15.0,0.79736328125,0.79443359375,0.0029296875,0.986350953578949,
uni2,nct-crc-nonorm,frozen,True,0,histology,flips,vote,,7180,0.9643454038997215,0.9564137128175183,6924,256,31.0,11.0,0.79736328125,0.79443359375,0.0029296875,0.986350953578949,
uni2,nct-crc-nonorm,frozen,True,0,histology,flips,confidence,,7180,0.9629526462395543,0.9554352797903012,6914,266,26.0,16.0,0.79736328125,0.79443359375,0.0029296875,0.986350953578949,
uni2,nct-crc-nonorm,frozen,True,0,histology,d4,mean,,7180,0.9611420612813371,0.9534352227570952,6901,279,21.0,24.0,0.7978515625,0.79296875,0.0048828125,0.9756267666816711,
uni2,nct-crc-nonorm,frozen,True,0,histology,d4,vote,,7180,0.9629526462395543,0.9551819176136971,6914,266,24.0,14.0,0.7978515625,0.79296875,0.0048828125,0.9756267666816711,
uni2,nct-crc-nonorm,frozen,True,0,histology,d4,confidence,,7180,0.9610027855153204,0.9533040408077313,6900,280,21.0,25.0,0.7978515625,0.79296875,0.0048828125,0.9756267666816711,
uni2,nct-crc-nonorm,frozen,True,0,histology,d4_color,mean,,7180,0.9616991643454039,0.9540589567525526,6905,275,18.0,17.0,0.79541015625,0.791015625,0.00439453125,0.9706128239631653,
uni2,nct-crc-nonorm,frozen,True,0,histology,d4_color,vote,,7180,0.962116991643454,0.95439599686232,6908,272,18.0,14.0,0.79541015625,0.791015625,0.00439453125,0.9706128239631653,
uni2,nct-crc-nonorm,frozen,True,0,histology,d4_color,confidence,,7180,0.9618384401114206,0.9542466444402403,6906,274,20.0,18.0,0.79541015625,0.791015625,0.00439453125,0.9706128239631653,
uni2,nct-crc-nonorm,frozen,True,1,histology,none,mean,,7180,0.9694986072423398,0.9587289539160343,6961,219,,,0.787109375,0.787109375,0.0,1.0,
uni2,nct-crc-nonorm,frozen,True,1,histology,flips,mean,,7180,0.9706128133704736,0.9606772669361917,6969,211,11.0,3.0,0.79931640625,0.79638671875,0.0029296875,0.9908077716827393,
uni2,nct-crc-nonorm,frozen,True,1,histology,flips,vote,,7180,0.9697771587743732,0.9594413505290055,6963,217,8.0,6.0,0.79931640625,0.79638671875,0.0029296875,0.9908077716827393,
uni2,nct-crc-nonorm,frozen,True,1,histology,flips,confidence,,7180,0.9706128133704736,0.9609219856419605,6969,211,12.0,4.0,0.79931640625,0.79638671875,0.0029296875,0.9908077716827393,
uni2,nct-crc-nonorm,frozen,True,1,histology,d4,mean,,7180,0.9693593314763231,0.9589018301622931,6960,220,11.0,12.0,0.8017578125,0.7978515625,0.00390625,0.9850974678993225,
uni2,nct-crc-nonorm,frozen,True,1,histology,d4,vote,,7180,0.9690807799442896,0.9580573626140116,6958,222,8.0,11.0,0.8017578125,0.7978515625,0.00390625,0.9850974678993225,
uni2,nct-crc-nonorm,frozen,True,1,histology,d4,confidence,,7180,0.9693593314763231,0.9589018301622931,6960,220,11.0,12.0,0.8017578125,0.7978515625,0.00390625,0.9850974678993225,
uni2,nct-crc-nonorm,frozen,True,1,histology,d4_color,mean,,7180,0.9697771587743732,0.9593232089255418,6963,217,8.0,6.0,0.79736328125,0.7939453125,0.00341796875,0.9839832782745361,
uni2,nct-crc-nonorm,frozen,True,1,histology,d4_color,vote,,7180,0.9697771587743732,0.9590166615620035,6963,217,8.0,6.0,0.79736328125,0.7939453125,0.00341796875,0.9839832782745361,
uni2,nct-crc-nonorm,frozen,True,1,histology,d4_color,confidence,,7180,0.9696378830083565,0.9592330944801962,6962,218,8.0,7.0,0.79736328125,0.7939453125,0.00341796875,0.9839832782745361,
uni2,nct-crc-nonorm,frozen,True,2,histology,none,mean,,7180,0.9600278551532033,0.9503199850203978,6893,287,,,0.84228515625,0.84228515625,0.0,1.0,
uni2,nct-crc-nonorm,frozen,True,2,histology,flips,mean,,7180,0.9593314763231198,0.9503067165669139,6888,292,21.0,26.0,0.8515625,0.84716796875,0.00439453125,0.9798049926757812,
uni2,nct-crc-nonorm,frozen,True,2,histology,flips,vote,,7180,0.9610027855153204,0.9516711426516845,6900,280,24.0,17.0,0.8515625,0.84716796875,0.00439453125,0.9798049926757812,
uni2,nct-crc-nonorm,frozen,True,2,histology,flips,confidence,,7180,0.9594707520891365,0.9504140702974561,6889,291,21.0,25.0,0.8515625,0.84716796875,0.00439453125,0.9798049926757812,
uni2,nct-crc-nonorm,frozen,True,2,histology,d4,mean,,7180,0.9568245125348189,0.9471779439003899,6870,310,20.0,43.0,0.845703125,0.83984375,0.005859375,0.9668523669242859,
uni2,nct-crc-nonorm,frozen,True,2,histology,d4,vote,,7180,0.9584958217270195,0.9486703603799492,6882,298,18.0,29.0,0.845703125,0.83984375,0.005859375,0.9668523669242859,
uni2,nct-crc-nonorm,frozen,True,2,histology,d4,confidence,,7180,0.9566852367688022,0.9470467619510262,6869,311,20.0,44.0,0.845703125,0.83984375,0.005859375,0.9668523669242859,
uni2,nct-crc-nonorm,frozen,True,2,histology,d4_color,mean,,7180,0.9576601671309192,0.9480061031005906,6876,304,18.0,35.0,0.8447265625,0.8388671875,0.005859375,0.9621170163154602,
uni2,nct-crc-nonorm,frozen,True,2,histology,d4_color,vote,,7180,0.9576601671309192,0.9479298689091546,6876,304,15.0,32.0,0.8447265625,0.8388671875,0.005859375,0.9621170163154602,
uni2,nct-crc-nonorm,frozen,True,2,histology,d4_color,confidence,,7180,0.9575208913649025,0.947874921151227,6875,305,18.0,36.0,0.8447265625,0.8388671875,0.005859375,0.9621170163154602,
uni2,nct-crc-nonorm,frozen,True,3,histology,none,mean,,7180,0.9688022284122563,0.9605011486760949,6956,224,,,0.8232421875,0.8232421875,0.0,1.0,
uni2,nct-crc-nonorm,frozen,True,3,histology,flips,mean,,7180,0.96991643454039,0.9622624758546228,6964,216,16.0,8.0,0.8388671875,0.83544921875,0.00341796875,0.9876044392585754,
uni2,nct-crc-nonorm,frozen,True,3,histology,flips,vote,,7180,0.9704735376044569,0.9627344863058435,6968,212,19.0,7.0,0.8388671875,0.83544921875,0.00341796875,0.9876044392585754,
uni2,nct-crc-nonorm,frozen,True,3,histology,flips,confidence,,7180,0.96991643454039,0.9622624758546228,6964,216,16.0,8.0,0.8388671875,0.83544921875,0.00341796875,0.9876044392585754,
uni2,nct-crc-nonorm,frozen,True,3,histology,d4,mean,,7180,0.9686629526462396,0.9607596146029334,6955,225,20.0,21.0,0.83447265625,0.8291015625,0.00537109375,0.977994441986084,
uni2,nct-crc-nonorm,frozen,True,3,histology,d4,vote,,7180,0.9693593314763231,0.9609980200467765,6960,220,20.0,16.0,0.83447265625,0.8291015625,0.00537109375,0.977994441986084,
uni2,nct-crc-nonorm,frozen,True,3,histology,d4,confidence,,7180,0.9688022284122563,0.960890796552297,6956,224,21.0,21.0,0.83447265625,0.8291015625,0.00537109375,0.977994441986084,
uni2,nct-crc-nonorm,frozen,True,3,histology,d4_color,mean,,7180,0.9686629526462396,0.9607033858625452,6955,225,12.0,13.0,0.83154296875,0.826171875,0.00537109375,0.9760445952415466,
uni2,nct-crc-nonorm,frozen,True,3,histology,d4_color,vote,,7180,0.9690807799442896,0.9609681964772121,6958,222,10.0,8.0,0.83154296875,0.826171875,0.00537109375,0.9760445952415466,
uni2,nct-crc-nonorm,frozen,True,3,histology,d4_color,confidence,,7180,0.968941504178273,0.9609419215424511,6957,223,13.0,12.0,0.83154296875,0.826171875,0.00537109375,0.9760445952415466,
uni2,nct-crc-nonorm,frozen,True,42,histology,none,mean,,7180,0.9710306406685236,0.9593103823550548,6972,208,,,0.82470703125,0.82470703125,0.0,1.0,
uni2,nct-crc-nonorm,frozen,True,42,histology,flips,mean,,7180,0.9724233983286908,0.9624198730147913,6982,198,18.0,8.0,0.8359375,0.83349609375,0.00244140625,0.9920612573623657,
uni2,nct-crc-nonorm,frozen,True,42,histology,flips,vote,,7180,0.9721448467966574,0.9617116890701498,6980,200,13.0,5.0,0.8359375,0.83349609375,0.00244140625,0.9920612573623657,
uni2,nct-crc-nonorm,frozen,True,42,histology,flips,confidence,,7180,0.9724233983286908,0.9624198730147913,6982,198,18.0,8.0,0.8359375,0.83349609375,0.00244140625,0.9920612573623657,
uni2,nct-crc-nonorm,frozen,True,42,histology,d4,mean,,7180,0.9704735376044569,0.959459623018535,6968,212,10.0,14.0,0.84130859375,0.837890625,0.00341796875,0.9831476211547852,
uni2,nct-crc-nonorm,frozen,True,42,histology,d4,vote,,7180,0.9710306406685236,0.9598926783902483,6972,208,9.0,9.0,0.84130859375,0.837890625,0.00341796875,0.9831476211547852,
uni2,nct-crc-nonorm,frozen,True,42,histology,d4,confidence,,7180,0.9704735376044569,0.959459623018535,6968,212,10.0,14.0,0.84130859375,0.837890625,0.00341796875,0.9831476211547852,
uni2,nct-crc-nonorm,frozen,True,42,histology,d4_color,mean,,7180,0.9707520891364902,0.9595892469875026,6970,210,8.0,10.0,0.8369140625,0.8330078125,0.00390625,0.9811977744102478,
uni2,nct-crc-nonorm,frozen,True,42,histology,d4_color,vote,,7180,0.9703342618384401,0.9592213304091237,6967,213,6.0,11.0,0.8369140625,0.8330078125,0.00390625,0.9811977744102478,
uni2,nct-crc-nonorm,frozen,True,42,histology,d4_color,confidence,,7180,0.9707520891364902,0.9595892469875026,6970,210,8.0,10.0,0.8369140625,0.8330078125,0.00390625,0.9811977744102478,
uni,nct-crc-nonorm,frozen,True,0,histology,none,mean,,7180,0.9282729805013927,0.9205481821808011,6665,515,,,0.88818359375,0.88818359375,0.0,1.0,
uni,nct-crc-nonorm,frozen,True,0,histology,flips,mean,,7180,0.928133704735376,0.9205819021835254,6664,516,14.0,15.0,0.88818359375,0.88671875,0.00146484375,0.986350953578949,
uni,nct-crc-nonorm,frozen,True,0,histology,flips,vote,,7180,0.9298050139275766,0.9222055195528084,6676,504,22.0,11.0,0.88818359375,0.88671875,0.00146484375,0.986350953578949,
uni,nct-crc-nonorm,frozen,True,0,histology,flips,confidence,,7180,0.9279944289693594,0.9204507202341615,6663,517,13.0,15.0,0.88818359375,0.88671875,0.00146484375,0.986350953578949,
uni,nct-crc-nonorm,frozen,True,0,histology,d4,mean,,7180,0.9309192200557103,0.9235077983155325,6684,496,32.0,13.0,0.88818359375,0.88623046875,0.001953125,0.975487470626831,
uni,nct-crc-nonorm,frozen,True,0,histology,d4,vote,,7180,0.9318941504178273,0.9245011352077093,6691,489,38.0,12.0,0.88818359375,0.88623046875,0.001953125,0.975487470626831,
uni,nct-crc-nonorm,frozen,True,0,histology,d4,confidence,,7180,0.9307799442896936,0.9233766163661689,6683,497,32.0,14.0,0.88818359375,0.88623046875,0.001953125,0.975487470626831,
uni,nct-crc-nonorm,frozen,True,0,histology,d4_color,mean,,7180,0.9305013927576602,0.9229250067993573,6681,499,27.0,11.0,0.8896484375,0.88720703125,0.00244140625,0.9714484810829163,
uni,nct-crc-nonorm,frozen,True,0,histology,d4_color,vote,,7180,0.93008356545961,0.922531460951266,6678,502,22.0,9.0,0.8896484375,0.88720703125,0.00244140625,0.9714484810829163,
uni,nct-crc-nonorm,frozen,True,0,histology,d4_color,confidence,,7180,0.9306406685236769,0.9230561887487211,6682,498,27.0,10.0,0.8896484375,0.88720703125,0.00244140625,0.9714484810829163,
uni,nct-crc-nonorm,frozen,True,1,histology,none,mean,,7180,0.9225626740947075,0.9149452079797977,6624,556,,,0.88134765625,0.88134765625,0.0,1.0,
uni,nct-crc-nonorm,frozen,True,1,histology,flips,mean,,7180,0.9239554317548746,0.9169953441238854,6634,546,26.0,16.0,0.8798828125,0.87646484375,0.00341796875,0.9852367639541626,
uni,nct-crc-nonorm,frozen,True,1,histology,flips,vote,,7180,0.9245125348189415,0.9172796823227424,6638,542,25.0,11.0,0.8798828125,0.87646484375,0.00341796875,0.9852367639541626,
uni,nct-crc-nonorm,frozen,True,1,histology,flips,confidence,,7180,0.9239554317548746,0.9169953441238854,6634,546,26.0,16.0,0.8798828125,0.87646484375,0.00341796875,0.9852367639541626,
uni,nct-crc-nonorm,frozen,True,1,histology,d4,mean,,7180,0.9224233983286908,0.9156488443342226,6623,557,24.0,25.0,0.87744140625,0.87353515625,0.00390625,0.9752089381217957,
uni,nct-crc-nonorm,frozen,True,1,histology,d4,vote,,7180,0.9238161559888579,0.9171552713037541,6633,547,29.0,20.0,0.87744140625,0.87353515625,0.00390625,0.9752089381217957,
uni,nct-crc-nonorm,frozen,True,1,histology,d4,confidence,,7180,0.9225626740947075,0.9156753812798382,6624,556,25.0,25.0,0.87744140625,0.87353515625,0.00390625,0.9752089381217957,
uni,nct-crc-nonorm,frozen,True,1,histology,d4_color,mean,,7180,0.9229805013927577,0.9159797203584872,6627,553,20.0,17.0,0.88232421875,0.8779296875,0.00439453125,0.9696378707885742,
uni,nct-crc-nonorm,frozen,True,1,histology,d4_color,vote,,7180,0.9225626740947075,0.9153772003891998,6624,556,17.0,17.0,0.88232421875,0.8779296875,0.00439453125,0.9696378707885742,
uni,nct-crc-nonorm,frozen,True,1,histology,d4_color,confidence,,7180,0.922841225626741,0.9159050441474472,6626,554,21.0,19.0,0.88232421875,0.8779296875,0.00439453125,0.9696378707885742,
uni,nct-crc-nonorm,frozen,True,2,histology,none,mean,,7180,0.9282729805013927,0.9193816177389729,6665,515,,,0.8955078125,0.8955078125,0.0,1.0,
uni,nct-crc-nonorm,frozen,True,2,histology,flips,mean,,7180,0.9284122562674094,0.9201526946299313,6666,514,15.0,14.0,0.89404296875,0.892578125,0.00146484375,0.9883008599281311,
uni,nct-crc-nonorm,frozen,True,2,histology,flips,vote,,7180,0.93008356545961,0.9215686325895118,6678,502,21.0,8.0,0.89404296875,0.892578125,0.00146484375,0.9883008599281311,
uni,nct-crc-nonorm,frozen,True,2,histology,flips,confidence,,7180,0.9284122562674094,0.9201526946299313,6666,514,15.0,14.0,0.89404296875,0.892578125,0.00146484375,0.9883008599281311,
uni,nct-crc-nonorm,frozen,True,2,histology,d4,mean,,7180,0.9298050139275766,0.921461518616256,6676,504,25.0,14.0,0.89501953125,0.89306640625,0.001953125,0.9811977744102478,
uni,nct-crc-nonorm,frozen,True,2,histology,d4,vote,,7180,0.9309192200557103,0.9225449699537784,6684,496,31.0,12.0,0.89501953125,0.89306640625,0.001953125,0.9811977744102478,
uni,nct-crc-nonorm,frozen,True,2,histology,d4,confidence,,7180,0.9296657381615598,0.9213303366668923,6675,505,25.0,15.0,0.89501953125,0.89306640625,0.001953125,0.9811977744102478,
uni,nct-crc-nonorm,frozen,True,2,histology,d4_color,mean,,7180,0.9306406685236769,0.9222486103124388,6682,498,25.0,8.0,0.89794921875,0.8955078125,0.00244140625,0.9766016602516174,
uni,nct-crc-nonorm,frozen,True,2,histology,d4_color,vote,,7180,0.9303621169916435,0.9220059748668233,6680,500,22.0,7.0,0.89794921875,0.8955078125,0.00244140625,0.9766016602516174,
uni,nct-crc-nonorm,frozen,True,2,histology,d4_color,confidence,,7180,0.9305013927576602,0.9221174283630751,6681,499,25.0,9.0,0.89794921875,0.8955078125,0.00244140625,0.9766016602516174,
uni,nct-crc-nonorm,frozen,True,3,histology,none,mean,,7180,0.8668523676880223,0.8578297520516931,6224,956,,,0.86474609375,0.86474609375,0.0,1.0,
uni,nct-crc-nonorm,frozen,True,3,histology,flips,mean,,7180,0.866016713091922,0.857263835765655,6218,962,21.0,27.0,0.86962890625,0.86669921875,0.0029296875,0.9782729744911194,
uni,nct-crc-nonorm,frozen,True,3,histology,flips,vote,,7180,0.8685236768802228,0.859690522074217,6236,944,33.0,21.0,0.86962890625,0.86669921875,0.0029296875,0.9782729744911194,
uni,nct-crc-nonorm,frozen,True,3,histology,flips,confidence,,7180,0.8661559888579388,0.8573950177150189,6219,961,22.0,27.0,0.86962890625,0.86669921875,0.0029296875,0.9782729744911194,
uni,nct-crc-nonorm,frozen,True,3,histology,d4,mean,,7180,0.8653203342618384,0.8571040349367587,6213,967,29.0,40.0,0.8740234375,0.87060546875,0.00341796875,0.9647632241249084,
uni,nct-crc-nonorm,frozen,True,3,histology,d4,vote,,7180,0.8665738161559888,0.85819546571159,6222,958,27.0,29.0,0.8740234375,0.87060546875,0.00341796875,0.9647632241249084,
uni,nct-crc-nonorm,frozen,True,3,histology,d4,confidence,,7180,0.8653203342618384,0.8572367748665187,6213,967,30.0,41.0,0.8740234375,0.87060546875,0.00341796875,0.9647632241249084,
uni,nct-crc-nonorm,frozen,True,3,histology,d4_color,mean,,7180,0.8661559888579388,0.8581449286259486,6219,961,22.0,27.0,0.875,0.87060546875,0.00439453125,0.9598885774612427,
uni,nct-crc-nonorm,frozen,True,3,histology,d4_color,vote,,7180,0.8657381615598886,0.8576573532093954,6216,964,16.0,24.0,0.875,0.87060546875,0.00439453125,0.9598885774612427,
uni,nct-crc-nonorm,frozen,True,3,histology,d4_color,confidence,,7180,0.8664345403899721,0.8584989649504179,6221,959,25.0,28.0,0.875,0.87060546875,0.00439453125,0.9598885774612427,
uni,nct-crc-nonorm,frozen,True,42,histology,none,mean,,7180,0.8961002785515321,0.8918341375792179,6434,746,,,0.82275390625,0.82275390625,0.0,1.0,
uni,nct-crc-nonorm,frozen,True,42,histology,flips,mean,,7180,0.8965181058495821,0.8923307178332635,6437,743,24.0,21.0,0.8193359375,0.81591796875,0.00341796875,0.9752089381217957,
uni,nct-crc-nonorm,frozen,True,42,histology,flips,vote,,7180,0.8981894150417827,0.8939229288829219,6449,731,27.0,12.0,0.8193359375,0.81591796875,0.00341796875,0.9752089381217957,
uni,nct-crc-nonorm,frozen,True,42,histology,flips,confidence,,7180,0.8965181058495821,0.8923307178332635,6437,743,24.0,21.0,0.8193359375,0.81591796875,0.00341796875,0.9752089381217957,
uni,nct-crc-nonorm,frozen,True,42,histology,d4,mean,,7180,0.897075208913649,0.8926390930195933,6441,739,37.0,30.0,0.8203125,0.81591796875,0.00439453125,0.9591922163963318,
uni,nct-crc-nonorm,frozen,True,42,histology,d4,vote,,7180,0.8981894150417827,0.8936047036528709,6449,731,38.0,23.0,0.8203125,0.81591796875,0.00439453125,0.9591922163963318,
uni,nct-crc-nonorm,frozen,True,42,histology,d4,confidence,,7180,0.8972144846796657,0.892959520637041,6442,738,37.0,29.0,0.8203125,0.81591796875,0.00439453125,0.9591922163963318,
uni,nct-crc-nonorm,frozen,True,42,histology,d4_color,mean,,7180,0.8977715877437326,0.8933996477701603,6446,734,32.0,20.0,0.82421875,0.81884765625,0.00537109375,0.9504178166389465,
uni,nct-crc-nonorm,frozen,True,42,histology,d4_color,vote,,7180,0.8969359331476323,0.892503611693646,6440,740,26.0,20.0,0.82421875,0.81884765625,0.00537109375,0.9504178166389465,
uni,nct-crc-nonorm,frozen,True,42,histology,d4_color,confidence,,7180,0.8979108635097494,0.893530829719524,6447,733,32.0,19.0,0.82421875,0.81884765625,0.00537109375,0.9504178166389465,
virchow2,nct-crc-nonorm,frozen,True,0,histology,none,mean,,7180,0.9733983286908078,0.9635970632437016,6989,191,,,0.814453125,0.814453125,0.0,1.0,
virchow2,nct-crc-nonorm,frozen,True,0,histology,flips,mean,,7180,0.9728412256267409,0.9635043731725901,6985,195,5.0,9.0,0.81689453125,0.81591796875,0.0009765625,0.9951253533363342,
virchow2,nct-crc-nonorm,frozen,True,0,histology,flips,vote,,7180,0.972284122562674,0.9619541873359666,6981,199,4.0,12.0,0.81689453125,0.81591796875,0.0009765625,0.9951253533363342,
virchow2,nct-crc-nonorm,frozen,True,0,histology,flips,confidence,,7180,0.9728412256267409,0.9635043731725901,6985,195,5.0,9.0,0.81689453125,0.81591796875,0.0009765625,0.9951253533363342,
virchow2,nct-crc-nonorm,frozen,True,0,histology,d4,mean,,7180,0.9711699164345404,0.9613424623120065,6973,207,3.0,19.0,0.82373046875,0.82275390625,0.0009765625,0.9857938885688782,
virchow2,nct-crc-nonorm,frozen,True,0,histology,d4,vote,,7180,0.971866295264624,0.961552013004121,6978,202,3.0,14.0,0.82373046875,0.82275390625,0.0009765625,0.9857938885688782,
virchow2,nct-crc-nonorm,frozen,True,0,histology,d4,confidence,,7180,0.9711699164345404,0.9613424623120065,6973,207,3.0,19.0,0.82373046875,0.82275390625,0.0009765625,0.9857938885688782,
virchow2,nct-crc-nonorm,frozen,True,0,histology,d4_color,mean,,7180,0.9728412256267409,0.9629895685021947,6985,195,5.0,9.0,0.822265625,0.82080078125,0.00146484375,0.9850974678993225,
virchow2,nct-crc-nonorm,frozen,True,0,histology,d4_color,vote,,7180,0.9729805013927577,0.9631207504515586,6986,194,3.0,6.0,0.822265625,0.82080078125,0.00146484375,0.9850974678993225,
virchow2,nct-crc-nonorm,frozen,True,0,histology,d4_color,confidence,,7180,0.9728412256267409,0.9629895685021947,6985,195,5.0,9.0,0.822265625,0.82080078125,0.00146484375,0.9850974678993225,
virchow2,nct-crc-nonorm,frozen,True,1,histology,none,mean,,7180,0.9129526462395543,0.9079141922085598,6555,625,,,0.7626953125,0.7626953125,0.0,1.0,
virchow2,nct-crc-nonorm,frozen,True,1,histology,flips,mean,,7180,0.9122562674094707,0.9068717405389736,6550,630,24.0,29.0,0.77099609375,0.77001953125,0.0009765625,0.9781336784362793,
virchow2,nct-crc-nonorm,frozen,True,1,histology,flips,vote,,7180,0.913091922005571,0.9073792088528241,6556,624,24.0,23.0,0.77099609375,0.77001953125,0.0009765625,0.9781336784362793,
virchow2,nct-crc-nonorm,frozen,True,1,histology,flips,confidence,,7180,0.9119777158774374,0.9066575159056703,6548,632,24.0,31.0,0.77099609375,0.77001953125,0.0009765625,0.9781336784362793,
virchow2,nct-crc-nonorm,frozen,True,1,histology,d4,mean,,7180,0.9029247910863509,0.8977932418532595,6483,697,14.0,86.0,0.7734375,0.77099609375,0.00244140625,0.9511141777038574,
virchow2,nct-crc-nonorm,frozen,True,1,histology,d4,vote,,7180,0.9089136490250697,0.9032096533203996,6526,654,21.0,50.0,0.7734375,0.77099609375,0.00244140625,0.9511141777038574,
virchow2,nct-crc-nonorm,frozen,True,1,histology,d4,confidence,,7180,0.9023676880222842,0.8972685140558043,6479,701,14.0,90.0,0.7734375,0.77099609375,0.00244140625,0.9511141777038574,
virchow2,nct-crc-nonorm,frozen,True,1,histology,d4_color,mean,,7180,0.9082172701949861,0.9028510787269057,6521,659,21.0,55.0,0.77099609375,0.76806640625,0.0029296875,0.9391365051269531,
virchow2,nct-crc-nonorm,frozen,True,1,histology,d4_color,vote,,7180,0.9100278551532034,0.9051593712719206,6534,646,17.0,38.0,0.77099609375,0.76806640625,0.0029296875,0.9391365051269531,
virchow2,nct-crc-nonorm,frozen,True,1,histology,d4_color,confidence,,7180,0.9075208913649025,0.902327908909847,6516,664,21.0,60.0,0.77099609375,0.76806640625,0.0029296875,0.9391365051269531,
virchow2,nct-crc-nonorm,frozen,True,2,histology,none,mean,,7180,0.9724233983286908,0.9638016665857335,6982,198,,,0.7607421875,0.7607421875,0.0,1.0,
virchow2,nct-crc-nonorm,frozen,True,2,histology,flips,mean,,7180,0.9725626740947075,0.9641832060466117,6983,197,6.0,5.0,0.7607421875,0.759765625,0.0009765625,0.9963788390159607,
virchow2,nct-crc-nonorm,frozen,True,2,histology,flips,vote,,7180,0.9727019498607242,0.9639485625092907,6984,196,5.0,3.0,0.7607421875,0.759765625,0.0009765625,0.9963788390159607,
virchow2,nct-crc-nonorm,frozen,True,2,histology,flips,confidence,,7180,0.9725626740947075,0.9641832060466117,6983,197,6.0,5.0,0.7607421875,0.759765625,0.0009765625,0.9963788390159607,
virchow2,nct-crc-nonorm,frozen,True,2,histology,d4,mean,,7180,0.9721448467966574,0.9635641527423989,6980,200,5.0,7.0,0.76904296875,0.767578125,0.00146484375,0.9923398494720459,
virchow2,nct-crc-nonorm,frozen,True,2,histology,d4,vote,,7180,0.9725626740947075,0.9637851858682058,6983,197,6.0,5.0,0.76904296875,0.767578125,0.00146484375,0.9923398494720459,
virchow2,nct-crc-nonorm,frozen,True,2,histology,d4,confidence,,7180,0.9721448467966574,0.9636403869338351,6980,200,5.0,7.0,0.76904296875,0.767578125,0.00146484375,0.9923398494720459,
virchow2,nct-crc-nonorm,frozen,True,2,histology,d4_color,mean,,7180,0.9727019498607242,0.9640331305042333,6984,196,4.0,2.0,0.76806640625,0.76611328125,0.001953125,0.9910863637924194,
virchow2,nct-crc-nonorm,frozen,True,2,histology,d4_color,vote,,7180,0.9724233983286908,0.9637059270636755,6982,198,4.0,4.0,0.76806640625,0.76611328125,0.001953125,0.9910863637924194,
virchow2,nct-crc-nonorm,frozen,True,2,histology,d4_color,confidence,,7180,0.9727019498607242,0.9640331305042333,6984,196,4.0,2.0,0.76806640625,0.76611328125,0.001953125,0.9910863637924194,
virchow2,nct-crc-nonorm,frozen,True,3,histology,none,mean,,7180,0.9731197771587744,0.965610695710578,6987,193,,,0.82958984375,0.82958984375,0.0,1.0,
virchow2,nct-crc-nonorm,frozen,True,3,histology,flips,mean,,7180,0.9720055710306407,0.9640493070224824,6979,201,5.0,13.0,0.83203125,0.83154296875,0.00048828125,0.9952646493911743,
virchow2,nct-crc-nonorm,frozen,True,3,histology,flips,vote,,7180,0.972284122562674,0.963944135480929,6981,199,5.0,11.0,0.83203125,0.83154296875,0.00048828125,0.9952646493911743,
virchow2,nct-crc-nonorm,frozen,True,3,histology,flips,confidence,,7180,0.9720055710306407,0.9640493070224824,6979,201,5.0,13.0,0.83203125,0.83154296875,0.00048828125,0.9952646493911743,
virchow2,nct-crc-nonorm,frozen,True,3,histology,d4,mean,,7180,0.972284122562674,0.9642916265817976,6981,199,4.0,10.0,0.83837890625,0.83740234375,0.0009765625,0.9916434288024902,
virchow2,nct-crc-nonorm,frozen,True,3,histology,d4,vote,,7180,0.9725626740947075,0.9645552851920187,6983,197,3.0,7.0,0.83837890625,0.83740234375,0.0009765625,0.9916434288024902,
virchow2,nct-crc-nonorm,frozen,True,3,histology,d4,confidence,,7180,0.972284122562674,0.9642916265817976,6981,199,4.0,10.0,0.83837890625,0.83740234375,0.0009765625,0.9916434288024902,
virchow2,nct-crc-nonorm,frozen,True,3,histology,d4_color,mean,,7180,0.9724233983286908,0.9645484766995153,6982,198,3.0,8.0,0.83642578125,0.8349609375,0.00146484375,0.9905292391777039,
virchow2,nct-crc-nonorm,frozen,True,3,histology,d4_color,vote,,7180,0.9729805013927577,0.96534705082939,6986,194,4.0,5.0,0.83642578125,0.8349609375,0.00146484375,0.9905292391777039,
virchow2,nct-crc-nonorm,frozen,True,3,histology,d4_color,confidence,,7180,0.9724233983286908,0.964367597504331,6982,198,3.0,8.0,0.83642578125,0.8349609375,0.00146484375,0.9905292391777039,
virchow2,nct-crc-nonorm,frozen,True,42,histology,none,mean,,7180,0.9735376044568245,0.9652219461759388,6990,190,,,0.78369140625,0.78369140625,0.0,1.0,
virchow2,nct-crc-nonorm,frozen,True,42,histology,flips,mean,,7180,0.9731197771587744,0.9652216365955985,6987,193,3.0,6.0,0.78759765625,0.78662109375,0.0009765625,0.9955431818962097,
virchow2,nct-crc-nonorm,frozen,True,42,histology,flips,vote,,7180,0.9733983286908078,0.9650502746197116,6989,191,3.0,4.0,0.78759765625,0.78662109375,0.0009765625,0.9955431818962097,
virchow2,nct-crc-nonorm,frozen,True,42,histology,flips,confidence,,7180,0.9731197771587744,0.9652216365955985,6987,193,3.0,6.0,0.78759765625,0.78662109375,0.0009765625,0.9955431818962097,
virchow2,nct-crc-nonorm,frozen,True,42,histology,d4,mean,,7180,0.9731197771587744,0.9647511334357723,6987,193,3.0,6.0,0.794921875,0.7939453125,0.0009765625,0.9930362105369568,
virchow2,nct-crc-nonorm,frozen,True,42,histology,d4,vote,,7180,0.9729805013927577,0.9643347431737763,6986,194,3.0,7.0,0.794921875,0.7939453125,0.0009765625,0.9930362105369568,
virchow2,nct-crc-nonorm,frozen,True,42,histology,d4,confidence,,7180,0.9731197771587744,0.9647511334357723,6987,193,3.0,6.0,0.794921875,0.7939453125,0.0009765625,0.9930362105369568,
virchow2,nct-crc-nonorm,frozen,True,42,histology,d4_color,mean,,7180,0.9735376044568245,0.9654666648817075,6990,190,2.0,2.0,0.79248046875,0.791015625,0.00146484375,0.9922005534172058,
virchow2,nct-crc-nonorm,frozen,True,42,histology,d4_color,vote,,7180,0.9735376044568245,0.9653744534471753,6990,190,3.0,3.0,0.79248046875,0.791015625,0.00146484375,0.9922005534172058,
virchow2,nct-crc-nonorm,frozen,True,42,histology,d4_color,confidence,,7180,0.9735376044568245,0.9654666648817075,6990,190,2.0,2.0,0.79248046875,0.791015625,0.00146484375,0.9922005534172058,
virchow,nct-crc-nonorm,frozen,True,0,histology,none,mean,,7180,0.9447075208913649,0.9247063446213681,6783,397,,,0.58203125,0.58203125,0.0,1.0,
virchow,nct-crc-nonorm,frozen,True,0,histology,flips,mean,,7180,0.9487465181058495,0.9320903508634044,6812,368,40.0,11.0,0.57861328125,0.5771484375,0.00146484375,0.9817548990249634,
virchow,nct-crc-nonorm,frozen,True,0,histology,flips,vote,,7180,0.9477715877437326,0.9289089029434192,6805,375,35.0,13.0,0.57861328125,0.5771484375,0.00146484375,0.9817548990249634,
virchow,nct-crc-nonorm,frozen,True,0,histology,flips,confidence,,7180,0.9487465181058495,0.9320903508634044,6812,368,40.0,11.0,0.57861328125,0.5771484375,0.00146484375,0.9817548990249634,
virchow,nct-crc-nonorm,frozen,True,0,histology,d4,mean,,7180,0.9477715877437326,0.9342778135804175,6805,375,56.0,34.0,0.5732421875,0.56982421875,0.00341796875,0.9622562527656555,
virchow,nct-crc-nonorm,frozen,True,0,histology,d4,vote,,7180,0.949025069637883,0.9340073951845699,6814,366,54.0,23.0,0.5732421875,0.56982421875,0.00341796875,0.9622562527656555,
virchow,nct-crc-nonorm,frozen,True,0,histology,d4,confidence,,7180,0.9477715877437326,0.9341293734054972,6805,375,55.0,33.0,0.5732421875,0.56982421875,0.00341796875,0.9622562527656555,
virchow,nct-crc-nonorm,frozen,True,0,histology,d4_color,mean,,7180,0.95,0.9359678656443884,6821,359,50.0,12.0,0.5751953125,0.57080078125,0.00439453125,0.9493036270141602,
virchow,nct-crc-nonorm,frozen,True,0,histology,d4_color,vote,,7180,0.9488857938718663,0.9342390101555179,6813,367,44.0,14.0,0.5751953125,0.57080078125,0.00439453125,0.9493036270141602,
virchow,nct-crc-nonorm,frozen,True,0,histology,d4_color,confidence,,7180,0.95,0.9359678656443884,6821,359,50.0,12.0,0.5751953125,0.57080078125,0.00439453125,0.9493036270141602,
virchow,nct-crc-nonorm,frozen,True,1,histology,none,mean,,7180,0.954874651810585,0.9475584092353917,6856,324,,,0.6953125,0.6953125,0.0,1.0,
virchow,nct-crc-nonorm,frozen,True,1,histology,flips,mean,,7180,0.9547353760445683,0.9463359812834402,6855,325,18.0,19.0,0.68701171875,0.68505859375,0.001953125,0.9842618107795715,
virchow,nct-crc-nonorm,frozen,True,1,histology,flips,vote,,7180,0.955849582172702,0.9467538695212911,6863,317,25.0,18.0,0.68701171875,0.68505859375,0.001953125,0.9842618107795715,
virchow,nct-crc-nonorm,frozen,True,1,histology,flips,confidence,,7180,0.954874651810585,0.946467163232804,6856,324,19.0,19.0,0.68701171875,0.68505859375,0.001953125,0.9842618107795715,
virchow,nct-crc-nonorm,frozen,True,1,histology,d4,mean,,7180,0.95,0.941499884458677,6821,359,13.0,48.0,0.6875,0.68359375,0.00390625,0.966156005859375,
virchow,nct-crc-nonorm,frozen,True,1,histology,d4,vote,,7180,0.9527855153203343,0.9435651856152395,6841,339,17.0,32.0,0.6875,0.68359375,0.00390625,0.966156005859375,
virchow,nct-crc-nonorm,frozen,True,1,histology,d4,confidence,,7180,0.95,0.9414177494506409,6821,359,13.0,48.0,0.6875,0.68359375,0.00390625,0.966156005859375,
virchow,nct-crc-nonorm,frozen,True,1,histology,d4_color,mean,,7180,0.9537604456824512,0.9457252034230207,6848,332,20.0,28.0,0.689453125,0.6845703125,0.0048828125,0.9572423100471497,
virchow,nct-crc-nonorm,frozen,True,1,histology,d4_color,vote,,7180,0.9544568245125348,0.946121426301318,6853,327,18.0,21.0,0.689453125,0.6845703125,0.0048828125,0.9572423100471497,
virchow,nct-crc-nonorm,frozen,True,1,histology,d4_color,confidence,,7180,0.953899721448468,0.9455959664214555,6849,331,21.0,28.0,0.689453125,0.6845703125,0.0048828125,0.9572423100471497,
virchow,nct-crc-nonorm,frozen,True,2,histology,none,mean,,7180,0.9676880222841225,0.9599885480514317,6948,232,,,0.7607421875,0.7607421875,0.0,1.0,
virchow,nct-crc-nonorm,frozen,True,2,histology,flips,mean,,7180,0.9685236768802229,0.9613957827244806,6954,226,11.0,5.0,0.76123046875,0.76025390625,0.0009765625,0.9915041923522949,
virchow,nct-crc-nonorm,frozen,True,2,histology,flips,vote,,7180,0.9682451253481894,0.9605275196267704,6952,228,12.0,8.0,0.76123046875,0.76025390625,0.0009765625,0.9915041923522949,
virchow,nct-crc-nonorm,frozen,True,2,histology,flips,confidence,,7180,0.9685236768802229,0.9613957827244806,6954,226,11.0,5.0,0.76123046875,0.76025390625,0.0009765625,0.9915041923522949,
virchow,nct-crc-nonorm,frozen,True,2,histology,d4,mean,,7180,0.9675487465181059,0.9605823536935563,6947,233,15.0,16.0,0.76318359375,0.7607421875,0.00244140625,0.9844011068344116,
virchow,nct-crc-nonorm,frozen,True,2,histology,d4,vote,,7180,0.9676880222841225,0.9600909034981382,6948,232,12.0,12.0,0.76318359375,0.7607421875,0.00244140625,0.9844011068344116,
virchow,nct-crc-nonorm,frozen,True,2,histology,d4,confidence,,7180,0.9675487465181059,0.9605823536935563,6947,233,15.0,16.0,0.76318359375,0.7607421875,0.00244140625,0.9844011068344116,
virchow,nct-crc-nonorm,frozen,True,2,histology,d4_color,mean,,7180,0.9683844011142061,0.961366440724649,6953,227,14.0,9.0,0.76171875,0.7587890625,0.0029296875,0.9811977744102478,
virchow,nct-crc-nonorm,frozen,True,2,histology,d4_color,vote,,7180,0.9672701949860725,0.9599342270863809,6945,235,8.0,11.0,0.76171875,0.7587890625,0.0029296875,0.9811977744102478,
virchow,nct-crc-nonorm,frozen,True,2,histology,d4_color,confidence,,7180,0.9683844011142061,0.961366440724649,6953,227,14.0,9.0,0.76171875,0.7587890625,0.0029296875,0.9811977744102478,
virchow,nct-crc-nonorm,frozen,True,3,histology,none,mean,,7180,0.9596100278551533,0.9518787975763661,6890,290,,,0.77099609375,0.77099609375,0.0,1.0,
virchow,nct-crc-nonorm,frozen,True,3,histology,flips,mean,,7180,0.9612813370473537,0.9545360408357835,6902,278,21.0,9.0,0.77197265625,0.7705078125,0.00146484375,0.988161563873291,
virchow,nct-crc-nonorm,frozen,True,3,histology,flips,vote,,7180,0.9612813370473537,0.9540823480088186,6902,278,21.0,9.0,0.77197265625,0.7705078125,0.00146484375,0.988161563873291,
virchow,nct-crc-nonorm,frozen,True,3,histology,flips,confidence,,7180,0.9611420612813371,0.9544048588864196,6901,279,21.0,10.0,0.77197265625,0.7705078125,0.00146484375,0.988161563873291,
virchow,nct-crc-nonorm,frozen,True,3,histology,d4,mean,,7180,0.9579387186629527,0.9515905310514028,6878,302,21.0,33.0,0.76904296875,0.7666015625,0.00244140625,0.972841203212738,
virchow,nct-crc-nonorm,frozen,True,3,histology,d4,vote,,7180,0.96016713091922,0.9532765549074218,6894,286,20.0,16.0,0.76904296875,0.7666015625,0.00244140625,0.972841203212738,
virchow,nct-crc-nonorm,frozen,True,3,histology,d4,confidence,,7180,0.9579387186629527,0.9517232709811628,6878,302,22.0,34.0,0.76904296875,0.7666015625,0.00244140625,0.972841203212738,
virchow,nct-crc-nonorm,frozen,True,3,histology,d4_color,mean,,7180,0.9607242339832869,0.9542479037704358,6898,282,25.0,17.0,0.76904296875,0.76611328125,0.0029296875,0.964345395565033,
virchow,nct-crc-nonorm,frozen,True,3,histology,d4_color,vote,,7180,0.9596100278551533,0.9528845905513431,6890,290,16.0,16.0,0.76904296875,0.76611328125,0.0029296875,0.964345395565033,
virchow,nct-crc-nonorm,frozen,True,3,histology,d4_color,confidence,,7180,0.9610027855153204,0.9545102676691634,6900,280,26.0,16.0,0.76904296875,0.76611328125,0.0029296875,0.964345395565033,
virchow,nct-crc-nonorm,frozen,True,42,histology,none,mean,,7180,0.943732590529248,0.9231220954791676,6776,404,,,0.7314453125,0.7314453125,0.0,1.0,
virchow,nct-crc-nonorm,frozen,True,42,histology,flips,mean,,7180,0.9487465181058495,0.9342853233983257,6812,368,49.0,13.0,0.7353515625,0.73388671875,0.00146484375,0.9813370704650879,
virchow,nct-crc-nonorm,frozen,True,42,histology,flips,vote,,7180,0.9481894150417828,0.9312174517279392,6808,372,43.0,11.0,0.7353515625,0.73388671875,0.00146484375,0.9813370704650879,
virchow,nct-crc-nonorm,frozen,True,42,histology,flips,confidence,,7180,0.9487465181058495,0.9342853233983257,6812,368,49.0,13.0,0.7353515625,0.73388671875,0.00146484375,0.9813370704650879,
virchow,nct-crc-nonorm,frozen,True,42,histology,d4,mean,,7180,0.9469359331476324,0.9337648900329718,6799,381,56.0,33.0,0.7353515625,0.73193359375,0.00341796875,0.9630919098854065,
virchow,nct-crc-nonorm,frozen,True,42,histology,d4,vote,,7180,0.9487465181058495,0.9349737462017573,6812,368,57.0,21.0,0.7353515625,0.73193359375,0.00341796875,0.9630919098854065,
virchow,nct-crc-nonorm,frozen,True,42,histology,d4,confidence,,7180,0.947075208913649,0.9339525777206595,6800,380,57.0,33.0,0.7353515625,0.73193359375,0.00341796875,0.9630919098854065,
virchow,nct-crc-nonorm,frozen,True,42,histology,d4_color,mean,,7180,0.948050139275766,0.9341978129216345,6807,373,49.0,18.0,0.73388671875,0.72998046875,0.00390625,0.9512534737586975,
virchow,nct-crc-nonorm,frozen,True,42,histology,d4_color,vote,,7180,0.948050139275766,0.9342643800993728,6807,373,50.0,19.0,0.73388671875,0.72998046875,0.00390625,0.9512534737586975,
virchow,nct-crc-nonorm,frozen,True,42,histology,d4_color,confidence,,7180,0.9487465181058495,0.9352058140451243,6812,368,53.0,17.0,0.73388671875,0.72998046875,0.00390625,0.9512534737586975,
convnextv2_base,tcga-ut,finetuned,True,0,general,none,mean,,40860,0.7268232990699951,0.6286676116918204,29698,11162,,,1.5205078125,1.5205078125,0.0,1.0,
convnextv2_base,tcga-ut,finetuned,True,0,general,flips,mean,,40860,0.7289769946157612,0.6313701363889861,29786,11074,615.0,527.0,1.55078125,1.5205078125,0.0302734375,0.8540626764297485,
convnextv2_base,tcga-ut,finetuned,True,0,general,flips,vote,,40860,0.7275819872736172,0.6294801207118668,29729,11131,606.0,575.0,1.55078125,1.5205078125,0.0302734375,0.8540626764297485,
convnextv2_base,tcga-ut,finetuned,True,0,general,flips,confidence,,40860,0.7287077826725403,0.6312807554677307,29775,11085,628.0,551.0,1.55078125,1.5205078125,0.0302734375,0.8540626764297485,
convnextv2_base,tcga-ut,finetuned,True,0,general,d4,mean,,40860,0.7294175232501223,0.6321341518577325,29804,11056,723.0,617.0,1.5595703125,1.5205078125,0.0390625,0.8011747598648071,
convnextv2_base,tcga-ut,finetuned,True,0,general,d4,vote,,40860,0.7283651492902594,0.6303968347773423,29761,11099,709.0,646.0,1.5595703125,1.5205078125,0.0390625,0.8011747598648071,
convnextv2_base,tcga-ut,finetuned,True,0,general,d4,confidence,,40860,0.7295398923152228,0.633193560018363,29809,11051,739.0,628.0,1.5595703125,1.5205078125,0.0390625,0.8011747598648071,
convnextv2_base,tcga-ut,finetuned,True,0,general,d4_color,mean,,40860,0.7319138521781694,0.6337734396762155,29906,10954,591.0,383.0,1.5595703125,1.5205078125,0.0390625,0.789574146270752,
convnextv2_base,tcga-ut,finetuned,True,0,general,d4_color,vote,,40860,0.7309593734703866,0.631747414482643,29867,10993,529.0,360.0,1.5595703125,1.5205078125,0.0390625,0.789574146270752,
convnextv2_base,tcga-ut,finetuned,True,0,general,d4_color,confidence,,40860,0.7320606950562898,0.6343681785039544,29912,10948,626.0,412.0,1.5595703125,1.5205078125,0.0390625,0.789574146270752,
convnextv2_base,tcga-ut,finetuned,True,1,general,none,mean,,40860,0.7084434654919236,0.6084738635937884,28947,11913,,,1.6513671875,1.6513671875,0.0,1.0,
convnextv2_base,tcga-ut,finetuned,True,1,general,flips,mean,,40860,0.7138277043563387,0.6140620148776853,29167,11693,826.0,606.0,1.6806640625,1.6533203125,0.02734375,0.8248898386955261,
convnextv2_base,tcga-ut,finetuned,True,1,general,flips,vote,,40860,0.71071953010279,0.6091057209708509,29040,11820,736.0,643.0,1.6806640625,1.6533203125,0.02734375,0.8248898386955261,
convnextv2_base,tcga-ut,finetuned,True,1,general,flips,confidence,,40860,0.7130445423396965,0.6141588473848906,29135,11725,817.0,629.0,1.6806640625,1.6533203125,0.02734375,0.8248898386955261,
convnextv2_base,tcga-ut,finetuned,True,1,general,d4,mean,,40860,0.7146842878120411,0.6155946286918641,29202,11658,956.0,701.0,1.6904296875,1.6533203125,0.037109375,0.7593000531196594,
convnextv2_base,tcga-ut,finetuned,True,1,general,d4,vote,,40860,0.7137542829172785,0.6120631296050397,29164,11696,907.0,690.0,1.6904296875,1.6533203125,0.037109375,0.7593000531196594,
convnextv2_base,tcga-ut,finetuned,True,1,general,d4,confidence,,40860,0.714659813999021,0.6167249720980094,29201,11659,967.0,713.0,1.6904296875,1.6533203125,0.037109375,0.7593000531196594,
convnextv2_base,tcga-ut,finetuned,True,1,general,d4_color,mean,,40860,0.7151003426333823,0.6153867137801874,29219,11641,758.0,486.0,1.69140625,1.6533203125,0.0380859375,0.7438815236091614,
convnextv2_base,tcga-ut,finetuned,True,1,general,d4_color,vote,,40860,0.7147087616250611,0.6135068136595894,29203,11657,667.0,411.0,1.69140625,1.6533203125,0.0380859375,0.7438815236091614,
convnextv2_base,tcga-ut,finetuned,True,1,general,d4_color,confidence,,40860,0.714977973568282,0.6162687876164793,29214,11646,785.0,518.0,1.69140625,1.6533203125,0.0380859375,0.7438815236091614,
convnextv2_base,tcga-ut,finetuned,True,2,general,none,mean,,40860,0.7020802741067058,0.6104819927916503,28687,12173,,,1.66796875,1.66796875,0.0,1.0,
convnextv2_base,tcga-ut,finetuned,True,2,general,flips,mean,,40860,0.7072442486539403,0.6157880298268686,28898,11962,887.0,676.0,1.6962890625,1.66796875,0.0283203125,0.8132158517837524,
convnextv2_base,tcga-ut,finetuned,True,2,general,flips,vote,,40860,0.7056045031815957,0.6136601792799972,28831,12029,819.0,675.0,1.6962890625,1.66796875,0.0283203125,0.8132158517837524,
convnextv2_base,tcga-ut,finetuned,True,2,general,flips,confidence,,40860,0.7069016152716593,0.6157514255764959,28884,11976,894.0,697.0,1.6962890625,1.66796875,0.0283203125,0.8132158517837524,
convnextv2_base,tcga-ut,finetuned,True,2,general,d4,mean,,40860,0.7091532060695056,0.6176468975551868,28976,11884,1053.0,764.0,1.705078125,1.66796875,0.037109375,0.7445423603057861,
convnextv2_base,tcga-ut,finetuned,True,2,general,d4,vote,,40860,0.7091776798825257,0.6163323155157332,28977,11883,1026.0,736.0,1.705078125,1.66796875,0.037109375,0.7445423603057861,
convnextv2_base,tcga-ut,finetuned,True,2,general,d4,confidence,,40860,0.7093734703866863,0.6184130429072016,28985,11875,1071.0,773.0,1.705078125,1.66796875,0.037109375,0.7445423603057861,
convnextv2_base,tcga-ut,finetuned,True,2,general,d4_color,mean,,40860,0.7111111111111111,0.6195747095222287,29056,11804,860.0,491.0,1.7060546875,1.66796875,0.0380859375,0.7287812232971191,
convnextv2_base,tcga-ut,finetuned,True,2,general,d4_color,vote,,40860,0.7102055800293686,0.6174917665000689,29019,11841,754.0,422.0,1.7060546875,1.66796875,0.0380859375,0.7287812232971191,
convnextv2_base,tcga-ut,finetuned,True,2,general,d4_color,confidence,,40860,0.7111845325501713,0.620369290483484,29059,11801,897.0,525.0,1.7060546875,1.66796875,0.0380859375,0.7287812232971191,
convnextv2_base,tcga-ut,finetuned,True,3,general,none,mean,,40860,0.710009789525208,0.6033223040652361,29011,11849,,,1.6298828125,1.6298828125,0.0,1.0,
convnextv2_base,tcga-ut,finetuned,True,3,general,flips,mean,,40860,0.7150513950073422,0.6093668904130287,29217,11643,793.0,587.0,1.6552734375,1.6298828125,0.025390625,0.8323054313659668,
convnextv2_base,tcga-ut,finetuned,True,3,general,flips,vote,,40860,0.7130934899657366,0.6057773175476985,29137,11723,746.0,620.0,1.6552734375,1.6298828125,0.025390625,0.8323054313659668,
convnextv2_base,tcga-ut,finetuned,True,3,general,flips,confidence,,40860,0.7147087616250611,0.6094654385527961,29203,11657,814.0,622.0,1.6552734375,1.6298828125,0.025390625,0.8323054313659668,
convnextv2_base,tcga-ut,finetuned,True,3,general,d4,mean,,40860,0.7162995594713656,0.6099483805646101,29268,11592,933.0,676.0,1.6640625,1.62890625,0.03515625,0.7677924633026123,
convnextv2_base,tcga-ut,finetuned,True,3,general,d4,vote,,40860,0.7167645619187469,0.6085599454124985,29287,11573,915.0,639.0,1.6640625,1.62890625,0.03515625,0.7677924633026123,
convnextv2_base,tcga-ut,finetuned,True,3,general,d4,confidence,,40860,0.7161282427802251,0.6106408382352595,29261,11599,950.0,700.0,1.6640625,1.62890625,0.03515625,0.7677924633026123,
convnextv2_base,tcga-ut,finetuned,True,3,general,d4_color,mean,,40860,0.7159813999021047,0.6100590279557581,29255,11605,691.0,447.0,1.6640625,1.6298828125,0.0341796875,0.7535486817359924,
convnextv2_base,tcga-ut,finetuned,True,3,general,d4_color,vote,,40860,0.7157366617719041,0.6079466529002232,29245,11615,610.0,376.0,1.6640625,1.6298828125,0.0341796875,0.7535486817359924,
convnextv2_base,tcga-ut,finetuned,True,3,general,d4_color,confidence,,40860,0.7160058737151248,0.6106947997782833,29256,11604,730.0,485.0,1.6640625,1.6298828125,0.0341796875,0.7535486817359924,
convnextv2_base,tcga-ut,frozen,True,0,general,none,mean,,40860,0.47381302006852666,0.44942274220418404,19360,21500,,,,,,1.0,
convnextv2_base,tcga-ut,frozen,True,0,general,flips,mean,,40860,0.48105726872246696,0.4560756875466939,19656,21204,1198.0,902.0,,,,0.6815956830978394,
convnextv2_base,tcga-ut,frozen,True,0,general,flips,vote,,40860,0.4779001468428781,0.4521484164088752,19527,21333,1099.0,932.0,,,,0.6815956830978394,
convnextv2_base,tcga-ut,frozen,True,0,general,flips,confidence,,40860,0.4809593734703867,0.456304564350903,19652,21208,1207.0,915.0,,,,0.6815956830978394,
convnextv2_base,tcga-ut,frozen,True,0,general,d4,mean,,40860,0.4873225648556045,0.460882955813792,19912,20948,1603.0,1051.0,,,,0.5546989440917969,
convnextv2_base,tcga-ut,frozen,True,0,general,d4,vote,,40860,0.48433675966715617,0.4577973296732664,19790,21070,1498.0,1068.0,,,,0.5546989440917969,
convnextv2_base,tcga-ut,frozen,True,0,general,d4,confidence,,40860,0.487493881546745,0.4610902477085753,19919,20941,1623.0,1064.0,,,,0.5546989440917969,
convnextv2_base,tcga-ut,frozen,True,0,general,d4_color,mean,,40860,0.48790993636808616,0.46246363887678454,19936,20924,1337.0,761.0,,,,0.508370041847229,
convnextv2_base,tcga-ut,frozen,True,0,general,d4_color,vote,,40860,0.4868575624082232,0.4614084505881906,19893,20967,1216.0,683.0,,,,0.508370041847229,
convnextv2_base,tcga-ut,frozen,True,0,general,d4_color,confidence,,40860,0.48876651982378855,0.46318114028287644,19971,20889,1376.0,765.0,,,,0.508370041847229,
convnextv2_base,tcga-ut,frozen,True,1,general,none,mean,,40860,0.5090553108174254,0.48447991558890957,20800,20060,,,2.373046875,2.373046875,0.0,1.0,
convnextv2_base,tcga-ut,frozen,True,1,general,flips,mean,,40860,0.5169848262359276,0.4922556828034609,21124,19736,1191.0,867.0,2.388671875,2.373046875,0.015625,0.6947870850563049,
convnextv2_base,tcga-ut,frozen,True,1,general,flips,vote,,40860,0.5158100832109642,0.48967462901185166,21076,19784,1103.0,827.0,2.388671875,2.373046875,0.015625,0.6947870850563049,
convnextv2_base,tcga-ut,frozen,True,1,general,flips,confidence,,40860,0.5168379833578072,0.4920082358626599,21118,19742,1196.0,878.0,2.388671875,2.373046875,0.015625,0.6947870850563049,
convnextv2_base,tcga-ut,frozen,True,1,general,d4,mean,,40860,0.5223445912873226,0.4966710737492915,21343,19517,1538.0,995.0,2.3984375,2.373046875,0.025390625,0.5764316916465759,
convnextv2_base,tcga-ut,frozen,True,1,general,d4,vote,,40860,0.5194322075379344,0.4925180342289932,21224,19636,1433.0,1009.0,2.3984375,2.373046875,0.025390625,0.5764316916465759,
convnextv2_base,tcga-ut,frozen,True,1,general,d4,confidence,,40860,0.522515907978463,0.4965519015667558,21350,19510,1562.0,1012.0,2.3984375,2.373046875,0.025390625,0.5764316916465759,
convnextv2_base,tcga-ut,frozen,True,1,general,d4_color,mean,,40860,0.5232501223690651,0.4982710379555691,21380,19480,1301.0,721.0,2.3984375,2.37109375,0.02734375,0.5299314856529236,
convnextv2_base,tcga-ut,frozen,True,1,general,d4_color,vote,,40860,0.522834067547724,0.49610291638094484,21363,19497,1191.0,628.0,2.3984375,2.37109375,0.02734375,0.5299314856529236,
convnextv2_base,tcga-ut,frozen,True,1,general,d4_color,confidence,,40860,0.5230543318649046,0.4975671897678515,21372,19488,1304.0,732.0,2.3984375,2.37109375,0.02734375,0.5299314856529236,
convnextv2_base,tcga-ut,frozen,True,2,general,none,mean,,40860,0.4863436123348018,0.4585805123430382,19872,20988,,,,,,1.0,
convnextv2_base,tcga-ut,frozen,True,2,general,flips,mean,,40860,0.4950807635829662,0.46665368646028615,20229,20631,1213.0,856.0,2.28515625,,,0.6919726133346558,
convnextv2_base,tcga-ut,frozen,True,2,general,flips,vote,,40860,0.49133627019089576,0.46194016012215877,20076,20784,1094.0,890.0,2.28515625,,,0.6919726133346558,
convnextv2_base,tcga-ut,frozen,True,2,general,flips,confidence,,40860,0.49473813020068524,0.46643221528868983,20215,20645,1218.0,875.0,2.28515625,,,0.6919726133346558,
convnextv2_base,tcga-ut,frozen,True,2,general,d4,mean,,40860,0.4992413117963779,0.46961993792676127,20399,20461,1567.0,1040.0,2.296875,,,0.5663974285125732,
convnextv2_base,tcga-ut,frozen,True,2,general,d4,vote,,40860,0.49667156142927066,0.46625512595520574,20294,20566,1509.0,1087.0,2.296875,,,0.5663974285125732,
convnextv2_base,tcga-ut,frozen,True,2,general,d4,confidence,,40860,0.499290259422418,0.47018126187792125,20401,20459,1578.0,1049.0,2.296875,,,0.5663974285125732,
convnextv2_base,tcga-ut,frozen,True,2,general,d4_color,mean,,40860,0.5023250122369065,0.4721601069238815,20525,20335,1367.0,714.0,2.298828125,,,0.5179882645606995,
convnextv2_base,tcga-ut,frozen,True,2,general,d4_color,vote,,40860,0.5012481644640235,0.4715911112362223,20481,20379,1244.0,635.0,2.298828125,,,0.5179882645606995,
convnextv2_base,tcga-ut,frozen,True,2,general,d4_color,confidence,,40860,0.5022760646108664,0.47243139721962824,20523,20337,1385.0,734.0,2.298828125,,,0.5179882645606995,
convnextv2_base,tcga-ut,frozen,True,3,general,none,mean,,40860,0.4963778756730299,0.4428439963556952,20282,20578,,,2.208984375,2.208984375,0.0,1.0,
convnextv2_base,tcga-ut,frozen,True,3,general,flips,mean,,40860,0.5041605482134116,0.4484894115039234,20600,20260,1220.0,902.0,2.228515625,2.208984375,0.01953125,0.6900880932807922,
convnextv2_base,tcga-ut,frozen,True,3,general,flips,vote,,40860,0.5022271169848262,0.44500942864294946,20521,20339,1128.0,889.0,2.228515625,2.208984375,0.01953125,0.6900880932807922,
convnextv2_base,tcga-ut,frozen,True,3,general,flips,confidence,,40860,0.5044542339696525,0.448660601589525,20612,20248,1232.0,902.0,2.228515625,2.208984375,0.01953125,0.6900880932807922,
convnextv2_base,tcga-ut,frozen,True,3,general,d4,mean,,40860,0.5083455702398434,0.45224323115835235,20771,20089,1522.0,1033.0,2.240234375,2.208984375,0.03125,0.5700929760932922,
convnextv2_base,tcga-ut,frozen,True,3,general,d4,vote,,40860,0.5076358296622614,0.44968439137861177,20742,20118,1469.0,1009.0,2.240234375,2.208984375,0.03125,0.5700929760932922,
convnextv2_base,tcga-ut,frozen,True,3,general,d4,confidence,,40860,0.5077581987273617,0.45193696651083803,20747,20113,1511.0,1046.0,2.240234375,2.208984375,0.03125,0.5700929760932922,
convnextv2_base,tcga-ut,frozen,True,3,general,d4_color,mean,,40860,0.5105726872246696,0.4545228943061284,20862,19998,1284.0,704.0,2.2421875,2.20703125,0.03515625,0.5229319334030151,
convnextv2_base,tcga-ut,frozen,True,3,general,d4_color,vote,,40860,0.510376896720509,0.45286299984780415,20854,20006,1190.0,618.0,2.2421875,2.20703125,0.03515625,0.5229319334030151,
convnextv2_base,tcga-ut,frozen,True,3,general,d4_color,confidence,,40860,0.5103279490944689,0.4545165787110665,20852,20008,1299.0,729.0,2.2421875,2.20703125,0.03515625,0.5229319334030151,
convnextv2_base,tcga-ut,frozen,True,42,general,none,mean,,40860,0.48852178169358784,0.4453777769420509,19961,20899,,,2.177734375,2.177734375,0.0,1.0,
convnextv2_base,tcga-ut,frozen,True,42,general,flips,mean,,40860,0.49304943710230054,0.45014510386408757,20146,20714,1097.0,912.0,2.1953125,2.177734375,0.017578125,0.7022516131401062,
convnextv2_base,tcga-ut,frozen,True,42,general,flips,vote,,40860,0.4940283896231033,0.4487946249041014,20186,20674,1067.0,842.0,2.1953125,2.177734375,0.017578125,0.7022516131401062,
convnextv2_base,tcga-ut,frozen,True,42,general,flips,confidence,,40860,0.49297601566324034,0.45008613027759586,20143,20717,1097.0,915.0,2.1953125,2.177734375,0.017578125,0.7022516131401062,
convnextv2_base,tcga-ut,frozen,True,42,general,d4,mean,,40860,0.4977239353891336,0.45524501445587195,20337,20523,1465.0,1089.0,2.20703125,2.177734375,0.029296875,0.5814977884292603,
convnextv2_base,tcga-ut,frozen,True,42,general,d4,vote,,40860,0.497870778267254,0.45442911433871375,20343,20517,1394.0,1012.0,2.20703125,2.177734375,0.029296875,0.5814977884292603,
convnextv2_base,tcga-ut,frozen,True,42,general,d4,confidence,,40860,0.49698972099853156,0.455190003673015,20307,20553,1459.0,1113.0,2.20703125,2.177734375,0.029296875,0.5814977884292603,
convnextv2_base,tcga-ut,frozen,True,42,general,d4_color,mean,,40860,0.5016886930983847,0.4579020153016837,20499,20361,1267.0,729.0,2.208984375,2.17578125,0.033203125,0.5389623045921326,
convnextv2_base,tcga-ut,frozen,True,42,general,d4_color,vote,,40860,0.5017621145374449,0.45660477977525926,20502,20358,1166.0,625.0,2.208984375,2.17578125,0.033203125,0.5389623045921326,
convnextv2_base,tcga-ut,frozen,True,42,general,d4_color,confidence,,40860,0.5012726382770436,0.4581096343598069,20482,20378,1291.0,770.0,2.208984375,2.17578125,0.033203125,0.5389623045921326,
convnextv2_tiny,tcga-ut,finetuned,True,0,general,none,mean,,40860,0.6769456681350955,0.6155751541391336,27660,13200,,,1.8349609375,1.8349609375,0.0,1.0,
convnextv2_tiny,tcga-ut,finetuned,True,0,general,flips,mean,,40860,0.6830641213901126,0.6214804835372255,27910,12950,924.0,674.0,1.8544921875,1.8359375,0.0185546875,0.8092755675315857,
convnextv2_tiny,tcga-ut,finetuned,True,0,general,flips,vote,,40860,0.681767009300049,0.6185699779144257,27857,13003,867.0,670.0,1.8544921875,1.8359375,0.0185546875,0.8092755675315857,
convnextv2_tiny,tcga-ut,finetuned,True,0,general,flips,confidence,,40860,0.6830151737640724,0.6216963749542305,27908,12952,927.0,679.0,1.8544921875,1.8359375,0.0185546875,0.8092755675315857,
convnextv2_tiny,tcga-ut,finetuned,True,0,general,d4,mean,,40860,0.6841409691629956,0.6230676404982007,27954,12906,1085.0,791.0,1.8623046875,1.837890625,0.0244140625,0.7378854751586914,
convnextv2_tiny,tcga-ut,finetuned,True,0,general,d4,vote,,40860,0.6836025452765541,0.6213092454901211,27932,12928,1033.0,761.0,1.8623046875,1.837890625,0.0244140625,0.7378854751586914,
convnextv2_tiny,tcga-ut,finetuned,True,0,general,d4,confidence,,40860,0.6840920215369555,0.6233685405777637,27952,12908,1096.0,804.0,1.8623046875,1.837890625,0.0244140625,0.7378854751586914,
convnextv2_tiny,tcga-ut,finetuned,True,0,general,d4_color,mean,,40860,0.6885952031326481,0.6264284643430326,28136,12724,953.0,477.0,1.859375,1.83203125,0.02734375,0.7122613787651062,
convnextv2_tiny,tcga-ut,finetuned,True,0,general,d4_color,vote,,40860,0.6876896720509055,0.6255853076215007,28099,12761,875.0,436.0,1.859375,1.83203125,0.02734375,0.7122613787651062,
convnextv2_tiny,tcga-ut,finetuned,True,0,general,d4_color,confidence,,40860,0.6883994126284875,0.6263817765838849,28128,12732,971.0,503.0,1.859375,1.83203125,0.02734375,0.7122613787651062,
convnextv2_tiny,tcga-ut,finetuned,True,1,general,none,mean,,40860,0.7091532060695056,0.6223467257216327,28976,11884,,,1.869140625,1.869140625,0.0,1.0,
convnextv2_tiny,tcga-ut,finetuned,True,1,general,flips,mean,,40860,0.7126774351443955,0.6266572012593519,29120,11740,714.0,570.0,1.8837890625,1.869140625,0.0146484375,0.8433431386947632,
convnextv2_tiny,tcga-ut,finetuned,True,1,general,flips,vote,,40860,0.7113313754282917,0.6245126473582622,29065,11795,650.0,561.0,1.8837890625,1.869140625,0.0146484375,0.8433431386947632,
convnextv2_tiny,tcga-ut,finetuned,True,1,general,flips,confidence,,40860,0.712481644640235,0.6265653596520214,29112,11748,721.0,585.0,1.8837890625,1.869140625,0.0146484375,0.8433431386947632,
convnextv2_tiny,tcga-ut,finetuned,True,1,general,d4,mean,,40860,0.7134605971610377,0.6279153192358041,29152,11708,830.0,654.0,1.890625,1.87109375,0.01953125,0.7848507165908813,
convnextv2_tiny,tcga-ut,finetuned,True,1,general,d4,vote,,40860,0.7121879588839941,0.6255881123849993,29100,11760,790.0,666.0,1.890625,1.87109375,0.01953125,0.7848507165908813,
convnextv2_tiny,tcga-ut,finetuned,True,1,general,d4,confidence,,40860,0.7131913852178169,0.6275710808992415,29141,11719,845.0,680.0,1.890625,1.87109375,0.01953125,0.7848507165908813,
convnextv2_tiny,tcga-ut,finetuned,True,1,general,d4_color,mean,,40860,0.7168624571708272,0.6312146301064587,29291,11569,735.0,420.0,1.888671875,1.8662109375,0.0224609375,0.7614537477493286,
convnextv2_tiny,tcga-ut,finetuned,True,1,general,d4_color,vote,,40860,0.7157611355849242,0.6299175576342032,29246,11614,658.0,388.0,1.888671875,1.8662109375,0.0224609375,0.7614537477493286,
convnextv2_tiny,tcga-ut,finetuned,True,1,general,d4_color,confidence,,40860,0.7176945668135095,0.6322286668851431,29325,11535,788.0,439.0,1.888671875,1.8662109375,0.0224609375,0.7614537477493286,
convnextv2_tiny,tcga-ut,finetuned,True,2,general,none,mean,,40860,0.6938570729319627,0.6155897807167728,28351,12509,,,1.841796875,1.841796875,0.0,1.0,
convnextv2_tiny,tcga-ut,finetuned,True,2,general,flips,mean,,40860,0.6983357807146353,0.6206397151909563,28534,12326,824.0,641.0,1.8583984375,1.841796875,0.0166015625,0.8275085687637329,
convnextv2_tiny,tcga-ut,finetuned,True,2,general,flips,vote,,40860,0.6977239353891336,0.6199358701299753,28509,12351,775.0,617.0,1.8583984375,1.841796875,0.0166015625,0.8275085687637329,
convnextv2_tiny,tcga-ut,finetuned,True,2,general,flips,confidence,,40860,0.6984826235927557,0.6205232278843428,28540,12320,836.0,647.0,1.8583984375,1.841796875,0.0166015625,0.8275085687637329,
convnextv2_tiny,tcga-ut,finetuned,True,2,general,d4,mean,,40860,0.6994860499265786,0.622088796233378,28581,12279,971.0,741.0,1.8671875,1.8447265625,0.0224609375,0.760988712310791,
convnextv2_tiny,tcga-ut,finetuned,True,2,general,d4,vote,,40860,0.698923152227117,0.6205767740402451,28558,12302,930.0,723.0,1.8671875,1.8447265625,0.0224609375,0.760988712310791,
convnextv2_tiny,tcga-ut,finetuned,True,2,general,d4,confidence,,40860,0.6990455212922173,0.6210784411529936,28563,12297,978.0,766.0,1.8671875,1.8447265625,0.0224609375,0.760988712310791,
convnextv2_tiny,tcga-ut,finetuned,True,2,general,d4_color,mean,,40860,0.7038423886441507,0.6268963486744857,28759,12101,871.0,463.0,1.86328125,1.8369140625,0.0263671875,0.7359030842781067,
convnextv2_tiny,tcga-ut,finetuned,True,2,general,d4_color,vote,,40860,0.7028144884973079,0.6242803166423746,28717,12143,791.0,425.0,1.86328125,1.8369140625,0.0263671875,0.7359030842781067,
convnextv2_tiny,tcga-ut,finetuned,True,2,general,d4_color,confidence,,40860,0.7037934410181106,0.6269610532234231,28757,12103,894.0,488.0,1.86328125,1.8369140625,0.0263671875,0.7359030842781067,
convnextv2_tiny,tcga-ut,finetuned,True,3,general,none,mean,,40860,0.7136563876651982,0.6219697436177537,29160,11700,,,1.80078125,1.80078125,0.0,1.0,
convnextv2_tiny,tcga-ut,finetuned,True,3,general,flips,mean,,40860,0.7170337738619676,0.6256298757156634,29298,11562,673.0,535.0,1.814453125,1.7998046875,0.0146484375,0.8578805923461914,
convnextv2_tiny,tcga-ut,finetuned,True,3,general,flips,vote,,40860,0.7153940283896231,0.6230138822880236,29231,11629,608.0,537.0,1.814453125,1.7998046875,0.0146484375,0.8578805923461914,
convnextv2_tiny,tcga-ut,finetuned,True,3,general,flips,confidence,,40860,0.7171806167400882,0.626103929356531,29304,11556,687.0,543.0,1.814453125,1.7998046875,0.0146484375,0.8578805923461914,
convnextv2_tiny,tcga-ut,finetuned,True,3,general,d4,mean,,40860,0.7170337738619676,0.6255426297098526,29298,11562,755.0,617.0,1.8212890625,1.8017578125,0.01953125,0.8022026419639587,
convnextv2_tiny,tcga-ut,finetuned,True,3,general,d4,vote,,40860,0.715369554576603,0.6226565450626499,29230,11630,699.0,629.0,1.8212890625,1.8017578125,0.01953125,0.8022026419639587,
convnextv2_tiny,tcga-ut,finetuned,True,3,general,d4,confidence,,40860,0.7171806167400882,0.6256809263991402,29304,11556,762.0,618.0,1.8212890625,1.8017578125,0.01953125,0.8022026419639587,
convnextv2_tiny,tcga-ut,finetuned,True,3,general,d4_color,mean,,40860,0.7233480176211454,0.6321078028508522,29556,11304,751.0,355.0,1.8203125,1.7958984375,0.0244140625,0.775868833065033,
convnextv2_tiny,tcga-ut,finetuned,True,3,general,d4_color,vote,,40860,0.7219774840920216,0.6294530664561663,29500,11360,678.0,338.0,1.8203125,1.7958984375,0.0244140625,0.775868833065033,
convnextv2_tiny,tcga-ut,finetuned,True,3,general,d4_color,confidence,,40860,0.7237885462555066,0.6322446395242041,29574,11286,796.0,382.0,1.8203125,1.7958984375,0.0244140625,0.775868833065033,
convnextv2_tiny,tcga-ut,finetuned,True,42,general,none,mean,,40860,0.7195301027900147,0.6291766690039763,29400,11460,,,1.8056640625,1.8056640625,0.0,1.0,
convnextv2_tiny,tcga-ut,finetuned,True,42,general,flips,mean,,40860,0.7230053842388644,0.6326425384947875,29542,11318,688.0,546.0,1.8203125,1.8056640625,0.0146484375,0.8527899980545044,
convnextv2_tiny,tcga-ut,finetuned,True,42,general,flips,vote,,40860,0.7219285364659814,0.6306952522923911,29498,11362,612.0,514.0,1.8203125,1.8056640625,0.0146484375,0.8527899980545044,
convnextv2_tiny,tcga-ut,finetuned,True,42,general,flips,confidence,,40860,0.723250122369065,0.6328433652174434,29552,11308,709.0,557.0,1.8203125,1.8056640625,0.0146484375,0.8527899980545044,
convnextv2_tiny,tcga-ut,finetuned,True,42,general,d4,mean,,40860,0.723568281938326,0.6321369441612721,29565,11295,805.0,640.0,1.8271484375,1.8076171875,0.01953125,0.7953010201454163,
convnextv2_tiny,tcga-ut,finetuned,True,42,general,d4,vote,,40860,0.7236661771904063,0.6315398982968565,29569,11291,803.0,634.0,1.8271484375,1.8076171875,0.01953125,0.7953010201454163,
convnextv2_tiny,tcga-ut,finetuned,True,42,general,d4,confidence,,40860,0.7236417033773862,0.6322064350714448,29568,11292,811.0,643.0,1.8271484375,1.8076171875,0.01953125,0.7953010201454163,
convnextv2_tiny,tcga-ut,finetuned,True,42,general,d4_color,mean,,40860,0.7268722466960352,0.6369991315284361,29700,11160,700.0,400.0,1.826171875,1.8046875,0.021484375,0.7755017280578613,
convnextv2_tiny,tcga-ut,finetuned,True,42,general,d4_color,vote,,40860,0.726064610866373,0.6348763559703243,29667,11193,622.0,355.0,1.826171875,1.8046875,0.021484375,0.7755017280578613,
convnextv2_tiny,tcga-ut,finetuned,True,42,general,d4_color,confidence,,40860,0.726798825256975,0.6366977194878428,29697,11163,722.0,425.0,1.826171875,1.8046875,0.021484375,0.7755017280578613,
convnextv2_tiny,tcga-ut,frozen,True,0,general,none,mean,,40860,0.4938570729319628,0.4767931867406483,20179,20681,,,2.396484375,2.396484375,0.0,1.0,
convnextv2_tiny,tcga-ut,frozen,True,0,general,flips,mean,,40860,0.5056534508076358,0.48983577733822947,20661,20199,1463.0,981.0,2.419921875,2.396484375,0.0234375,0.6521536707878113,
convnextv2_tiny,tcga-ut,frozen,True,0,general,flips,vote,,40860,0.5025452765540871,0.48473921319780894,20534,20326,1319.0,964.0,2.419921875,2.396484375,0.0234375,0.6521536707878113,
convnextv2_tiny,tcga-ut,frozen,True,0,general,flips,confidence,,40860,0.506069505628977,0.4905542145674755,20678,20182,1483.0,984.0,2.419921875,2.396484375,0.0234375,0.6521536707878113,
convnextv2_tiny,tcga-ut,frozen,True,0,general,d4,mean,,40860,0.5088839941262848,0.4919956034240516,20793,20067,1825.0,1211.0,2.431640625,2.396484375,0.03515625,0.5195790529251099,
convnextv2_tiny,tcga-ut,frozen,True,0,general,d4,vote,,40860,0.5076603034752815,0.48943306762453376,20743,20117,1749.0,1185.0,2.431640625,2.396484375,0.03515625,0.5195790529251099,
convnextv2_tiny,tcga-ut,frozen,True,0,general,d4,confidence,,40860,0.5085413607440039,0.4913285800842933,20779,20081,1828.0,1228.0,2.431640625,2.396484375,0.03515625,0.5195790529251099,
convnextv2_tiny,tcga-ut,frozen,True,0,general,d4_color,mean,,40860,0.5087371512481644,0.49242366993423725,20787,20073,1457.0,849.0,2.43359375,2.396484375,0.037109375,0.48186489939689636,
convnextv2_tiny,tcga-ut,frozen,True,0,general,d4_color,vote,,40860,0.5081253059226627,0.4911085963166513,20762,20098,1300.0,717.0,2.43359375,2.396484375,0.037109375,0.48186489939689636,
convnextv2_tiny,tcga-ut,frozen,True,0,general,d4_color,confidence,,40860,0.5080029368575624,0.4916863870149461,20757,20103,1467.0,889.0,2.43359375,2.396484375,0.037109375,0.48186489939689636,
convnextv2_tiny,tcga-ut,frozen,True,1,general,none,mean,,40860,0.49062652961331377,0.4486187422349753,20047,20813,,,2.29296875,2.29296875,0.0,1.0,
convnextv2_tiny,tcga-ut,frozen,True,1,general,flips,mean,,40860,0.5006118453255017,0.4582516158301208,20455,20405,1420.0,1012.0,2.318359375,2.294921875,0.0234375,0.6569505333900452,
convnextv2_tiny,tcga-ut,frozen,True,1,general,flips,vote,,40860,0.5030102790014684,0.45779113001446214,20553,20307,1414.0,908.0,2.318359375,2.294921875,0.0234375,0.6569505333900452,
convnextv2_tiny,tcga-ut,frozen,True,1,general,flips,confidence,,40860,0.5008321096426823,0.4589269248508221,20464,20396,1442.0,1025.0,2.318359375,2.294921875,0.0234375,0.6569505333900452,
convnextv2_tiny,tcga-ut,frozen,True,1,general,d4,mean,,40860,0.506461086637298,0.4626876389761706,20694,20166,1829.0,1182.0,2.333984375,2.294921875,0.0390625,0.5240088105201721,
convnextv2_tiny,tcga-ut,frozen,True,1,general,d4,vote,,40860,0.5068281938325991,0.4614081154899241,20709,20151,1777.0,1115.0,2.333984375,2.294921875,0.0390625,0.5240088105201721,
convnextv2_tiny,tcga-ut,frozen,True,1,general,d4,confidence,,40860,0.5066324033284386,0.4630176819827436,20701,20159,1843.0,1189.0,2.333984375,2.294921875,0.0390625,0.5240088105201721,
convnextv2_tiny,tcga-ut,frozen,True,1,general,d4_color,mean,,40860,0.5055800293685756,0.4627231985433485,20658,20202,1443.0,832.0,2.3359375,,,0.4872981011867523,
convnextv2_tiny,tcga-ut,frozen,True,1,general,d4_color,vote,,40860,0.504625550660793,0.4601494557352706,20619,20241,1273.0,701.0,2.3359375,,,0.4872981011867523,
convnextv2_tiny,tcga-ut,frozen,True,1,general,d4_color,confidence,,40860,0.5056045031815957,0.4625519918552602,20659,20201,1476.0,864.0,2.3359375,,,0.4872981011867523,
convnextv2_tiny,tcga-ut,frozen,True,2,general,none,mean,,40860,0.4807635829662261,0.46646046709394023,19644,21216,,,2.390625,2.390625,0.0,1.0,
convnextv2_tiny,tcga-ut,frozen,True,2,general,flips,mean,,40860,0.4920704845814978,0.47839715892443474,20106,20754,1398.0,936.0,2.4140625,2.390625,0.0234375,0.6457905173301697,
convnextv2_tiny,tcga-ut,frozen,True,2,general,flips,vote,,40860,0.4904307391091532,0.4739553355380011,20039,20821,1327.0,932.0,2.4140625,2.390625,0.0234375,0.6457905173301697,
convnextv2_tiny,tcga-ut,frozen,True,2,general,flips,confidence,,40860,0.49226627508565834,0.4783775602572379,20114,20746,1416.0,946.0,2.4140625,2.390625,0.0234375,0.6457905173301697,
convnextv2_tiny,tcga-ut,frozen,True,2,general,d4,mean,,40860,0.4955947136563877,0.48116607508725584,20250,20610,1739.0,1133.0,2.427734375,2.392578125,0.03515625,0.5079540014266968,
convnextv2_tiny,tcga-ut,frozen,True,2,general,d4,vote,,40860,0.4957905041605482,0.4805882926840178,20258,20602,1719.0,1105.0,2.427734375,2.392578125,0.03515625,0.5079540014266968,
convnextv2_tiny,tcga-ut,frozen,True,2,general,d4,confidence,,40860,0.49583945178658834,0.4815078075358171,20260,20600,1754.0,1138.0,2.427734375,2.392578125,0.03515625,0.5079540014266968,
convnextv2_tiny,tcga-ut,frozen,True,2,general,d4_color,mean,,40860,0.49569260890846795,0.4821236720410407,20254,20606,1426.0,816.0,2.4296875,2.390625,0.0390625,0.4710964262485504,
convnextv2_tiny,tcga-ut,frozen,True,2,general,d4_color,vote,,40860,0.49419970631424376,0.47962482761777353,20193,20667,1244.0,695.0,2.4296875,2.390625,0.0390625,0.4710964262485504,
convnextv2_tiny,tcga-ut,frozen,True,2,general,d4_color,confidence,,40860,0.4959618208516887,0.4820226715228789,20265,20595,1466.0,845.0,2.4296875,2.390625,0.0390625,0.4710964262485504,
convnextv2_tiny,tcga-ut,frozen,True,3,general,none,mean,,40860,0.48590308370044055,0.46511313910944935,19854,21006,,,2.37109375,2.37109375,0.0,1.0,
convnextv2_tiny,tcga-ut,frozen,True,3,general,flips,mean,,40860,0.49627998042094956,0.47491673914876004,20278,20582,1414.0,990.0,2.39453125,2.37109375,0.0234375,0.6483357548713684,
convnextv2_tiny,tcga-ut,frozen,True,3,general,flips,vote,,40860,0.49419970631424376,0.470808961123556,20193,20667,1307.0,968.0,2.39453125,2.37109375,0.0234375,0.6483357548713684,
convnextv2_tiny,tcga-ut,frozen,True,3,general,flips,confidence,,40860,0.4961820851688693,0.47428762279072467,20274,20586,1426.0,1006.0,2.39453125,2.37109375,0.0234375,0.6483357548713684,
convnextv2_tiny,tcga-ut,frozen,True,3,general,d4,mean,,40860,0.5008810572687225,0.48100959847495744,20466,20394,1791.0,1179.0,2.408203125,2.373046875,0.03515625,0.5145374536514282,
convnextv2_tiny,tcga-ut,frozen,True,3,general,d4,vote,,40860,0.49951052373959864,0.4775380716695557,20410,20450,1719.0,1163.0,2.408203125,2.373046875,0.03515625,0.5145374536514282,
convnextv2_tiny,tcga-ut,frozen,True,3,general,d4,confidence,,40860,0.5005139500734215,0.48103940660194955,20451,20409,1783.0,1186.0,2.408203125,2.373046875,0.03515625,0.5145374536514282,
convnextv2_tiny,tcga-ut,frozen,True,3,general,d4_color,mean,,40860,0.5007342143906021,0.4817492478357096,20460,20400,1444.0,838.0,2.412109375,2.373046875,0.0390625,0.4773862063884735,
convnextv2_tiny,tcga-ut,frozen,True,3,general,d4_color,vote,,40860,0.4988497307880568,0.4788369557699395,20383,20477,1250.0,721.0,2.412109375,2.373046875,0.0390625,0.4773862063884735,
convnextv2_tiny,tcga-ut,frozen,True,3,general,d4_color,confidence,,40860,0.500709740577582,0.48173317348809364,20459,20401,1472.0,867.0,2.412109375,2.373046875,0.0390625,0.4773862063884735,
convnextv2_tiny,tcga-ut,frozen,True,42,general,none,mean,,40860,0.4727851199216838,0.4519428900796128,19318,21542,,,2.31640625,2.31640625,0.0,1.0,
convnextv2_tiny,tcga-ut,frozen,True,42,general,flips,mean,,40860,0.48144884973078805,0.45971809576797057,19672,21188,1339.0,985.0,2.341796875,2.31640625,0.025390625,0.6480420827865601,
convnextv2_tiny,tcga-ut,frozen,True,42,general,flips,vote,,40860,0.4804943710230054,0.4563189516147196,19633,21227,1276.0,961.0,2.341796875,2.31640625,0.025390625,0.6480420827865601,
convnextv2_tiny,tcga-ut,frozen,True,42,general,flips,confidence,,40860,0.481424375917768,0.4594962471623416,19671,21189,1342.0,989.0,2.341796875,2.31640625,0.025390625,0.6480420827865601,
convnextv2_tiny,tcga-ut,frozen,True,42,general,d4,mean,,40860,0.48656387665198236,0.4643679870932932,19881,20979,1718.0,1155.0,2.35546875,2.318359375,0.037109375,0.5142682194709778,
convnextv2_tiny,tcga-ut,frozen,True,42,general,d4,vote,,40860,0.48534018600097895,0.46166972492389285,19831,21029,1649.0,1136.0,2.35546875,2.318359375,0.037109375,0.5142682194709778,
convnextv2_tiny,tcga-ut,frozen,True,42,general,d4,confidence,,40860,0.4862701908957416,0.46412406056999594,19869,20991,1718.0,1167.0,2.35546875,2.318359375,0.037109375,0.5142682194709778,
convnextv2_tiny,tcga-ut,frozen,True,42,general,d4_color,mean,,40860,0.48715124816446403,0.46568137039359386,19905,20955,1388.0,801.0,2.359375,2.31640625,0.04296875,0.4748164415359497,
convnextv2_tiny,tcga-ut,frozen,True,42,general,d4_color,vote,,40860,0.4860009789525208,0.46473190127573377,19858,21002,1213.0,673.0,2.359375,2.31640625,0.04296875,0.4748164415359497,
convnextv2_tiny,tcga-ut,frozen,True,42,general,d4_color,confidence,,40860,0.48722466960352423,0.4659439707526489,19908,20952,1421.0,831.0,2.359375,2.31640625,0.04296875,0.4748164415359497,
convnextv2_tiny,tcga-ut,frozen,False,42,general,none,mean,,40860,0.496769456681351,0.4707994755935352,20298,20562,,,2.2734375,2.2734375,0.0,1.0,
convnextv2_tiny,tcga-ut,frozen,False,42,general,flips,mean,,40860,0.5094958394517866,0.4834960410705975,20818,20042,1443.0,923.0,2.30078125,2.275390625,0.025390625,0.6537689566612244,
convnextv2_tiny,tcga-ut,frozen,False,42,general,flips,vote,,40860,0.5063631913852178,0.477391621331937,20690,20170,1329.0,937.0,2.30078125,2.275390625,0.025390625,0.6537689566612244,
convnextv2_tiny,tcga-ut,frozen,False,42,general,flips,confidence,,40860,0.509300048947626,0.4831704788161466,20810,20050,1447.0,935.0,2.30078125,2.275390625,0.025390625,0.6537689566612244,
convnextv2_tiny,tcga-ut,frozen,False,42,general,d4,mean,,40860,0.5145129711209007,0.4893686198595021,21023,19837,1818.0,1093.0,2.31640625,2.275390625,0.041015625,0.5205090641975403,
convnextv2_tiny,tcga-ut,frozen,False,42,general,d4,vote,,40860,0.5136563876651983,0.4855679814014557,20988,19872,1764.0,1074.0,2.31640625,2.275390625,0.041015625,0.5205090641975403,
convnextv2_tiny,tcga-ut,frozen,False,42,general,d4,confidence,,40860,0.5142682329906999,0.48899561403288905,21013,19847,1836.0,1121.0,2.31640625,2.275390625,0.041015625,0.5205090641975403,
convnextv2_tiny,tcga-ut,frozen,False,42,general,d4_color,mean,,40860,0.5134116495349975,0.4878017546851423,20978,19882,1435.0,755.0,2.32421875,2.27734375,0.046875,0.4602789878845215,
convnextv2_tiny,tcga-ut,frozen,False,42,general,d4_color,vote,,40860,0.5115761135584924,0.4852914005541212,20903,19957,1299.0,694.0,2.32421875,2.27734375,0.046875,0.4602789878845215,
convnextv2_tiny,tcga-ut,frozen,False,42,general,d4_color,confidence,,40860,0.5125305922662751,0.48745694813982277,20942,19918,1448.0,804.0,2.32421875,2.27734375,0.046875,0.4602789878845215,
d4wrn,tcga-ut,finetuned,True,0,equivariant,none,mean,,40860,0.7618942731277533,0.7063874292963084,31131,9729,,,,,,1.0,
d4wrn,tcga-ut,finetuned,True,0,equivariant,flips,mean,,40860,0.7629221732745962,0.7069542843827935,31173,9687,300.0,258.0,,,,0.9345570206642151,
d4wrn,tcga-ut,finetuned,True,0,equivariant,flips,vote,,40860,0.7616740088105727,0.7050455704412275,31122,9738,249.0,258.0,,,,0.9345570206642151,
d4wrn,tcga-ut,finetuned,True,0,equivariant,flips,confidence,,40860,0.7628732256485561,0.7067961639119069,31171,9689,302.0,262.0,,,,0.9345570206642151,
d4wrn,tcga-ut,finetuned,True,0,equivariant,d4,mean,,40860,0.7629221732745962,0.7069542843827935,31173,9687,300.0,258.0,,,,0.9345080852508545,
d4wrn,tcga-ut,finetuned,True,0,equivariant,d4,vote,,40860,0.7616984826235927,0.7050751896645624,31123,9737,250.0,258.0,,,,0.9345080852508545,
d4wrn,tcga-ut,finetuned,True,0,equivariant,d4,confidence,,40860,0.7628976994615762,0.7068092238570551,31172,9688,303.0,262.0,,,,0.9345080852508545,
d4wrn,tcga-ut,finetuned,True,0,equivariant,d4_color,mean,,40860,0.7630445423396965,0.7073801055550651,31178,9682,239.0,192.0,,,,0.9073910713195801,
d4wrn,tcga-ut,finetuned,True,0,equivariant,d4_color,vote,,40860,0.7622858541360744,0.7064035517928661,31147,9713,192.0,176.0,,,,0.9073910713195801,
d4wrn,tcga-ut,finetuned,True,0,equivariant,d4_color,confidence,,40860,0.7628732256485561,0.7072571024146626,31171,9689,240.0,200.0,,,,0.9073910713195801,
d4wrn,tcga-ut,finetuned,True,1,equivariant,none,mean,,40860,0.7444199706314244,0.6764698316497285,30417,10443,,,2.056640625,2.056640625,0.0,1.0,
d4wrn,tcga-ut,finetuned,True,1,equivariant,flips,mean,,40860,0.7451541850220265,0.677165541474514,30447,10413,302.0,272.0,2.05859375,2.056640625,0.001953125,0.9382525682449341,
d4wrn,tcga-ut,finetuned,True,1,equivariant,flips,vote,,40860,0.744273127753304,0.6763763903826042,30411,10449,264.0,270.0,2.05859375,2.056640625,0.001953125,0.9382525682449341,
d4wrn,tcga-ut,finetuned,True,1,equivariant,flips,confidence,,40860,0.7451786588350465,0.6770805954121316,30448,10412,304.0,273.0,2.05859375,2.056640625,0.001953125,0.9382525682449341,
d4wrn,tcga-ut,finetuned,True,1,equivariant,d4,mean,,40860,0.7451541850220265,0.677091915267312,30447,10413,303.0,273.0,2.05859375,2.056640625,0.001953125,0.9381791353225708,
d4wrn,tcga-ut,finetuned,True,1,equivariant,d4,vote,,40860,0.744273127753304,0.6763464395750642,30411,10449,264.0,270.0,2.05859375,2.056640625,0.001953125,0.9381791353225708,
d4wrn,tcga-ut,finetuned,True,1,equivariant,d4,confidence,,40860,0.7451297112090064,0.6770585268739749,30446,10414,303.0,274.0,2.05859375,2.056640625,0.001953125,0.9381791353225708,
d4wrn,tcga-ut,finetuned,True,1,equivariant,d4_color,mean,,40860,0.7456436612824278,0.6773658753412862,30467,10393,252.0,202.0,2.060546875,2.05859375,0.001953125,0.8994371294975281,
d4wrn,tcga-ut,finetuned,True,1,equivariant,d4_color,vote,,40860,0.7450073421439061,0.676946161548662,30441,10419,217.0,193.0,2.060546875,2.05859375,0.001953125,0.8994371294975281,
d4wrn,tcga-ut,finetuned,True,1,equivariant,d4_color,confidence,,40860,0.7456436612824278,0.6775477621253415,30467,10393,256.0,206.0,2.060546875,2.05859375,0.001953125,0.8994371294975281,
d4wrn,tcga-ut,finetuned,True,2,equivariant,none,mean,,40860,0.7606216348507098,0.7033731932600582,31079,9781,,,,,,1.0,0.22846547937603248
d4wrn,tcga-ut,finetuned,True,2,equivariant,flips,mean,,40860,0.7623348017621145,0.7060844787332987,31149,9711,283.0,213.0,,,,0.9364659786224365,0.23065712546462003
d4wrn,tcga-ut,finetuned,True,2,equivariant,flips,vote,,40860,0.7610376896720509,0.703809552682299,31096,9764,243.0,226.0,,,,0.9364659786224365,0.2176089084679393
d4wrn,tcga-ut,finetuned,True,2,equivariant,flips,confidence,,40860,0.7624326970141948,0.7062361667732447,31153,9707,285.0,211.0,,,,0.9364659786224365,0.2295511284005216
d4wrn,tcga-ut,finetuned,True,2,equivariant,d4,mean,,40860,0.7623592755751346,0.7060935655120356,31150,9710,283.0,212.0,,,,0.9362701773643494,0.2306898836872476
d4wrn,tcga-ut,finetuned,True,2,equivariant,d4,vote,,40860,0.7610621634850709,0.7037812531210592,31097,9763,243.0,225.0,,,,0.9362701773643494,0.21756302006852665
d4wrn,tcga-ut,finetuned,True,2,equivariant,d4,confidence,,40860,0.7624571708272149,0.7063339184838997,31154,9706,286.0,211.0,,,,0.9362701773643494,0.22959076988306104
d4wrn,tcga-ut,finetuned,True,2,equivariant,d4_color,mean,,40860,0.7623592755751346,0.7060935655120356,31150,9710,283.0,212.0,,,,0.9362701773643494,0.2306898836872476
d4wrn,tcga-ut,finetuned,True,2,equivariant,d4_color,vote,,40860,0.7610621634850709,0.7037812531210592,31097,9763,243.0,225.0,,,,0.9362701773643494,0.21756302006852665
d4wrn,tcga-ut,finetuned,True,2,equivariant,d4_color,confidence,,40860,0.7624571708272149,0.7063339184838997,31154,9706,286.0,211.0,,,,0.9362701773643494,0.22959076988306104
d4wrn,tcga-ut,finetuned,True,42,equivariant,none,mean,,40860,0.7631179637787567,0.6974410470864227,31181,9679,,,1.984375,1.984375,0.0,1.0,
d4wrn,tcga-ut,finetuned,True,42,equivariant,flips,mean,,40860,0.7649779735682819,0.7004259802598192,31257,9603,310.0,234.0,1.986328125,1.984375,0.001953125,0.9372246861457825,
d4wrn,tcga-ut,finetuned,True,42,equivariant,flips,vote,,40860,0.763558492413118,0.6978569862279349,31199,9661,270.0,252.0,1.986328125,1.984375,0.001953125,0.9372246861457825,
d4wrn,tcga-ut,finetuned,True,42,equivariant,flips,confidence,,40860,0.7649045521292217,0.7003838533637835,31254,9606,307.0,234.0,1.986328125,1.984375,0.001953125,0.9372246861457825,
d4wrn,tcga-ut,finetuned,True,42,equivariant,d4,mean,,40860,0.765002447381302,0.7004576058132663,31258,9602,310.0,233.0,1.986328125,1.984375,0.001953125,0.9370778203010559,
d4wrn,tcga-ut,finetuned,True,42,equivariant,d4,vote,,40860,0.7635829662261381,0.6978728769001102,31200,9660,270.0,251.0,1.986328125,1.984375,0.001953125,0.9370778203010559,
d4wrn,tcga-ut,finetuned,True,42,equivariant,d4,confidence,,40860,0.7648800783162016,0.7003318242274672,31253,9607,307.0,235.0,1.986328125,1.984375,0.001953125,0.9370778203010559,
d4wrn,tcga-ut,finetuned,True,42,equivariant,d4_color,mean,,40860,0.7645374449339207,0.6997605194494659,31239,9621,246.0,188.0,1.9873046875,1.984375,0.0029296875,0.9113313555717468,
d4wrn,tcga-ut,finetuned,True,42,equivariant,d4_color,vote,,40860,0.7646108663729809,0.6998768178390942,31242,9618,209.0,148.0,1.9873046875,1.984375,0.0029296875,0.9113313555717468,
d4wrn,tcga-ut,finetuned,True,42,equivariant,d4_color,confidence,,40860,0.7648066568771414,0.7000809858626476,31250,9610,256.0,187.0,1.9873046875,1.984375,0.0029296875,0.9113313555717468,
d4wrn,tcga-ut,finetuned,False,42,equivariant,none,mean,,40860,0.7697748409202154,0.7040631949580413,31453,9407,,,1.9755859375,1.9755859375,0.0,1.0,
d4wrn,tcga-ut,finetuned,False,42,equivariant,flips,mean,,40860,0.7730298580518845,0.7079364959761263,31586,9274,540.0,407.0,1.9833984375,1.9755859375,0.0078125,0.8872246742248535,
d4wrn,tcga-ut,finetuned,False,42,equivariant,flips,vote,,40860,0.7724180127263828,0.7074666449173503,31561,9299,506.0,398.0,1.9833984375,1.9755859375,0.0078125,0.8872246742248535,
d4wrn,tcga-ut,finetuned,False,42,equivariant,flips,confidence,,40860,0.7729809104258444,0.707343093145879,31584,9276,540.0,409.0,1.9833984375,1.9755859375,0.0078125,0.8872246742248535,
d4wrn,tcga-ut,finetuned,False,42,equivariant,d4,mean,,40860,0.7729809104258444,0.7079059293457045,31584,9276,539.0,408.0,1.9833984375,1.9755859375,0.0078125,0.8871512413024902,
d4wrn,tcga-ut,finetuned,False,42,equivariant,d4,vote,,40860,0.7724669603524229,0.7075069832060519,31563,9297,507.0,397.0,1.9833984375,1.9755859375,0.0078125,0.8871512413024902,
d4wrn,tcga-ut,finetuned,False,42,equivariant,d4,confidence,,40860,0.7729809104258444,0.707343093145879,31584,9276,540.0,409.0,1.9833984375,1.9755859375,0.0078125,0.8871512413024902,
d4wrn,tcga-ut,finetuned,False,42,equivariant,d4_color,mean,,40860,0.7721732745961821,0.7051821058922404,31551,9309,608.0,510.0,2.16015625,,,0.4445912837982178,
d4wrn,tcga-ut,finetuned,False,42,equivariant,d4_color,vote,,40860,0.7733235438081253,0.7074711552114079,31598,9262,499.0,354.0,2.16015625,,,0.4445912837982178,
d4wrn,tcga-ut,finetuned,False,42,equivariant,d4_color,confidence,,40860,0.7675232501223691,0.700183996883053,31361,9499,680.0,772.0,2.16015625,,,0.4445912837982178,
dinov2_b,tcga-ut,finetuned,True,0,general,none,mean,,40860,0.7326480665687715,0.6387510439864916,29936,10924,,,1.6416015625,1.6416015625,0.0,1.0,
dinov2_b,tcga-ut,finetuned,True,0,general,flips,mean,,40860,0.7379344101811062,0.6440313027315709,30152,10708,801.0,585.0,1.6669921875,1.6416015625,0.025390625,0.8434165716171265,
dinov2_b,tcga-ut,finetuned,True,0,general,flips,vote,,40860,0.736441507586882,0.6413558870787353,30091,10769,737.0,582.0,1.6669921875,1.6416015625,0.025390625,0.8434165716171265,
dinov2_b,tcga-ut,finetuned,True,0,general,flips,confidence,,40860,0.7379099363680861,0.6439865091377638,30151,10709,821.0,606.0,1.6669921875,1.6416015625,0.025390625,0.8434165716171265,
dinov2_b,tcga-ut,finetuned,True,0,general,d4,mean,,40860,0.7402838962310327,0.6473390175108115,30248,10612,950.0,638.0,1.6748046875,1.6416015625,0.033203125,0.7850954532623291,
dinov2_b,tcga-ut,finetuned,True,0,general,d4,vote,,40860,0.7383259911894273,0.6435704581217697,30168,10692,885.0,653.0,1.6748046875,1.6416015625,0.033203125,0.7850954532623291,
dinov2_b,tcga-ut,finetuned,True,0,general,d4,confidence,,40860,0.7409691629955947,0.6483072355374646,30276,10584,987.0,647.0,1.6748046875,1.6416015625,0.033203125,0.7850954532623291,
dinov2_b,tcga-ut,finetuned,True,0,general,d4_color,mean,,40860,0.7387420460107684,0.6447640077934262,30185,10675,706.0,457.0,1.67578125,1.642578125,0.033203125,0.7703377604484558,
dinov2_b,tcga-ut,finetuned,True,0,general,d4_color,vote,,40860,0.7374449339207049,0.6421897469227614,30132,10728,594.0,398.0,1.67578125,1.642578125,0.033203125,0.7703377604484558,
dinov2_b,tcga-ut,finetuned,True,0,general,d4_color,confidence,,40860,0.7394028389623103,0.6463093275350924,30212,10648,749.0,473.0,1.67578125,1.642578125,0.033203125,0.7703377604484558,
dinov2_b,tcga-ut,finetuned,True,1,general,none,mean,,40860,0.7290504160548213,0.657009782796084,29789,11071,,,1.6767578125,1.6767578125,0.0,1.0,
dinov2_b,tcga-ut,finetuned,True,1,general,flips,mean,,40860,0.7363191385217817,0.6647592170439792,30086,10774,909.0,612.0,1.703125,1.677734375,0.025390625,0.8252814412117004,
dinov2_b,tcga-ut,finetuned,True,1,general,flips,vote,,40860,0.7334801762114538,0.6584737732620132,29970,10890,834.0,653.0,1.703125,1.677734375,0.025390625,0.8252814412117004,
dinov2_b,tcga-ut,finetuned,True,1,general,flips,confidence,,40860,0.7364904552129222,0.6653381933028453,30093,10767,927.0,623.0,1.703125,1.677734375,0.025390625,0.8252814412117004,
dinov2_b,tcga-ut,finetuned,True,1,general,d4,mean,,40860,0.737860988742046,0.6655846615574149,30149,10711,1040.0,680.0,1.7099609375,1.677734375,0.0322265625,0.7652227282524109,
dinov2_b,tcga-ut,finetuned,True,1,general,d4,vote,,40860,0.7357317670093001,0.6610816554036748,30062,10798,973.0,700.0,1.7099609375,1.677734375,0.0322265625,0.7652227282524109,
dinov2_b,tcga-ut,finetuned,True,1,general,d4,confidence,,40860,0.737493881546745,0.6661632968565487,30134,10726,1053.0,708.0,1.7099609375,1.677734375,0.0322265625,0.7652227282524109,
dinov2_b,tcga-ut,finetuned,True,1,general,d4_color,mean,,40860,0.7358786098874205,0.6644309597423822,30068,10792,763.0,484.0,1.7109375,1.677734375,0.033203125,0.7503916025161743,
dinov2_b,tcga-ut,finetuned,True,1,general,d4_color,vote,,40860,0.7353891336270191,0.6619683955180526,30048,10812,677.0,418.0,1.7109375,1.677734375,0.033203125,0.7503916025161743,
dinov2_b,tcga-ut,finetuned,True,1,general,d4_color,confidence,,40860,0.7361967694566813,0.665330890912845,30081,10779,807.0,515.0,1.7109375,1.677734375,0.033203125,0.7503916025161743,
dinov2_b,tcga-ut,finetuned,True,2,general,none,mean,,40860,0.7382770435633872,0.6433495257628354,30166,10694,,,1.6650390625,1.6650390625,0.0,1.0,
dinov2_b,tcga-ut,finetuned,True,2,general,flips,mean,,40860,0.7441507586882036,0.6492194086282552,30406,10454,761.0,521.0,1.6875,1.6640625,0.0234375,0.8473323583602905,
dinov2_b,tcga-ut,finetuned,True,2,general,flips,vote,,40860,0.7419725893294176,0.6450845466537484,30317,10543,703.0,552.0,1.6875,1.6640625,0.0234375,0.8473323583602905,
dinov2_b,tcga-ut,finetuned,True,2,general,flips,confidence,,40860,0.7445178658835047,0.6500108026957725,30421,10439,789.0,534.0,1.6875,1.6640625,0.0234375,0.8473323583602905,
dinov2_b,tcga-ut,finetuned,True,2,general,d4,mean,,40860,0.7445178658835047,0.6491396524015968,30421,10439,868.0,613.0,1.6943359375,1.6640625,0.0302734375,0.7946646809577942,
dinov2_b,tcga-ut,finetuned,True,2,general,d4,vote,,40860,0.7433431228585413,0.6466976244028125,30373,10487,810.0,603.0,1.6943359375,1.6640625,0.0302734375,0.7946646809577942,
dinov2_b,tcga-ut,finetuned,True,2,general,d4,confidence,,40860,0.7447870778267254,0.6495655698364144,30432,10428,883.0,617.0,1.6943359375,1.6640625,0.0302734375,0.7946646809577942,
dinov2_b,tcga-ut,finetuned,True,2,general,d4_color,mean,,40860,0.7442486539402839,0.6495909113668515,30410,10450,649.0,405.0,1.6953125,1.6650390625,0.0302734375,0.7823788523674011,
dinov2_b,tcga-ut,finetuned,True,2,general,d4_color,vote,,40860,0.7436857562408223,0.6475903648205,30387,10473,579.0,358.0,1.6953125,1.6650390625,0.0302734375,0.7823788523674011,
dinov2_b,tcga-ut,finetuned,True,2,general,d4_color,confidence,,40860,0.7439794419970631,0.6496079876680239,30399,10461,682.0,449.0,1.6953125,1.6650390625,0.0302734375,0.7823788523674011,
dinov2_b,tcga-ut,finetuned,True,3,general,none,mean,,40860,0.7412383749388155,0.6477483571795407,30287,10573,,,1.6494140625,1.6494140625,0.0,1.0,
dinov2_b,tcga-ut,finetuned,True,3,general,flips,mean,,40860,0.7479441997063142,0.6550082390464169,30561,10299,864.0,590.0,1.67578125,1.6494140625,0.0263671875,0.8410670757293701,
dinov2_b,tcga-ut,finetuned,True,3,general,flips,vote,,40860,0.7468918257464513,0.6521386913839039,30518,10342,815.0,584.0,1.67578125,1.6494140625,0.0263671875,0.8410670757293701,
dinov2_b,tcga-ut,finetuned,True,3,general,flips,confidence,,40860,0.7484336759667156,0.6564153259532637,30581,10279,889.0,595.0,1.67578125,1.6494140625,0.0263671875,0.8410670757293701,
dinov2_b,tcga-ut,finetuned,True,3,general,d4,mean,,40860,0.7491189427312775,0.6568463001525237,30609,10251,971.0,649.0,1.681640625,1.6494140625,0.0322265625,0.7876407504081726,
dinov2_b,tcga-ut,finetuned,True,3,general,d4,vote,,40860,0.7478218306412139,0.6535228751677735,30556,10304,926.0,657.0,1.681640625,1.6494140625,0.0322265625,0.7876407504081726,
dinov2_b,tcga-ut,finetuned,True,3,general,d4,confidence,,40860,0.7494860499265785,0.6578380493198467,30624,10236,992.0,655.0,1.681640625,1.6494140625,0.0322265625,0.7876407504081726,
dinov2_b,tcga-ut,finetuned,True,3,general,d4_color,mean,,40860,0.7477728830151738,0.6550225413162942,30554,10306,714.0,447.0,1.6826171875,1.650390625,0.0322265625,0.7736662030220032,
dinov2_b,tcga-ut,finetuned,True,3,general,d4_color,vote,,40860,0.7466470876162506,0.6530789654352317,30508,10352,617.0,396.0,1.6826171875,1.650390625,0.0322265625,0.7736662030220032,
dinov2_b,tcga-ut,finetuned,True,3,general,d4_color,confidence,,40860,0.747846304454234,0.6559296426987202,30557,10303,746.0,476.0,1.6826171875,1.650390625,0.0322265625,0.7736662030220032,
dinov2_b,tcga-ut,finetuned,True,42,general,none,mean,,40860,0.731448849730788,0.6433568032274953,29887,10973,,,1.6875,1.6875,0.0,1.0,
dinov2_b,tcga-ut,finetuned,True,42,general,flips,mean,,40860,0.7363925599608419,0.6484250220569419,30089,10771,799.0,597.0,1.7119140625,1.6875,0.0244140625,0.8365638852119446,
dinov2_b,tcga-ut,finetuned,True,42,general,flips,vote,,40860,0.7345814977973568,0.6443692693374744,30015,10845,731.0,603.0,1.7119140625,1.6875,0.0244140625,0.8365638852119446,
dinov2_b,tcga-ut,finetuned,True,42,general,flips,confidence,,40860,0.7361478218306412,0.6479999814010408,30079,10781,819.0,627.0,1.7119140625,1.6875,0.0244140625,0.8365638852119446,
dinov2_b,tcga-ut,finetuned,True,42,general,d4,mean,,40860,0.737151248164464,0.6501548069339792,30120,10740,905.0,672.0,1.7177734375,1.6875,0.0302734375,0.7801272869110107,
dinov2_b,tcga-ut,finetuned,True,42,general,d4,vote,,40860,0.7363191385217817,0.647051130706649,30086,10774,855.0,656.0,1.7177734375,1.6875,0.0302734375,0.7801272869110107,
dinov2_b,tcga-ut,finetuned,True,42,general,d4,confidence,,40860,0.7373470386686246,0.6512797447783594,30128,10732,925.0,684.0,1.7177734375,1.6875,0.0302734375,0.7801272869110107,
dinov2_b,tcga-ut,finetuned,True,42,general,d4_color,mean,,40860,0.7363436123348017,0.6495778875303595,30087,10773,667.0,467.0,1.7197265625,1.6884765625,0.03125,0.7651737928390503,
dinov2_b,tcga-ut,finetuned,True,42,general,d4_color,vote,,40860,0.7355115026921194,0.6469559734776728,30053,10807,575.0,409.0,1.7197265625,1.6884765625,0.03125,0.7651737928390503,
dinov2_b,tcga-ut,finetuned,True,42,general,d4_color,confidence,,40860,0.7366862457170827,0.6504882683829721,30101,10759,703.0,489.0,1.7197265625,1.6884765625,0.03125,0.7651737928390503,
dinov2_b,tcga-ut,frozen,True,0,general,none,mean,,40860,0.4711453744493392,0.4436489652067628,19251,21609,,,,,,1.0,
dinov2_b,tcga-ut,frozen,True,0,general,flips,mean,,40860,0.4790748898678414,0.45030582450061746,19575,21285,1190.0,866.0,,,,0.6827214956283569,
dinov2_b,tcga-ut,frozen,True,0,general,flips,vote,,40860,0.4812775330396476,0.4498968212205273,19665,21195,1202.0,788.0,,,,0.6827214956283569,
dinov2_b,tcga-ut,frozen,True,0,general,flips,confidence,,40860,0.479295154185022,0.4507531660137511,19584,21276,1202.0,869.0,,,,0.6827214956283569,
dinov2_b,tcga-ut,frozen,True,0,general,d4,mean,,40860,0.4835046500244738,0.4555310214694153,19756,21104,1504.0,999.0,,,,0.5586147904396057,
dinov2_b,tcga-ut,frozen,True,0,general,d4,vote,,40860,0.4837493881546745,0.4528851177303516,19766,21094,1455.0,940.0,,,,0.5586147904396057,
dinov2_b,tcga-ut,frozen,True,0,general,d4,confidence,,40860,0.4841899167890357,0.4568478203767502,19784,21076,1529.0,996.0,,,,0.5586147904396057,
dinov2_b,tcga-ut,frozen,True,0,general,d4_color,mean,,40860,0.48247674987763095,0.45575901814248004,19714,21146,1162.0,699.0,,,,0.539892315864563,
dinov2_b,tcga-ut,frozen,True,0,general,d4_color,vote,,40860,0.48022515907978464,0.45221019908199017,19622,21238,902.0,531.0,,,,0.539892315864563,
dinov2_b,tcga-ut,frozen,True,0,general,d4_color,confidence,,40860,0.4829172785119922,0.4560658608603024,19732,21128,1202.0,721.0,,,,0.539892315864563,
dinov2_b,tcga-ut,frozen,True,1,general,none,mean,,40860,0.5138766519823789,0.4463895093838281,20997,19863,,,,,,1.0,
dinov2_b,tcga-ut,frozen,True,1,general,flips,mean,,40860,0.5235193343122858,0.4557165934166345,21391,19469,1314.0,920.0,,,,0.6815956830978394,
dinov2_b,tcga-ut,frozen,True,1,general,flips,vote,,40860,0.5191140479686736,0.4502951008873425,21211,19649,1159.0,945.0,,,,0.6815956830978394,
dinov2_b,tcga-ut,frozen,True,1,general,flips,confidence,,40860,0.5236417033773862,0.45579698670955654,21396,19464,1322.0,923.0,,,,0.6815956830978394,
dinov2_b,tcga-ut,frozen,True,1,general,d4,mean,,40860,0.5273127753303964,0.4597323010323533,21546,19314,1635.0,1086.0,,,,0.5615271925926208,
dinov2_b,tcga-ut,frozen,True,1,general,d4,vote,,40860,0.5251101321585903,0.45607984736752827,21456,19404,1537.0,1078.0,,,,0.5615271925926208,
dinov2_b,tcga-ut,frozen,True,1,general,d4,confidence,,40860,0.527484092021537,0.4601305888817005,21553,19307,1656.0,1100.0,,,,0.5615271925926208,
dinov2_b,tcga-ut,frozen,True,1,general,d4_color,mean,,40860,0.5254038179148312,0.45722651842721806,21468,19392,1261.0,790.0,,,,0.5426578521728516,
dinov2_b,tcga-ut,frozen,True,1,general,d4_color,vote,,40860,0.5240577581987274,0.4550000042846974,21413,19447,1016.0,600.0,,,,0.5426578521728516,
dinov2_b,tcga-ut,frozen,True,1,general,d4_color,confidence,,40860,0.5258932941752325,0.4581514385727466,21488,19372,1311.0,820.0,,,,0.5426578521728516,
dinov2_b,tcga-ut,frozen,True,2,general,none,mean,,40860,0.5371757219774841,0.5182620957402679,21949,18911,,,,,,1.0,
dinov2_b,tcga-ut,frozen,True,2,general,flips,mean,,40860,0.5479197258932942,0.528595121757892,22388,18472,1364.0,925.0,,,,0.6827949285507202,
dinov2_b,tcga-ut,frozen,True,2,general,flips,vote,,40860,0.5449583945178659,0.5243315585551971,22267,18593,1239.0,921.0,,,,0.6827949285507202,
dinov2_b,tcga-ut,frozen,True,2,general,flips,confidence,,40860,0.5480910425844346,0.5286742741228918,22395,18465,1384.0,938.0,,,,0.6827949285507202,
dinov2_b,tcga-ut,frozen,True,2,general,d4,mean,,40860,0.5513215859030837,0.5292395733408496,22527,18333,1664.0,1086.0,,,,0.5664219260215759,
dinov2_b,tcga-ut,frozen,True,2,general,d4,vote,,40860,0.5511992168379833,0.5292849776106427,22522,18338,1614.0,1041.0,,,,0.5664219260215759,
dinov2_b,tcga-ut,frozen,True,2,general,d4,confidence,,40860,0.5517131669114048,0.5289812083666448,22543,18317,1682.0,1088.0,,,,0.5664219260215759,
dinov2_b,tcga-ut,frozen,True,2,general,d4_color,mean,,40860,0.5507342143906021,0.5302571763142682,22503,18357,1314.0,760.0,,,,0.5476505160331726,
dinov2_b,tcga-ut,frozen,True,2,general,d4_color,vote,,40860,0.549657366617719,0.5299082543710711,22459,18401,1075.0,565.0,,,,0.5476505160331726,
dinov2_b,tcga-ut,frozen,True,2,general,d4_color,confidence,,40860,0.5514684287812041,0.5302720071527613,22533,18327,1365.0,781.0,,,,0.5476505160331726,
dinov2_b,tcga-ut,frozen,True,3,general,none,mean,,40860,0.5268477728830152,0.46876275777564896,21527,19333,,,,,,1.0,
dinov2_b,tcga-ut,frozen,True,3,general,flips,mean,,40860,0.5366372980910425,0.47723705422022683,21927,18933,1283.0,883.0,,,,0.6847283244132996,
dinov2_b,tcga-ut,frozen,True,3,general,flips,vote,,40860,0.5313020068526676,0.47039606283391555,21709,19151,1125.0,943.0,,,,0.6847283244132996,
dinov2_b,tcga-ut,frozen,True,3,general,flips,confidence,,40860,0.5366372980910425,0.47693598947590077,21927,18933,1285.0,885.0,,,,0.6847283244132996,
dinov2_b,tcga-ut,frozen,True,3,general,d4,mean,,40860,0.5397454723445912,0.4810712091171596,22054,18806,1585.0,1058.0,,,,0.5678659081459045,
dinov2_b,tcga-ut,frozen,True,3,general,d4,vote,,40860,0.5369554576603035,0.47690846703073747,21940,18920,1479.0,1066.0,,,,0.5678659081459045,
dinov2_b,tcga-ut,frozen,True,3,general,d4,confidence,,40860,0.5394762604013705,0.48012606851238315,22043,18817,1584.0,1068.0,,,,0.5678659081459045,
dinov2_b,tcga-ut,frozen,True,3,general,d4_color,mean,,40860,0.5383259911894274,0.480549050482842,21996,18864,1215.0,746.0,2.234375,,,0.5488986968994141,
dinov2_b,tcga-ut,frozen,True,3,general,d4_color,vote,,40860,0.5352178169358787,0.47657552242327567,21869,18991,940.0,598.0,2.234375,,,0.5488986968994141,
dinov2_b,tcga-ut,frozen,True,3,general,d4_color,confidence,,40860,0.5390846793930494,0.4804804349261741,22027,18833,1271.0,771.0,2.234375,,,0.5488986968994141,
dinov2_b,tcga-ut,frozen,True,42,general,none,mean,,40860,0.5387909936368086,0.5154467895963352,22015,18845,,,,,,1.0,
dinov2_b,tcga-ut,frozen,True,42,general,flips,mean,,40860,0.5500734214390602,0.5269322291905569,22476,18384,1380.0,919.0,,,,0.6855849027633667,
dinov2_b,tcga-ut,frozen,True,42,general,flips,vote,,40860,0.5461331375428292,0.5218475191030506,22315,18545,1207.0,907.0,,,,0.6855849027633667,
dinov2_b,tcga-ut,frozen,True,42,general,flips,confidence,,40860,0.5500244738130201,0.5260050065373336,22474,18386,1390.0,931.0,,,,0.6855849027633667,
dinov2_b,tcga-ut,frozen,True,42,general,d4,mean,,40860,0.5543318649045521,0.5297317770930623,22650,18210,1670.0,1035.0,2.37890625,,,0.568379819393158,
dinov2_b,tcga-ut,frozen,True,42,general,d4,vote,,40860,0.5527900146842878,0.5277414921021271,22587,18273,1571.0,999.0,2.37890625,,,0.568379819393158,
dinov2_b,tcga-ut,frozen,True,42,general,d4,confidence,,40860,0.5544297601566324,0.5292273463973588,22654,18206,1679.0,1040.0,2.37890625,,,0.568379819393158,
dinov2_b,tcga-ut,frozen,True,42,general,d4_color,mean,,40860,0.5524718551150269,0.527307078974664,22574,18286,1310.0,751.0,,,,0.5502447485923767,
dinov2_b,tcga-ut,frozen,True,42,general,d4_color,vote,,40860,0.5504650024473813,0.526143489207948,22492,18368,1030.0,553.0,,,,0.5502447485923767,
dinov2_b,tcga-ut,frozen,True,42,general,d4_color,confidence,,40860,0.5524718551150269,0.5268820236821103,22574,18286,1335.0,776.0,,,,0.5502447485923767,
dinov2_s,tcga-ut,finetuned,True,0,general,none,mean,,40860,0.7108174253548702,0.6256953309485125,29044,11816,,,1.7216796875,1.7216796875,0.0,1.0,
dinov2_s,tcga-ut,finetuned,True,0,general,flips,mean,,40860,0.7167400881057269,0.6332628854654391,29286,11574,870.0,628.0,1.7431640625,1.720703125,0.0224609375,0.826089084148407,
dinov2_s,tcga-ut,finetuned,True,0,general,flips,vote,,40860,0.7150513950073422,0.6298686294050424,29217,11643,815.0,642.0,1.7431640625,1.720703125,0.0224609375,0.826089084148407,
dinov2_s,tcga-ut,finetuned,True,0,general,flips,confidence,,40860,0.7161282427802251,0.6327658698300127,29261,11599,877.0,660.0,1.7431640625,1.720703125,0.0224609375,0.826089084148407,
dinov2_s,tcga-ut,finetuned,True,0,general,d4,mean,,40860,0.7182574645129711,0.6338198245588897,29348,11512,980.0,676.0,1.75,1.7216796875,0.0283203125,0.7639990448951721,
dinov2_s,tcga-ut,finetuned,True,0,general,d4,vote,,40860,0.7167645619187469,0.6304394101749928,29287,11573,931.0,688.0,1.75,1.7216796875,0.0283203125,0.7639990448951721,
dinov2_s,tcga-ut,finetuned,True,0,general,d4,confidence,,40860,0.718575624082232,0.6347508848652514,29361,11499,1008.0,691.0,1.75,1.7216796875,0.0283203125,0.7639990448951721,
dinov2_s,tcga-ut,finetuned,True,0,general,d4_color,mean,,40860,0.7172785119921684,0.6328779508493685,29308,11552,753.0,489.0,1.7509765625,1.7216796875,0.029296875,0.7472099661827087,
dinov2_s,tcga-ut,finetuned,True,0,general,d4_color,vote,,40860,0.7166911404796867,0.6315278383662731,29284,11576,658.0,418.0,1.7509765625,1.7216796875,0.029296875,0.7472099661827087,
dinov2_s,tcga-ut,finetuned,True,0,general,d4_color,confidence,,40860,0.7174253548702888,0.6333043586728647,29314,11546,784.0,514.0,1.7509765625,1.7216796875,0.029296875,0.7472099661827087,
dinov2_s,tcga-ut,finetuned,True,1,general,none,mean,,40860,0.718918257464513,0.6274456513123332,29375,11485,,,1.7060546875,1.7060546875,0.0,1.0,
dinov2_s,tcga-ut,finetuned,True,1,general,flips,mean,,40860,0.725379344101811,0.634939103870961,29639,11221,880.0,616.0,1.7294921875,1.70703125,0.0224609375,0.8311796188354492,
dinov2_s,tcga-ut,finetuned,True,1,general,flips,vote,,40860,0.7221732745961821,0.6314110696947437,29508,11352,784.0,651.0,1.7294921875,1.70703125,0.0224609375,0.8311796188354492,
dinov2_s,tcga-ut,finetuned,True,1,general,flips,confidence,,40860,0.7254038179148311,0.6348517456417606,29640,11220,893.0,628.0,1.7294921875,1.70703125,0.0224609375,0.8311796188354492,
dinov2_s,tcga-ut,finetuned,True,1,general,d4,mean,,40860,0.7258688203622125,0.6347827468582105,29659,11201,967.0,683.0,1.7353515625,1.7080078125,0.02734375,0.7742290496826172,
dinov2_s,tcga-ut,finetuned,True,1,general,d4,vote,,40860,0.7244738130200685,0.6328815002323867,29602,11258,923.0,696.0,1.7353515625,1.7080078125,0.02734375,0.7742290496826172,
dinov2_s,tcga-ut,finetuned,True,1,general,d4,confidence,,40860,0.7263582966226138,0.6354907169977094,29679,11181,993.0,689.0,1.7353515625,1.7080078125,0.02734375,0.7742290496826172,
dinov2_s,tcga-ut,finetuned,True,1,general,d4_color,mean,,40860,0.7254038179148311,0.6348529021263866,29640,11220,741.0,476.0,1.7373046875,1.7080078125,0.029296875,0.7581742405891418,
dinov2_s,tcga-ut,finetuned,True,1,general,d4_color,vote,,40860,0.7244003915810083,0.6338223109518663,29599,11261,652.0,428.0,1.7373046875,1.7080078125,0.029296875,0.7581742405891418,
dinov2_s,tcga-ut,finetuned,True,1,general,d4_color,confidence,,40860,0.7251346059716104,0.6349593335742398,29629,11231,774.0,520.0,1.7373046875,1.7080078125,0.029296875,0.7581742405891418,
dinov2_s,tcga-ut,finetuned,True,2,general,none,mean,,40860,0.7030102790014684,0.6136770359169278,28725,12135,,,1.7666015625,1.7666015625,0.0,1.0,
dinov2_s,tcga-ut,finetuned,True,2,general,flips,mean,,40860,0.706779246206559,0.6176547993485736,28879,11981,821.0,667.0,1.7880859375,1.7666015625,0.021484375,0.8208027482032776,
dinov2_s,tcga-ut,finetuned,True,2,general,flips,vote,,40860,0.706093979441997,0.6138224279891644,28851,12009,781.0,655.0,1.7880859375,1.7666015625,0.021484375,0.8208027482032776,
dinov2_s,tcga-ut,finetuned,True,2,general,flips,confidence,,40860,0.706412139011258,0.617797990039203,28864,11996,837.0,698.0,1.7880859375,1.7666015625,0.021484375,0.8208027482032776,
dinov2_s,tcga-ut,finetuned,True,2,general,d4,mean,,40860,0.7085413607440039,0.6189193007042724,28951,11909,956.0,730.0,1.7939453125,1.7666015625,0.02734375,0.7601811289787292,
dinov2_s,tcga-ut,finetuned,True,2,general,d4,vote,,40860,0.7075379344101811,0.616385596505649,28910,11950,919.0,734.0,1.7939453125,1.7666015625,0.02734375,0.7601811289787292,
dinov2_s,tcga-ut,finetuned,True,2,general,d4,confidence,,40860,0.7088839941262849,0.6198080387818822,28965,11895,974.0,734.0,1.7939453125,1.7666015625,0.02734375,0.7601811289787292,
dinov2_s,tcga-ut,finetuned,True,2,general,d4_color,mean,,40860,0.7080029368575624,0.61924355856449,28929,11931,726.0,522.0,1.7958984375,1.767578125,0.0283203125,0.7436123490333557,
dinov2_s,tcga-ut,finetuned,True,2,general,d4_color,vote,,40860,0.7070484581497798,0.6168047873269203,28890,11970,612.0,447.0,1.7958984375,1.767578125,0.0283203125,0.7436123490333557,
dinov2_s,tcga-ut,finetuned,True,2,general,d4_color,confidence,,40860,0.7081497797356828,0.6198005844581966,28935,11925,758.0,548.0,1.7958984375,1.767578125,0.0283203125,0.7436123490333557,
dinov2_s,tcga-ut,finetuned,True,3,general,none,mean,,40860,0.719995105237396,0.630889702133718,29419,11441,,,1.7431640625,1.7431640625,0.0,1.0,
dinov2_s,tcga-ut,finetuned,True,3,general,flips,mean,,40860,0.7258688203622125,0.6392700422496257,29659,11201,804.0,564.0,1.763671875,1.7431640625,0.0205078125,0.8343856930732727,
dinov2_s,tcga-ut,finetuned,True,3,general,flips,vote,,40860,0.7247919725893294,0.636562502417349,29615,11245,769.0,573.0,1.763671875,1.7431640625,0.0205078125,0.8343856930732727,
dinov2_s,tcga-ut,finetuned,True,3,general,flips,confidence,,40860,0.7258198727361723,0.6394743944763309,29657,11203,824.0,586.0,1.763671875,1.7431640625,0.0205078125,0.8343856930732727,
dinov2_s,tcga-ut,finetuned,True,3,general,d4,mean,,40860,0.7275330396475771,0.6411155827779398,29727,11133,940.0,632.0,1.7705078125,1.744140625,0.0263671875,0.7748164534568787,
dinov2_s,tcga-ut,finetuned,True,3,general,d4,vote,,40860,0.7276309348996574,0.6385786012142162,29731,11129,926.0,614.0,1.7705078125,1.744140625,0.0263671875,0.7748164534568787,
dinov2_s,tcga-ut,finetuned,True,3,general,d4,confidence,,40860,0.7277288301517376,0.6418764813468603,29735,11125,964.0,648.0,1.7705078125,1.744140625,0.0263671875,0.7748164534568787,
dinov2_s,tcga-ut,finetuned,True,3,general,d4_color,mean,,40860,0.7262359275575134,0.638430366504764,29674,11186,694.0,439.0,1.771484375,1.744140625,0.02734375,0.7574400305747986,
dinov2_s,tcga-ut,finetuned,True,3,general,d4_color,vote,,40860,0.7266519823788546,0.6374167766325168,29691,11169,625.0,353.0,1.771484375,1.744140625,0.02734375,0.7574400305747986,
dinov2_s,tcga-ut,finetuned,True,3,general,d4_color,confidence,,40860,0.7264561918746941,0.6395401507054455,29683,11177,740.0,476.0,1.771484375,1.744140625,0.02734375,0.7574400305747986,
dinov2_s,tcga-ut,finetuned,True,42,general,none,mean,,40860,0.7124571708272148,0.6360637084357182,29111,11749,,,1.75,1.75,0.0,1.0,0.12527986546094896
dinov2_s,tcga-ut,finetuned,True,42,general,flips,mean,,40860,0.7194077337249143,0.642980677597791,29395,11465,875.0,591.0,1.7705078125,1.75,0.0205078125,0.8261135816574097,0.13703096887380306
dinov2_s,tcga-ut,finetuned,True,42,general,d4,mean,,40860,0.7190406265296133,0.642523362360359,29380,11480,967.0,698.0,1.7763671875,1.75,0.0263671875,0.7600831985473633,0.13892048496390114
dinov2_s,tcga-ut,finetuned,False,42,general,none,mean,,40860,0.7330396475770925,0.6461041485208687,29952,10908,,,1.5771484375,1.5771484375,0.0,1.0,
dinov2_s,tcga-ut,finetuned,False,42,general,flips,mean,,40860,0.7417523250122369,0.6553268919435926,30308,10552,1010.0,654.0,1.6181640625,1.5751953125,0.04296875,0.8113558292388916,
dinov2_s,tcga-ut,finetuned,False,42,general,flips,vote,,40860,0.738913362701909,0.6501170451301371,30192,10668,919.0,679.0,1.6181640625,1.5751953125,0.04296875,0.8113558292388916,
dinov2_s,tcga-ut,finetuned,False,42,general,flips,confidence,,40860,0.741434165442976,0.6559697462823988,30295,10565,1030.0,687.0,1.6181640625,1.5751953125,0.04296875,0.8113558292388916,
dinov2_s,tcga-ut,finetuned,False,42,general,d4,mean,,40860,0.7433186490455213,0.6578293094055565,30372,10488,1163.0,743.0,1.62890625,1.57421875,0.0546875,0.7486539483070374,
dinov2_s,tcga-ut,finetuned,False,42,general,d4,vote,,40860,0.7412139011257954,0.6524551467748048,30286,10574,1074.0,740.0,1.62890625,1.57421875,0.0546875,0.7486539483070374,
dinov2_s,tcga-ut,finetuned,False,42,general,d4,confidence,,40860,0.7438325991189427,0.6595732804558572,30393,10467,1200.0,759.0,1.62890625,1.57421875,0.0546875,0.7486539483070374,
dinov2_s,tcga-ut,finetuned,False,42,general,d4_color,mean,,40860,0.7421928536465981,0.6568661969301757,30326,10534,1072.0,698.0,1.7333984375,1.5966796875,0.13671875,0.5116495490074158,
dinov2_s,tcga-ut,finetuned,False,42,general,d4_color,vote,,40860,0.7412383749388155,0.652001082381878,30287,10573,1006.0,671.0,1.7333984375,1.5966796875,0.13671875,0.5116495490074158,
dinov2_s,tcga-ut,finetuned,False,42,general,d4_color,confidence,,40860,0.7425844346549192,0.6597145095229034,30342,10518,1119.0,729.0,1.7333984375,1.5966796875,0.13671875,0.5116495490074158,
dinov2_s,tcga-ut,frozen,True,0,general,none,mean,,40860,0.49116495349975525,0.48216539670428865,20069,20791,,,2.46484375,2.46484375,0.0,1.0,
dinov2_s,tcga-ut,frozen,True,0,general,flips,mean,,40860,0.5000734214390602,0.4919738568064638,20433,20427,1378.0,1014.0,2.484375,2.46484375,0.01953125,0.6464757919311523,
dinov2_s,tcga-ut,frozen,True,0,general,flips,vote,,40860,0.4977484092021537,0.4882958327225542,20338,20522,1275.0,1006.0,2.484375,2.46484375,0.01953125,0.6464757919311523,
dinov2_s,tcga-ut,frozen,True,0,general,flips,confidence,,40860,0.5008810572687225,0.492095579155245,20466,20394,1410.0,1013.0,2.484375,2.46484375,0.01953125,0.6464757919311523,
dinov2_s,tcga-ut,frozen,True,0,general,d4,mean,,40860,0.5055555555555555,0.4974329212657499,20657,20203,1729.0,1141.0,2.494140625,2.466796875,0.02734375,0.522834062576294,
dinov2_s,tcga-ut,frozen,True,0,general,d4,vote,,40860,0.5033284385707293,0.49451847343007865,20566,20294,1618.0,1121.0,2.494140625,2.466796875,0.02734375,0.522834062576294,
dinov2_s,tcga-ut,frozen,True,0,general,d4,confidence,,40860,0.5059471365638767,0.4974383056986317,20673,20187,1749.0,1145.0,2.494140625,2.466796875,0.02734375,0.522834062576294,
dinov2_s,tcga-ut,frozen,True,0,general,d4_color,mean,,40860,0.5048702887909936,0.49870260052844084,20629,20231,1349.0,789.0,2.494140625,,,0.5023984313011169,
dinov2_s,tcga-ut,frozen,True,0,general,d4_color,vote,,40860,0.501419481155164,0.49536571052491374,20488,20372,1039.0,620.0,2.494140625,,,0.5023984313011169,
dinov2_s,tcga-ut,frozen,True,0,general,d4_color,confidence,,40860,0.5046744982868331,0.49776062364465495,20621,20239,1379.0,827.0,2.494140625,,,0.5023984313011169,
dinov2_s,tcga-ut,frozen,True,1,general,none,mean,,40860,0.4882770435633872,0.4398422764855275,19951,20909,,,2.322265625,2.322265625,0.0,1.0,
dinov2_s,tcga-ut,frozen,True,1,general,flips,mean,,40860,0.49725893294175233,0.4465503568479267,20318,20542,1327.0,960.0,2.34375,2.322265625,0.021484375,0.6651982665061951,
dinov2_s,tcga-ut,frozen,True,1,general,flips,vote,,40860,0.5000978952520803,0.4487425671279617,20434,20426,1299.0,816.0,2.34375,2.322265625,0.021484375,0.6651982665061951,
dinov2_s,tcga-ut,frozen,True,1,general,flips,confidence,,40860,0.49718551150269213,0.4460301272959394,20315,20545,1322.0,958.0,2.34375,2.322265625,0.021484375,0.6651982665061951,
dinov2_s,tcga-ut,frozen,True,1,general,d4,mean,,40860,0.5010279001468428,0.4507976711603152,20472,20388,1596.0,1075.0,2.35546875,2.32421875,0.03125,0.5407243967056274,
dinov2_s,tcga-ut,frozen,True,1,general,d4,vote,,40860,0.5022760646108664,0.45168325601411996,20523,20337,1587.0,1015.0,2.35546875,2.32421875,0.03125,0.5407243967056274,
dinov2_s,tcga-ut,frozen,True,1,general,d4,confidence,,40860,0.5008810572687225,0.4509795573698879,20466,20394,1607.0,1092.0,2.35546875,2.32421875,0.03125,0.5407243967056274,
dinov2_s,tcga-ut,frozen,True,1,general,d4_color,mean,,40860,0.5000978952520803,0.4504226668016386,20434,20426,1223.0,740.0,2.35546875,2.32421875,0.03125,0.5204111337661743,
dinov2_s,tcga-ut,frozen,True,1,general,d4_color,vote,,40860,0.49958394517865884,0.44895278892043966,20413,20447,1012.0,550.0,2.35546875,2.32421875,0.03125,0.5204111337661743,
dinov2_s,tcga-ut,frozen,True,1,general,d4_color,confidence,,40860,0.5002202643171806,0.4505732029132628,20439,20421,1266.0,778.0,2.35546875,2.32421875,0.03125,0.5204111337661743,
dinov2_s,tcga-ut,frozen,True,2,general,none,mean,,40860,0.5002447381302007,0.46847401825398405,20440,20420,,,2.40625,2.40625,0.0,1.0,
dinov2_s,tcga-ut,frozen,True,2,general,flips,mean,,40860,0.5086147821830641,0.47581091756211014,20782,20078,1314.0,972.0,2.42578125,2.40625,0.01953125,0.6546255350112915,
dinov2_s,tcga-ut,frozen,True,2,general,flips,vote,,40860,0.5086147821830641,0.4747730548256087,20782,20078,1260.0,918.0,2.42578125,2.40625,0.01953125,0.6546255350112915,
dinov2_s,tcga-ut,frozen,True,2,general,flips,confidence,,40860,0.5086147821830641,0.47598255902447345,20782,20078,1321.0,979.0,2.42578125,2.40625,0.01953125,0.6546255350112915,
dinov2_s,tcga-ut,frozen,True,2,general,d4,mean,,40860,0.5129221732745962,0.4815582437894458,20958,19902,1621.0,1103.0,2.4375,2.408203125,0.029296875,0.5301272869110107,
dinov2_s,tcga-ut,frozen,True,2,general,d4,vote,,40860,0.5129711209006363,0.4805358189295009,20960,19900,1586.0,1066.0,2.4375,2.408203125,0.029296875,0.5301272869110107,
dinov2_s,tcga-ut,frozen,True,2,general,d4,confidence,,40860,0.5133382280959373,0.4812691206106428,20975,19885,1627.0,1092.0,2.4375,2.408203125,0.029296875,0.5301272869110107,
dinov2_s,tcga-ut,frozen,True,2,general,d4_color,mean,,40860,0.5119432207537934,0.48232032246419543,20918,19942,1261.0,783.0,2.4375,2.408203125,0.029296875,0.5091776847839355,
dinov2_s,tcga-ut,frozen,True,2,general,d4_color,vote,,40860,0.5102055800293686,0.4806394163773617,20847,20013,1036.0,629.0,2.4375,2.408203125,0.029296875,0.5091776847839355,
dinov2_s,tcga-ut,frozen,True,2,general,d4_color,confidence,,40860,0.5125305922662751,0.4820511617563354,20942,19918,1302.0,800.0,2.4375,2.408203125,0.029296875,0.5091776847839355,
dinov2_s,tcga-ut,frozen,True,3,general,none,mean,,40860,0.5068037200195791,0.45171538840331854,20708,20152,,,2.353515625,2.353515625,0.0,1.0,
dinov2_s,tcga-ut,frozen,True,3,general,flips,mean,,40860,0.518575624082232,0.4628118120836188,21189,19671,1447.0,966.0,2.375,2.353515625,0.021484375,0.6633382439613342,
dinov2_s,tcga-ut,frozen,True,3,general,flips,vote,,40860,0.5149290259422418,0.4558860385407425,21040,19820,1330.0,998.0,2.375,2.353515625,0.021484375,0.6633382439613342,
dinov2_s,tcga-ut,frozen,True,3,general,flips,confidence,,40860,0.5189182574645129,0.4633074747617259,21203,19657,1476.0,981.0,2.375,2.353515625,0.021484375,0.6633382439613342,
dinov2_s,tcga-ut,frozen,True,3,general,d4,mean,,40860,0.5241067058247675,0.46775954477507603,21415,19445,1795.0,1088.0,2.38671875,,,0.5434654951095581,
dinov2_s,tcga-ut,frozen,True,3,general,d4,vote,,40860,0.5211943220753793,0.4634344102759472,21296,19564,1699.0,1111.0,2.38671875,,,0.5434654951095581,
dinov2_s,tcga-ut,frozen,True,3,general,d4,confidence,,40860,0.5233480176211454,0.46698449685802934,21384,19476,1795.0,1119.0,2.38671875,,,0.5434654951095581,
dinov2_s,tcga-ut,frozen,True,3,general,d4_color,mean,,40860,0.5212677435144395,0.46455443364249094,21299,19561,1382.0,791.0,2.38671875,,,0.5222711563110352,
dinov2_s,tcga-ut,frozen,True,3,general,d4_color,vote,,40860,0.5181840430739109,0.4604687873845055,21173,19687,1103.0,638.0,2.38671875,,,0.5222711563110352,
dinov2_s,tcga-ut,frozen,True,3,general,d4_color,confidence,,40860,0.522124326970142,0.4654009682034797,21334,19526,1445.0,819.0,2.38671875,,,0.5222711563110352,
dinov2_s,tcga-ut,frozen,True,42,general,none,mean,,40860,0.5076358296622614,0.45913835491297517,20742,20118,,,2.376953125,2.376953125,0.0,1.0,
dinov2_s,tcga-ut,frozen,True,42,general,flips,mean,,40860,0.5186735193343123,0.47097287779915575,21193,19667,1434.0,983.0,2.3984375,2.376953125,0.021484375,0.6691629886627197,
dinov2_s,tcga-ut,frozen,True,42,general,flips,vote,,40860,0.5147577092511013,0.4637319040618861,21033,19827,1296.0,1005.0,2.3984375,2.376953125,0.021484375,0.6691629886627197,
dinov2_s,tcga-ut,frozen,True,42,general,flips,confidence,,40860,0.5184043073910916,0.47010649933758947,21182,19678,1442.0,1002.0,2.3984375,2.376953125,0.021484375,0.6691629886627197,
dinov2_s,tcga-ut,frozen,True,42,general,d4,mean,,40860,0.5229564366128243,0.47511928834517636,21368,19492,1750.0,1124.0,2.41015625,2.37890625,0.03125,0.5474547147750854,
dinov2_s,tcga-ut,frozen,True,42,general,d4,vote,,40860,0.5213166911404797,0.4714278369510411,21301,19559,1670.0,1111.0,2.41015625,2.37890625,0.03125,0.5474547147750854,
dinov2_s,tcga-ut,frozen,True,42,general,d4,confidence,,40860,0.5229074889867842,0.47513797156390347,21366,19494,1769.0,1145.0,2.41015625,2.37890625,0.03125,0.5474547147750854,
dinov2_s,tcga-ut,frozen,True,42,general,d4_color,mean,,40860,0.5217572197748409,0.4733185279930069,21319,19541,1372.0,795.0,2.408203125,2.37890625,0.029296875,0.5278512239456177,
dinov2_s,tcga-ut,frozen,True,42,general,d4_color,vote,,40860,0.5192364170337739,0.470271082982501,21216,19644,1099.0,625.0,2.408203125,2.37890625,0.029296875,0.5278512239456177,
dinov2_s,tcga-ut,frozen,True,42,general,d4_color,confidence,,40860,0.5223201174743025,0.4741113176370259,21342,19518,1427.0,827.0,2.408203125,2.37890625,0.029296875,0.5278512239456177,
dinov2_s,tcga-ut,frozen,False,42,general,none,mean,,40860,0.5106461086637298,0.4644422618827512,20865,19995,,,2.35546875,2.35546875,0.0,1.0,
dinov2_s,tcga-ut,frozen,False,42,general,flips,mean,,40860,0.521806167400881,0.4766412383394142,21321,19539,1447.0,991.0,2.376953125,2.35546875,0.021484375,0.6614782214164734,
dinov2_s,tcga-ut,frozen,False,42,general,flips,vote,,40860,0.5193587860988742,0.4722124355054064,21221,19639,1328.0,972.0,2.376953125,2.35546875,0.021484375,0.6614782214164734,
dinov2_s,tcga-ut,frozen,False,42,general,flips,confidence,,40860,0.521806167400881,0.4765893822246432,21321,19539,1454.0,998.0,2.376953125,2.35546875,0.021484375,0.6614782214164734,
dinov2_s,tcga-ut,frozen,False,42,general,d4,mean,,40860,0.52501223690651,0.47902419871938406,21452,19408,1740.0,1153.0,2.390625,2.357421875,0.033203125,0.5403817892074585,
dinov2_s,tcga-ut,frozen,False,42,general,d4,vote,,40860,0.5254038179148312,0.47883491172581283,21468,19392,1691.0,1088.0,2.390625,2.357421875,0.033203125,0.5403817892074585,
dinov2_s,tcga-ut,frozen,False,42,general,d4,confidence,,40860,0.5247919725893294,0.47907464880809153,21443,19417,1745.0,1167.0,2.390625,2.357421875,0.033203125,0.5403817892074585,
dinov2_s,tcga-ut,frozen,False,42,general,d4_color,mean,,40860,0.5240088105726872,0.4781803483346399,21411,19449,1388.0,842.0,2.390625,2.357421875,0.033203125,0.5125795602798462,
dinov2_s,tcga-ut,frozen,False,42,general,d4_color,vote,,40860,0.5223935389133627,0.4757147986991076,21345,19515,1158.0,678.0,2.390625,2.357421875,0.033203125,0.5125795602798462,
dinov2_s,tcga-ut,frozen,False,42,general,d4_color,confidence,,40860,0.5239598629466471,0.4780842486335135,21409,19451,1427.0,883.0,2.390625,2.357421875,0.033203125,0.5125795602798462,
gigapath,tcga-ut,frozen,True,0,histology,none,mean,,40860,0.7837004405286344,0.7652075141087712,32022,8838,,,1.7421875,1.7421875,0.0,1.0,
gigapath,tcga-ut,frozen,True,0,histology,flips,mean,,40860,0.7873470386686245,0.769326453847531,32171,8689,566.0,417.0,1.7490234375,1.7421875,0.0068359375,0.8923397064208984,
gigapath,tcga-ut,frozen,True,0,histology,flips,vote,,40860,0.7850954478707782,0.7658611413551797,32079,8781,484.0,427.0,1.7490234375,1.7421875,0.0068359375,0.8923397064208984,
gigapath,tcga-ut,frozen,True,0,histology,flips,confidence,,40860,0.7872491434165443,0.7693214238309167,32167,8693,574.0,429.0,1.7490234375,1.7421875,0.0068359375,0.8923397064208984,
gigapath,tcga-ut,frozen,True,0,histology,d4,mean,,40860,0.787151248164464,0.7695359879906567,32163,8697,636.0,495.0,1.7509765625,1.7421875,0.0087890625,0.8513950109481812,
gigapath,tcga-ut,frozen,True,0,histology,d4,vote,,40860,0.786074400391581,0.7675110486910314,32119,8741,599.0,502.0,1.7509765625,1.7421875,0.0087890625,0.8513950109481812,
gigapath,tcga-ut,frozen,True,0,histology,d4,confidence,,40860,0.7872980910425844,0.7692560071909296,32169,8691,644.0,497.0,1.7509765625,1.7421875,0.0087890625,0.8513950109481812,
gigapath,tcga-ut,frozen,True,0,histology,d4_color,mean,,40860,0.7872491434165443,0.7695368019913358,32167,8693,508.0,363.0,1.75390625,1.7431640625,0.0107421875,0.8371267914772034,
gigapath,tcga-ut,frozen,True,0,histology,d4_color,vote,,40860,0.7860988742046011,0.7681955067869879,32120,8740,432.0,334.0,1.75390625,1.7431640625,0.0107421875,0.8371267914772034,
gigapath,tcga-ut,frozen,True,0,histology,d4_color,confidence,,40860,0.7874938815467449,0.7699727844232465,32177,8683,528.0,373.0,1.75390625,1.7431640625,0.0107421875,0.8371267914772034,
gigapath,tcga-ut,frozen,True,1,histology,none,mean,,40860,0.782892804698972,0.7646085100651016,31989,8871,,,1.734375,1.734375,0.0,1.0,
gigapath,tcga-ut,frozen,True,1,histology,flips,mean,,40860,0.785364659813999,0.7667940794563411,32090,8770,537.0,436.0,1.7421875,1.7353515625,0.0068359375,0.8939304947853088,
gigapath,tcga-ut,frozen,True,1,histology,flips,vote,,40860,0.7842388644150758,0.7653218956743133,32044,8816,490.0,435.0,1.7421875,1.7353515625,0.0068359375,0.8939304947853088,
gigapath,tcga-ut,frozen,True,1,histology,flips,confidence,,40860,0.7854380812530593,0.7665779126708147,32093,8767,541.0,437.0,1.7421875,1.7353515625,0.0068359375,0.8939304947853088,
gigapath,tcga-ut,frozen,True,1,histology,d4,mean,,40860,0.7855849241311796,0.7670545352210524,32099,8761,616.0,506.0,1.744140625,1.7353515625,0.0087890625,0.8528879284858704,
gigapath,tcga-ut,frozen,True,1,histology,d4,vote,,40860,0.7847038668624572,0.7657354974052241,32063,8797,566.0,492.0,1.744140625,1.7353515625,0.0087890625,0.8528879284858704,
gigapath,tcga-ut,frozen,True,1,histology,d4,confidence,,40860,0.7858051884483602,0.767315992641055,32108,8752,629.0,510.0,1.744140625,1.7353515625,0.0087890625,0.8528879284858704,
gigapath,tcga-ut,frozen,True,1,histology,d4_color,mean,,40860,0.7858786098874204,0.768203726576492,32111,8749,476.0,354.0,1.74609375,1.736328125,0.009765625,0.8377141356468201,
gigapath,tcga-ut,frozen,True,1,histology,d4_color,vote,,40860,0.7858296622613803,0.7672952877431052,32109,8751,434.0,314.0,1.74609375,1.736328125,0.009765625,0.8377141356468201,
gigapath,tcga-ut,frozen,True,1,histology,d4_color,confidence,,40860,0.7860254527655409,0.7678266166588138,32117,8743,487.0,359.0,1.74609375,1.736328125,0.009765625,0.8377141356468201,
gigapath,tcga-ut,frozen,True,2,histology,none,mean,,40860,0.7829172785119922,0.7633159987293843,31990,8870,,,1.7431640625,1.7431640625,0.0,1.0,
gigapath,tcga-ut,frozen,True,2,histology,flips,mean,,40860,0.7860988742046011,0.7670765805765195,32120,8740,532.0,402.0,1.7509765625,1.744140625,0.0068359375,0.8959863185882568,
gigapath,tcga-ut,frozen,True,2,histology,flips,vote,,40860,0.7840920215369555,0.7637708493177471,32038,8822,463.0,415.0,1.7509765625,1.744140625,0.0068359375,0.8959863185882568,
gigapath,tcga-ut,frozen,True,2,histology,flips,confidence,,40860,0.7859520313264806,0.7666502774069434,32114,8746,534.0,410.0,1.7509765625,1.744140625,0.0068359375,0.8959863185882568,
gigapath,tcga-ut,frozen,True,2,histology,d4,mean,,40860,0.7864659813999021,0.7674227437105763,32135,8725,620.0,475.0,1.7529296875,1.744140625,0.0087890625,0.8544787168502808,
gigapath,tcga-ut,frozen,True,2,histology,d4,vote,,40860,0.7853891336270191,0.7659941473534438,32091,8769,570.0,469.0,1.7529296875,1.744140625,0.0087890625,0.8544787168502808,
gigapath,tcga-ut,frozen,True,2,histology,d4,confidence,,40860,0.7869799314733236,0.7678175176525734,32156,8704,634.0,468.0,1.7529296875,1.744140625,0.0087890625,0.8544787168502808,
gigapath,tcga-ut,frozen,True,2,histology,d4_color,mean,,40860,0.7868575624082232,0.7677768545791696,32151,8709,491.0,330.0,1.7548828125,1.7451171875,0.009765625,0.8399901986122131,
gigapath,tcga-ut,frozen,True,2,histology,d4_color,vote,,40860,0.7858296622613803,0.7658129809808734,32109,8751,428.0,309.0,1.7548828125,1.7451171875,0.009765625,0.8399901986122131,
gigapath,tcga-ut,frozen,True,2,histology,d4_color,confidence,,40860,0.7872246696035242,0.7675932675785913,32166,8694,506.0,330.0,1.7548828125,1.7451171875,0.009765625,0.8399901986122131,
gigapath,tcga-ut,frozen,True,3,histology,none,mean,,40860,0.7226382770435634,0.6923028265819117,29527,11333,,,,,,1.0,
gigapath,tcga-ut,frozen,True,3,histology,flips,mean,,40860,0.7272148800783163,0.696364551567902,29714,11146,727.0,540.0,,,,0.8524473905563354,
gigapath,tcga-ut,frozen,True,3,histology,flips,vote,,40860,0.7258443465491924,0.6945113464792452,29658,11202,657.0,526.0,,,,0.8524473905563354,
gigapath,tcga-ut,frozen,True,3,histology,flips,confidence,,40860,0.7269701419481155,0.6959494778739331,29704,11156,732.0,555.0,,,,0.8524473905563354,
gigapath,tcga-ut,frozen,True,3,histology,d4,mean,,40860,0.7282427802251591,0.6982763987634172,29756,11104,845.0,616.0,,,,0.7927312850952148,
gigapath,tcga-ut,frozen,True,3,histology,d4,vote,,40860,0.7280714635340186,0.6972948534571105,29749,11111,813.0,591.0,,,,0.7927312850952148,
gigapath,tcga-ut,frozen,True,3,histology,d4,confidence,,40860,0.7281448849730788,0.6978639424243843,29752,11108,852.0,627.0,,,,0.7927312850952148,
gigapath,tcga-ut,frozen,True,3,histology,d4_color,mean,,40860,0.7287812041116006,0.6988173091789381,29778,11082,701.0,450.0,,,,0.7716103792190552,
gigapath,tcga-ut,frozen,True,3,histology,d4_color,vote,,40860,0.7280469897209986,0.6981182919313653,29748,11112,615.0,394.0,,,,0.7716103792190552,
gigapath,tcga-ut,frozen,True,3,histology,d4_color,confidence,,40860,0.7287567302985806,0.6988300010901428,29777,11083,720.0,470.0,,,,0.7716103792190552,
gigapath,tcga-ut,frozen,True,42,histology,none,mean,,40860,0.7854136074400392,0.7692265751112445,32092,8768,,,1.7265625,1.7265625,0.0,1.0,
gigapath,tcga-ut,frozen,True,42,histology,flips,mean,,40860,0.787836514929026,0.7706234254895477,32191,8669,542.0,443.0,1.734375,1.7275390625,0.0068359375,0.8932941555976868,
gigapath,tcga-ut,frozen,True,42,histology,flips,vote,,40860,0.7859030837004405,0.767377648073013,32112,8748,492.0,472.0,1.734375,1.7275390625,0.0068359375,0.8932941555976868,
gigapath,tcga-ut,frozen,True,42,histology,flips,confidence,,40860,0.787860988742046,0.7706729087421148,32192,8668,541.0,441.0,1.734375,1.7275390625,0.0068359375,0.8932941555976868,
gigapath,tcga-ut,frozen,True,42,histology,d4,mean,,40860,0.788546255506608,0.7717861535998829,32220,8640,617.0,489.0,1.736328125,1.7275390625,0.0087890625,0.8503671288490295,
gigapath,tcga-ut,frozen,True,42,histology,d4,vote,,40860,0.787151248164464,0.7696819754818607,32163,8697,573.0,502.0,1.736328125,1.7275390625,0.0087890625,0.8503671288490295,
gigapath,tcga-ut,frozen,True,42,histology,d4,confidence,,40860,0.7887420460107685,0.7718547996274574,32228,8632,623.0,487.0,1.736328125,1.7275390625,0.0087890625,0.8503671288490295,
gigapath,tcga-ut,frozen,True,42,histology,d4_color,mean,,40860,0.7886441507586882,0.7716276974451758,32224,8636,483.0,351.0,1.73828125,1.728515625,0.009765625,0.8356583714485168,
gigapath,tcga-ut,frozen,True,42,histology,d4_color,vote,,40860,0.7877875673029858,0.7712976276597661,32189,8671,415.0,318.0,1.73828125,1.728515625,0.009765625,0.8356583714485168,
gigapath,tcga-ut,frozen,True,42,histology,d4_color,confidence,,40860,0.7887420460107685,0.7715792807505572,32228,8632,495.0,359.0,1.73828125,1.728515625,0.009765625,0.8356583714485168,
hoptimus,tcga-ut,frozen,True,0,histology,none,mean,,40860,0.8364904552129222,0.8192041835101784,34179,6681,,,1.61328125,1.61328125,0.0,1.0,
hoptimus,tcga-ut,frozen,True,0,histology,flips,mean,,40860,0.8377630934899657,0.8209175371343262,34231,6629,266.0,214.0,1.6162109375,1.61328125,0.0029296875,0.9492413401603699,
hoptimus,tcga-ut,frozen,True,0,histology,flips,vote,,40860,0.8374204601076848,0.82045946563151,34217,6643,243.0,205.0,1.6162109375,1.61328125,0.0029296875,0.9492413401603699,
hoptimus,tcga-ut,frozen,True,0,histology,flips,confidence,,40860,0.8378854625550661,0.8210088278818936,34236,6624,269.0,212.0,1.6162109375,1.61328125,0.0029296875,0.9492413401603699,
hoptimus,tcga-ut,frozen,True,0,histology,d4,mean,,40860,0.8382525697503671,0.8218604862591514,34251,6609,339.0,267.0,1.6171875,1.61328125,0.00390625,0.9218795895576477,
hoptimus,tcga-ut,frozen,True,0,histology,d4,vote,,40860,0.8378120411160058,0.8208535084022198,34233,6627,330.0,276.0,1.6171875,1.61328125,0.00390625,0.9218795895576477,
hoptimus,tcga-ut,frozen,True,0,histology,d4,confidence,,40860,0.8383994126284875,0.8223122051744307,34257,6603,344.0,266.0,1.6171875,1.61328125,0.00390625,0.9218795895576477,
hoptimus,tcga-ut,frozen,True,0,histology,d4_color,mean,,40860,0.838228095937347,0.8219658853395508,34250,6610,284.0,213.0,1.6201171875,1.6142578125,0.005859375,0.8992657661437988,
hoptimus,tcga-ut,frozen,True,0,histology,d4_color,vote,,40860,0.838913362701909,0.8226680411116948,34278,6582,284.0,185.0,1.6201171875,1.6142578125,0.005859375,0.8992657661437988,
hoptimus,tcga-ut,frozen,True,0,histology,d4_color,confidence,,40860,0.8384973078805678,0.8222761105418934,34261,6599,292.0,210.0,1.6201171875,1.6142578125,0.005859375,0.8992657661437988,
hoptimus,tcga-ut,frozen,True,1,histology,none,mean,,40860,0.8403817914831131,0.8194450715462304,34338,6522,,,1.587890625,1.587890625,0.0,1.0,
hoptimus,tcga-ut,frozen,True,1,histology,flips,mean,,40860,0.8414831130690161,0.82046883419642,34383,6477,257.0,212.0,1.58984375,1.587890625,0.001953125,0.951076865196228,
hoptimus,tcga-ut,frozen,True,1,histology,flips,vote,,40860,0.8409691629955948,0.8200855110367093,34362,6498,240.0,216.0,1.58984375,1.587890625,0.001953125,0.951076865196228,
hoptimus,tcga-ut,frozen,True,1,histology,flips,confidence,,40860,0.8413607440039158,0.8203689477585198,34378,6482,255.0,215.0,1.58984375,1.587890625,0.001953125,0.951076865196228,
hoptimus,tcga-ut,frozen,True,1,histology,d4,mean,,40860,0.8422662750856583,0.8212507707395974,34415,6445,329.0,252.0,1.5908203125,1.5869140625,0.00390625,0.9246206283569336,
hoptimus,tcga-ut,frozen,True,1,histology,d4,vote,,40860,0.8416789035731767,0.8205112103471144,34391,6469,312.0,259.0,1.5908203125,1.5869140625,0.00390625,0.9246206283569336,
hoptimus,tcga-ut,frozen,True,1,histology,d4,confidence,,40860,0.8422173274596182,0.8213106120255108,34413,6447,330.0,255.0,1.5908203125,1.5869140625,0.00390625,0.9246206283569336,
hoptimus,tcga-ut,frozen,True,1,histology,d4_color,mean,,40860,0.8416544297601566,0.8205144546811346,34390,6470,277.0,225.0,1.59375,1.587890625,0.005859375,0.9039892554283142,
hoptimus,tcga-ut,frozen,True,1,histology,d4_color,vote,,40860,0.8415320606950563,0.8207468401411776,34385,6475,259.0,212.0,1.59375,1.587890625,0.005859375,0.9039892554283142,
hoptimus,tcga-ut,frozen,True,1,histology,d4_color,confidence,,40860,0.8419725893294175,0.8208426536015628,34403,6457,289.0,224.0,1.59375,1.587890625,0.005859375,0.9039892554283142,
hoptimus,tcga-ut,frozen,True,2,histology,none,mean,,40860,0.8401370533529123,0.8198130959707953,34328,6532,,,1.6171875,1.6171875,0.0,1.0,
hoptimus,tcga-ut,frozen,True,2,histology,flips,mean,,40860,0.8404796867351934,0.8200255168728556,34342,6518,238.0,224.0,1.6201171875,1.6171875,0.0029296875,0.9517865777015686,
hoptimus,tcga-ut,frozen,True,2,histology,flips,vote,,40860,0.8407978463044542,0.8201572608365565,34355,6505,235.0,208.0,1.6201171875,1.6171875,0.0029296875,0.9517865777015686,
hoptimus,tcga-ut,frozen,True,2,histology,flips,confidence,,40860,0.8405286343612335,0.8200712398446666,34344,6516,239.0,223.0,1.6201171875,1.6171875,0.0029296875,0.9517865777015686,
hoptimus,tcga-ut,frozen,True,2,histology,d4,mean,,40860,0.8411894273127754,0.8204256724315384,34371,6489,315.0,272.0,1.62109375,1.6171875,0.00390625,0.9255751371383667,
hoptimus,tcga-ut,frozen,True,2,histology,d4,vote,,40860,0.8405286343612335,0.8195961377342713,34344,6516,282.0,266.0,1.62109375,1.6171875,0.00390625,0.9255751371383667,
hoptimus,tcga-ut,frozen,True,2,histology,d4,confidence,,40860,0.8413362701908957,0.8204633647666012,34377,6483,321.0,272.0,1.62109375,1.6171875,0.00390625,0.9255751371383667,
hoptimus,tcga-ut,frozen,True,2,histology,d4_color,mean,,40860,0.841776798825257,0.821313691177049,34395,6465,282.0,215.0,1.6240234375,1.6181640625,0.005859375,0.9026431441307068,
hoptimus,tcga-ut,frozen,True,2,histology,d4_color,vote,,40860,0.8411649534997553,0.8204816832106918,34370,6490,243.0,201.0,1.6240234375,1.6181640625,0.005859375,0.9026431441307068,
hoptimus,tcga-ut,frozen,True,2,histology,d4_color,confidence,,40860,0.842143906020558,0.8216444443088277,34410,6450,291.0,209.0,1.6240234375,1.6181640625,0.005859375,0.9026431441307068,
hoptimus,tcga-ut,frozen,True,3,histology,none,mean,,40860,0.7895007342143906,0.7656436981795446,32259,8601,,,,,,1.0,
hoptimus,tcga-ut,frozen,True,3,histology,flips,mean,,40860,0.7914341654429761,0.7684386418490744,32338,8522,420.0,341.0,,,,0.9198727607727051,
hoptimus,tcga-ut,frozen,True,3,histology,flips,vote,,40860,0.792168379833578,0.7675755789932204,32368,8492,397.0,288.0,,,,0.9198727607727051,
hoptimus,tcga-ut,frozen,True,3,histology,flips,confidence,,40860,0.7915075868820363,0.768501191589008,32341,8519,426.0,344.0,,,,0.9198727607727051,
hoptimus,tcga-ut,frozen,True,3,histology,d4,mean,,40860,0.7918257464512971,0.7679001553556157,32354,8506,527.0,432.0,,,,0.8772393465042114,
hoptimus,tcga-ut,frozen,True,3,histology,d4,vote,,40860,0.7918746940773372,0.7676660864159561,32356,8504,503.0,406.0,,,,0.8772393465042114,
hoptimus,tcga-ut,frozen,True,3,histology,d4,confidence,,40860,0.7918746940773372,0.7681011105835778,32356,8504,529.0,432.0,,,,0.8772393465042114,
hoptimus,tcga-ut,frozen,True,3,histology,d4_color,mean,,40860,0.7931228585413608,0.7684341657684443,32407,8453,468.0,320.0,,,,0.8449583649635315,
hoptimus,tcga-ut,frozen,True,3,histology,d4_color,vote,,40860,0.792143906020558,0.7676244511317082,32367,8493,410.0,302.0,,,,0.8449583649635315,
hoptimus,tcga-ut,frozen,True,3,histology,d4_color,confidence,,40860,0.7933675966715614,0.7688589329336631,32417,8443,479.0,321.0,,,,0.8449583649635315,
phikon2,tcga-ut,frozen,True,0,histology,none,mean,,40860,0.7874204601076847,0.7791232289320181,32174,8686,,,1.7021484375,1.7021484375,0.0,1.0,
phikon2,tcga-ut,frozen,True,0,histology,flips,mean,,40860,0.7904552129221732,0.7816370337380185,32298,8562,486.0,362.0,1.7099609375,1.7021484375,0.0078125,0.899779736995697,
phikon2,tcga-ut,frozen,True,0,histology,flips,vote,,40860,0.7897454723445912,0.7795737350491769,32269,8591,466.0,371.0,1.7099609375,1.7021484375,0.0078125,0.899779736995697,
phikon2,tcga-ut,frozen,True,0,histology,flips,confidence,,40860,0.7906020558002936,0.781896881425456,32304,8556,493.0,363.0,1.7099609375,1.7021484375,0.0078125,0.899779736995697,
phikon2,tcga-ut,frozen,True,0,histology,d4,mean,,40860,0.7917523250122369,0.7824904664044294,32351,8509,608.0,431.0,1.71484375,1.7041015625,0.0107421875,0.8527165651321411,
phikon2,tcga-ut,frozen,True,0,histology,d4,vote,,40860,0.7921928536465982,0.7826783161611047,32369,8491,611.0,416.0,1.71484375,1.7041015625,0.0107421875,0.8527165651321411,
phikon2,tcga-ut,frozen,True,0,histology,d4,confidence,,40860,0.7918257464512971,0.7827442644930647,32354,8506,618.0,438.0,1.71484375,1.7041015625,0.0107421875,0.8527165651321411,
phikon2,tcga-ut,frozen,True,0,histology,d4_color,mean,,40860,0.7922418012726383,0.7830431382706696,32371,8489,490.0,293.0,1.7158203125,1.7041015625,0.01171875,0.8392559885978699,
phikon2,tcga-ut,frozen,True,0,histology,d4_color,vote,,40860,0.7918502202643172,0.7820914198217487,32355,8505,423.0,242.0,1.7158203125,1.7041015625,0.01171875,0.8392559885978699,
phikon2,tcga-ut,frozen,True,0,histology,d4_color,confidence,,40860,0.7923641703377386,0.7834034505156445,32376,8484,505.0,303.0,1.7158203125,1.7041015625,0.01171875,0.8392559885978699,
phikon2,tcga-ut,frozen,True,1,histology,none,mean,,40860,0.7870044052863436,0.7743677024491935,32157,8703,,,1.71875,1.71875,0.0,1.0,
phikon2,tcga-ut,frozen,True,1,histology,flips,mean,,40860,0.7889867841409691,0.7773500177350751,32238,8622,515.0,434.0,1.7265625,1.71875,0.0078125,0.9001713395118713,
phikon2,tcga-ut,frozen,True,1,histology,flips,vote,,40860,0.7881302006852667,0.7753798570744502,32203,8657,470.0,424.0,1.7265625,1.71875,0.0078125,0.9001713395118713,
phikon2,tcga-ut,frozen,True,1,histology,flips,confidence,,40860,0.7888399412628487,0.777228385995587,32232,8628,516.0,441.0,1.7265625,1.71875,0.0078125,0.9001713395118713,
phikon2,tcga-ut,frozen,True,1,histology,d4,mean,,40860,0.7899167890357318,0.7779839738610782,32276,8584,614.0,495.0,1.7314453125,1.7216796875,0.009765625,0.8520068526268005,
phikon2,tcga-ut,frozen,True,1,histology,d4,vote,,40860,0.7891581008321097,0.7771885197672501,32245,8615,595.0,507.0,1.7314453125,1.7216796875,0.009765625,0.8520068526268005,
phikon2,tcga-ut,frozen,True,1,histology,d4,confidence,,40860,0.7898678414096917,0.777656307994012,32274,8586,620.0,503.0,1.7314453125,1.7216796875,0.009765625,0.8520068526268005,
phikon2,tcga-ut,frozen,True,1,histology,d4_color,mean,,40860,0.7898433675966715,0.7771249171125251,32273,8587,480.0,364.0,1.732421875,1.720703125,0.01171875,0.8372980952262878,
phikon2,tcga-ut,frozen,True,1,histology,d4_color,vote,,40860,0.7901125795398923,0.7771704465042099,32284,8576,417.0,290.0,1.732421875,1.720703125,0.01171875,0.8372980952262878,
phikon2,tcga-ut,frozen,True,1,histology,d4_color,confidence,,40860,0.7899167890357318,0.7770423198065601,32276,8584,493.0,374.0,1.732421875,1.720703125,0.01171875,0.8372980952262878,
phikon2,tcga-ut,frozen,True,2,histology,none,mean,,40860,0.7831620166421929,0.773303125330531,32000,8860,,,1.7177734375,1.7177734375,0.0,1.0,
phikon2,tcga-ut,frozen,True,2,histology,flips,mean,,40860,0.786417033773862,0.7758609680877678,32133,8727,529.0,396.0,1.7255859375,1.71875,0.0068359375,0.8986784219741821,
phikon2,tcga-ut,frozen,True,2,histology,flips,vote,,40860,0.7858541360744004,0.7758631410876252,32110,8750,499.0,389.0,1.7255859375,1.71875,0.0068359375,0.8986784219741821,
phikon2,tcga-ut,frozen,True,2,histology,flips,confidence,,40860,0.7868575624082232,0.7759161123877929,32151,8709,542.0,391.0,1.7255859375,1.71875,0.0068359375,0.8986784219741821,
phikon2,tcga-ut,frozen,True,2,histology,d4,mean,,40860,0.7864904552129222,0.7763541704675758,32136,8724,600.0,464.0,1.73046875,1.7197265625,0.0107421875,0.8514928817749023,
phikon2,tcga-ut,frozen,True,2,histology,d4,vote,,40860,0.7862457170827215,0.7756521423983336,32126,8734,589.0,463.0,1.73046875,1.7197265625,0.0107421875,0.8514928817749023,
phikon2,tcga-ut,frozen,True,2,histology,d4,confidence,,40860,0.7866862457170827,0.7765170383628335,32144,8716,610.0,466.0,1.73046875,1.7197265625,0.0107421875,0.8514928817749023,
phikon2,tcga-ut,frozen,True,2,histology,d4_color,mean,,40860,0.7873225648556045,0.7775076207094223,32170,8690,499.0,329.0,1.7314453125,1.7197265625,0.01171875,0.8379099369049072,
phikon2,tcga-ut,frozen,True,2,histology,d4_color,vote,,40860,0.7869065100342634,0.7770256059425431,32153,8707,431.0,278.0,1.7314453125,1.7197265625,0.01171875,0.8379099369049072,
phikon2,tcga-ut,frozen,True,2,histology,d4_color,confidence,,40860,0.7871757219774841,0.7773759485008053,32164,8696,503.0,339.0,1.7314453125,1.7197265625,0.01171875,0.8379099369049072,
phikon2,tcga-ut,frozen,True,3,histology,none,mean,,40860,0.790699951052374,0.7779559298012727,32308,8552,,,1.7353515625,1.7353515625,0.0,1.0,
phikon2,tcga-ut,frozen,True,3,histology,flips,mean,,40860,0.7927557513460597,0.7790596851769207,32392,8468,475.0,391.0,1.7431640625,1.736328125,0.0068359375,0.9027655124664307,
phikon2,tcga-ut,frozen,True,3,histology,flips,vote,,40860,0.791091532060695,0.7761679963292678,32324,8536,430.0,414.0,1.7431640625,1.736328125,0.0068359375,0.9027655124664307,
phikon2,tcga-ut,frozen,True,3,histology,flips,confidence,,40860,0.7926333822809594,0.7786370932494655,32387,8473,478.0,399.0,1.7431640625,1.736328125,0.0068359375,0.9027655124664307,
phikon2,tcga-ut,frozen,True,3,histology,d4,mean,,40860,0.7933186490455213,0.7784092823976545,32415,8445,580.0,473.0,1.7490234375,1.73828125,0.0107421875,0.8549681901931763,
phikon2,tcga-ut,frozen,True,3,histology,d4,vote,,40860,0.7930004894762605,0.7781602658691404,32402,8458,554.0,460.0,1.7490234375,1.73828125,0.0107421875,0.8549681901931763,
phikon2,tcga-ut,frozen,True,3,histology,d4,confidence,,40860,0.7934899657366618,0.7786294219887997,32422,8438,591.0,477.0,1.7490234375,1.73828125,0.0107421875,0.8549681901931763,
phikon2,tcga-ut,frozen,True,3,histology,d4_color,mean,,40860,0.7937836514929026,0.7790245191807452,32434,8426,466.0,340.0,1.7490234375,1.7373046875,0.01171875,0.8413118124008179,
phikon2,tcga-ut,frozen,True,3,histology,d4_color,vote,,40860,0.7936123348017621,0.7790115613399371,32427,8433,393.0,274.0,1.7490234375,1.7373046875,0.01171875,0.8413118124008179,
phikon2,tcga-ut,frozen,True,3,histology,d4_color,confidence,,40860,0.7940773372491434,0.7794313672571992,32446,8414,480.0,342.0,1.7490234375,1.7373046875,0.01171875,0.8413118124008179,
phikon2,tcga-ut,frozen,True,42,histology,none,mean,,40860,0.7869554576603035,0.7831612358298672,32155,8705,,,1.7236328125,1.7236328125,0.0,1.0,0.2239071301251606
phikon2,tcga-ut,frozen,True,42,histology,flips,mean,,40860,0.7903328438570729,0.7849117454699635,32293,8567,542.0,404.0,1.7314453125,1.724609375,0.0068359375,0.8983357548713684,0.2285813057591853
phikon2,tcga-ut,frozen,True,42,histology,d4,mean,,40860,0.7911649534997552,0.7850253041211652,32327,8533,646.0,474.0,1.736328125,1.7255859375,0.0107421875,0.8505873680114746,0.23045736453840093
phikon2,tcga-ut,frozen,False,42,histology,none,mean,,40860,0.7944933920704845,0.786693342260705,32463,8397,,,1.6875,1.6875,0.0,1.0,
phikon2,tcga-ut,frozen,False,42,histology,flips,mean,,40860,0.7978952520802741,0.7894527555983104,32602,8258,545.0,406.0,1.6953125,1.6875,0.0078125,0.8982133865356445,
phikon2,tcga-ut,frozen,False,42,histology,flips,vote,,40860,0.7973323543808125,0.7885524328466527,32579,8281,511.0,395.0,1.6953125,1.6875,0.0078125,0.8982133865356445,
phikon2,tcga-ut,frozen,False,42,histology,flips,confidence,,40860,0.797870778267254,0.7895321170545865,32601,8259,545.0,407.0,1.6953125,1.6875,0.0078125,0.8982133865356445,
phikon2,tcga-ut,frozen,False,42,histology,d4,mean,,40860,0.7989965736661772,0.789637517340971,32647,8213,678.0,494.0,1.701171875,1.689453125,0.01171875,0.8500489592552185,
phikon2,tcga-ut,frozen,False,42,histology,d4,vote,,40860,0.7991189427312775,0.7894955698121171,32652,8208,668.0,479.0,1.701171875,1.689453125,0.01171875,0.8500489592552185,
phikon2,tcga-ut,frozen,False,42,histology,d4,confidence,,40860,0.7990944689182574,0.7898904026063578,32651,8209,684.0,496.0,1.701171875,1.689453125,0.01171875,0.8500489592552185,
phikon2,tcga-ut,frozen,False,42,histology,d4_color,mean,,40860,0.7989965736661772,0.7903774411305697,32647,8213,536.0,352.0,1.705078125,1.69140625,0.013671875,0.8324767351150513,
phikon2,tcga-ut,frozen,False,42,histology,d4_color,vote,,40860,0.7988986784140969,0.789863405181097,32643,8217,472.0,292.0,1.705078125,1.69140625,0.013671875,0.8324767351150513,
phikon2,tcga-ut,frozen,False,42,histology,d4_color,confidence,,40860,0.799265785609398,0.7903681187112191,32658,8202,553.0,358.0,1.705078125,1.69140625,0.013671875,0.8324767351150513,
phikon,tcga-ut,frozen,True,0,histology,none,mean,,40860,0.7737151248164464,0.765577137318432,31614,9246,,,1.75,1.75,0.0,1.0,0.22673658762150867
phikon,tcga-ut,frozen,True,0,histology,flips,mean,,40860,0.7771169848262359,0.7694440568214218,31753,9107,512.0,373.0,1.7548828125,1.75,0.0048828125,0.8975281715393066,0.23119196133233144
phikon,tcga-ut,frozen,True,0,histology,flips,vote,,40860,0.7760156632403329,0.7673847828348587,31708,9152,487.0,393.0,1.7548828125,1.75,0.0048828125,0.8975281715393066,0.18824033284385705
phikon,tcga-ut,frozen,True,0,histology,flips,confidence,,40860,0.777141458639256,0.7694574860283143,31754,9106,512.0,372.0,1.7548828125,1.75,0.0048828125,0.8975281715393066,0.2292218014590599
phikon,tcga-ut,frozen,True,0,histology,d4,mean,,40860,0.7783406754772394,0.7693776299934038,31803,9057,642.0,453.0,1.7568359375,1.7490234375,0.0078125,0.8510524034500122,0.2327323835151661
phikon,tcga-ut,frozen,True,0,histology,d4,vote,,40860,0.7770190895741557,0.7675433726370466,31749,9111,601.0,466.0,1.7568359375,1.7490234375,0.0078125,0.8510524034500122,0.17984275575134606
phikon,tcga-ut,frozen,True,0,histology,d4,confidence,,40860,0.7787567302985805,0.7696219933927805,31820,9040,652.0,446.0,1.7568359375,1.7490234375,0.0078125,0.8510524034500122,0.23023310291142776
phikon,tcga-ut,frozen,True,1,histology,none,mean,,40860,0.7755261869799315,0.7672937481581988,31688,9172,,,1.748046875,1.748046875,0.0,1.0,0.22773723854367428
phikon,tcga-ut,frozen,True,1,histology,flips,mean,,40860,0.7775819872736173,0.7689842337488575,31772,9088,478.0,394.0,1.75390625,1.748046875,0.005859375,0.9023494720458984,0.23085369720683052
phikon,tcga-ut,frozen,True,1,histology,flips,vote,,40860,0.7763827704356339,0.7666203735515209,31723,9137,422.0,387.0,1.75390625,1.748046875,0.005859375,0.9023494720458984,0.18988619676945667
phikon,tcga-ut,frozen,True,1,histology,flips,confidence,,40860,0.7777777777777778,0.7691375751047695,31780,9080,494.0,402.0,1.75390625,1.748046875,0.005859375,0.9023494720458984,0.22904943017124024
phikon,tcga-ut,frozen,True,1,histology,d4,mean,,40860,0.7777288301517377,0.7680675097029491,31778,9082,591.0,501.0,1.755859375,1.748046875,0.0078125,0.8557268977165222,0.23129697884640385
phikon,tcga-ut,frozen,True,1,histology,d4,vote,,40860,0.7777288301517377,0.7679576513828138,31778,9082,568.0,478.0,1.755859375,1.748046875,0.0078125,0.8557268977165222,0.18053414096916298
phikon,tcga-ut,frozen,True,1,histology,d4,confidence,,40860,0.7780469897209985,0.7684405184183107,31791,9069,598.0,495.0,1.755859375,1.748046875,0.0078125,0.8557268977165222,0.22869067012359276
phikon,tcga-ut,frozen,True,2,histology,none,mean,,40860,0.7741067058247675,0.7588132090920515,31630,9230,,,1.7333984375,1.7333984375,0.0,1.0,
phikon,tcga-ut,frozen,True,2,histology,flips,mean,,40860,0.7754772393538913,0.7607848732949667,31686,9174,454.0,398.0,1.7392578125,1.734375,0.0048828125,0.9030592441558838,
phikon,tcga-ut,frozen,True,2,histology,flips,vote,,40860,0.7752814488497308,0.7600459095136768,31678,9182,442.0,394.0,1.7392578125,1.734375,0.0048828125,0.9030592441558838,
phikon,tcga-ut,frozen,True,2,histology,flips,confidence,,40860,0.7756730298580519,0.7604756577193386,31694,9166,464.0,400.0,1.7392578125,1.734375,0.0048828125,0.9030592441558838,
phikon,tcga-ut,frozen,True,2,histology,d4,mean,,40860,0.777851199216838,0.7613096578885346,31783,9077,606.0,453.0,1.7421875,1.7333984375,0.0087890625,0.8553107976913452,
phikon,tcga-ut,frozen,True,2,histology,d4,vote,,40860,0.7770435633871757,0.76175256298454,31750,9110,582.0,462.0,1.7421875,1.7333984375,0.0087890625,0.8553107976913452,
phikon,tcga-ut,frozen,True,2,histology,d4,confidence,,40860,0.7781938325991189,0.7615778163518069,31797,9063,623.0,456.0,1.7421875,1.7333984375,0.0087890625,0.8553107976913452,
phikon,tcga-ut,frozen,True,2,histology,d4_color,mean,,40860,0.7776798825256975,0.761864856231912,31776,9084,490.0,344.0,1.744140625,1.734375,0.009765625,0.8323788642883301,
phikon,tcga-ut,frozen,True,2,histology,d4_color,vote,,40860,0.7773127753303964,0.7622360844182172,31761,9099,435.0,304.0,1.744140625,1.734375,0.009765625,0.8323788642883301,
phikon,tcga-ut,frozen,True,2,histology,d4_color,confidence,,40860,0.7783651492902595,0.7622397606576441,31804,9056,504.0,330.0,1.744140625,1.734375,0.009765625,0.8323788642883301,
phikon,tcga-ut,frozen,True,3,histology,none,mean,,40860,0.7559716103768968,0.728189042046466,30889,9971,,,1.625,1.625,0.0,1.0,
phikon,tcga-ut,frozen,True,3,histology,flips,mean,,40860,0.7589329417523251,0.728877113731675,31010,9850,552.0,431.0,1.6318359375,1.625,0.0068359375,0.8890846967697144,
phikon,tcga-ut,frozen,True,3,histology,flips,vote,,40860,0.7580518844836025,0.7288275241485396,30974,9886,506.0,421.0,1.6318359375,1.625,0.0068359375,0.8890846967697144,
phikon,tcga-ut,frozen,True,3,histology,flips,confidence,,40860,0.7591532060695056,0.7294140333603842,31019,9841,563.0,433.0,1.6318359375,1.625,0.0068359375,0.8890846967697144,
phikon,tcga-ut,frozen,True,3,histology,d4,mean,,40860,0.7607440039158101,0.7308752278786786,31084,9776,719.0,524.0,1.634765625,1.6240234375,0.0107421875,0.833798348903656,
phikon,tcga-ut,frozen,True,3,histology,d4,vote,,40860,0.7595937347038668,0.729429208471979,31037,9823,674.0,526.0,1.634765625,1.6240234375,0.0107421875,0.833798348903656,
phikon,tcga-ut,frozen,True,3,histology,d4,confidence,,40860,0.7607684777288302,0.7305957391613832,31085,9775,725.0,529.0,1.634765625,1.6240234375,0.0107421875,0.833798348903656,
phikon,tcga-ut,frozen,True,3,histology,d4_color,mean,,40860,0.7608908467939305,0.7312115089549928,31090,9770,576.0,375.0,1.6376953125,1.6240234375,0.013671875,0.8073666095733643,
phikon,tcga-ut,frozen,True,3,histology,d4_color,vote,,40860,0.7607929515418502,0.7309883515842963,31086,9774,534.0,337.0,1.6376953125,1.6240234375,0.013671875,0.8073666095733643,
phikon,tcga-ut,frozen,True,3,histology,d4_color,confidence,,40860,0.7616495349975526,0.7312540447312066,31121,9739,600.0,368.0,1.6376953125,1.6240234375,0.013671875,0.8073666095733643,
phikon,tcga-ut,frozen,True,42,histology,none,mean,,40860,0.7492413117963779,0.7255732012859457,30614,10246,,,1.5029296875,1.5029296875,0.0,1.0,0.14497275107407534
phikon,tcga-ut,frozen,True,42,histology,flips,mean,,40860,0.7530592266275086,0.7295703466164177,30770,10090,570.0,414.0,1.5107421875,1.5029296875,0.0078125,0.8907978534698486,0.15039053388045687
phikon,tcga-ut,frozen,True,42,histology,flips,vote,,40860,0.7516642192853646,0.7272066951481725,30713,10147,518.0,419.0,1.5107421875,1.5029296875,0.0078125,0.8907978534698486,0.21056656877141458
phikon,tcga-ut,frozen,True,42,histology,flips,confidence,,40860,0.753230543318649,0.7297163086937286,30777,10083,574.0,411.0,1.5107421875,1.5029296875,0.0078125,0.8907978534698486,0.14796538126567851
phikon,tcga-ut,frozen,True,42,histology,d4,mean,,40860,0.7553108174253549,0.7311835293298972,30862,9998,708.0,460.0,1.513671875,1.501953125,0.01171875,0.8406509757041931,0.153227029988069
phikon,tcga-ut,frozen,True,42,histology,d4,vote,,40860,0.7542339696524718,0.7295106233514279,30818,10042,666.0,462.0,1.513671875,1.501953125,0.01171875,0.8406509757041931,0.1997032550171317
phikon,tcga-ut,frozen,True,42,histology,d4,confidence,,40860,0.7555066079295154,0.730983026016287,30870,9990,715.0,459.0,1.513671875,1.501953125,0.01171875,0.8406509757041931,0.1494780463444154
phikon,tcga-ut,frozen,True,0,histology,none,mean,10000.0,40860,0.5312775330396475,0.5521569917756219,21708,19152,,,,,,1.0,0.2284261007957813
phikon,tcga-ut,frozen,True,0,histology,flips,mean,10000.0,40860,0.5336270190895741,0.5541939657024414,21804,19056,696.0,600.0,,,,0.8100587129592896,0.21667614907420155
phikon,tcga-ut,frozen,True,0,histology,flips,vote,10000.0,40860,0.5333088595203133,0.5541490476737138,21791,19069,676.0,593.0,,,,0.8100587129592896,0.39866005873715127
phikon,tcga-ut,frozen,True,0,histology,flips,confidence,10000.0,40860,0.5341164953499755,0.554768168248324,21824,19036,713.0,597.0,,,,0.8100587129592896,0.22371298873535395
phikon,tcga-ut,frozen,True,0,histology,d4,mean,10000.0,40860,0.5350465002447381,0.5546185322281237,21862,18998,877.0,723.0,,,,0.7173764109611511,0.2096736510244585
phikon,tcga-ut,frozen,True,0,histology,d4,vote,10000.0,40860,0.5342388644150758,0.5543698034164958,21829,19031,855.0,734.0,,,,0.7173764109611511,0.3792431473323543
phikon,tcga-ut,frozen,True,0,histology,d4,confidence,10000.0,40860,0.5347283406754773,0.554297140257363,21849,19011,881.0,740.0,,,,0.7173764109611511,0.2206826365466685
phikon,tcga-ut,frozen,True,1,histology,none,mean,10000.0,40860,0.7435144395496819,0.7246595876899607,30380,10480,,,,,,1.0,0.1626558353313907
phikon,tcga-ut,frozen,True,1,histology,flips,mean,10000.0,40860,0.7484826235927557,0.7295178072157025,30583,10277,657.0,454.0,,,,0.8671561479568481,0.16975992121535427
phikon,tcga-ut,frozen,True,1,histology,flips,vote,10000.0,40860,0.7469652471855115,0.7267381061511171,30521,10339,597.0,456.0,,,,0.8671561479568481,0.20644884973078798
phikon,tcga-ut,frozen,True,1,histology,flips,confidence,10000.0,40860,0.7487273617229564,0.7299415670247927,30593,10267,669.0,456.0,,,,0.8671561479568481,0.16646725079970096
phikon,tcga-ut,frozen,True,1,histology,d4,mean,10000.0,40860,0.7501468428781204,0.7316492232728328,30651,10209,783.0,512.0,,,,0.8075869083404541,0.1722010287127539
phikon,tcga-ut,frozen,True,1,histology,d4,vote,10000.0,40860,0.7497063142437592,0.7310016752849201,30633,10227,763.0,510.0,,,,0.8075869083404541,0.19294236417033775
phikon,tcga-ut,frozen,True,1,histology,d4,confidence,10000.0,40860,0.750709740577582,0.732345927538835,30674,10186,817.0,523.0,,,,0.8075869083404541,0.16771443983648432
phikon,tcga-ut,frozen,True,42,histology,none,mean,10000.0,40860,0.7407488986784141,0.7158236895655806,30267,10593,,,,,,1.0,0.1481178974556795
phikon,tcga-ut,frozen,True,42,histology,flips,mean,10000.0,40860,0.7448360254527655,0.7172906874451095,30434,10426,706.0,539.0,,,,0.8659079670906067,0.15436966607107347
phikon,tcga-ut,frozen,True,42,histology,flips,vote,10000.0,40860,0.7436857562408223,0.714645047837184,30387,10473,637.0,517.0,,,,0.8659079670906067,0.2093428781204112
phikon,tcga-ut,frozen,True,42,histology,flips,confidence,10000.0,40860,0.7449339207048458,0.7172183256888628,30438,10422,716.0,545.0,,,,0.8659079670906067,0.15067507332583827
phikon,tcga-ut,frozen,True,42,histology,d4,mean,10000.0,40860,0.7468428781204112,0.7185420729685781,30516,10344,872.0,623.0,,,,0.8061184287071228,0.15725802114881607
phikon,tcga-ut,frozen,True,42,histology,d4,vote,10000.0,40860,0.746059716103769,0.7175029436429371,30484,10376,828.0,611.0,,,,0.8061184287071228,0.19606889378365155
phikon,tcga-ut,frozen,True,42,histology,d4,confidence,10000.0,40860,0.7471120900636319,0.7184182091137378,30527,10333,882.0,622.0,,,,0.8061184287071228,0.15217203596790105
phikon,tcga-ut,frozen,True,0,histology,none,mean,1000.0,40860,0.5802496328928047,0.5323285527748716,23709,17151,,,,,,1.0,0.06323080861095813
phikon,tcga-ut,frozen,True,0,histology,flips,mean,1000.0,40860,0.5845080763582966,0.5362303145268517,23883,16977,739.0,565.0,,,,0.8068282008171082,0.06972250543968736
phikon,tcga-ut,frozen,True,0,histology,flips,vote,1000.0,40860,0.5862701908957415,0.5376934786742031,23955,16905,768.0,522.0,,,,0.8068282008171082,0.3447320117474303
phikon,tcga-ut,frozen,True,0,histology,flips,confidence,1000.0,40860,0.5854380812530592,0.5368773746769544,23921,16939,765.0,553.0,,,,0.8068282008171082,0.06552235010028529
phikon,tcga-ut,frozen,True,0,histology,d4,mean,1000.0,40860,0.588913362701909,0.5417682910517504,24063,16797,971.0,617.0,,,,0.7220754027366638,0.07353295743086147
phikon,tcga-ut,frozen,True,0,histology,d4,vote,1000.0,40860,0.5882770435633872,0.5396617847287285,24037,16823,964.0,636.0,,,,0.7220754027366638,0.3247430249632892
phikon,tcga-ut,frozen,True,0,histology,d4,confidence,1000.0,40860,0.5895741556534508,0.5422162563421814,24090,16770,994.0,613.0,,,,0.7220754027366638,0.06781118190352729
phikon,tcga-ut,frozen,True,1,histology,none,mean,1000.0,40860,0.5112824278022516,0.4937514011262241,20891,19969,,,,,,1.0,0.1851500419209649
phikon,tcga-ut,frozen,True,1,histology,flips,mean,1000.0,40860,0.5126040137053353,0.4933530412550884,20945,19915,625.0,571.0,,,,0.8194811344146729,0.17746879588839945
phikon,tcga-ut,frozen,True,1,histology,flips,vote,1000.0,40860,0.5128976994615762,0.49345251721344074,20957,19903,587.0,521.0,,,,0.8194811344146729,0.4224180127263828
phikon,tcga-ut,frozen,True,1,histology,flips,confidence,1000.0,40860,0.512114537444934,0.49303777373274804,20925,19935,620.0,586.0,,,,0.8194811344146729,0.1836081110374985
phikon,tcga-ut,frozen,True,1,histology,d4,mean,1000.0,40860,0.5156387665198238,0.49691569105659694,21069,19791,898.0,720.0,,,,0.7253059148788452,0.17040695063459835
phikon,tcga-ut,frozen,True,1,histology,d4,vote,1000.0,40860,0.5156877141458639,0.49586627465526334,21071,19789,870.0,690.0,,,,0.7253059148788452,0.3999908223201175
phikon,tcga-ut,frozen,True,1,histology,d4,confidence,1000.0,40860,0.5157611355849241,0.49671438427906256,21074,19786,909.0,726.0,,,,0.7253059148788452,0.17905568306316538
phikon,tcga-ut,frozen,True,42,histology,none,mean,1000.0,40860,0.534312285854136,0.49359095405216447,21832,19028,,,,,,1.0,0.14039122310270588
phikon,tcga-ut,frozen,True,42,histology,flips,mean,1000.0,40860,0.5369799314733236,0.4940289314622996,21941,18919,717.0,608.0,,,,0.8112334609031677,0.13190221875191202
phikon,tcga-ut,frozen,True,42,histology,flips,vote,1000.0,40860,0.5359275575134606,0.49155378193979293,21898,18962,673.0,607.0,,,,0.8112334609031677,0.39687347038668624
phikon,tcga-ut,frozen,True,42,histology,flips,confidence,1000.0,40860,0.5371023005384239,0.49422301532238905,21946,18914,730.0,616.0,,,,0.8112334609031677,0.1380032816180632
phikon,tcga-ut,frozen,True,42,histology,d4,mean,1000.0,40860,0.5387909936368086,0.4970114038986803,22015,18845,945.0,762.0,,,,0.7121145129203796,0.12559887050006882
phikon,tcga-ut,frozen,True,42,histology,d4,vote,1000.0,40860,0.5379099363680862,0.49419412500250054,21979,18881,918.0,771.0,,,,0.7121145129203796,0.37382219774840925
phikon,tcga-ut,frozen,True,42,histology,d4,confidence,1000.0,40860,0.5386930983847283,0.49663003659167543,22011,18849,953.0,774.0,,,,0.7121145129203796,0.1352824490734367
phikon,tcga-ut,frozen,True,0,histology,none,mean,50000.0,40860,0.7598139990210475,0.7523584625302411,31046,9814,,,1.7158203125,1.7158203125,0.0,1.0,0.20960550256879437
phikon,tcga-ut,frozen,True,0,histology,flips,mean,50000.0,40860,0.7640724424865394,0.756479756443108,31220,9640,562.0,388.0,1.72265625,1.7158203125,0.0068359375,0.8910180926322937,0.21509495761776112
phikon,tcga-ut,frozen,True,0,histology,flips,vote,50000.0,40860,0.76069505628977,0.7521141639576002,31082,9778,483.0,447.0,1.72265625,1.7158203125,0.0068359375,0.8910180926322937,0.2016030347528145
phikon,tcga-ut,frozen,True,0,histology,flips,confidence,50000.0,40860,0.76429270680372,0.7564893818613275,31229,9631,568.0,385.0,1.72265625,1.7158203125,0.0068359375,0.8910180926322937,0.21312925662704965
phikon,tcga-ut,frozen,True,0,histology,d4,mean,50000.0,40860,0.7648556045031816,0.7571332900739723,31252,9608,683.0,477.0,1.7255859375,1.7158203125,0.009765625,0.8389867544174194,0.2163177564922525
phikon,tcga-ut,frozen,True,0,histology,d4,vote,50000.0,40860,0.7630690161527166,0.7548340469003081,31179,9681,629.0,496.0,1.7255859375,1.7158203125,0.009765625,0.8389867544174194,0.1901523494860499
phikon,tcga-ut,frozen,True,0,histology,d4,confidence,50000.0,40860,0.7650513950073421,0.757180101119728,31260,9600,690.0,476.0,1.7255859375,1.7158203125,0.009765625,0.8389867544174194,0.2132625884188196
phikon,tcga-ut,frozen,True,1,histology,none,mean,50000.0,40860,0.6216837983357807,0.5826884115724869,25402,15458,,,,,,1.0,0.21409193908123775
phikon,tcga-ut,frozen,True,1,histology,flips,mean,50000.0,40860,0.6259177679882526,0.5861971724870793,25575,15285,743.0,570.0,,,,0.8321585655212402,0.1984797794680005
phikon,tcga-ut,frozen,True,1,histology,flips,vote,50000.0,40860,0.6276554087126774,0.585728144867629,25646,15214,757.0,513.0,,,,0.8321585655212402,0.31233480176211453
phikon,tcga-ut,frozen,True,1,histology,flips,confidence,50000.0,40860,0.6254772393538913,0.585934544052425,25557,15303,744.0,589.0,,,,0.8321585655212402,0.20681834097183976
phikon,tcga-ut,frozen,True,1,histology,d4,mean,50000.0,40860,0.6266275085658346,0.5872721278241974,25604,15256,964.0,762.0,,,,0.7469407916069031,0.19108245595669662
phikon,tcga-ut,frozen,True,1,histology,d4,vote,50000.0,40860,0.6297846304454234,0.5886696475354243,25733,15127,995.0,664.0,,,,0.7469407916069031,0.2925599608418991
phikon,tcga-ut,frozen,True,1,histology,d4,confidence,50000.0,40860,0.6268477728830152,0.5875327202821563,25613,15247,972.0,761.0,,,,0.7469407916069031,0.20144586100977424
phikon,tcga-ut,frozen,True,42,histology,none,mean,50000.0,40860,0.6205335291238375,0.5875770917936352,25355,15505,,,,,,1.0,0.19781611550396933
phikon,tcga-ut,frozen,True,42,histology,flips,mean,50000.0,40860,0.6225403817914831,0.5906620328788219,25437,15423,679.0,597.0,,,,0.8351444005966187,0.18578890643164156
phikon,tcga-ut,frozen,True,42,histology,flips,vote,50000.0,40860,0.6240822320117474,0.5893097876395182,25500,15360,685.0,540.0,,,,0.8351444005966187,0.31724180127263824
phikon,tcga-ut,frozen,True,42,histology,flips,confidence,50000.0,40860,0.6228095937347039,0.5907031621534806,25448,15412,691.0,598.0,,,,0.8351444005966187,0.19280225517582908
phikon,tcga-ut,frozen,True,42,histology,d4,mean,50000.0,40860,0.6245227606461087,0.5915836998560406,25518,15342,856.0,693.0,,,,0.7567547559738159,0.17899837932689366
phikon,tcga-ut,frozen,True,42,histology,d4,vote,50000.0,40860,0.6254282917278512,0.5916693986020082,25555,15305,857.0,657.0,,,,0.7567547559738159,0.3012359275575135
phikon,tcga-ut,frozen,True,42,histology,d4,confidence,50000.0,40860,0.6246206558981889,0.5917664450467824,25522,15338,869.0,702.0,,,,0.7567547559738159,0.1889248228516581
phikon,tcga-ut,frozen,True,0,histology,none,mean,5000.0,40860,0.7044297601566324,0.6658980909725583,28783,12077,,,,,,1.0,0.09688719209361998
phikon,tcga-ut,frozen,True,0,histology,flips,mean,5000.0,40860,0.7080274106705825,0.6696871441373615,28930,11930,676.0,529.0,,,,0.849877655506134,0.10313049256655729
phikon,tcga-ut,frozen,True,0,histology,flips,vote,5000.0,40860,0.7070729319627999,0.6672255970748879,28891,11969,653.0,545.0,,,,0.849877655506134,0.24010034263338229
phikon,tcga-ut,frozen,True,0,histology,flips,confidence,5000.0,40860,0.7087371512481645,0.6699975573352995,28959,11901,699.0,523.0,,,,0.849877655506134,0.09917294077002645
phikon,tcga-ut,frozen,True,0,histology,d4,mean,5000.0,40860,0.7112090063631914,0.6737396075665243,29060,11800,880.0,603.0,,,,0.7815467715263367,0.10759949088971868
phikon,tcga-ut,frozen,True,0,histology,d4,vote,5000.0,40860,0.710327949094469,0.6718856699061831,29024,11836,831.0,590.0,,,,0.7815467715263367,0.22437897699461573
phikon,tcga-ut,frozen,True,0,histology,d4,confidence,5000.0,40860,0.7118697993147333,0.6740422221780473,29087,11773,899.0,595.0,,,,0.7815467715263367,0.10169260825121222
phikon,tcga-ut,frozen,True,1,histology,none,mean,5000.0,40860,0.5728095937347039,0.5420702053276036,23405,17455,,,,,,1.0,0.16901344900556015
phikon,tcga-ut,frozen,True,1,histology,flips,mean,5000.0,40860,0.5785854136074401,0.5487304892254471,23641,17219,802.0,566.0,,,,0.8157855868339539,0.15460833056090922
phikon,tcga-ut,frozen,True,1,histology,flips,vote,5000.0,40860,0.5783651492902594,0.5474983065889876,23632,17228,781.0,554.0,,,,0.8157855868339539,0.35551884483602547
phikon,tcga-ut,frozen,True,1,histology,flips,confidence,5000.0,40860,0.5786098874204602,0.5485217448912125,23642,17218,812.0,575.0,,,,0.8157855868339539,0.16183292726879897
phikon,tcga-ut,frozen,True,1,histology,d4,mean,5000.0,40860,0.5798580518844836,0.5509879519018861,23693,17167,1010.0,722.0,,,,0.7258443236351013,0.1492711452310481
phikon,tcga-ut,frozen,True,1,histology,d4,vote,5000.0,40860,0.5802985805188449,0.5499259818242712,23711,17149,999.0,693.0,,,,0.7258443236351013,0.3359306167400881
phikon,tcga-ut,frozen,True,1,histology,d4,confidence,5000.0,40860,0.5797601566324033,0.5505698058025308,23689,17171,1004.0,720.0,,,,0.7258443236351013,0.15963767523632522
phikon,tcga-ut,frozen,True,42,histology,none,mean,5000.0,40860,0.7037689672050905,0.6648263776875997,28756,12104,,,,,,1.0,0.09184076474451634
phikon,tcga-ut,frozen,True,42,histology,flips,mean,5000.0,40860,0.7075379344101811,0.6679486616292803,28910,11950,713.0,559.0,,,,0.8428781032562256,0.0990092213575127
phikon,tcga-ut,frozen,True,42,histology,flips,vote,5000.0,40860,0.7053352912383749,0.6638204760955452,28820,12040,636.0,572.0,,,,0.8428781032562256,0.2387604013705336
phikon,tcga-ut,frozen,True,42,histology,flips,confidence,5000.0,40860,0.7076847772883015,0.6678344848900163,28916,11944,720.0,560.0,,,,0.8428781032562256,0.0943029850881822
phikon,tcga-ut,frozen,True,42,histology,d4,mean,5000.0,40860,0.7093489965736661,0.6692605821409399,28984,11876,885.0,657.0,,,,0.7759422659873962,0.10219816337656404
phikon,tcga-ut,frozen,True,42,histology,d4,vote,5000.0,40860,0.7081497797356828,0.6669619436853073,28935,11925,839.0,660.0,,,,0.7759422659873962,0.2238405531081743
phikon,tcga-ut,frozen,True,42,histology,d4,confidence,5000.0,40860,0.7095937347038669,0.6692746671050978,28994,11866,894.0,656.0,,,,0.7759422659873962,0.09566648000604197
uni2,tcga-ut,frozen,True,0,histology,none,mean,,40860,0.7999265785609398,0.787677919314112,32685,8175,,,,,,1.0,
uni2,tcga-ut,frozen,True,0,histology,flips,mean,,40860,0.8039647577092511,0.7907481208297875,32850,8010,685.0,520.0,1.505859375,,,0.8739843368530273,
uni2,tcga-ut,frozen,True,0,histology,flips,vote,,40860,0.8023494860499266,0.7898142021076869,32784,8076,633.0,534.0,1.505859375,,,0.8739843368530273,
uni2,tcga-ut,frozen,True,0,histology,flips,confidence,,40860,0.8044052863436123,0.7909564719870303,32868,7992,704.0,521.0,1.505859375,,,0.8739843368530273,
uni2,tcga-ut,frozen,True,0,histology,d4,mean,,40860,0.8059226627508566,0.7929074480633019,32930,7930,829.0,584.0,1.513671875,,,0.8254527449607849,
uni2,tcga-ut,frozen,True,0,histology,d4,vote,,40860,0.8050660792951542,0.7915310667699437,32895,7965,777.0,567.0,1.513671875,,,0.8254527449607849,
uni2,tcga-ut,frozen,True,0,histology,d4,confidence,,40860,0.8055310817425355,0.7922800378591454,32914,7946,830.0,601.0,1.513671875,,,0.8254527449607849,
uni2,tcga-ut,frozen,True,0,histology,d4_color,mean,,40860,0.8062163485070974,0.7931851896764269,32942,7918,646.0,389.0,1.5146484375,,,0.8161037564277649,
uni2,tcga-ut,frozen,True,0,histology,d4_color,vote,,40860,0.8055800293685756,0.7926509409398114,32916,7944,534.0,303.0,1.5146484375,,,0.8161037564277649,
uni2,tcga-ut,frozen,True,0,histology,d4_color,confidence,,40860,0.8066079295154185,0.7937041254404171,32958,7902,671.0,398.0,1.5146484375,,,0.8161037564277649,
uni2,tcga-ut,frozen,True,1,histology,none,mean,,40860,0.818551150269212,0.8034329767102626,33446,7414,,,1.6474609375,1.6474609375,0.0,1.0,
uni2,tcga-ut,frozen,True,1,histology,flips,mean,,40860,0.8222466960352423,0.807228486894405,33597,7263,532.0,381.0,1.6552734375,1.6474609375,0.0078125,0.9069505333900452,
uni2,tcga-ut,frozen,True,1,histology,flips,vote,,40860,0.8204845814977973,0.8063945066964663,33525,7335,468.0,389.0,1.6552734375,1.6474609375,0.0078125,0.9069505333900452,
uni2,tcga-ut,frozen,True,1,histology,flips,confidence,,40860,0.8222466960352423,0.8071766299726659,33597,7263,535.0,384.0,1.6552734375,1.6474609375,0.0078125,0.9069505333900452,
uni2,tcga-ut,frozen,True,1,histology,d4,mean,,40860,0.8237395986294664,0.8082904381952476,33658,7202,637.0,425.0,1.66015625,1.6494140625,0.0107421875,0.8674008846282959,
uni2,tcga-ut,frozen,True,1,histology,d4,vote,,40860,0.8225403817914831,0.8078476452238542,33609,7251,599.0,436.0,1.66015625,1.6494140625,0.0107421875,0.8674008846282959,
uni2,tcga-ut,frozen,True,1,histology,d4,confidence,,40860,0.823592755751346,0.8078339996450494,33652,7208,639.0,433.0,1.66015625,1.6494140625,0.0107421875,0.8674008846282959,
uni2,tcga-ut,frozen,True,1,histology,d4_color,mean,,40860,0.8230298580518844,0.8068358596747593,33629,7231,487.0,304.0,1.66015625,1.6484375,0.01171875,0.8592021465301514,
uni2,tcga-ut,frozen,True,1,histology,d4_color,vote,,40860,0.822883015173764,0.8080622880895385,33623,7237,418.0,241.0,1.66015625,1.6484375,0.01171875,0.8592021465301514,
uni2,tcga-ut,frozen,True,1,histology,d4_color,confidence,,40860,0.8233235438081253,0.8073903364030948,33641,7219,505.0,310.0,1.66015625,1.6484375,0.01171875,0.8592021465301514,
uni2,tcga-ut,frozen,True,2,histology,none,mean,,40860,0.8212187958883994,0.8040420121146077,33555,7305,,,1.662109375,1.662109375,0.0,1.0,
uni2,tcga-ut,frozen,True,2,histology,flips,mean,,40860,0.824302496328928,0.8070964215667582,33681,7179,489.0,363.0,1.669921875,1.662109375,0.0078125,0.9083945155143738,
uni2,tcga-ut,frozen,True,2,histology,flips,vote,,40860,0.8227116984826236,0.8065333425132984,33616,7244,443.0,382.0,1.669921875,1.662109375,0.0078125,0.9083945155143738,
uni2,tcga-ut,frozen,True,2,histology,flips,confidence,,40860,0.8244493392070484,0.807290272509595,33687,7173,497.0,365.0,1.669921875,1.662109375,0.0078125,0.9083945155143738,
uni2,tcga-ut,frozen,True,2,histology,d4,mean,,40860,0.8262114537444933,0.8085281359962554,33759,7101,598.0,394.0,1.6748046875,1.6640625,0.0107421875,0.8686735033988953,
uni2,tcga-ut,frozen,True,2,histology,d4,vote,,40860,0.8251590797846304,0.8079192035984659,33716,7144,585.0,424.0,1.6748046875,1.6640625,0.0107421875,0.8686735033988953,
uni2,tcga-ut,frozen,True,2,histology,d4,confidence,,40860,0.8262359275575134,0.8086479756252503,33760,7100,600.0,395.0,1.6748046875,1.6640625,0.0107421875,0.8686735033988953,
uni2,tcga-ut,frozen,True,2,histology,d4_color,mean,,40860,0.8261869799314733,0.8080094056459257,33758,7102,467.0,264.0,1.6748046875,1.6630859375,0.01171875,0.860548198223114,
uni2,tcga-ut,frozen,True,2,histology,d4_color,vote,,40860,0.8253303964757709,0.8077681566287731,33723,7137,392.0,224.0,1.6748046875,1.6630859375,0.01171875,0.860548198223114,
uni2,tcga-ut,frozen,True,2,histology,d4_color,confidence,,40860,0.8261625061184532,0.8080184769343147,33757,7103,479.0,277.0,1.6748046875,1.6630859375,0.01171875,0.860548198223114,
uni2,tcga-ut,frozen,True,3,histology,none,mean,,40860,0.7965002447381302,0.7724035013568471,32545,8315,,,1.58984375,1.58984375,0.0,1.0,
uni2,tcga-ut,frozen,True,3,histology,flips,mean,,40860,0.8028144884973079,0.7775840175024574,32803,8057,776.0,518.0,1.60546875,1.5888671875,0.0166015625,0.8691874742507935,
uni2,tcga-ut,frozen,True,3,histology,flips,vote,,40860,0.802178169358786,0.7769192866168675,32777,8083,703.0,471.0,1.60546875,1.5888671875,0.0166015625,0.8691874742507935,
uni2,tcga-ut,frozen,True,3,histology,flips,confidence,,40860,0.8029858051884483,0.7775635693814513,32810,8050,787.0,522.0,1.60546875,1.5888671875,0.0166015625,0.8691874742507935,
uni2,tcga-ut,frozen,True,3,histology,d4,mean,,40860,0.8049192364170338,0.7796167314597482,32889,7971,936.0,592.0,1.6123046875,1.5908203125,0.021484375,0.8157855868339539,
uni2,tcga-ut,frozen,True,3,histology,d4,vote,,40860,0.8044052863436123,0.7790994111588001,32868,7992,890.0,567.0,1.6123046875,1.5908203125,0.021484375,0.8157855868339539,
uni2,tcga-ut,frozen,True,3,histology,d4,confidence,,40860,0.8046744982868331,0.7788224054211306,32879,7981,930.0,596.0,1.6123046875,1.5908203125,0.021484375,0.8157855868339539,
uni2,tcga-ut,frozen,True,3,histology,d4_color,mean,,40860,0.8043563387175722,0.7784610450346919,32866,7994,736.0,415.0,1.611328125,1.58984375,0.021484375,0.8057513236999512,
uni2,tcga-ut,frozen,True,3,histology,d4_color,vote,,40860,0.8030102790014684,0.7778095372013613,32811,8049,582.0,316.0,1.611328125,1.58984375,0.021484375,0.8057513236999512,
uni2,tcga-ut,frozen,True,3,histology,d4_color,confidence,,40860,0.804307391091532,0.778285159988563,32864,7996,757.0,438.0,1.611328125,1.58984375,0.021484375,0.8057513236999512,
uni2,tcga-ut,frozen,True,42,histology,none,mean,,40860,0.8206558981889378,0.8090523933763486,33532,7328,,,1.6416015625,1.6416015625,0.0,1.0,
uni2,tcga-ut,frozen,True,42,histology,flips,mean,,40860,0.8252325012236906,0.8114529815431838,33719,7141,553.0,366.0,1.650390625,1.6416015625,0.0087890625,0.9063876867294312,
uni2,tcga-ut,frozen,True,42,histology,flips,vote,,40860,0.8225159079784631,0.8105274089897017,33608,7252,477.0,401.0,1.650390625,1.6416015625,0.0087890625,0.9063876867294312,
uni2,tcga-ut,frozen,True,42,histology,flips,confidence,,40860,0.8250367107195301,0.8114763055013752,33711,7149,555.0,376.0,1.650390625,1.6416015625,0.0087890625,0.9063876867294312,
uni2,tcga-ut,frozen,True,42,histology,d4,mean,,40860,0.826431718061674,0.8137570461643464,33768,7092,655.0,419.0,1.6552734375,1.6435546875,0.01171875,0.8675721883773804,
uni2,tcga-ut,frozen,True,42,histology,d4,vote,,40860,0.8248653940283897,0.8120051330880557,33704,7156,620.0,448.0,1.6552734375,1.6435546875,0.01171875,0.8675721883773804,
uni2,tcga-ut,frozen,True,42,histology,d4,confidence,,40860,0.8265051395007342,0.8134744323757148,33771,7089,651.0,412.0,1.6552734375,1.6435546875,0.01171875,0.8675721883773804,
uni2,tcga-ut,frozen,True,42,histology,d4_color,mean,,40860,0.826064610866373,0.8127617974079513,33753,7107,514.0,293.0,1.6552734375,1.6435546875,0.01171875,0.8586148023605347,
uni2,tcga-ut,frozen,True,42,histology,d4_color,vote,,40860,0.8256485560450318,0.8124415311290212,33736,7124,445.0,241.0,1.6552734375,1.6435546875,0.01171875,0.8586148023605347,
uni2,tcga-ut,frozen,True,42,histology,d4_color,confidence,,40860,0.8262359275575134,0.8129103241153885,33760,7100,526.0,298.0,1.6552734375,1.6435546875,0.01171875,0.8586148023605347,
uni,tcga-ut,frozen,True,0,histology,none,mean,,40860,0.7705824767498777,0.7574540298559131,31486,9374,,,1.728515625,1.728515625,0.0,1.0,
uni,tcga-ut,frozen,True,0,histology,flips,mean,,40860,0.773592755751346,0.7604729588044983,31609,9251,566.0,443.0,1.7373046875,1.728515625,0.0087890625,0.8881546854972839,
uni,tcga-ut,frozen,True,0,histology,flips,vote,,40860,0.7702153695545766,0.7558846709750678,31471,9389,471.0,486.0,1.7373046875,1.728515625,0.0087890625,0.8881546854972839,
uni,tcga-ut,frozen,True,0,histology,flips,confidence,,40860,0.7736417033773862,0.7603051529133409,31611,9249,566.0,441.0,1.7373046875,1.728515625,0.0087890625,0.8881546854972839,
uni,tcga-ut,frozen,True,0,histology,d4,mean,,40860,0.7756240822320117,0.7624906827066961,31692,9168,681.0,475.0,1.740234375,1.7294921875,0.0107421875,0.8440528512001038,
uni,tcga-ut,frozen,True,0,histology,d4,vote,,40860,0.7730788056779246,0.7595451069218053,31588,9272,617.0,515.0,1.740234375,1.7294921875,0.0107421875,0.8440528512001038,
uni,tcga-ut,frozen,True,0,histology,d4,confidence,,40860,0.775721977484092,0.7624499863853057,31696,9164,689.0,479.0,1.740234375,1.7294921875,0.0107421875,0.8440528512001038,
uni,tcga-ut,frozen,True,0,histology,d4_color,mean,,40860,0.7744493392070485,0.7617682047201745,31644,9216,519.0,361.0,1.7431640625,1.732421875,0.0107421875,0.8308125138282776,
uni,tcga-ut,frozen,True,0,histology,d4_color,vote,,40860,0.7734214390602056,0.7612569827000089,31602,9258,415.0,299.0,1.7431640625,1.732421875,0.0107421875,0.8308125138282776,
uni,tcga-ut,frozen,True,0,histology,d4_color,confidence,,40860,0.7749877630934899,0.7618976335600566,31666,9194,542.0,362.0,1.7431640625,1.732421875,0.0107421875,0.8308125138282776,
uni,tcga-ut,frozen,True,1,histology,none,mean,,40860,0.7731522271169848,0.7592746768644568,31591,9269,,,1.72265625,1.72265625,0.0,1.0,
uni,tcga-ut,frozen,True,1,histology,flips,mean,,40860,0.7768722466960353,0.7625929747994736,31743,9117,585.0,433.0,1.7314453125,1.7236328125,0.0078125,0.8884238600730896,
uni,tcga-ut,frozen,True,1,histology,flips,vote,,40860,0.7742780225159079,0.7592922281493997,31637,9223,505.0,459.0,1.7314453125,1.7236328125,0.0078125,0.8884238600730896,
uni,tcga-ut,frozen,True,1,histology,flips,confidence,,40860,0.7769946157611356,0.7627582266125086,31748,9112,590.0,433.0,1.7314453125,1.7236328125,0.0078125,0.8884238600730896,
uni,tcga-ut,frozen,True,1,histology,d4,mean,,40860,0.7780959373470386,0.7637114087207838,31793,9067,682.0,480.0,1.7353515625,1.7236328125,0.01171875,0.8437346816062927,
uni,tcga-ut,frozen,True,1,histology,d4,vote,,40860,0.7762604013705335,0.7622335870302756,31718,9142,629.0,502.0,1.7353515625,1.7236328125,0.01171875,0.8437346816062927,
uni,tcga-ut,frozen,True,1,histology,d4,confidence,,40860,0.7781693587860988,0.7633958873398881,31796,9064,687.0,482.0,1.7353515625,1.7236328125,0.01171875,0.8437346816062927,
uni,tcga-ut,frozen,True,1,histology,d4_color,mean,,40860,0.7776064610866373,0.7629237473108156,31773,9087,534.0,352.0,1.73828125,1.7265625,0.01171875,0.8302986025810242,
uni,tcga-ut,frozen,True,1,histology,d4_color,vote,,40860,0.7764806656877141,0.7622484677920028,31727,9133,433.0,297.0,1.73828125,1.7265625,0.01171875,0.8302986025810242,
uni,tcga-ut,frozen,True,1,histology,d4_color,confidence,,40860,0.7776064610866373,0.7630129599445407,31773,9087,542.0,360.0,1.73828125,1.7265625,0.01171875,0.8302986025810242,
uni,tcga-ut,frozen,True,2,histology,none,mean,,40860,0.7451541850220265,0.7193014252102302,30447,10413,,,1.50390625,1.50390625,0.0,1.0,
uni,tcga-ut,frozen,True,2,histology,flips,mean,,40860,0.7490944689182575,0.7226119107138752,30608,10252,757.0,596.0,1.521484375,1.5048828125,0.0166015625,0.8508076071739197,
uni,tcga-ut,frozen,True,2,histology,flips,vote,,40860,0.747503671071953,0.7189063959637702,30543,10317,684.0,588.0,1.521484375,1.5048828125,0.0166015625,0.8508076071739197,
uni,tcga-ut,frozen,True,2,histology,flips,confidence,,40860,0.7488252569750367,0.7219378648231162,30597,10263,759.0,609.0,1.521484375,1.5048828125,0.0166015625,0.8508076071739197,
uni,tcga-ut,frozen,True,2,histology,d4,mean,,40860,0.7497063142437592,0.7231699723334541,30633,10227,867.0,681.0,1.5263671875,1.505859375,0.0205078125,0.795545756816864,
uni,tcga-ut,frozen,True,2,histology,d4,vote,,40860,0.750367107195301,0.7233931005156224,30660,10200,864.0,651.0,1.5263671875,1.505859375,0.0205078125,0.795545756816864,
uni,tcga-ut,frozen,True,2,histology,d4,confidence,,40860,0.7497797356828194,0.722898849403102,30636,10224,877.0,688.0,1.5263671875,1.505859375,0.0205078125,0.795545756816864,
uni,tcga-ut,frozen,True,2,histology,d4_color,mean,,40860,0.7504405286343613,0.7254144012520135,30663,10197,680.0,464.0,1.5302734375,1.5087890625,0.021484375,0.7812530398368835,
uni,tcga-ut,frozen,True,2,histology,d4_color,vote,,40860,0.7495839451786588,0.7245728859392006,30628,10232,580.0,399.0,1.5302734375,1.5087890625,0.021484375,0.7812530398368835,
uni,tcga-ut,frozen,True,2,histology,d4_color,confidence,,40860,0.7505628976994616,0.725313600235347,30668,10192,702.0,481.0,1.5302734375,1.5087890625,0.021484375,0.7812530398368835,
uni,tcga-ut,frozen,True,3,histology,none,mean,,40860,0.7283162016642193,0.6973511756560706,29759,11101,,,1.5107421875,1.5107421875,0.0,1.0,
uni,tcga-ut,frozen,True,3,histology,flips,mean,,40860,0.7343612334801762,0.7038415920027085,30006,10854,876.0,629.0,1.5302734375,1.51171875,0.0185546875,0.8366617560386658,
uni,tcga-ut,frozen,True,3,histology,flips,vote,,40860,0.7322075379344102,0.6998357278165266,29918,10942,809.0,650.0,1.5302734375,1.51171875,0.0185546875,0.8366617560386658,
uni,tcga-ut,frozen,True,3,histology,flips,confidence,,40860,0.7344346549192364,0.7043959215644845,30009,10851,889.0,639.0,1.5302734375,1.51171875,0.0185546875,0.8366617560386658,
uni,tcga-ut,frozen,True,3,histology,d4,mean,,40860,0.7366372980910426,0.707532515497341,30099,10761,1025.0,685.0,1.5361328125,1.51171875,0.0244140625,0.7758932709693909,
uni,tcga-ut,frozen,True,3,histology,d4,vote,,40860,0.7345325501713167,0.703997399608604,30013,10847,955.0,701.0,1.5361328125,1.51171875,0.0244140625,0.7758932709693909,
uni,tcga-ut,frozen,True,3,histology,d4,confidence,,40860,0.7369309838472834,0.7080971046028829,30111,10749,1045.0,693.0,1.5361328125,1.51171875,0.0244140625,0.7758932709693909,
uni,tcga-ut,frozen,True,3,histology,d4_color,mean,,40860,0.7356338717572197,0.7049535325390341,30058,10802,777.0,478.0,1.5390625,1.5146484375,0.0244140625,0.7605237364768982,
uni,tcga-ut,frozen,True,3,histology,d4_color,vote,,40860,0.7341409691629956,0.7034092728589934,29997,10863,628.0,390.0,1.5390625,1.5146484375,0.0244140625,0.7605237364768982,
uni,tcga-ut,frozen,True,3,histology,d4_color,confidence,,40860,0.7358786098874205,0.7052988135618837,30068,10792,813.0,504.0,1.5390625,1.5146484375,0.0244140625,0.7605237364768982,
uni,tcga-ut,frozen,True,42,histology,none,mean,,40860,0.7753059226627509,0.7630272203503782,31679,9181,,,1.7109375,1.7109375,0.0,1.0,
uni,tcga-ut,frozen,True,42,histology,flips,mean,,40860,0.7781693587860988,0.7654259836292284,31796,9064,566.0,449.0,1.7197265625,1.7119140625,0.0078125,0.8910180926322937,
uni,tcga-ut,frozen,True,42,histology,flips,vote,,40860,0.775721977484092,0.7618423906262434,31696,9164,502.0,485.0,1.7197265625,1.7119140625,0.0078125,0.8910180926322937,
uni,tcga-ut,frozen,True,42,histology,flips,confidence,,40860,0.7783406754772394,0.765911413524598,31803,9057,567.0,443.0,1.7197265625,1.7119140625,0.0078125,0.8910180926322937,
uni,tcga-ut,frozen,True,42,histology,d4,mean,,40860,0.7800538423886442,0.7671044302125208,31873,8987,680.0,486.0,1.72265625,1.7119140625,0.0107421875,0.8487273454666138,
uni,tcga-ut,frozen,True,42,histology,d4,vote,,40860,0.7782917278511993,0.764568260990314,31801,9059,637.0,515.0,1.72265625,1.7119140625,0.0107421875,0.8487273454666138,
uni,tcga-ut,frozen,True,42,histology,d4,confidence,,40860,0.7801027900146843,0.7670676213485986,31875,8985,687.0,491.0,1.72265625,1.7119140625,0.0107421875,0.8487273454666138,
uni,tcga-ut,frozen,True,42,histology,d4_color,mean,,40860,0.7798335780714636,0.7679938040358394,31864,8996,524.0,339.0,1.7265625,1.71484375,0.01171875,0.8360009789466858,
uni,tcga-ut,frozen,True,42,histology,d4_color,vote,,40860,0.778952520802741,0.7666188852717317,31828,9032,435.0,286.0,1.7265625,1.71484375,0.01171875,0.8360009789466858,
uni,tcga-ut,frozen,True,42,histology,d4_color,confidence,,40860,0.7795398923152227,0.7675286908254543,31852,9008,529.0,356.0,1.7265625,1.71484375,0.01171875,0.8360009789466858,
virchow2,tcga-ut,frozen,True,0,histology,none,mean,,40860,0.8184532550171316,0.8033997511562864,33442,7418,,,1.6904296875,1.6904296875,0.0,1.0,
virchow2,tcga-ut,frozen,True,0,histology,flips,mean,,40860,0.8185266764561919,0.8024102714658029,33445,7415,253.0,250.0,1.6923828125,1.6904296875,0.001953125,0.946965217590332,
virchow2,tcga-ut,frozen,True,0,histology,flips,vote,,40860,0.8176456191874694,0.8018119743466263,33409,7451,228.0,261.0,1.6923828125,1.6904296875,0.001953125,0.946965217590332,
virchow2,tcga-ut,frozen,True,0,histology,flips,confidence,,40860,0.8186245717082722,0.8026459444164379,33449,7411,252.0,245.0,1.6923828125,1.6904296875,0.001953125,0.946965217590332,
virchow2,tcga-ut,frozen,True,0,histology,d4,mean,,40860,0.8187714145863926,0.8027078656064198,33455,7405,298.0,285.0,1.693359375,1.689453125,0.00390625,0.9244003891944885,
virchow2,tcga-ut,frozen,True,0,histology,d4,vote,,40860,0.8186490455212923,0.802524201728677,33450,7410,283.0,275.0,1.693359375,1.689453125,0.00390625,0.9244003891944885,
virchow2,tcga-ut,frozen,True,0,histology,d4,confidence,,40860,0.8186490455212923,0.8026246455491151,33450,7410,296.0,288.0,1.693359375,1.689453125,0.00390625,0.9244003891944885,
virchow2,tcga-ut,frozen,True,0,histology,d4_color,mean,,40860,0.8188448360254528,0.8031435648718783,33458,7402,222.0,206.0,1.693359375,1.689453125,0.00390625,0.9148555994033813,
virchow2,tcga-ut,frozen,True,0,histology,d4_color,vote,,40860,0.8185756240822321,0.802819137742624,33447,7413,185.0,180.0,1.693359375,1.689453125,0.00390625,0.9148555994033813,
virchow2,tcga-ut,frozen,True,0,histology,d4_color,confidence,,40860,0.818942731277533,0.8030683700008149,33462,7398,231.0,211.0,1.693359375,1.689453125,0.00390625,0.9148555994033813,
virchow2,tcga-ut,frozen,True,1,histology,none,mean,,40860,0.816789035731767,0.8000028403939643,33374,7486,,,1.685546875,1.685546875,0.0,1.0,
virchow2,tcga-ut,frozen,True,1,histology,flips,mean,,40860,0.8169114047968673,0.8004060755399752,33379,7481,266.0,261.0,1.6875,1.685546875,0.001953125,0.9449583888053894,
virchow2,tcga-ut,frozen,True,1,histology,flips,vote,,40860,0.8166177190406265,0.8006863332731617,33367,7493,262.0,269.0,1.6875,1.685546875,0.001953125,0.9449583888053894,
virchow2,tcga-ut,frozen,True,1,histology,flips,confidence,,40860,0.8169603524229075,0.8004611106872727,33381,7479,266.0,259.0,1.6875,1.685546875,0.001953125,0.9449583888053894,
virchow2,tcga-ut,frozen,True,1,histology,d4,mean,,40860,0.8172050905531082,0.8001985895419139,33391,7469,292.0,275.0,1.6884765625,1.6845703125,0.00390625,0.9206559062004089,
virchow2,tcga-ut,frozen,True,1,histology,d4,vote,,40860,0.8174743024963289,0.8004755005385359,33402,7458,297.0,269.0,1.6884765625,1.6845703125,0.00390625,0.9206559062004089,
virchow2,tcga-ut,frozen,True,1,histology,d4,confidence,,40860,0.8172785119921684,0.8003521393395193,33394,7466,296.0,276.0,1.6884765625,1.6845703125,0.00390625,0.9206559062004089,
virchow2,tcga-ut,frozen,True,1,histology,d4_color,mean,,40860,0.8175721977484092,0.8009036418237074,33406,7454,225.0,193.0,1.6884765625,1.6845703125,0.00390625,0.9117718935012817,
virchow2,tcga-ut,frozen,True,1,histology,d4_color,vote,,40860,0.8170827214880079,0.800475299768385,33386,7474,194.0,182.0,1.6884765625,1.6845703125,0.00390625,0.9117718935012817,
virchow2,tcga-ut,frozen,True,1,histology,d4_color,confidence,,40860,0.8177190406265296,0.8011188530067406,33412,7448,234.0,196.0,1.6884765625,1.6845703125,0.00390625,0.9117718935012817,
virchow2,tcga-ut,frozen,True,2,histology,none,mean,,40860,0.7512726382770436,0.7378947165033798,30697,10163,,,,,,1.0,
virchow2,tcga-ut,frozen,True,2,histology,flips,mean,,40860,0.7533039647577092,0.7393601445565708,30780,10080,402.0,319.0,,,,0.922931969165802,
virchow2,tcga-ut,frozen,True,2,histology,flips,vote,,40860,0.7520313264806657,0.7363299006100709,30728,10132,342.0,311.0,,,,0.922931969165802,
virchow2,tcga-ut,frozen,True,2,histology,flips,confidence,,40860,0.7534018600097895,0.7395873799710819,30784,10076,405.0,318.0,,,,0.922931969165802,
virchow2,tcga-ut,frozen,True,2,histology,d4,mean,,40860,0.75357317670093,0.7401496164577019,30791,10069,450.0,356.0,,,,0.8900391459465027,
virchow2,tcga-ut,frozen,True,2,histology,d4,vote,,40860,0.7539647577092511,0.739267869909991,30807,10053,442.0,332.0,,,,0.8900391459465027,
virchow2,tcga-ut,frozen,True,2,histology,d4,confidence,,40860,0.7536710719530103,0.7402473503512913,30795,10065,455.0,357.0,,,,0.8900391459465027,
virchow2,tcga-ut,frozen,True,2,histology,d4_color,mean,,40860,0.7536465981399902,0.7402469239794673,30794,10066,351.0,254.0,,,,0.8776798844337463,
virchow2,tcga-ut,frozen,True,2,histology,d4_color,vote,,40860,0.7538179148311307,0.7398111267074751,30801,10059,304.0,200.0,,,,0.8776798844337463,
virchow2,tcga-ut,frozen,True,2,histology,d4_color,confidence,,40860,0.7536955457660304,0.7404878055593623,30796,10064,363.0,264.0,,,,0.8776798844337463,
virchow2,tcga-ut,frozen,True,3,histology,none,mean,,40860,0.816789035731767,0.7964777725365969,33374,7486,,,1.6875,1.6875,0.0,1.0,
virchow2,tcga-ut,frozen,True,3,histology,flips,mean,,40860,0.8183064121390112,0.7991574897768996,33436,7424,275.0,213.0,1.689453125,1.6875,0.001953125,0.9463289380073547,
virchow2,tcga-ut,frozen,True,3,histology,flips,vote,,40860,0.8177435144395497,0.7978825910889366,33413,7447,271.0,232.0,1.689453125,1.6875,0.001953125,0.9463289380073547,
virchow2,tcga-ut,frozen,True,3,histology,flips,confidence,,40860,0.8184532550171316,0.7991547995667373,33442,7418,283.0,215.0,1.689453125,1.6875,0.001953125,0.9463289380073547,
virchow2,tcga-ut,frozen,True,3,histology,d4,mean,,40860,0.818918257464513,0.7986864615872213,33461,7399,337.0,250.0,1.6904296875,1.6865234375,0.00390625,0.9220998287200928,
virchow2,tcga-ut,frozen,True,3,histology,d4,vote,,40860,0.8185756240822321,0.7987475261505539,33447,7413,325.0,252.0,1.6904296875,1.6865234375,0.00390625,0.9220998287200928,
virchow2,tcga-ut,frozen,True,3,histology,d4,confidence,,40860,0.8190161527165932,0.798769189673669,33465,7395,342.0,251.0,1.6904296875,1.6865234375,0.00390625,0.9220998287200928,
virchow2,tcga-ut,frozen,True,3,histology,d4_color,mean,,40860,0.8188448360254528,0.7989574925204723,33458,7402,269.0,185.0,1.6904296875,1.6865234375,0.00390625,0.9134361147880554,
virchow2,tcga-ut,frozen,True,3,histology,d4_color,vote,,40860,0.8184777288301517,0.7984381213543379,33443,7417,235.0,166.0,1.6904296875,1.6865234375,0.00390625,0.9134361147880554,
virchow2,tcga-ut,frozen,True,3,histology,d4_color,confidence,,40860,0.8187958883994126,0.7989057213235485,33456,7404,271.0,189.0,1.6904296875,1.6865234375,0.00390625,0.9134361147880554,
virchow2,tcga-ut,frozen,True,42,histology,none,mean,,40860,0.8199951052373959,0.8041582176024029,33505,7355,,,1.658203125,1.658203125,0.0,1.0,
virchow2,tcga-ut,frozen,True,42,histology,flips,mean,,40860,0.8214145863925599,0.8064060708816158,33563,7297,300.0,242.0,1.66015625,1.658203125,0.001953125,0.9459618330001831,
virchow2,tcga-ut,frozen,True,42,histology,flips,vote,,40860,0.8209251101321586,0.8059915955314636,33543,7317,283.0,245.0,1.66015625,1.658203125,0.001953125,0.9459618330001831,
virchow2,tcga-ut,frozen,True,42,histology,flips,confidence,,40860,0.8216837983357808,0.8065831468264961,33574,7286,306.0,237.0,1.66015625,1.658203125,0.001953125,0.9459618330001831,
virchow2,tcga-ut,frozen,True,42,histology,d4,mean,,40860,0.8217082721488008,0.8061422944996876,33575,7285,345.0,275.0,1.6611328125,1.6572265625,0.00390625,0.9227606654167175,
virchow2,tcga-ut,frozen,True,42,histology,d4,vote,,40860,0.8215614292706803,0.8059096772732868,33569,7291,328.0,264.0,1.6611328125,1.6572265625,0.00390625,0.9227606654167175,
virchow2,tcga-ut,frozen,True,42,histology,d4,confidence,,40860,0.8219040626529613,0.8062202761095224,33583,7277,353.0,275.0,1.6611328125,1.6572265625,0.00390625,0.9227606654167175,
virchow2,tcga-ut,frozen,True,42,histology,d4_color,mean,,40860,0.8214145863925599,0.805726216950849,33563,7297,276.0,218.0,1.6611328125,1.658203125,0.0029296875,0.9143416285514832,
virchow2,tcga-ut,frozen,True,42,histology,d4_color,vote,,40860,0.8208272148800784,0.8054538071387805,33539,7321,226.0,192.0,1.6611328125,1.658203125,0.0029296875,0.9143416285514832,
virchow2,tcga-ut,frozen,True,42,histology,d4_color,confidence,,40860,0.8213411649534997,0.805862209143698,33560,7300,284.0,229.0,1.6611328125,1.658203125,0.0029296875,0.9143416285514832,
virchow,tcga-ut,frozen,True,0,histology,none,mean,,40860,0.7708272148800783,0.7535711409475383,31496,9364,,,1.75,1.75,0.0,1.0,
virchow,tcga-ut,frozen,True,0,histology,flips,mean,,40860,0.7741801272638277,0.7566256728847426,31633,9227,552.0,415.0,1.7587890625,1.75,0.0087890625,0.8990700244903564,
virchow,tcga-ut,frozen,True,0,histology,flips,vote,,40860,0.7726872246696035,0.7540354695005819,31572,9288,492.0,416.0,1.7587890625,1.75,0.0087890625,0.8990700244903564,
virchow,tcga-ut,frozen,True,0,histology,flips,confidence,,40860,0.7742046010768477,0.7566519656185231,31634,9226,557.0,419.0,1.7587890625,1.75,0.0087890625,0.8990700244903564,
virchow,tcga-ut,frozen,True,0,histology,d4,mean,,40860,0.7743269701419481,0.757032417701313,31639,9221,634.0,491.0,1.76171875,1.7509765625,0.0107421875,0.8555310964584351,
virchow,tcga-ut,frozen,True,0,histology,d4,vote,,40860,0.7744003915810084,0.7559705397761499,31642,9218,622.0,476.0,1.76171875,1.7509765625,0.0107421875,0.8555310964584351,
virchow,tcga-ut,frozen,True,0,histology,d4,confidence,,40860,0.7742780225159079,0.7571680583747661,31637,9223,641.0,500.0,1.76171875,1.7509765625,0.0107421875,0.8555310964584351,
virchow,tcga-ut,frozen,True,0,histology,d4_color,mean,,40860,0.7744982868330886,0.7580888704840617,31646,9214,499.0,349.0,1.763671875,1.7529296875,0.0107421875,0.8465002179145813,
virchow,tcga-ut,frozen,True,0,histology,d4_color,vote,,40860,0.7746696035242291,0.7575717579915203,31653,9207,417.0,260.0,1.763671875,1.7529296875,0.0107421875,0.8465002179145813,
virchow,tcga-ut,frozen,True,0,histology,d4_color,confidence,,40860,0.7745717082721488,0.7578435155866384,31649,9211,515.0,362.0,1.763671875,1.7529296875,0.0107421875,0.8465002179145813,
virchow,tcga-ut,frozen,True,1,histology,none,mean,,40860,0.7257464512971121,0.6924305379614287,29654,11206,,,1.45703125,1.45703125,0.0,1.0,
virchow,tcga-ut,frozen,True,1,histology,flips,mean,,40860,0.7308614782183064,0.6974974572709729,29863,10997,745.0,536.0,1.47265625,1.45703125,0.015625,0.8676945567131042,
virchow,tcga-ut,frozen,True,1,histology,flips,vote,,40860,0.7294175232501223,0.6945380469366422,29804,11056,705.0,555.0,1.47265625,1.45703125,0.015625,0.8676945567131042,
virchow,tcga-ut,frozen,True,1,histology,flips,confidence,,40860,0.7310817425354871,0.6974409006905367,29872,10988,751.0,533.0,1.47265625,1.45703125,0.015625,0.8676945567131042,
virchow,tcga-ut,frozen,True,1,histology,d4,mean,,40860,0.7320117474302497,0.6980831786196713,29910,10950,855.0,599.0,1.4765625,1.4580078125,0.0185546875,0.8123347759246826,
virchow,tcga-ut,frozen,True,1,histology,d4,vote,,40860,0.7314733235438081,0.6979289199702087,29888,10972,822.0,588.0,1.4765625,1.4580078125,0.0185546875,0.8123347759246826,
virchow,tcga-ut,frozen,True,1,histology,d4,confidence,,40860,0.7321830641213901,0.6981031842436687,29917,10943,865.0,602.0,1.4765625,1.4580078125,0.0185546875,0.8123347759246826,
virchow,tcga-ut,frozen,True,1,histology,d4_color,mean,,40860,0.7320851688693099,0.6982113515817451,29913,10947,675.0,416.0,1.4775390625,1.458984375,0.0185546875,0.8013705611228943,
virchow,tcga-ut,frozen,True,1,histology,d4_color,vote,,40860,0.7305188448360255,0.6971539803167185,29849,11011,504.0,309.0,1.4775390625,1.458984375,0.0185546875,0.8013705611228943,
virchow,tcga-ut,frozen,True,1,histology,d4_color,confidence,,40860,0.7324767498776309,0.6983825484482589,29929,10931,711.0,436.0,1.4775390625,1.458984375,0.0185546875,0.8013705611228943,
virchow,tcga-ut,frozen,True,2,histology,none,mean,,40860,0.7706069505628977,0.7513177114306769,31487,9373,,,1.7685546875,1.7685546875,0.0,1.0,
virchow,tcga-ut,frozen,True,2,histology,flips,mean,,40860,0.7743514439549681,0.7543988756350503,31640,9220,549.0,396.0,1.77734375,1.76953125,0.0078125,0.9025942087173462,
virchow,tcga-ut,frozen,True,2,histology,flips,vote,,40860,0.7731032794909447,0.7518141965619588,31589,9271,531.0,429.0,1.77734375,1.76953125,0.0078125,0.9025942087173462,
virchow,tcga-ut,frozen,True,2,histology,flips,confidence,,40860,0.774302496328928,0.7546744641079822,31638,9222,549.0,398.0,1.77734375,1.76953125,0.0078125,0.9025942087173462,
virchow,tcga-ut,frozen,True,2,histology,d4,mean,,40860,0.7750611845325501,0.7554769680191551,31669,9191,631.0,449.0,1.7802734375,1.76953125,0.0107421875,0.8597161173820496,
virchow,tcga-ut,frozen,True,2,histology,d4,vote,,40860,0.7742290748898678,0.7548084251792082,31635,9225,602.0,454.0,1.7802734375,1.76953125,0.0107421875,0.8597161173820496,
virchow,tcga-ut,frozen,True,2,histology,d4,confidence,,40860,0.77501223690651,0.7551215752794364,31667,9193,634.0,454.0,1.7802734375,1.76953125,0.0107421875,0.8597161173820496,
virchow,tcga-ut,frozen,True,2,histology,d4_color,mean,,40860,0.7752814488497308,0.7559987741510973,31678,9182,505.0,314.0,1.7822265625,1.771484375,0.0107421875,0.8503915667533875,
virchow,tcga-ut,frozen,True,2,histology,d4_color,vote,,40860,0.7737395986294665,0.7543723155467591,31615,9245,393.0,265.0,1.7822265625,1.771484375,0.0107421875,0.8503915667533875,
virchow,tcga-ut,frozen,True,2,histology,d4_color,confidence,,40860,0.7752325012236907,0.7557566434381977,31676,9184,514.0,325.0,1.7822265625,1.771484375,0.0107421875,0.8503915667533875,
virchow,tcga-ut,frozen,True,3,histology,none,mean,,40860,0.6956191874694078,0.6675917462493355,28423,12437,,,,,,1.0,
virchow,tcga-ut,frozen,True,3,histology,flips,mean,,40860,0.7003915810083211,0.6732356316377215,28618,12242,668.0,473.0,,,,0.866960346698761,
virchow,tcga-ut,frozen,True,3,histology,flips,vote,,40860,0.6995349975526187,0.6674670776016389,28583,12277,635.0,475.0,,,,0.866960346698761,
virchow,tcga-ut,frozen,True,3,histology,flips,confidence,,40860,0.7001713166911405,0.6731938688348158,28609,12251,661.0,475.0,,,,0.866960346698761,
virchow,tcga-ut,frozen,True,3,histology,d4,mean,,40860,0.7015663240332843,0.674917933357198,28666,12194,750.0,507.0,,,,0.8111355900764465,
virchow,tcga-ut,frozen,True,3,histology,d4,vote,,40860,0.7020068526676456,0.6723746616233882,28684,12176,745.0,484.0,,,,0.8111355900764465,
virchow,tcga-ut,frozen,True,3,histology,d4,confidence,,40860,0.7017131669114048,0.6748628480003821,28672,12188,763.0,514.0,,,,0.8111355900764465,
virchow,tcga-ut,frozen,True,3,histology,d4_color,mean,,40860,0.7014684287812041,0.6744816755235862,28662,12198,599.0,360.0,,,,0.8007097244262695,
virchow,tcga-ut,frozen,True,3,histology,d4_color,vote,,40860,0.7000978952520803,0.6698858141589099,28606,12254,454.0,271.0,,,,0.8007097244262695,
virchow,tcga-ut,frozen,True,3,histology,d4_color,confidence,,40860,0.701443954968184,0.6746529714575092,28661,12199,613.0,375.0,,,,0.8007097244262695,
virchow,tcga-ut,frozen,True,42,histology,none,mean,,40860,0.7750611845325501,0.7576270402082773,31669,9191,,,1.7412109375,1.7412109375,0.0,1.0,
virchow,tcga-ut,frozen,True,42,histology,flips,mean,,40860,0.7786343612334802,0.7604049761565183,31815,9045,541.0,395.0,1.75,1.7412109375,0.0087890625,0.901737630367279,
virchow,tcga-ut,frozen,True,42,histology,flips,vote,,40860,0.7774351443954968,0.7587189132386737,31766,9094,529.0,432.0,1.75,1.7412109375,0.0087890625,0.901737630367279,
virchow,tcga-ut,frozen,True,42,histology,flips,confidence,,40860,0.7785364659813999,0.76058938727103,31811,9049,542.0,400.0,1.75,1.7412109375,0.0087890625,0.901737630367279,
virchow,tcga-ut,frozen,True,42,histology,d4,mean,,40860,0.7800783162016642,0.7628461803697574,31874,8986,668.0,463.0,1.751953125,1.7421875,0.009765625,0.8594224452972412,
virchow,tcga-ut,frozen,True,42,histology,d4,vote,,40860,0.779270680372002,0.7620451106487327,31841,9019,646.0,474.0,1.751953125,1.7421875,0.009765625,0.8594224452972412,
virchow,tcga-ut,frozen,True,42,histology,d4,confidence,,40860,0.7798580518844836,0.7622529028912052,31865,8995,669.0,473.0,1.751953125,1.7421875,0.009765625,0.8594224452972412,
virchow,tcga-ut,frozen,True,42,histology,d4_color,mean,,40860,0.778952520802741,0.7615913399098486,31828,9032,493.0,334.0,1.7548828125,1.744140625,0.0107421875,0.8503915667533875,
virchow,tcga-ut,frozen,True,42,histology,d4_color,vote,,40860,0.7782672540381792,0.7604133243462993,31800,9060,402.0,271.0,1.7548828125,1.744140625,0.0107421875,0.8503915667533875,
virchow,tcga-ut,frozen,True,42,histology,d4_color,confidence,,40860,0.7790259422418013,0.7616749524638883,31831,9029,508.0,346.0,1.7548828125,1.744140625,0.0107421875,0.8503915667533875,
